date,warehouse_id,region,sku_id,category,on_hand,backorder,reorder_point,reorder_qty
2025-01-01,WH_A,East,SKU0001,Housewares,26,2,22,117
2025-01-01,WH_A,East,SKU0002,Electronics,226,6,32,112
2025-01-01,WH_A,East,SKU0003,Hardware,147,2,22,67
2025-01-01,WH_A,East,SKU0004,Hardware,199,4,25,88
2025-01-01,WH_A,East,SKU0005,Sports,15,4,31,94
2025-01-01,WH_A,East,SKU0006,Sports,60,2,47,43
2025-01-01,WH_A,East,SKU0007,Office,182,0,34,111
2025-01-01,WH_A,East,SKU0008,Electronics,191,1,27,49
2025-01-01,WH_A,East,SKU0009,Hardware,150,3,25,99
2025-01-01,WH_A,East,SKU0010,Electronics,207,0,15,106
2025-01-01,WH_A,East,SKU0011,Hardware,157,2,46,32
2025-01-01,WH_A,East,SKU0012,Housewares,48,0,38,69
2025-01-01,WH_A,East,SKU0013,Electronics,107,3,18,60
2025-01-01,WH_A,East,SKU0014,Electronics,219,3,20,40
2025-01-01,WH_A,East,SKU0015,Housewares,137,2,19,98
2025-01-01,WH_A,East,SKU0016,Housewares,45,6,23,114
2025-01-01,WH_A,East,SKU0017,Hardware,197,0,50,51
2025-01-01,WH_A,East,SKU0018,Housewares,95,0,48,107
2025-01-01,WH_A,East,SKU0019,Sports,130,0,28,99
2025-01-01,WH_A,East,SKU0020,Electronics,261,3,27,69
2025-01-01,WH_A,East,SKU0021,Sports,129,3,38,86
2025-01-01,WH_A,East,SKU0022,Sports,150,2,43,45
2025-01-01,WH_A,East,SKU0023,Hardware,101,1,29,38
2025-01-01,WH_A,East,SKU0024,Electronics,143,5,16,105
2025-01-01,WH_A,East,SKU0025,Office,164,0,29,105
2025-01-01,WH_A,East,SKU0026,Hardware,109,2,15,39
2025-01-01,WH_A,East,SKU0027,Electronics,246,4,18,59
2025-01-01,WH_A,East,SKU0028,Electronics,62,4,17,72
2025-01-01,WH_A,East,SKU0029,Sports,29,2,47,60
2025-01-01,WH_A,East,SKU0030,Housewares,94,4,46,57
2025-01-01,WH_A,East,SKU0031,Sports,153,2,23,103
2025-01-01,WH_A,East,SKU0032,Sports,155,0,45,61
2025-01-01,WH_A,East,SKU0033,Housewares,149,5,41,54
2025-01-01,WH_A,East,SKU0034,Office,43,5,21,114
2025-01-01,WH_A,East,SKU0035,Hardware,185,1,37,84
2025-01-01,WH_A,East,SKU0036,Housewares,128,6,44,36
2025-01-01,WH_A,East,SKU0037,Sports,191,6,21,37
2025-01-01,WH_A,East,SKU0038,Housewares,96,4,36,43
2025-01-01,WH_A,East,SKU0039,Office,83,2,27,54
2025-01-01,WH_A,East,SKU0040,Housewares,157,0,43,47
2025-01-01,WH_A,East,SKU0041,Sports,125,3,26,65
2025-01-01,WH_A,East,SKU0042,Electronics,207,1,30,39
2025-01-01,WH_A,East,SKU0043,Hardware,178,1,50,42
2025-01-01,WH_A,East,SKU0044,Hardware,53,3,49,31
2025-01-01,WH_A,East,SKU0045,Electronics,54,4,30,51
2025-01-01,WH_A,East,SKU0046,Hardware,174,4,46,91
2025-01-01,WH_A,East,SKU0047,Electronics,96,2,40,37
2025-01-01,WH_A,East,SKU0048,Hardware,82,0,39,30
2025-01-01,WH_A,East,SKU0049,Housewares,121,3,31,88
2025-01-01,WH_A,East,SKU0050,Hardware,130,2,42,119
2025-01-01,WH_A,East,SKU0051,Hardware,212,2,46,49
2025-01-01,WH_A,East,SKU0052,Hardware,91,1,33,57
2025-01-01,WH_A,East,SKU0053,Hardware,45,3,49,37
2025-01-01,WH_A,East,SKU0054,Office,118,3,18,36
2025-01-01,WH_A,East,SKU0055,Housewares,171,2,45,94
2025-01-01,WH_A,East,SKU0056,Housewares,135,2,25,37
2025-01-01,WH_A,East,SKU0057,Electronics,210,7,20,53
2025-01-01,WH_A,East,SKU0058,Sports,35,3,19,116
2025-01-01,WH_A,East,SKU0059,Electronics,111,0,40,45
2025-01-01,WH_A,East,SKU0060,Hardware,242,4,30,104
2025-01-01,WH_A,East,SKU0061,Office,179,1,17,109
2025-01-01,WH_A,East,SKU0062,Housewares,54,0,41,114
2025-01-01,WH_A,East,SKU0063,Housewares,174,7,48,70
2025-01-01,WH_A,East,SKU0064,Sports,76,1,28,115
2025-01-01,WH_A,East,SKU0065,Sports,100,1,30,63
2025-01-01,WH_A,East,SKU0066,Sports,105,3,23,115
2025-01-01,WH_A,East,SKU0067,Hardware,248,3,34,88
2025-01-01,WH_A,East,SKU0068,Electronics,130,6,19,31
2025-01-01,WH_A,East,SKU0069,Hardware,183,2,21,39
2025-01-01,WH_A,East,SKU0070,Hardware,227,0,28,94
2025-01-01,WH_A,East,SKU0071,Hardware,124,5,23,74
2025-01-01,WH_A,East,SKU0072,Office,20,3,30,77
2025-01-01,WH_A,East,SKU0073,Office,94,4,25,86
2025-01-01,WH_A,East,SKU0074,Hardware,210,0,34,108
2025-01-01,WH_A,East,SKU0075,Sports,192,3,48,31
2025-01-01,WH_A,East,SKU0076,Hardware,268,3,50,68
2025-01-01,WH_A,East,SKU0077,Office,182,3,21,47
2025-01-01,WH_A,East,SKU0078,Housewares,89,1,22,43
2025-01-01,WH_A,East,SKU0079,Hardware,244,3,24,64
2025-01-01,WH_A,East,SKU0080,Hardware,116,4,28,73
2025-01-01,WH_A,East,SKU0081,Housewares,62,4,31,94
2025-01-01,WH_A,East,SKU0082,Hardware,214,1,31,36
2025-01-01,WH_A,East,SKU0083,Housewares,52,3,42,65
2025-01-01,WH_A,East,SKU0084,Office,39,6,15,72
2025-01-01,WH_A,East,SKU0085,Hardware,71,1,31,50
2025-01-01,WH_A,East,SKU0086,Hardware,177,1,50,120
2025-01-01,WH_A,East,SKU0087,Office,128,3,50,31
2025-01-01,WH_A,East,SKU0088,Housewares,50,4,19,118
2025-01-01,WH_A,East,SKU0089,Electronics,81,5,49,34
2025-01-01,WH_A,East,SKU0090,Electronics,156,8,50,48
2025-01-01,WH_A,East,SKU0091,Electronics,188,1,23,35
2025-01-01,WH_A,East,SKU0092,Housewares,87,3,38,35
2025-01-01,WH_A,East,SKU0093,Sports,108,4,28,117
2025-01-01,WH_A,East,SKU0094,Hardware,120,2,21,75
2025-01-01,WH_A,East,SKU0095,Electronics,219,0,41,109
2025-01-01,WH_A,East,SKU0096,Hardware,78,4,30,50
2025-01-01,WH_A,East,SKU0097,Office,67,0,41,33
2025-01-01,WH_A,East,SKU0098,Housewares,66,3,36,82
2025-01-01,WH_A,East,SKU0099,Office,182,3,30,64
2025-01-01,WH_A,East,SKU0100,Office,60,0,21,78
2025-01-01,WH_B,Central,SKU0001,Housewares,32,4,45,58
2025-01-01,WH_B,Central,SKU0002,Electronics,110,5,44,74
2025-01-01,WH_B,Central,SKU0003,Hardware,123,1,29,58
2025-01-01,WH_B,Central,SKU0004,Hardware,41,4,27,81
2025-01-01,WH_B,Central,SKU0005,Sports,109,10,32,38
2025-01-01,WH_B,Central,SKU0006,Sports,96,5,37,112
2025-01-01,WH_B,Central,SKU0007,Office,159,4,40,116
2025-01-01,WH_B,Central,SKU0008,Electronics,216,4,36,33
2025-01-01,WH_B,Central,SKU0009,Hardware,60,2,31,52
2025-01-01,WH_B,Central,SKU0010,Electronics,230,3,31,34
2025-01-01,WH_B,Central,SKU0011,Hardware,88,0,42,74
2025-01-01,WH_B,Central,SKU0012,Housewares,106,0,42,107
2025-01-01,WH_B,Central,SKU0013,Electronics,205,5,22,79
2025-01-01,WH_B,Central,SKU0014,Electronics,234,0,27,62
2025-01-01,WH_B,Central,SKU0015,Housewares,23,4,42,30
2025-01-01,WH_B,Central,SKU0016,Housewares,145,3,49,117
2025-01-01,WH_B,Central,SKU0017,Hardware,267,1,27,76
2025-01-01,WH_B,Central,SKU0018,Housewares,151,4,19,115
2025-01-01,WH_B,Central,SKU0019,Sports,83,3,35,114
2025-01-01,WH_B,Central,SKU0020,Electronics,64,4,34,94
2025-01-01,WH_B,Central,SKU0021,Sports,91,2,41,71
2025-01-01,WH_B,Central,SKU0022,Sports,128,4,33,100
2025-01-01,WH_B,Central,SKU0023,Hardware,60,2,27,83
2025-01-01,WH_B,Central,SKU0024,Electronics,261,1,39,116
2025-01-01,WH_B,Central,SKU0025,Office,81,3,34,81
2025-01-01,WH_B,Central,SKU0026,Hardware,211,4,15,68
2025-01-01,WH_B,Central,SKU0027,Electronics,151,5,28,85
2025-01-01,WH_B,Central,SKU0028,Electronics,220,2,35,89
2025-01-01,WH_B,Central,SKU0029,Sports,145,1,43,116
2025-01-01,WH_B,Central,SKU0030,Housewares,78,4,47,90
2025-01-01,WH_B,Central,SKU0031,Sports,53,2,20,66
2025-01-01,WH_B,Central,SKU0032,Sports,118,0,36,41
2025-01-01,WH_B,Central,SKU0033,Housewares,77,0,34,58
2025-01-01,WH_B,Central,SKU0034,Office,86,0,24,33
2025-01-01,WH_B,Central,SKU0035,Hardware,38,3,30,90
2025-01-01,WH_B,Central,SKU0036,Housewares,190,0,19,88
2025-01-01,WH_B,Central,SKU0037,Sports,137,3,27,119
2025-01-01,WH_B,Central,SKU0038,Housewares,108,3,46,81
2025-01-01,WH_B,Central,SKU0039,Office,83,1,24,113
2025-01-01,WH_B,Central,SKU0040,Housewares,196,2,15,43
2025-01-01,WH_B,Central,SKU0041,Sports,129,4,29,52
2025-01-01,WH_B,Central,SKU0042,Electronics,293,0,48,89
2025-01-01,WH_B,Central,SKU0043,Hardware,66,0,50,61
2025-01-01,WH_B,Central,SKU0044,Hardware,69,4,44,47
2025-01-01,WH_B,Central,SKU0045,Electronics,196,1,48,101
2025-01-01,WH_B,Central,SKU0046,Hardware,238,2,35,86
2025-01-01,WH_B,Central,SKU0047,Electronics,240,4,47,84
2025-01-01,WH_B,Central,SKU0048,Hardware,227,1,43,50
2025-01-01,WH_B,Central,SKU0049,Housewares,149,3,43,63
2025-01-01,WH_B,Central,SKU0050,Hardware,124,4,32,96
2025-01-01,WH_B,Central,SKU0051,Hardware,193,1,30,65
2025-01-01,WH_B,Central,SKU0052,Hardware,192,4,19,66
2025-01-01,WH_B,Central,SKU0053,Hardware,111,3,32,72
2025-01-01,WH_B,Central,SKU0054,Office,113,1,49,40
2025-01-01,WH_B,Central,SKU0055,Housewares,60,2,24,59
2025-01-01,WH_B,Central,SKU0056,Housewares,115,5,24,120
2025-01-01,WH_B,Central,SKU0057,Electronics,111,4,19,83
2025-01-01,WH_B,Central,SKU0058,Sports,137,3,36,99
2025-01-01,WH_B,Central,SKU0059,Electronics,201,2,41,37
2025-01-01,WH_B,Central,SKU0060,Hardware,104,2,41,79
2025-01-01,WH_B,Central,SKU0061,Office,169,4,16,103
2025-01-01,WH_B,Central,SKU0062,Housewares,108,7,45,30
2025-01-01,WH_B,Central,SKU0063,Housewares,99,0,34,79
2025-01-01,WH_B,Central,SKU0064,Sports,138,4,49,99
2025-01-01,WH_B,Central,SKU0065,Sports,180,4,29,92
2025-01-01,WH_B,Central,SKU0066,Sports,75,1,32,85
2025-01-01,WH_B,Central,SKU0067,Hardware,202,1,16,79
2025-01-01,WH_B,Central,SKU0068,Electronics,158,2,40,51
2025-01-01,WH_B,Central,SKU0069,Hardware,186,2,23,109
2025-01-01,WH_B,Central,SKU0070,Hardware,222,1,16,80
2025-01-01,WH_B,Central,SKU0071,Hardware,231,3,16,40
2025-01-01,WH_B,Central,SKU0072,Office,186,1,42,47
2025-01-01,WH_B,Central,SKU0073,Office,133,3,26,36
2025-01-01,WH_B,Central,SKU0074,Hardware,105,0,39,71
2025-01-01,WH_B,Central,SKU0075,Sports,66,2,44,71
2025-01-01,WH_B,Central,SKU0076,Hardware,151,5,39,65
2025-01-01,WH_B,Central,SKU0077,Office,135,2,31,40
2025-01-01,WH_B,Central,SKU0078,Housewares,139,0,16,99
2025-01-01,WH_B,Central,SKU0079,Hardware,46,2,37,58
2025-01-01,WH_B,Central,SKU0080,Hardware,263,1,19,113
2025-01-01,WH_B,Central,SKU0081,Housewares,35,6,16,61
2025-01-01,WH_B,Central,SKU0082,Hardware,98,3,16,109
2025-01-01,WH_B,Central,SKU0083,Housewares,65,2,30,46
2025-01-01,WH_B,Central,SKU0084,Office,143,3,22,102
2025-01-01,WH_B,Central,SKU0085,Hardware,105,1,44,119
2025-01-01,WH_B,Central,SKU0086,Hardware,119,3,38,51
2025-01-01,WH_B,Central,SKU0087,Office,189,4,22,50
2025-01-01,WH_B,Central,SKU0088,Housewares,120,1,21,104
2025-01-01,WH_B,Central,SKU0089,Electronics,45,3,34,103
2025-01-01,WH_B,Central,SKU0090,Electronics,292,1,39,80
2025-01-01,WH_B,Central,SKU0091,Electronics,89,1,19,105
2025-01-01,WH_B,Central,SKU0092,Housewares,174,1,30,43
2025-01-01,WH_B,Central,SKU0093,Sports,190,3,34,117
2025-01-01,WH_B,Central,SKU0094,Hardware,245,6,22,102
2025-01-01,WH_B,Central,SKU0095,Electronics,51,1,37,98
2025-01-01,WH_B,Central,SKU0096,Hardware,171,3,38,38
2025-01-01,WH_B,Central,SKU0097,Office,135,6,36,31
2025-01-01,WH_B,Central,SKU0098,Housewares,138,2,46,43
2025-01-01,WH_B,Central,SKU0099,Office,112,5,38,111
2025-01-01,WH_B,Central,SKU0100,Office,135,5,24,85
2025-01-01,WH_C,West,SKU0001,Housewares,49,1,48,113
2025-01-01,WH_C,West,SKU0002,Electronics,124,3,49,91
2025-01-01,WH_C,West,SKU0003,Hardware,190,4,42,105
2025-01-01,WH_C,West,SKU0004,Hardware,112,2,35,61
2025-01-01,WH_C,West,SKU0005,Sports,43,4,32,87
2025-01-01,WH_C,West,SKU0006,Sports,89,0,44,102
2025-01-01,WH_C,West,SKU0007,Office,160,5,39,73
2025-01-01,WH_C,West,SKU0008,Electronics,41,1,46,71
2025-01-01,WH_C,West,SKU0009,Hardware,107,3,46,57
2025-01-01,WH_C,West,SKU0010,Electronics,165,3,31,73
2025-01-01,WH_C,West,SKU0011,Hardware,148,6,32,101
2025-01-01,WH_C,West,SKU0012,Housewares,19,4,48,54
2025-01-01,WH_C,West,SKU0013,Electronics,63,5,30,82
2025-01-01,WH_C,West,SKU0014,Electronics,193,4,50,60
2025-01-01,WH_C,West,SKU0015,Housewares,206,0,45,112
2025-01-01,WH_C,West,SKU0016,Housewares,133,0,43,32
2025-01-01,WH_C,West,SKU0017,Hardware,57,4,33,58
2025-01-01,WH_C,West,SKU0018,Housewares,138,3,30,69
2025-01-01,WH_C,West,SKU0019,Sports,205,0,38,90
2025-01-01,WH_C,West,SKU0020,Electronics,208,2,48,74
2025-01-01,WH_C,West,SKU0021,Sports,131,2,50,72
2025-01-01,WH_C,West,SKU0022,Sports,89,2,44,64
2025-01-01,WH_C,West,SKU0023,Hardware,124,4,31,59
2025-01-01,WH_C,West,SKU0024,Electronics,73,1,27,70
2025-01-01,WH_C,West,SKU0025,Office,44,0,49,118
2025-01-01,WH_C,West,SKU0026,Hardware,93,4,27,57
2025-01-01,WH_C,West,SKU0027,Electronics,190,4,32,105
2025-01-01,WH_C,West,SKU0028,Electronics,210,1,33,42
2025-01-01,WH_C,West,SKU0029,Sports,67,0,33,59
2025-01-01,WH_C,West,SKU0030,Housewares,106,0,26,68
2025-01-01,WH_C,West,SKU0031,Sports,42,3,49,46
2025-01-01,WH_C,West,SKU0032,Sports,83,3,17,36
2025-01-01,WH_C,West,SKU0033,Housewares,159,2,33,119
2025-01-01,WH_C,West,SKU0034,Office,58,4,46,43
2025-01-01,WH_C,West,SKU0035,Hardware,26,1,33,90
2025-01-01,WH_C,West,SKU0036,Housewares,139,0,43,73
2025-01-01,WH_C,West,SKU0037,Sports,51,5,18,62
2025-01-01,WH_C,West,SKU0038,Housewares,158,2,22,38
2025-01-01,WH_C,West,SKU0039,Office,127,3,46,39
2025-01-01,WH_C,West,SKU0040,Housewares,197,5,18,49
2025-01-01,WH_C,West,SKU0041,Sports,56,1,34,40
2025-01-01,WH_C,West,SKU0042,Electronics,100,3,22,101
2025-01-01,WH_C,West,SKU0043,Hardware,168,0,29,96
2025-01-01,WH_C,West,SKU0044,Hardware,157,0,43,86
2025-01-01,WH_C,West,SKU0045,Electronics,151,4,42,69
2025-01-01,WH_C,West,SKU0046,Hardware,230,5,18,108
2025-01-01,WH_C,West,SKU0047,Electronics,63,1,28,110
2025-01-01,WH_C,West,SKU0048,Hardware,118,4,31,114
2025-01-01,WH_C,West,SKU0049,Housewares,29,2,25,60
2025-01-01,WH_C,West,SKU0050,Hardware,80,0,50,39
2025-01-01,WH_C,West,SKU0051,Hardware,93,6,15,82
2025-01-01,WH_C,West,SKU0052,Hardware,175,4,45,67
2025-01-01,WH_C,West,SKU0053,Hardware,32,2,29,66
2025-01-01,WH_C,West,SKU0054,Office,194,1,33,119
2025-01-01,WH_C,West,SKU0055,Housewares,136,1,19,117
2025-01-01,WH_C,West,SKU0056,Housewares,81,2,31,110
2025-01-01,WH_C,West,SKU0057,Electronics,235,1,27,84
2025-01-01,WH_C,West,SKU0058,Sports,43,4,49,58
2025-01-01,WH_C,West,SKU0059,Electronics,264,1,24,64
2025-01-01,WH_C,West,SKU0060,Hardware,79,4,19,37
2025-01-01,WH_C,West,SKU0061,Office,45,4,34,106
2025-01-01,WH_C,West,SKU0062,Housewares,158,4,33,86
2025-01-01,WH_C,West,SKU0063,Housewares,43,0,44,118
2025-01-01,WH_C,West,SKU0064,Sports,80,3,40,64
2025-01-01,WH_C,West,SKU0065,Sports,150,1,49,93
2025-01-01,WH_C,West,SKU0066,Sports,138,0,20,106
2025-01-01,WH_C,West,SKU0067,Hardware,41,0,42,71
2025-01-01,WH_C,West,SKU0068,Electronics,237,3,31,33
2025-01-01,WH_C,West,SKU0069,Hardware,51,2,29,116
2025-01-01,WH_C,West,SKU0070,Hardware,243,1,16,116
2025-01-01,WH_C,West,SKU0071,Hardware,131,0,17,52
2025-01-01,WH_C,West,SKU0072,Office,145,5,48,113
2025-01-01,WH_C,West,SKU0073,Office,108,1,32,53
2025-01-01,WH_C,West,SKU0074,Hardware,242,2,42,111
2025-01-01,WH_C,West,SKU0075,Sports,148,1,20,90
2025-01-01,WH_C,West,SKU0076,Hardware,153,2,41,72
2025-01-01,WH_C,West,SKU0077,Office,113,3,21,50
2025-01-01,WH_C,West,SKU0078,Housewares,107,2,41,118
2025-01-01,WH_C,West,SKU0079,Hardware,199,2,33,114
2025-01-01,WH_C,West,SKU0080,Hardware,174,2,50,34
2025-01-01,WH_C,West,SKU0081,Housewares,138,7,20,70
2025-01-01,WH_C,West,SKU0082,Hardware,126,2,35,44
2025-01-01,WH_C,West,SKU0083,Housewares,135,2,47,30
2025-01-01,WH_C,West,SKU0084,Office,167,0,49,89
2025-01-01,WH_C,West,SKU0085,Hardware,156,2,18,54
2025-01-01,WH_C,West,SKU0086,Hardware,212,6,38,109
2025-01-01,WH_C,West,SKU0087,Office,150,2,43,36
2025-01-01,WH_C,West,SKU0088,Housewares,80,0,32,100
2025-01-01,WH_C,West,SKU0089,Electronics,76,4,33,86
2025-01-01,WH_C,West,SKU0090,Electronics,262,5,46,45
2025-01-01,WH_C,West,SKU0091,Electronics,41,2,30,120
2025-01-01,WH_C,West,SKU0092,Housewares,66,7,34,100
2025-01-01,WH_C,West,SKU0093,Sports,24,3,50,82
2025-01-01,WH_C,West,SKU0094,Hardware,55,1,29,44
2025-01-01,WH_C,West,SKU0095,Electronics,201,1,22,112
2025-01-01,WH_C,West,SKU0096,Hardware,83,2,46,67
2025-01-01,WH_C,West,SKU0097,Office,154,3,32,83
2025-01-01,WH_C,West,SKU0098,Housewares,153,1,45,61
2025-01-01,WH_C,West,SKU0099,Office,133,1,50,48
2025-01-01,WH_C,West,SKU0100,Office,113,3,27,106
2025-01-02,WH_A,East,SKU0001,Housewares,157,1,23,38
2025-01-02,WH_A,East,SKU0002,Electronics,134,5,41,73
2025-01-02,WH_A,East,SKU0003,Hardware,212,6,32,30
2025-01-02,WH_A,East,SKU0004,Hardware,121,0,34,105
2025-01-02,WH_A,East,SKU0005,Sports,150,5,46,49
2025-01-02,WH_A,East,SKU0006,Sports,140,2,49,91
2025-01-02,WH_A,East,SKU0007,Office,110,0,36,100
2025-01-02,WH_A,East,SKU0008,Electronics,247,3,39,88
2025-01-02,WH_A,East,SKU0009,Hardware,143,4,27,119
2025-01-02,WH_A,East,SKU0010,Electronics,118,3,39,59
2025-01-02,WH_A,East,SKU0011,Hardware,167,3,17,70
2025-01-02,WH_A,East,SKU0012,Housewares,159,5,39,79
2025-01-02,WH_A,East,SKU0013,Electronics,280,1,24,93
2025-01-02,WH_A,East,SKU0014,Electronics,30,2,23,94
2025-01-02,WH_A,East,SKU0015,Housewares,171,5,36,42
2025-01-02,WH_A,East,SKU0016,Housewares,115,6,21,97
2025-01-02,WH_A,East,SKU0017,Hardware,188,2,15,48
2025-01-02,WH_A,East,SKU0018,Housewares,113,0,24,39
2025-01-02,WH_A,East,SKU0019,Sports,148,3,31,73
2025-01-02,WH_A,East,SKU0020,Electronics,237,0,40,113
2025-01-02,WH_A,East,SKU0021,Sports,36,6,36,116
2025-01-02,WH_A,East,SKU0022,Sports,153,0,39,70
2025-01-02,WH_A,East,SKU0023,Hardware,249,2,46,99
2025-01-02,WH_A,East,SKU0024,Electronics,13,2,19,60
2025-01-02,WH_A,East,SKU0025,Office,178,4,33,59
2025-01-02,WH_A,East,SKU0026,Hardware,78,5,42,42
2025-01-02,WH_A,East,SKU0027,Electronics,252,0,21,86
2025-01-02,WH_A,East,SKU0028,Electronics,112,3,34,33
2025-01-02,WH_A,East,SKU0029,Sports,31,2,35,37
2025-01-02,WH_A,East,SKU0030,Housewares,96,2,37,77
2025-01-02,WH_A,East,SKU0031,Sports,124,1,24,61
2025-01-02,WH_A,East,SKU0032,Sports,154,1,41,102
2025-01-02,WH_A,East,SKU0033,Housewares,186,3,26,51
2025-01-02,WH_A,East,SKU0034,Office,61,6,20,108
2025-01-02,WH_A,East,SKU0035,Hardware,137,5,30,93
2025-01-02,WH_A,East,SKU0036,Housewares,181,0,24,59
2025-01-02,WH_A,East,SKU0037,Sports,134,2,31,88
2025-01-02,WH_A,East,SKU0038,Housewares,70,1,15,89
2025-01-02,WH_A,East,SKU0039,Office,81,6,49,50
2025-01-02,WH_A,East,SKU0040,Housewares,47,5,43,74
2025-01-02,WH_A,East,SKU0041,Sports,177,0,34,111
2025-01-02,WH_A,East,SKU0042,Electronics,173,3,31,88
2025-01-02,WH_A,East,SKU0043,Hardware,123,4,27,79
2025-01-02,WH_A,East,SKU0044,Hardware,197,2,21,60
2025-01-02,WH_A,East,SKU0045,Electronics,170,3,37,103
2025-01-02,WH_A,East,SKU0046,Hardware,129,5,33,32
2025-01-02,WH_A,East,SKU0047,Electronics,252,4,40,65
2025-01-02,WH_A,East,SKU0048,Hardware,36,2,18,107
2025-01-02,WH_A,East,SKU0049,Housewares,150,0,33,59
2025-01-02,WH_A,East,SKU0050,Hardware,254,2,37,58
2025-01-02,WH_A,East,SKU0051,Hardware,249,5,27,109
2025-01-02,WH_A,East,SKU0052,Hardware,110,0,23,110
2025-01-02,WH_A,East,SKU0053,Hardware,46,4,17,69
2025-01-02,WH_A,East,SKU0054,Office,119,6,17,104
2025-01-02,WH_A,East,SKU0055,Housewares,92,6,23,41
2025-01-02,WH_A,East,SKU0056,Housewares,97,2,35,83
2025-01-02,WH_A,East,SKU0057,Electronics,84,3,27,46
2025-01-02,WH_A,East,SKU0058,Sports,157,5,38,97
2025-01-02,WH_A,East,SKU0059,Electronics,208,3,32,51
2025-01-02,WH_A,East,SKU0060,Hardware,115,2,45,67
2025-01-02,WH_A,East,SKU0061,Office,109,0,22,89
2025-01-02,WH_A,East,SKU0062,Housewares,25,4,24,58
2025-01-02,WH_A,East,SKU0063,Housewares,194,2,40,101
2025-01-02,WH_A,East,SKU0064,Sports,113,3,20,80
2025-01-02,WH_A,East,SKU0065,Sports,17,1,31,98
2025-01-02,WH_A,East,SKU0066,Sports,52,1,44,77
2025-01-02,WH_A,East,SKU0067,Hardware,272,0,31,104
2025-01-02,WH_A,East,SKU0068,Electronics,174,3,38,43
2025-01-02,WH_A,East,SKU0069,Hardware,271,4,29,90
2025-01-02,WH_A,East,SKU0070,Hardware,53,5,50,71
2025-01-02,WH_A,East,SKU0071,Hardware,227,0,29,112
2025-01-02,WH_A,East,SKU0072,Office,29,3,44,119
2025-01-02,WH_A,East,SKU0073,Office,102,1,41,44
2025-01-02,WH_A,East,SKU0074,Hardware,78,1,17,34
2025-01-02,WH_A,East,SKU0075,Sports,90,0,46,44
2025-01-02,WH_A,East,SKU0076,Hardware,52,0,30,98
2025-01-02,WH_A,East,SKU0077,Office,44,5,39,88
2025-01-02,WH_A,East,SKU0078,Housewares,104,8,49,83
2025-01-02,WH_A,East,SKU0079,Hardware,242,3,24,83
2025-01-02,WH_A,East,SKU0080,Hardware,253,4,21,92
2025-01-02,WH_A,East,SKU0081,Housewares,171,3,41,65
2025-01-02,WH_A,East,SKU0082,Hardware,64,2,38,57
2025-01-02,WH_A,East,SKU0083,Housewares,144,1,43,60
2025-01-02,WH_A,East,SKU0084,Office,111,6,21,117
2025-01-02,WH_A,East,SKU0085,Hardware,153,6,49,112
2025-01-02,WH_A,East,SKU0086,Hardware,162,1,18,80
2025-01-02,WH_A,East,SKU0087,Office,96,4,27,45
2025-01-02,WH_A,East,SKU0088,Housewares,142,0,20,114
2025-01-02,WH_A,East,SKU0089,Electronics,96,2,16,36
2025-01-02,WH_A,East,SKU0090,Electronics,146,4,30,46
2025-01-02,WH_A,East,SKU0091,Electronics,231,0,28,38
2025-01-02,WH_A,East,SKU0092,Housewares,164,4,28,105
2025-01-02,WH_A,East,SKU0093,Sports,80,5,29,72
2025-01-02,WH_A,East,SKU0094,Hardware,88,3,15,65
2025-01-02,WH_A,East,SKU0095,Electronics,79,0,23,99
2025-01-02,WH_A,East,SKU0096,Hardware,121,3,26,44
2025-01-02,WH_A,East,SKU0097,Office,191,0,16,46
2025-01-02,WH_A,East,SKU0098,Housewares,12,5,37,60
2025-01-02,WH_A,East,SKU0099,Office,169,4,35,32
2025-01-02,WH_A,East,SKU0100,Office,64,3,31,36
2025-01-02,WH_B,Central,SKU0001,Housewares,61,1,41,97
2025-01-02,WH_B,Central,SKU0002,Electronics,69,2,19,90
2025-01-02,WH_B,Central,SKU0003,Hardware,183,2,38,95
2025-01-02,WH_B,Central,SKU0004,Hardware,241,2,21,87
2025-01-02,WH_B,Central,SKU0005,Sports,160,1,29,108
2025-01-02,WH_B,Central,SKU0006,Sports,29,2,48,68
2025-01-02,WH_B,Central,SKU0007,Office,151,3,16,37
2025-01-02,WH_B,Central,SKU0008,Electronics,209,0,40,84
2025-01-02,WH_B,Central,SKU0009,Hardware,275,4,21,92
2025-01-02,WH_B,Central,SKU0010,Electronics,187,5,19,40
2025-01-02,WH_B,Central,SKU0011,Hardware,137,5,24,38
2025-01-02,WH_B,Central,SKU0012,Housewares,74,2,32,109
2025-01-02,WH_B,Central,SKU0013,Electronics,250,5,50,71
2025-01-02,WH_B,Central,SKU0014,Electronics,179,1,48,67
2025-01-02,WH_B,Central,SKU0015,Housewares,131,2,47,107
2025-01-02,WH_B,Central,SKU0016,Housewares,116,1,21,119
2025-01-02,WH_B,Central,SKU0017,Hardware,58,1,50,57
2025-01-02,WH_B,Central,SKU0018,Housewares,129,3,43,59
2025-01-02,WH_B,Central,SKU0019,Sports,140,1,36,88
2025-01-02,WH_B,Central,SKU0020,Electronics,180,2,41,42
2025-01-02,WH_B,Central,SKU0021,Sports,99,4,42,70
2025-01-02,WH_B,Central,SKU0022,Sports,178,3,31,77
2025-01-02,WH_B,Central,SKU0023,Hardware,84,3,45,38
2025-01-02,WH_B,Central,SKU0024,Electronics,63,7,20,41
2025-01-02,WH_B,Central,SKU0025,Office,123,1,21,77
2025-01-02,WH_B,Central,SKU0026,Hardware,67,1,50,37
2025-01-02,WH_B,Central,SKU0027,Electronics,231,5,50,101
2025-01-02,WH_B,Central,SKU0028,Electronics,159,1,22,82
2025-01-02,WH_B,Central,SKU0029,Sports,101,3,42,36
2025-01-02,WH_B,Central,SKU0030,Housewares,87,4,34,75
2025-01-02,WH_B,Central,SKU0031,Sports,48,0,47,57
2025-01-02,WH_B,Central,SKU0032,Sports,74,6,45,58
2025-01-02,WH_B,Central,SKU0033,Housewares,40,2,37,101
2025-01-02,WH_B,Central,SKU0034,Office,116,3,22,65
2025-01-02,WH_B,Central,SKU0035,Hardware,238,7,29,84
2025-01-02,WH_B,Central,SKU0036,Housewares,161,1,50,33
2025-01-02,WH_B,Central,SKU0037,Sports,161,1,32,33
2025-01-02,WH_B,Central,SKU0038,Housewares,65,6,32,119
2025-01-02,WH_B,Central,SKU0039,Office,93,3,36,74
2025-01-02,WH_B,Central,SKU0040,Housewares,20,5,26,48
2025-01-02,WH_B,Central,SKU0041,Sports,189,1,40,38
2025-01-02,WH_B,Central,SKU0042,Electronics,73,5,16,41
2025-01-02,WH_B,Central,SKU0043,Hardware,223,6,28,78
2025-01-02,WH_B,Central,SKU0044,Hardware,183,2,44,73
2025-01-02,WH_B,Central,SKU0045,Electronics,89,5,38,69
2025-01-02,WH_B,Central,SKU0046,Hardware,152,4,20,36
2025-01-02,WH_B,Central,SKU0047,Electronics,93,5,25,109
2025-01-02,WH_B,Central,SKU0048,Hardware,58,4,20,64
2025-01-02,WH_B,Central,SKU0049,Housewares,131,3,42,92
2025-01-02,WH_B,Central,SKU0050,Hardware,257,1,43,83
2025-01-02,WH_B,Central,SKU0051,Hardware,128,2,28,95
2025-01-02,WH_B,Central,SKU0052,Hardware,68,5,37,85
2025-01-02,WH_B,Central,SKU0053,Hardware,69,3,33,116
2025-01-02,WH_B,Central,SKU0054,Office,179,4,46,97
2025-01-02,WH_B,Central,SKU0055,Housewares,196,7,34,35
2025-01-02,WH_B,Central,SKU0056,Housewares,72,3,40,106
2025-01-02,WH_B,Central,SKU0057,Electronics,50,6,15,56
2025-01-02,WH_B,Central,SKU0058,Sports,96,3,28,47
2025-01-02,WH_B,Central,SKU0059,Electronics,125,3,33,71
2025-01-02,WH_B,Central,SKU0060,Hardware,65,3,15,93
2025-01-02,WH_B,Central,SKU0061,Office,140,0,26,46
2025-01-02,WH_B,Central,SKU0062,Housewares,118,1,49,120
2025-01-02,WH_B,Central,SKU0063,Housewares,89,0,47,101
2025-01-02,WH_B,Central,SKU0064,Sports,185,3,37,39
2025-01-02,WH_B,Central,SKU0065,Sports,136,2,17,85
2025-01-02,WH_B,Central,SKU0066,Sports,18,6,44,39
2025-01-02,WH_B,Central,SKU0067,Hardware,125,0,42,103
2025-01-02,WH_B,Central,SKU0068,Electronics,176,1,41,67
2025-01-02,WH_B,Central,SKU0069,Hardware,58,4,40,32
2025-01-02,WH_B,Central,SKU0070,Hardware,146,1,25,109
2025-01-02,WH_B,Central,SKU0071,Hardware,178,4,38,41
2025-01-02,WH_B,Central,SKU0072,Office,137,2,21,61
2025-01-02,WH_B,Central,SKU0073,Office,149,0,40,97
2025-01-02,WH_B,Central,SKU0074,Hardware,40,1,40,69
2025-01-02,WH_B,Central,SKU0075,Sports,105,3,29,72
2025-01-02,WH_B,Central,SKU0076,Hardware,85,3,19,95
2025-01-02,WH_B,Central,SKU0077,Office,169,5,22,97
2025-01-02,WH_B,Central,SKU0078,Housewares,149,5,27,74
2025-01-02,WH_B,Central,SKU0079,Hardware,156,3,24,60
2025-01-02,WH_B,Central,SKU0080,Hardware,70,3,24,62
2025-01-02,WH_B,Central,SKU0081,Housewares,76,5,26,107
2025-01-02,WH_B,Central,SKU0082,Hardware,84,4,19,52
2025-01-02,WH_B,Central,SKU0083,Housewares,179,5,46,89
2025-01-02,WH_B,Central,SKU0084,Office,157,6,43,117
2025-01-02,WH_B,Central,SKU0085,Hardware,229,0,35,110
2025-01-02,WH_B,Central,SKU0086,Hardware,141,1,24,86
2025-01-02,WH_B,Central,SKU0087,Office,45,1,45,86
2025-01-02,WH_B,Central,SKU0088,Housewares,176,0,34,65
2025-01-02,WH_B,Central,SKU0089,Electronics,234,0,18,75
2025-01-02,WH_B,Central,SKU0090,Electronics,192,4,19,69
2025-01-02,WH_B,Central,SKU0091,Electronics,201,3,43,34
2025-01-02,WH_B,Central,SKU0092,Housewares,24,2,38,66
2025-01-02,WH_B,Central,SKU0093,Sports,38,0,20,108
2025-01-02,WH_B,Central,SKU0094,Hardware,255,4,47,79
2025-01-02,WH_B,Central,SKU0095,Electronics,190,3,50,35
2025-01-02,WH_B,Central,SKU0096,Hardware,191,0,27,71
2025-01-02,WH_B,Central,SKU0097,Office,171,1,45,94
2025-01-02,WH_B,Central,SKU0098,Housewares,47,2,18,87
2025-01-02,WH_B,Central,SKU0099,Office,63,4,36,40
2025-01-02,WH_B,Central,SKU0100,Office,143,4,26,35
2025-01-02,WH_C,West,SKU0001,Housewares,96,4,43,86
2025-01-02,WH_C,West,SKU0002,Electronics,216,1,48,108
2025-01-02,WH_C,West,SKU0003,Hardware,90,3,38,77
2025-01-02,WH_C,West,SKU0004,Hardware,137,4,39,82
2025-01-02,WH_C,West,SKU0005,Sports,116,1,18,110
2025-01-02,WH_C,West,SKU0006,Sports,198,3,36,38
2025-01-02,WH_C,West,SKU0007,Office,124,1,21,101
2025-01-02,WH_C,West,SKU0008,Electronics,287,3,39,66
2025-01-02,WH_C,West,SKU0009,Hardware,111,2,24,72
2025-01-02,WH_C,West,SKU0010,Electronics,52,3,24,74
2025-01-02,WH_C,West,SKU0011,Hardware,143,1,40,46
2025-01-02,WH_C,West,SKU0012,Housewares,171,7,20,69
2025-01-02,WH_C,West,SKU0013,Electronics,245,3,39,112
2025-01-02,WH_C,West,SKU0014,Electronics,145,3,23,115
2025-01-02,WH_C,West,SKU0015,Housewares,205,0,48,41
2025-01-02,WH_C,West,SKU0016,Housewares,182,0,42,95
2025-01-02,WH_C,West,SKU0017,Hardware,160,4,16,76
2025-01-02,WH_C,West,SKU0018,Housewares,94,6,26,57
2025-01-02,WH_C,West,SKU0019,Sports,94,0,46,54
2025-01-02,WH_C,West,SKU0020,Electronics,110,5,23,49
2025-01-02,WH_C,West,SKU0021,Sports,55,2,33,42
2025-01-02,WH_C,West,SKU0022,Sports,159,2,49,97
2025-01-02,WH_C,West,SKU0023,Hardware,38,4,36,109
2025-01-02,WH_C,West,SKU0024,Electronics,80,0,39,49
2025-01-02,WH_C,West,SKU0025,Office,75,5,26,118
2025-01-02,WH_C,West,SKU0026,Hardware,244,3,25,86
2025-01-02,WH_C,West,SKU0027,Electronics,48,3,41,76
2025-01-02,WH_C,West,SKU0028,Electronics,264,1,30,86
2025-01-02,WH_C,West,SKU0029,Sports,175,5,33,87
2025-01-02,WH_C,West,SKU0030,Housewares,84,2,49,60
2025-01-02,WH_C,West,SKU0031,Sports,106,0,45,54
2025-01-02,WH_C,West,SKU0032,Sports,125,0,43,89
2025-01-02,WH_C,West,SKU0033,Housewares,88,0,39,94
2025-01-02,WH_C,West,SKU0034,Office,142,5,41,50
2025-01-02,WH_C,West,SKU0035,Hardware,94,3,23,62
2025-01-02,WH_C,West,SKU0036,Housewares,32,3,45,77
2025-01-02,WH_C,West,SKU0037,Sports,161,0,21,96
2025-01-02,WH_C,West,SKU0038,Housewares,60,2,33,40
2025-01-02,WH_C,West,SKU0039,Office,45,2,32,87
2025-01-02,WH_C,West,SKU0040,Housewares,166,4,24,85
2025-01-02,WH_C,West,SKU0041,Sports,39,2,29,87
2025-01-02,WH_C,West,SKU0042,Electronics,149,7,16,83
2025-01-02,WH_C,West,SKU0043,Hardware,50,3,40,94
2025-01-02,WH_C,West,SKU0044,Hardware,171,3,30,79
2025-01-02,WH_C,West,SKU0045,Electronics,53,2,38,58
2025-01-02,WH_C,West,SKU0046,Hardware,37,2,35,42
2025-01-02,WH_C,West,SKU0047,Electronics,267,3,36,48
2025-01-02,WH_C,West,SKU0048,Hardware,84,2,17,66
2025-01-02,WH_C,West,SKU0049,Housewares,140,0,23,120
2025-01-02,WH_C,West,SKU0050,Hardware,205,3,43,108
2025-01-02,WH_C,West,SKU0051,Hardware,39,0,20,32
2025-01-02,WH_C,West,SKU0052,Hardware,139,2,28,49
2025-01-02,WH_C,West,SKU0053,Hardware,235,0,48,84
2025-01-02,WH_C,West,SKU0054,Office,54,0,33,60
2025-01-02,WH_C,West,SKU0055,Housewares,90,6,22,36
2025-01-02,WH_C,West,SKU0056,Housewares,79,3,41,111
2025-01-02,WH_C,West,SKU0057,Electronics,259,3,44,38
2025-01-02,WH_C,West,SKU0058,Sports,49,3,46,106
2025-01-02,WH_C,West,SKU0059,Electronics,243,2,16,110
2025-01-02,WH_C,West,SKU0060,Hardware,213,5,30,48
2025-01-02,WH_C,West,SKU0061,Office,105,5,42,30
2025-01-02,WH_C,West,SKU0062,Housewares,183,0,37,60
2025-01-02,WH_C,West,SKU0063,Housewares,182,0,41,53
2025-01-02,WH_C,West,SKU0064,Sports,193,1,20,97
2025-01-02,WH_C,West,SKU0065,Sports,111,3,19,97
2025-01-02,WH_C,West,SKU0066,Sports,162,3,47,94
2025-01-02,WH_C,West,SKU0067,Hardware,241,3,16,79
2025-01-02,WH_C,West,SKU0068,Electronics,193,4,17,111
2025-01-02,WH_C,West,SKU0069,Hardware,178,0,38,62
2025-01-02,WH_C,West,SKU0070,Hardware,39,4,37,38
2025-01-02,WH_C,West,SKU0071,Hardware,148,5,30,114
2025-01-02,WH_C,West,SKU0072,Office,178,3,21,104
2025-01-02,WH_C,West,SKU0073,Office,103,3,23,35
2025-01-02,WH_C,West,SKU0074,Hardware,143,0,49,73
2025-01-02,WH_C,West,SKU0075,Sports,199,1,26,117
2025-01-02,WH_C,West,SKU0076,Hardware,183,0,45,110
2025-01-02,WH_C,West,SKU0077,Office,59,0,23,38
2025-01-02,WH_C,West,SKU0078,Housewares,153,5,17,67
2025-01-02,WH_C,West,SKU0079,Hardware,92,7,17,55
2025-01-02,WH_C,West,SKU0080,Hardware,51,2,35,69
2025-01-02,WH_C,West,SKU0081,Housewares,126,7,40,99
2025-01-02,WH_C,West,SKU0082,Hardware,183,0,31,34
2025-01-02,WH_C,West,SKU0083,Housewares,195,7,27,66
2025-01-02,WH_C,West,SKU0084,Office,124,4,18,113
2025-01-02,WH_C,West,SKU0085,Hardware,151,4,32,45
2025-01-02,WH_C,West,SKU0086,Hardware,167,3,42,81
2025-01-02,WH_C,West,SKU0087,Office,133,2,39,73
2025-01-02,WH_C,West,SKU0088,Housewares,59,2,46,118
2025-01-02,WH_C,West,SKU0089,Electronics,188,2,38,96
2025-01-02,WH_C,West,SKU0090,Electronics,113,0,20,84
2025-01-02,WH_C,West,SKU0091,Electronics,57,5,42,107
2025-01-02,WH_C,West,SKU0092,Housewares,75,0,49,67
2025-01-02,WH_C,West,SKU0093,Sports,92,4,21,40
2025-01-02,WH_C,West,SKU0094,Hardware,134,2,33,69
2025-01-02,WH_C,West,SKU0095,Electronics,193,1,42,51
2025-01-02,WH_C,West,SKU0096,Hardware,275,0,43,74
2025-01-02,WH_C,West,SKU0097,Office,127,3,17,75
2025-01-02,WH_C,West,SKU0098,Housewares,161,3,42,65
2025-01-02,WH_C,West,SKU0099,Office,182,4,18,39
2025-01-02,WH_C,West,SKU0100,Office,193,5,40,76
2025-01-03,WH_A,East,SKU0001,Housewares,152,2,25,33
2025-01-03,WH_A,East,SKU0002,Electronics,79,4,43,34
2025-01-03,WH_A,East,SKU0003,Hardware,73,3,19,60
2025-01-03,WH_A,East,SKU0004,Hardware,251,1,38,76
2025-01-03,WH_A,East,SKU0005,Sports,103,6,17,107
2025-01-03,WH_A,East,SKU0006,Sports,46,1,43,77
2025-01-03,WH_A,East,SKU0007,Office,107,4,43,39
2025-01-03,WH_A,East,SKU0008,Electronics,229,5,23,97
2025-01-03,WH_A,East,SKU0009,Hardware,151,3,40,70
2025-01-03,WH_A,East,SKU0010,Electronics,252,7,32,61
2025-01-03,WH_A,East,SKU0011,Hardware,56,3,16,53
2025-01-03,WH_A,East,SKU0012,Housewares,153,3,48,79
2025-01-03,WH_A,East,SKU0013,Electronics,226,2,22,63
2025-01-03,WH_A,East,SKU0014,Electronics,120,2,43,57
2025-01-03,WH_A,East,SKU0015,Housewares,185,7,33,118
2025-01-03,WH_A,East,SKU0016,Housewares,139,0,27,45
2025-01-03,WH_A,East,SKU0017,Hardware,74,8,19,87
2025-01-03,WH_A,East,SKU0018,Housewares,55,6,43,41
2025-01-03,WH_A,East,SKU0019,Sports,210,1,35,115
2025-01-03,WH_A,East,SKU0020,Electronics,156,6,19,100
2025-01-03,WH_A,East,SKU0021,Sports,154,2,33,68
2025-01-03,WH_A,East,SKU0022,Sports,54,0,26,76
2025-01-03,WH_A,East,SKU0023,Hardware,203,0,29,45
2025-01-03,WH_A,East,SKU0024,Electronics,99,1,23,60
2025-01-03,WH_A,East,SKU0025,Office,148,0,16,76
2025-01-03,WH_A,East,SKU0026,Hardware,228,4,38,89
2025-01-03,WH_A,East,SKU0027,Electronics,205,3,23,108
2025-01-03,WH_A,East,SKU0028,Electronics,71,0,19,69
2025-01-03,WH_A,East,SKU0029,Sports,137,3,45,97
2025-01-03,WH_A,East,SKU0030,Housewares,117,2,41,103
2025-01-03,WH_A,East,SKU0031,Sports,43,3,23,70
2025-01-03,WH_A,East,SKU0032,Sports,189,1,19,87
2025-01-03,WH_A,East,SKU0033,Housewares,140,0,48,74
2025-01-03,WH_A,East,SKU0034,Office,50,1,50,111
2025-01-03,WH_A,East,SKU0035,Hardware,230,5,26,46
2025-01-03,WH_A,East,SKU0036,Housewares,140,4,47,37
2025-01-03,WH_A,East,SKU0037,Sports,40,2,48,49
2025-01-03,WH_A,East,SKU0038,Housewares,109,3,25,50
2025-01-03,WH_A,East,SKU0039,Office,125,3,29,74
2025-01-03,WH_A,East,SKU0040,Housewares,153,2,33,40
2025-01-03,WH_A,East,SKU0041,Sports,85,2,27,111
2025-01-03,WH_A,East,SKU0042,Electronics,232,4,32,46
2025-01-03,WH_A,East,SKU0043,Hardware,244,0,34,108
2025-01-03,WH_A,East,SKU0044,Hardware,200,4,20,94
2025-01-03,WH_A,East,SKU0045,Electronics,246,0,25,105
2025-01-03,WH_A,East,SKU0046,Hardware,239,7,24,51
2025-01-03,WH_A,East,SKU0047,Electronics,263,4,36,102
2025-01-03,WH_A,East,SKU0048,Hardware,42,2,16,40
2025-01-03,WH_A,East,SKU0049,Housewares,40,2,31,113
2025-01-03,WH_A,East,SKU0050,Hardware,104,3,41,109
2025-01-03,WH_A,East,SKU0051,Hardware,249,4,16,93
2025-01-03,WH_A,East,SKU0052,Hardware,250,1,49,67
2025-01-03,WH_A,East,SKU0053,Hardware,262,1,34,91
2025-01-03,WH_A,East,SKU0054,Office,82,2,40,68
2025-01-03,WH_A,East,SKU0055,Housewares,146,3,19,118
2025-01-03,WH_A,East,SKU0056,Housewares,34,4,25,86
2025-01-03,WH_A,East,SKU0057,Electronics,190,4,45,89
2025-01-03,WH_A,East,SKU0058,Sports,72,0,36,107
2025-01-03,WH_A,East,SKU0059,Electronics,67,2,35,70
2025-01-03,WH_A,East,SKU0060,Hardware,145,2,40,46
2025-01-03,WH_A,East,SKU0061,Office,114,4,47,101
2025-01-03,WH_A,East,SKU0062,Housewares,46,3,35,60
2025-01-03,WH_A,East,SKU0063,Housewares,139,0,22,64
2025-01-03,WH_A,East,SKU0064,Sports,125,2,30,48
2025-01-03,WH_A,East,SKU0065,Sports,31,4,18,67
2025-01-03,WH_A,East,SKU0066,Sports,133,5,41,61
2025-01-03,WH_A,East,SKU0067,Hardware,81,5,35,103
2025-01-03,WH_A,East,SKU0068,Electronics,141,2,27,50
2025-01-03,WH_A,East,SKU0069,Hardware,199,2,47,89
2025-01-03,WH_A,East,SKU0070,Hardware,201,3,34,93
2025-01-03,WH_A,East,SKU0071,Hardware,36,3,20,80
2025-01-03,WH_A,East,SKU0072,Office,153,5,44,60
2025-01-03,WH_A,East,SKU0073,Office,84,0,37,36
2025-01-03,WH_A,East,SKU0074,Hardware,19,4,33,93
2025-01-03,WH_A,East,SKU0075,Sports,158,2,45,66
2025-01-03,WH_A,East,SKU0076,Hardware,208,0,15,43
2025-01-03,WH_A,East,SKU0077,Office,135,4,23,63
2025-01-03,WH_A,East,SKU0078,Housewares,107,0,40,76
2025-01-03,WH_A,East,SKU0079,Hardware,37,3,40,36
2025-01-03,WH_A,East,SKU0080,Hardware,216,3,50,54
2025-01-03,WH_A,East,SKU0081,Housewares,111,4,50,66
2025-01-03,WH_A,East,SKU0082,Hardware,54,1,39,94
2025-01-03,WH_A,East,SKU0083,Housewares,146,2,50,65
2025-01-03,WH_A,East,SKU0084,Office,178,1,22,46
2025-01-03,WH_A,East,SKU0085,Hardware,57,1,40,77
2025-01-03,WH_A,East,SKU0086,Hardware,146,6,50,76
2025-01-03,WH_A,East,SKU0087,Office,42,0,27,107
2025-01-03,WH_A,East,SKU0088,Housewares,164,2,40,94
2025-01-03,WH_A,East,SKU0089,Electronics,35,5,17,34
2025-01-03,WH_A,East,SKU0090,Electronics,70,6,36,90
2025-01-03,WH_A,East,SKU0091,Electronics,219,2,44,49
2025-01-03,WH_A,East,SKU0092,Housewares,196,1,47,47
2025-01-03,WH_A,East,SKU0093,Sports,110,3,35,50
2025-01-03,WH_A,East,SKU0094,Hardware,181,6,34,105
2025-01-03,WH_A,East,SKU0095,Electronics,148,1,47,95
2025-01-03,WH_A,East,SKU0096,Hardware,222,1,46,120
2025-01-03,WH_A,East,SKU0097,Office,184,3,34,90
2025-01-03,WH_A,East,SKU0098,Housewares,20,3,38,72
2025-01-03,WH_A,East,SKU0099,Office,178,1,22,83
2025-01-03,WH_A,East,SKU0100,Office,181,1,34,118
2025-01-03,WH_B,Central,SKU0001,Housewares,170,4,16,106
2025-01-03,WH_B,Central,SKU0002,Electronics,209,4,31,113
2025-01-03,WH_B,Central,SKU0003,Hardware,245,1,29,36
2025-01-03,WH_B,Central,SKU0004,Hardware,222,6,45,51
2025-01-03,WH_B,Central,SKU0005,Sports,150,2,39,48
2025-01-03,WH_B,Central,SKU0006,Sports,207,4,30,34
2025-01-03,WH_B,Central,SKU0007,Office,170,7,22,54
2025-01-03,WH_B,Central,SKU0008,Electronics,27,4,43,70
2025-01-03,WH_B,Central,SKU0009,Hardware,178,3,24,82
2025-01-03,WH_B,Central,SKU0010,Electronics,289,4,28,82
2025-01-03,WH_B,Central,SKU0011,Hardware,212,5,45,37
2025-01-03,WH_B,Central,SKU0012,Housewares,196,1,23,96
2025-01-03,WH_B,Central,SKU0013,Electronics,91,0,50,71
2025-01-03,WH_B,Central,SKU0014,Electronics,285,0,45,97
2025-01-03,WH_B,Central,SKU0015,Housewares,113,2,35,52
2025-01-03,WH_B,Central,SKU0016,Housewares,140,4,49,73
2025-01-03,WH_B,Central,SKU0017,Hardware,231,1,37,116
2025-01-03,WH_B,Central,SKU0018,Housewares,192,3,31,108
2025-01-03,WH_B,Central,SKU0019,Sports,140,6,27,61
2025-01-03,WH_B,Central,SKU0020,Electronics,132,4,50,68
2025-01-03,WH_B,Central,SKU0021,Sports,83,5,34,66
2025-01-03,WH_B,Central,SKU0022,Sports,201,0,28,118
2025-01-03,WH_B,Central,SKU0023,Hardware,283,1,46,70
2025-01-03,WH_B,Central,SKU0024,Electronics,193,4,37,101
2025-01-03,WH_B,Central,SKU0025,Office,102,3,33,45
2025-01-03,WH_B,Central,SKU0026,Hardware,235,6,49,78
2025-01-03,WH_B,Central,SKU0027,Electronics,171,8,37,48
2025-01-03,WH_B,Central,SKU0028,Electronics,137,0,17,66
2025-01-03,WH_B,Central,SKU0029,Sports,47,3,37,86
2025-01-03,WH_B,Central,SKU0030,Housewares,199,4,31,91
2025-01-03,WH_B,Central,SKU0031,Sports,72,0,27,98
2025-01-03,WH_B,Central,SKU0032,Sports,86,1,50,119
2025-01-03,WH_B,Central,SKU0033,Housewares,83,4,23,43
2025-01-03,WH_B,Central,SKU0034,Office,193,3,30,61
2025-01-03,WH_B,Central,SKU0035,Hardware,32,3,48,58
2025-01-03,WH_B,Central,SKU0036,Housewares,194,1,29,36
2025-01-03,WH_B,Central,SKU0037,Sports,43,3,41,72
2025-01-03,WH_B,Central,SKU0038,Housewares,132,4,21,117
2025-01-03,WH_B,Central,SKU0039,Office,53,3,15,100
2025-01-03,WH_B,Central,SKU0040,Housewares,51,2,41,113
2025-01-03,WH_B,Central,SKU0041,Sports,148,2,45,113
2025-01-03,WH_B,Central,SKU0042,Electronics,116,2,33,71
2025-01-03,WH_B,Central,SKU0043,Hardware,132,4,18,41
2025-01-03,WH_B,Central,SKU0044,Hardware,246,0,29,98
2025-01-03,WH_B,Central,SKU0045,Electronics,25,5,26,83
2025-01-03,WH_B,Central,SKU0046,Hardware,85,8,17,80
2025-01-03,WH_B,Central,SKU0047,Electronics,198,3,26,67
2025-01-03,WH_B,Central,SKU0048,Hardware,56,7,15,68
2025-01-03,WH_B,Central,SKU0049,Housewares,185,5,21,72
2025-01-03,WH_B,Central,SKU0050,Hardware,139,4,44,112
2025-01-03,WH_B,Central,SKU0051,Hardware,230,1,48,93
2025-01-03,WH_B,Central,SKU0052,Hardware,67,2,47,89
2025-01-03,WH_B,Central,SKU0053,Hardware,122,2,27,44
2025-01-03,WH_B,Central,SKU0054,Office,110,4,25,88
2025-01-03,WH_B,Central,SKU0055,Housewares,185,5,31,53
2025-01-03,WH_B,Central,SKU0056,Housewares,11,2,36,67
2025-01-03,WH_B,Central,SKU0057,Electronics,223,0,27,52
2025-01-03,WH_B,Central,SKU0058,Sports,175,2,40,84
2025-01-03,WH_B,Central,SKU0059,Electronics,226,4,35,41
2025-01-03,WH_B,Central,SKU0060,Hardware,160,6,21,53
2025-01-03,WH_B,Central,SKU0061,Office,67,4,45,71
2025-01-03,WH_B,Central,SKU0062,Housewares,80,1,15,63
2025-01-03,WH_B,Central,SKU0063,Housewares,114,5,30,87
2025-01-03,WH_B,Central,SKU0064,Sports,106,6,36,68
2025-01-03,WH_B,Central,SKU0065,Sports,164,0,15,63
2025-01-03,WH_B,Central,SKU0066,Sports,188,0,38,118
2025-01-03,WH_B,Central,SKU0067,Hardware,115,2,18,115
2025-01-03,WH_B,Central,SKU0068,Electronics,65,0,44,69
2025-01-03,WH_B,Central,SKU0069,Hardware,89,1,40,117
2025-01-03,WH_B,Central,SKU0070,Hardware,195,0,34,118
2025-01-03,WH_B,Central,SKU0071,Hardware,69,6,33,77
2025-01-03,WH_B,Central,SKU0072,Office,193,2,29,58
2025-01-03,WH_B,Central,SKU0073,Office,47,3,45,49
2025-01-03,WH_B,Central,SKU0074,Hardware,180,3,38,83
2025-01-03,WH_B,Central,SKU0075,Sports,206,5,50,90
2025-01-03,WH_B,Central,SKU0076,Hardware,218,2,28,61
2025-01-03,WH_B,Central,SKU0077,Office,185,1,20,97
2025-01-03,WH_B,Central,SKU0078,Housewares,131,3,48,120
2025-01-03,WH_B,Central,SKU0079,Hardware,165,1,19,102
2025-01-03,WH_B,Central,SKU0080,Hardware,82,2,18,100
2025-01-03,WH_B,Central,SKU0081,Housewares,148,1,27,103
2025-01-03,WH_B,Central,SKU0082,Hardware,195,4,24,51
2025-01-03,WH_B,Central,SKU0083,Housewares,110,2,48,86
2025-01-03,WH_B,Central,SKU0084,Office,49,4,28,104
2025-01-03,WH_B,Central,SKU0085,Hardware,187,1,20,95
2025-01-03,WH_B,Central,SKU0086,Hardware,195,0,18,88
2025-01-03,WH_B,Central,SKU0087,Office,55,0,47,83
2025-01-03,WH_B,Central,SKU0088,Housewares,140,2,18,101
2025-01-03,WH_B,Central,SKU0089,Electronics,177,5,34,32
2025-01-03,WH_B,Central,SKU0090,Electronics,162,1,31,30
2025-01-03,WH_B,Central,SKU0091,Electronics,107,5,19,35
2025-01-03,WH_B,Central,SKU0092,Housewares,117,3,37,119
2025-01-03,WH_B,Central,SKU0093,Sports,40,4,49,37
2025-01-03,WH_B,Central,SKU0094,Hardware,53,2,45,34
2025-01-03,WH_B,Central,SKU0095,Electronics,121,3,41,53
2025-01-03,WH_B,Central,SKU0096,Hardware,64,0,41,77
2025-01-03,WH_B,Central,SKU0097,Office,121,4,43,78
2025-01-03,WH_B,Central,SKU0098,Housewares,92,0,20,117
2025-01-03,WH_B,Central,SKU0099,Office,195,7,49,47
2025-01-03,WH_B,Central,SKU0100,Office,187,1,37,45
2025-01-03,WH_C,West,SKU0001,Housewares,63,5,49,80
2025-01-03,WH_C,West,SKU0002,Electronics,210,1,23,58
2025-01-03,WH_C,West,SKU0003,Hardware,23,1,16,68
2025-01-03,WH_C,West,SKU0004,Hardware,194,6,49,84
2025-01-03,WH_C,West,SKU0005,Sports,159,2,39,59
2025-01-03,WH_C,West,SKU0006,Sports,80,0,44,74
2025-01-03,WH_C,West,SKU0007,Office,67,2,32,54
2025-01-03,WH_C,West,SKU0008,Electronics,65,9,17,114
2025-01-03,WH_C,West,SKU0009,Hardware,180,1,16,60
2025-01-03,WH_C,West,SKU0010,Electronics,96,5,19,42
2025-01-03,WH_C,West,SKU0011,Hardware,241,0,17,87
2025-01-03,WH_C,West,SKU0012,Housewares,182,1,18,61
2025-01-03,WH_C,West,SKU0013,Electronics,62,5,40,86
2025-01-03,WH_C,West,SKU0014,Electronics,106,5,49,57
2025-01-03,WH_C,West,SKU0015,Housewares,34,4,23,94
2025-01-03,WH_C,West,SKU0016,Housewares,98,1,29,103
2025-01-03,WH_C,West,SKU0017,Hardware,134,5,35,60
2025-01-03,WH_C,West,SKU0018,Housewares,93,2,24,114
2025-01-03,WH_C,West,SKU0019,Sports,143,3,29,82
2025-01-03,WH_C,West,SKU0020,Electronics,155,0,32,37
2025-01-03,WH_C,West,SKU0021,Sports,162,5,26,110
2025-01-03,WH_C,West,SKU0022,Sports,192,3,42,101
2025-01-03,WH_C,West,SKU0023,Hardware,193,3,18,74
2025-01-03,WH_C,West,SKU0024,Electronics,255,4,39,97
2025-01-03,WH_C,West,SKU0025,Office,112,8,41,82
2025-01-03,WH_C,West,SKU0026,Hardware,86,3,34,78
2025-01-03,WH_C,West,SKU0027,Electronics,95,2,49,90
2025-01-03,WH_C,West,SKU0028,Electronics,116,2,29,68
2025-01-03,WH_C,West,SKU0029,Sports,57,5,44,37
2025-01-03,WH_C,West,SKU0030,Housewares,152,5,41,83
2025-01-03,WH_C,West,SKU0031,Sports,175,2,48,47
2025-01-03,WH_C,West,SKU0032,Sports,97,1,30,62
2025-01-03,WH_C,West,SKU0033,Housewares,84,2,36,112
2025-01-03,WH_C,West,SKU0034,Office,30,1,43,77
2025-01-03,WH_C,West,SKU0035,Hardware,68,4,49,54
2025-01-03,WH_C,West,SKU0036,Housewares,30,2,32,78
2025-01-03,WH_C,West,SKU0037,Sports,188,1,17,39
2025-01-03,WH_C,West,SKU0038,Housewares,84,2,50,57
2025-01-03,WH_C,West,SKU0039,Office,154,6,28,72
2025-01-03,WH_C,West,SKU0040,Housewares,106,2,15,57
2025-01-03,WH_C,West,SKU0041,Sports,72,2,22,91
2025-01-03,WH_C,West,SKU0042,Electronics,105,3,28,80
2025-01-03,WH_C,West,SKU0043,Hardware,101,5,50,71
2025-01-03,WH_C,West,SKU0044,Hardware,124,3,39,89
2025-01-03,WH_C,West,SKU0045,Electronics,221,2,37,69
2025-01-03,WH_C,West,SKU0046,Hardware,126,2,38,95
2025-01-03,WH_C,West,SKU0047,Electronics,214,0,44,42
2025-01-03,WH_C,West,SKU0048,Hardware,197,6,35,56
2025-01-03,WH_C,West,SKU0049,Housewares,103,1,35,82
2025-01-03,WH_C,West,SKU0050,Hardware,48,3,29,48
2025-01-03,WH_C,West,SKU0051,Hardware,37,3,31,100
2025-01-03,WH_C,West,SKU0052,Hardware,242,5,41,67
2025-01-03,WH_C,West,SKU0053,Hardware,86,2,27,72
2025-01-03,WH_C,West,SKU0054,Office,84,6,39,102
2025-01-03,WH_C,West,SKU0055,Housewares,80,1,46,100
2025-01-03,WH_C,West,SKU0056,Housewares,198,2,36,62
2025-01-03,WH_C,West,SKU0057,Electronics,181,4,46,88
2025-01-03,WH_C,West,SKU0058,Sports,57,2,37,51
2025-01-03,WH_C,West,SKU0059,Electronics,80,3,49,92
2025-01-03,WH_C,West,SKU0060,Hardware,100,2,49,112
2025-01-03,WH_C,West,SKU0061,Office,40,2,48,34
2025-01-03,WH_C,West,SKU0062,Housewares,46,4,18,30
2025-01-03,WH_C,West,SKU0063,Housewares,115,5,23,110
2025-01-03,WH_C,West,SKU0064,Sports,73,4,19,120
2025-01-03,WH_C,West,SKU0065,Sports,61,6,15,57
2025-01-03,WH_C,West,SKU0066,Sports,146,2,44,77
2025-01-03,WH_C,West,SKU0067,Hardware,48,2,45,114
2025-01-03,WH_C,West,SKU0068,Electronics,209,0,16,30
2025-01-03,WH_C,West,SKU0069,Hardware,207,0,50,82
2025-01-03,WH_C,West,SKU0070,Hardware,41,6,16,97
2025-01-03,WH_C,West,SKU0071,Hardware,124,2,49,66
2025-01-03,WH_C,West,SKU0072,Office,24,5,47,119
2025-01-03,WH_C,West,SKU0073,Office,182,3,42,52
2025-01-03,WH_C,West,SKU0074,Hardware,75,4,21,97
2025-01-03,WH_C,West,SKU0075,Sports,59,5,30,54
2025-01-03,WH_C,West,SKU0076,Hardware,222,4,48,62
2025-01-03,WH_C,West,SKU0077,Office,103,0,32,80
2025-01-03,WH_C,West,SKU0078,Housewares,45,5,38,81
2025-01-03,WH_C,West,SKU0079,Hardware,190,4,30,119
2025-01-03,WH_C,West,SKU0080,Hardware,123,5,34,117
2025-01-03,WH_C,West,SKU0081,Housewares,56,4,17,41
2025-01-03,WH_C,West,SKU0082,Hardware,172,0,39,78
2025-01-03,WH_C,West,SKU0083,Housewares,158,1,45,37
2025-01-03,WH_C,West,SKU0084,Office,204,2,15,119
2025-01-03,WH_C,West,SKU0085,Hardware,89,4,20,93
2025-01-03,WH_C,West,SKU0086,Hardware,183,6,36,102
2025-01-03,WH_C,West,SKU0087,Office,37,3,48,35
2025-01-03,WH_C,West,SKU0088,Housewares,70,0,28,118
2025-01-03,WH_C,West,SKU0089,Electronics,224,2,45,64
2025-01-03,WH_C,West,SKU0090,Electronics,39,1,19,117
2025-01-03,WH_C,West,SKU0091,Electronics,113,2,49,102
2025-01-03,WH_C,West,SKU0092,Housewares,172,4,17,52
2025-01-03,WH_C,West,SKU0093,Sports,100,0,16,56
2025-01-03,WH_C,West,SKU0094,Hardware,234,1,24,80
2025-01-03,WH_C,West,SKU0095,Electronics,57,5,34,50
2025-01-03,WH_C,West,SKU0096,Hardware,210,3,30,102
2025-01-03,WH_C,West,SKU0097,Office,117,4,49,72
2025-01-03,WH_C,West,SKU0098,Housewares,120,1,23,118
2025-01-03,WH_C,West,SKU0099,Office,36,1,47,74
2025-01-03,WH_C,West,SKU0100,Office,43,3,21,85
2025-01-04,WH_A,East,SKU0001,Housewares,98,2,19,73
2025-01-04,WH_A,East,SKU0002,Electronics,236,0,40,71
2025-01-04,WH_A,East,SKU0003,Hardware,19,0,32,87
2025-01-04,WH_A,East,SKU0004,Hardware,205,4,29,75
2025-01-04,WH_A,East,SKU0005,Sports,145,4,39,85
2025-01-04,WH_A,East,SKU0006,Sports,62,3,39,40
2025-01-04,WH_A,East,SKU0007,Office,194,4,33,61
2025-01-04,WH_A,East,SKU0008,Electronics,50,1,20,64
2025-01-04,WH_A,East,SKU0009,Hardware,61,1,39,111
2025-01-04,WH_A,East,SKU0010,Electronics,80,1,39,70
2025-01-04,WH_A,East,SKU0011,Hardware,155,3,21,41
2025-01-04,WH_A,East,SKU0012,Housewares,18,1,34,86
2025-01-04,WH_A,East,SKU0013,Electronics,158,3,32,43
2025-01-04,WH_A,East,SKU0014,Electronics,63,5,20,53
2025-01-04,WH_A,East,SKU0015,Housewares,129,3,43,101
2025-01-04,WH_A,East,SKU0016,Housewares,169,3,47,82
2025-01-04,WH_A,East,SKU0017,Hardware,73,3,16,41
2025-01-04,WH_A,East,SKU0018,Housewares,103,3,50,41
2025-01-04,WH_A,East,SKU0019,Sports,160,3,35,79
2025-01-04,WH_A,East,SKU0020,Electronics,31,2,33,82
2025-01-04,WH_A,East,SKU0021,Sports,117,0,20,101
2025-01-04,WH_A,East,SKU0022,Sports,76,3,48,51
2025-01-04,WH_A,East,SKU0023,Hardware,274,0,39,51
2025-01-04,WH_A,East,SKU0024,Electronics,89,1,32,68
2025-01-04,WH_A,East,SKU0025,Office,97,3,46,48
2025-01-04,WH_A,East,SKU0026,Hardware,43,6,25,85
2025-01-04,WH_A,East,SKU0027,Electronics,114,4,41,68
2025-01-04,WH_A,East,SKU0028,Electronics,210,1,19,76
2025-01-04,WH_A,East,SKU0029,Sports,97,2,30,110
2025-01-04,WH_A,East,SKU0030,Housewares,148,3,27,88
2025-01-04,WH_A,East,SKU0031,Sports,45,4,23,68
2025-01-04,WH_A,East,SKU0032,Sports,28,0,40,72
2025-01-04,WH_A,East,SKU0033,Housewares,191,0,39,72
2025-01-04,WH_A,East,SKU0034,Office,142,5,36,85
2025-01-04,WH_A,East,SKU0035,Hardware,249,2,23,68
2025-01-04,WH_A,East,SKU0036,Housewares,90,2,27,91
2025-01-04,WH_A,East,SKU0037,Sports,96,4,26,80
2025-01-04,WH_A,East,SKU0038,Housewares,114,5,33,118
2025-01-04,WH_A,East,SKU0039,Office,176,2,46,103
2025-01-04,WH_A,East,SKU0040,Housewares,65,1,35,78
2025-01-04,WH_A,East,SKU0041,Sports,100,6,40,76
2025-01-04,WH_A,East,SKU0042,Electronics,56,1,27,105
2025-01-04,WH_A,East,SKU0043,Hardware,222,3,26,117
2025-01-04,WH_A,East,SKU0044,Hardware,215,3,16,89
2025-01-04,WH_A,East,SKU0045,Electronics,97,2,43,67
2025-01-04,WH_A,East,SKU0046,Hardware,281,3,19,82
2025-01-04,WH_A,East,SKU0047,Electronics,264,2,46,47
2025-01-04,WH_A,East,SKU0048,Hardware,253,2,34,60
2025-01-04,WH_A,East,SKU0049,Housewares,81,6,24,84
2025-01-04,WH_A,East,SKU0050,Hardware,168,2,19,87
2025-01-04,WH_A,East,SKU0051,Hardware,249,2,45,104
2025-01-04,WH_A,East,SKU0052,Hardware,182,3,49,94
2025-01-04,WH_A,East,SKU0053,Hardware,274,3,41,99
2025-01-04,WH_A,East,SKU0054,Office,13,0,38,119
2025-01-04,WH_A,East,SKU0055,Housewares,145,3,20,43
2025-01-04,WH_A,East,SKU0056,Housewares,100,7,37,51
2025-01-04,WH_A,East,SKU0057,Electronics,265,4,17,102
2025-01-04,WH_A,East,SKU0058,Sports,166,1,40,72
2025-01-04,WH_A,East,SKU0059,Electronics,174,1,21,31
2025-01-04,WH_A,East,SKU0060,Hardware,61,2,31,58
2025-01-04,WH_A,East,SKU0061,Office,130,4,48,101
2025-01-04,WH_A,East,SKU0062,Housewares,157,3,29,87
2025-01-04,WH_A,East,SKU0063,Housewares,135,1,40,89
2025-01-04,WH_A,East,SKU0064,Sports,167,2,47,49
2025-01-04,WH_A,East,SKU0065,Sports,119,6,16,91
2025-01-04,WH_A,East,SKU0066,Sports,33,3,33,83
2025-01-04,WH_A,East,SKU0067,Hardware,52,2,22,48
2025-01-04,WH_A,East,SKU0068,Electronics,179,0,34,73
2025-01-04,WH_A,East,SKU0069,Hardware,192,3,28,96
2025-01-04,WH_A,East,SKU0070,Hardware,211,3,37,90
2025-01-04,WH_A,East,SKU0071,Hardware,64,2,43,119
2025-01-04,WH_A,East,SKU0072,Office,137,2,35,38
2025-01-04,WH_A,East,SKU0073,Office,102,2,17,120
2025-01-04,WH_A,East,SKU0074,Hardware,72,2,16,73
2025-01-04,WH_A,East,SKU0075,Sports,196,2,21,116
2025-01-04,WH_A,East,SKU0076,Hardware,69,5,30,96
2025-01-04,WH_A,East,SKU0077,Office,54,1,50,50
2025-01-04,WH_A,East,SKU0078,Housewares,98,5,50,84
2025-01-04,WH_A,East,SKU0079,Hardware,171,9,29,81
2025-01-04,WH_A,East,SKU0080,Hardware,263,3,26,53
2025-01-04,WH_A,East,SKU0081,Housewares,182,3,42,80
2025-01-04,WH_A,East,SKU0082,Hardware,43,4,27,87
2025-01-04,WH_A,East,SKU0083,Housewares,176,3,42,79
2025-01-04,WH_A,East,SKU0084,Office,19,2,28,56
2025-01-04,WH_A,East,SKU0085,Hardware,125,5,19,103
2025-01-04,WH_A,East,SKU0086,Hardware,70,0,49,53
2025-01-04,WH_A,East,SKU0087,Office,119,3,35,55
2025-01-04,WH_A,East,SKU0088,Housewares,136,2,22,63
2025-01-04,WH_A,East,SKU0089,Electronics,278,4,46,97
2025-01-04,WH_A,East,SKU0090,Electronics,248,3,35,106
2025-01-04,WH_A,East,SKU0091,Electronics,156,0,40,105
2025-01-04,WH_A,East,SKU0092,Housewares,42,4,37,75
2025-01-04,WH_A,East,SKU0093,Sports,146,4,26,116
2025-01-04,WH_A,East,SKU0094,Hardware,287,4,34,108
2025-01-04,WH_A,East,SKU0095,Electronics,232,3,20,116
2025-01-04,WH_A,East,SKU0096,Hardware,83,4,35,45
2025-01-04,WH_A,East,SKU0097,Office,92,4,34,44
2025-01-04,WH_A,East,SKU0098,Housewares,69,5,38,118
2025-01-04,WH_A,East,SKU0099,Office,55,1,47,79
2025-01-04,WH_A,East,SKU0100,Office,125,1,23,103
2025-01-04,WH_B,Central,SKU0001,Housewares,111,2,42,53
2025-01-04,WH_B,Central,SKU0002,Electronics,193,2,49,118
2025-01-04,WH_B,Central,SKU0003,Hardware,240,3,26,101
2025-01-04,WH_B,Central,SKU0004,Hardware,86,1,46,66
2025-01-04,WH_B,Central,SKU0005,Sports,61,4,26,70
2025-01-04,WH_B,Central,SKU0006,Sports,118,1,18,75
2025-01-04,WH_B,Central,SKU0007,Office,14,1,46,47
2025-01-04,WH_B,Central,SKU0008,Electronics,104,2,39,101
2025-01-04,WH_B,Central,SKU0009,Hardware,205,0,46,82
2025-01-04,WH_B,Central,SKU0010,Electronics,279,0,46,83
2025-01-04,WH_B,Central,SKU0011,Hardware,186,3,46,51
2025-01-04,WH_B,Central,SKU0012,Housewares,54,0,16,58
2025-01-04,WH_B,Central,SKU0013,Electronics,101,3,17,65
2025-01-04,WH_B,Central,SKU0014,Electronics,125,5,49,66
2025-01-04,WH_B,Central,SKU0015,Housewares,65,2,44,102
2025-01-04,WH_B,Central,SKU0016,Housewares,154,1,50,95
2025-01-04,WH_B,Central,SKU0017,Hardware,71,4,22,64
2025-01-04,WH_B,Central,SKU0018,Housewares,169,8,38,99
2025-01-04,WH_B,Central,SKU0019,Sports,33,1,43,99
2025-01-04,WH_B,Central,SKU0020,Electronics,104,0,42,43
2025-01-04,WH_B,Central,SKU0021,Sports,180,2,30,68
2025-01-04,WH_B,Central,SKU0022,Sports,22,3,43,63
2025-01-04,WH_B,Central,SKU0023,Hardware,144,5,20,86
2025-01-04,WH_B,Central,SKU0024,Electronics,70,2,30,56
2025-01-04,WH_B,Central,SKU0025,Office,166,3,37,120
2025-01-04,WH_B,Central,SKU0026,Hardware,254,1,42,51
2025-01-04,WH_B,Central,SKU0027,Electronics,241,2,23,56
2025-01-04,WH_B,Central,SKU0028,Electronics,87,1,18,102
2025-01-04,WH_B,Central,SKU0029,Sports,104,4,49,65
2025-01-04,WH_B,Central,SKU0030,Housewares,174,3,49,51
2025-01-04,WH_B,Central,SKU0031,Sports,110,2,33,67
2025-01-04,WH_B,Central,SKU0032,Sports,169,2,32,95
2025-01-04,WH_B,Central,SKU0033,Housewares,195,1,21,47
2025-01-04,WH_B,Central,SKU0034,Office,100,2,18,65
2025-01-04,WH_B,Central,SKU0035,Hardware,276,4,23,119
2025-01-04,WH_B,Central,SKU0036,Housewares,62,5,30,48
2025-01-04,WH_B,Central,SKU0037,Sports,102,3,30,116
2025-01-04,WH_B,Central,SKU0038,Housewares,113,2,46,48
2025-01-04,WH_B,Central,SKU0039,Office,173,5,32,110
2025-01-04,WH_B,Central,SKU0040,Housewares,124,2,39,87
2025-01-04,WH_B,Central,SKU0041,Sports,39,4,20,81
2025-01-04,WH_B,Central,SKU0042,Electronics,196,0,32,118
2025-01-04,WH_B,Central,SKU0043,Hardware,154,0,44,92
2025-01-04,WH_B,Central,SKU0044,Hardware,139,2,15,41
2025-01-04,WH_B,Central,SKU0045,Electronics,187,5,37,38
2025-01-04,WH_B,Central,SKU0046,Hardware,221,3,40,57
2025-01-04,WH_B,Central,SKU0047,Electronics,186,0,28,93
2025-01-04,WH_B,Central,SKU0048,Hardware,133,2,35,66
2025-01-04,WH_B,Central,SKU0049,Housewares,112,0,50,103
2025-01-04,WH_B,Central,SKU0050,Hardware,58,4,46,73
2025-01-04,WH_B,Central,SKU0051,Hardware,275,1,18,35
2025-01-04,WH_B,Central,SKU0052,Hardware,54,5,44,32
2025-01-04,WH_B,Central,SKU0053,Hardware,59,6,25,86
2025-01-04,WH_B,Central,SKU0054,Office,126,4,15,84
2025-01-04,WH_B,Central,SKU0055,Housewares,67,4,23,113
2025-01-04,WH_B,Central,SKU0056,Housewares,91,2,25,65
2025-01-04,WH_B,Central,SKU0057,Electronics,60,0,38,62
2025-01-04,WH_B,Central,SKU0058,Sports,48,1,38,115
2025-01-04,WH_B,Central,SKU0059,Electronics,258,1,25,36
2025-01-04,WH_B,Central,SKU0060,Hardware,143,2,34,119
2025-01-04,WH_B,Central,SKU0061,Office,103,4,42,113
2025-01-04,WH_B,Central,SKU0062,Housewares,42,2,21,30
2025-01-04,WH_B,Central,SKU0063,Housewares,74,4,45,39
2025-01-04,WH_B,Central,SKU0064,Sports,41,5,29,96
2025-01-04,WH_B,Central,SKU0065,Sports,201,4,43,31
2025-01-04,WH_B,Central,SKU0066,Sports,26,3,36,45
2025-01-04,WH_B,Central,SKU0067,Hardware,185,4,23,91
2025-01-04,WH_B,Central,SKU0068,Electronics,49,1,29,79
2025-01-04,WH_B,Central,SKU0069,Hardware,59,6,21,43
2025-01-04,WH_B,Central,SKU0070,Hardware,127,0,38,68
2025-01-04,WH_B,Central,SKU0071,Hardware,78,3,39,47
2025-01-04,WH_B,Central,SKU0072,Office,185,3,24,38
2025-01-04,WH_B,Central,SKU0073,Office,152,5,15,108
2025-01-04,WH_B,Central,SKU0074,Hardware,244,1,25,86
2025-01-04,WH_B,Central,SKU0075,Sports,107,0,28,110
2025-01-04,WH_B,Central,SKU0076,Hardware,79,6,41,108
2025-01-04,WH_B,Central,SKU0077,Office,195,3,43,57
2025-01-04,WH_B,Central,SKU0078,Housewares,29,1,21,47
2025-01-04,WH_B,Central,SKU0079,Hardware,67,2,39,74
2025-01-04,WH_B,Central,SKU0080,Hardware,193,4,35,47
2025-01-04,WH_B,Central,SKU0081,Housewares,71,3,32,112
2025-01-04,WH_B,Central,SKU0082,Hardware,62,5,30,100
2025-01-04,WH_B,Central,SKU0083,Housewares,188,0,33,118
2025-01-04,WH_B,Central,SKU0084,Office,17,0,34,56
2025-01-04,WH_B,Central,SKU0085,Hardware,210,3,47,54
2025-01-04,WH_B,Central,SKU0086,Hardware,177,2,33,112
2025-01-04,WH_B,Central,SKU0087,Office,29,3,30,93
2025-01-04,WH_B,Central,SKU0088,Housewares,109,7,22,60
2025-01-04,WH_B,Central,SKU0089,Electronics,189,3,19,97
2025-01-04,WH_B,Central,SKU0090,Electronics,52,3,38,70
2025-01-04,WH_B,Central,SKU0091,Electronics,72,2,39,102
2025-01-04,WH_B,Central,SKU0092,Housewares,125,5,38,99
2025-01-04,WH_B,Central,SKU0093,Sports,171,6,26,90
2025-01-04,WH_B,Central,SKU0094,Hardware,38,2,16,105
2025-01-04,WH_B,Central,SKU0095,Electronics,47,4,15,63
2025-01-04,WH_B,Central,SKU0096,Hardware,89,3,17,37
2025-01-04,WH_B,Central,SKU0097,Office,141,0,47,66
2025-01-04,WH_B,Central,SKU0098,Housewares,181,1,47,83
2025-01-04,WH_B,Central,SKU0099,Office,132,3,40,40
2025-01-04,WH_B,Central,SKU0100,Office,176,3,49,98
2025-01-04,WH_C,West,SKU0001,Housewares,195,2,24,65
2025-01-04,WH_C,West,SKU0002,Electronics,64,0,34,40
2025-01-04,WH_C,West,SKU0003,Hardware,200,3,28,49
2025-01-04,WH_C,West,SKU0004,Hardware,234,3,35,80
2025-01-04,WH_C,West,SKU0005,Sports,166,2,19,69
2025-01-04,WH_C,West,SKU0006,Sports,185,4,42,60
2025-01-04,WH_C,West,SKU0007,Office,42,2,30,41
2025-01-04,WH_C,West,SKU0008,Electronics,178,3,22,88
2025-01-04,WH_C,West,SKU0009,Hardware,242,2,18,69
2025-01-04,WH_C,West,SKU0010,Electronics,286,2,26,45
2025-01-04,WH_C,West,SKU0011,Hardware,28,1,23,119
2025-01-04,WH_C,West,SKU0012,Housewares,29,2,25,93
2025-01-04,WH_C,West,SKU0013,Electronics,144,5,48,96
2025-01-04,WH_C,West,SKU0014,Electronics,134,1,25,77
2025-01-04,WH_C,West,SKU0015,Housewares,33,5,32,45
2025-01-04,WH_C,West,SKU0016,Housewares,20,4,36,84
2025-01-04,WH_C,West,SKU0017,Hardware,104,4,48,38
2025-01-04,WH_C,West,SKU0018,Housewares,74,4,19,93
2025-01-04,WH_C,West,SKU0019,Sports,136,1,47,76
2025-01-04,WH_C,West,SKU0020,Electronics,43,4,46,102
2025-01-04,WH_C,West,SKU0021,Sports,63,4,38,50
2025-01-04,WH_C,West,SKU0022,Sports,104,0,21,103
2025-01-04,WH_C,West,SKU0023,Hardware,284,3,22,59
2025-01-04,WH_C,West,SKU0024,Electronics,201,0,15,35
2025-01-04,WH_C,West,SKU0025,Office,21,4,30,35
2025-01-04,WH_C,West,SKU0026,Hardware,194,6,38,79
2025-01-04,WH_C,West,SKU0027,Electronics,66,2,26,34
2025-01-04,WH_C,West,SKU0028,Electronics,212,3,41,58
2025-01-04,WH_C,West,SKU0029,Sports,110,2,30,83
2025-01-04,WH_C,West,SKU0030,Housewares,74,3,32,39
2025-01-04,WH_C,West,SKU0031,Sports,170,3,38,45
2025-01-04,WH_C,West,SKU0032,Sports,160,0,18,52
2025-01-04,WH_C,West,SKU0033,Housewares,83,5,48,35
2025-01-04,WH_C,West,SKU0034,Office,104,3,19,89
2025-01-04,WH_C,West,SKU0035,Hardware,123,2,34,71
2025-01-04,WH_C,West,SKU0036,Housewares,45,2,50,88
2025-01-04,WH_C,West,SKU0037,Sports,15,3,38,55
2025-01-04,WH_C,West,SKU0038,Housewares,83,0,34,109
2025-01-04,WH_C,West,SKU0039,Office,88,0,44,77
2025-01-04,WH_C,West,SKU0040,Housewares,177,3,46,55
2025-01-04,WH_C,West,SKU0041,Sports,141,1,30,49
2025-01-04,WH_C,West,SKU0042,Electronics,41,1,41,33
2025-01-04,WH_C,West,SKU0043,Hardware,105,3,49,74
2025-01-04,WH_C,West,SKU0044,Hardware,262,2,15,72
2025-01-04,WH_C,West,SKU0045,Electronics,22,5,39,69
2025-01-04,WH_C,West,SKU0046,Hardware,81,4,28,97
2025-01-04,WH_C,West,SKU0047,Electronics,112,1,41,92
2025-01-04,WH_C,West,SKU0048,Hardware,40,4,24,65
2025-01-04,WH_C,West,SKU0049,Housewares,47,5,17,59
2025-01-04,WH_C,West,SKU0050,Hardware,220,0,41,119
2025-01-04,WH_C,West,SKU0051,Hardware,171,1,44,40
2025-01-04,WH_C,West,SKU0052,Hardware,231,3,21,94
2025-01-04,WH_C,West,SKU0053,Hardware,95,9,40,39
2025-01-04,WH_C,West,SKU0054,Office,177,2,18,85
2025-01-04,WH_C,West,SKU0055,Housewares,194,4,23,60
2025-01-04,WH_C,West,SKU0056,Housewares,90,6,31,70
2025-01-04,WH_C,West,SKU0057,Electronics,170,3,35,70
2025-01-04,WH_C,West,SKU0058,Sports,141,3,32,59
2025-01-04,WH_C,West,SKU0059,Electronics,62,1,27,47
2025-01-04,WH_C,West,SKU0060,Hardware,231,0,21,49
2025-01-04,WH_C,West,SKU0061,Office,51,4,25,87
2025-01-04,WH_C,West,SKU0062,Housewares,143,6,35,82
2025-01-04,WH_C,West,SKU0063,Housewares,49,4,49,75
2025-01-04,WH_C,West,SKU0064,Sports,62,2,43,69
2025-01-04,WH_C,West,SKU0065,Sports,144,4,31,45
2025-01-04,WH_C,West,SKU0066,Sports,40,2,25,117
2025-01-04,WH_C,West,SKU0067,Hardware,120,2,17,57
2025-01-04,WH_C,West,SKU0068,Electronics,153,4,24,41
2025-01-04,WH_C,West,SKU0069,Hardware,121,3,37,80
2025-01-04,WH_C,West,SKU0070,Hardware,211,1,18,116
2025-01-04,WH_C,West,SKU0071,Hardware,141,3,31,52
2025-01-04,WH_C,West,SKU0072,Office,31,1,40,87
2025-01-04,WH_C,West,SKU0073,Office,140,5,50,61
2025-01-04,WH_C,West,SKU0074,Hardware,56,1,44,43
2025-01-04,WH_C,West,SKU0075,Sports,61,2,22,31
2025-01-04,WH_C,West,SKU0076,Hardware,59,4,29,46
2025-01-04,WH_C,West,SKU0077,Office,76,0,40,77
2025-01-04,WH_C,West,SKU0078,Housewares,207,3,20,104
2025-01-04,WH_C,West,SKU0079,Hardware,234,3,31,39
2025-01-04,WH_C,West,SKU0080,Hardware,17,3,19,55
2025-01-04,WH_C,West,SKU0081,Housewares,174,0,43,46
2025-01-04,WH_C,West,SKU0082,Hardware,44,5,36,45
2025-01-04,WH_C,West,SKU0083,Housewares,23,6,44,36
2025-01-04,WH_C,West,SKU0084,Office,57,0,42,80
2025-01-04,WH_C,West,SKU0085,Hardware,194,5,16,78
2025-01-04,WH_C,West,SKU0086,Hardware,270,1,42,52
2025-01-04,WH_C,West,SKU0087,Office,111,4,28,53
2025-01-04,WH_C,West,SKU0088,Housewares,101,5,32,87
2025-01-04,WH_C,West,SKU0089,Electronics,77,0,17,108
2025-01-04,WH_C,West,SKU0090,Electronics,245,3,30,112
2025-01-04,WH_C,West,SKU0091,Electronics,123,1,46,82
2025-01-04,WH_C,West,SKU0092,Housewares,163,2,45,37
2025-01-04,WH_C,West,SKU0093,Sports,42,1,32,79
2025-01-04,WH_C,West,SKU0094,Hardware,74,1,41,55
2025-01-04,WH_C,West,SKU0095,Electronics,266,5,48,61
2025-01-04,WH_C,West,SKU0096,Hardware,234,1,49,32
2025-01-04,WH_C,West,SKU0097,Office,102,1,37,91
2025-01-04,WH_C,West,SKU0098,Housewares,158,0,46,74
2025-01-04,WH_C,West,SKU0099,Office,154,0,47,71
2025-01-04,WH_C,West,SKU0100,Office,121,3,32,53
2025-01-05,WH_A,East,SKU0001,Housewares,18,3,35,106
2025-01-05,WH_A,East,SKU0002,Electronics,100,2,16,65
2025-01-05,WH_A,East,SKU0003,Hardware,64,5,45,97
2025-01-05,WH_A,East,SKU0004,Hardware,142,4,29,50
2025-01-05,WH_A,East,SKU0005,Sports,53,0,30,114
2025-01-05,WH_A,East,SKU0006,Sports,89,6,32,98
2025-01-05,WH_A,East,SKU0007,Office,22,1,29,103
2025-01-05,WH_A,East,SKU0008,Electronics,176,3,37,52
2025-01-05,WH_A,East,SKU0009,Hardware,96,3,30,105
2025-01-05,WH_A,East,SKU0010,Electronics,145,0,37,105
2025-01-05,WH_A,East,SKU0011,Hardware,48,5,37,102
2025-01-05,WH_A,East,SKU0012,Housewares,161,2,24,102
2025-01-05,WH_A,East,SKU0013,Electronics,79,4,46,99
2025-01-05,WH_A,East,SKU0014,Electronics,144,2,26,92
2025-01-05,WH_A,East,SKU0015,Housewares,40,2,20,37
2025-01-05,WH_A,East,SKU0016,Housewares,84,0,29,32
2025-01-05,WH_A,East,SKU0017,Hardware,215,2,45,30
2025-01-05,WH_A,East,SKU0018,Housewares,106,2,27,46
2025-01-05,WH_A,East,SKU0019,Sports,105,4,26,71
2025-01-05,WH_A,East,SKU0020,Electronics,44,0,16,48
2025-01-05,WH_A,East,SKU0021,Sports,187,5,24,44
2025-01-05,WH_A,East,SKU0022,Sports,141,4,38,39
2025-01-05,WH_A,East,SKU0023,Hardware,155,3,40,105
2025-01-05,WH_A,East,SKU0024,Electronics,65,2,36,68
2025-01-05,WH_A,East,SKU0025,Office,94,1,23,50
2025-01-05,WH_A,East,SKU0026,Hardware,174,1,46,113
2025-01-05,WH_A,East,SKU0027,Electronics,140,1,26,120
2025-01-05,WH_A,East,SKU0028,Electronics,235,5,37,58
2025-01-05,WH_A,East,SKU0029,Sports,184,3,26,78
2025-01-05,WH_A,East,SKU0030,Housewares,102,3,33,46
2025-01-05,WH_A,East,SKU0031,Sports,65,4,15,119
2025-01-05,WH_A,East,SKU0032,Sports,170,0,40,102
2025-01-05,WH_A,East,SKU0033,Housewares,36,4,26,107
2025-01-05,WH_A,East,SKU0034,Office,93,3,29,111
2025-01-05,WH_A,East,SKU0035,Hardware,236,2,21,93
2025-01-05,WH_A,East,SKU0036,Housewares,66,7,36,39
2025-01-05,WH_A,East,SKU0037,Sports,72,0,37,70
2025-01-05,WH_A,East,SKU0038,Housewares,65,4,20,120
2025-01-05,WH_A,East,SKU0039,Office,188,5,36,87
2025-01-05,WH_A,East,SKU0040,Housewares,8,4,31,56
2025-01-05,WH_A,East,SKU0041,Sports,76,6,19,74
2025-01-05,WH_A,East,SKU0042,Electronics,138,1,21,30
2025-01-05,WH_A,East,SKU0043,Hardware,39,4,39,86
2025-01-05,WH_A,East,SKU0044,Hardware,173,2,25,82
2025-01-05,WH_A,East,SKU0045,Electronics,204,0,39,74
2025-01-05,WH_A,East,SKU0046,Hardware,222,1,39,42
2025-01-05,WH_A,East,SKU0047,Electronics,193,5,29,50
2025-01-05,WH_A,East,SKU0048,Hardware,176,4,19,34
2025-01-05,WH_A,East,SKU0049,Housewares,92,2,16,70
2025-01-05,WH_A,East,SKU0050,Hardware,128,3,21,39
2025-01-05,WH_A,East,SKU0051,Hardware,155,4,25,78
2025-01-05,WH_A,East,SKU0052,Hardware,82,1,19,100
2025-01-05,WH_A,East,SKU0053,Hardware,49,1,36,106
2025-01-05,WH_A,East,SKU0054,Office,206,5,45,120
2025-01-05,WH_A,East,SKU0055,Housewares,13,0,42,113
2025-01-05,WH_A,East,SKU0056,Housewares,66,4,42,50
2025-01-05,WH_A,East,SKU0057,Electronics,51,2,21,72
2025-01-05,WH_A,East,SKU0058,Sports,70,3,27,82
2025-01-05,WH_A,East,SKU0059,Electronics,278,0,50,99
2025-01-05,WH_A,East,SKU0060,Hardware,119,1,33,68
2025-01-05,WH_A,East,SKU0061,Office,81,8,21,36
2025-01-05,WH_A,East,SKU0062,Housewares,123,2,50,92
2025-01-05,WH_A,East,SKU0063,Housewares,68,3,18,76
2025-01-05,WH_A,East,SKU0064,Sports,24,4,42,41
2025-01-05,WH_A,East,SKU0065,Sports,115,0,45,55
2025-01-05,WH_A,East,SKU0066,Sports,48,1,16,56
2025-01-05,WH_A,East,SKU0067,Hardware,93,1,33,40
2025-01-05,WH_A,East,SKU0068,Electronics,193,2,22,69
2025-01-05,WH_A,East,SKU0069,Hardware,179,4,45,92
2025-01-05,WH_A,East,SKU0070,Hardware,252,3,31,41
2025-01-05,WH_A,East,SKU0071,Hardware,250,0,49,79
2025-01-05,WH_A,East,SKU0072,Office,64,2,38,78
2025-01-05,WH_A,East,SKU0073,Office,138,3,26,87
2025-01-05,WH_A,East,SKU0074,Hardware,29,1,31,86
2025-01-05,WH_A,East,SKU0075,Sports,149,7,31,58
2025-01-05,WH_A,East,SKU0076,Hardware,107,0,18,49
2025-01-05,WH_A,East,SKU0077,Office,216,3,21,40
2025-01-05,WH_A,East,SKU0078,Housewares,182,4,37,99
2025-01-05,WH_A,East,SKU0079,Hardware,148,3,29,100
2025-01-05,WH_A,East,SKU0080,Hardware,52,4,39,96
2025-01-05,WH_A,East,SKU0081,Housewares,116,3,49,117
2025-01-05,WH_A,East,SKU0082,Hardware,188,3,30,90
2025-01-05,WH_A,East,SKU0083,Housewares,87,2,20,80
2025-01-05,WH_A,East,SKU0084,Office,18,4,47,103
2025-01-05,WH_A,East,SKU0085,Hardware,221,2,24,45
2025-01-05,WH_A,East,SKU0086,Hardware,187,0,26,51
2025-01-05,WH_A,East,SKU0087,Office,71,2,27,46
2025-01-05,WH_A,East,SKU0088,Housewares,56,0,42,40
2025-01-05,WH_A,East,SKU0089,Electronics,286,4,42,55
2025-01-05,WH_A,East,SKU0090,Electronics,254,6,24,106
2025-01-05,WH_A,East,SKU0091,Electronics,124,3,35,38
2025-01-05,WH_A,East,SKU0092,Housewares,41,5,39,101
2025-01-05,WH_A,East,SKU0093,Sports,131,1,50,71
2025-01-05,WH_A,East,SKU0094,Hardware,112,2,48,88
2025-01-05,WH_A,East,SKU0095,Electronics,24,2,48,83
2025-01-05,WH_A,East,SKU0096,Hardware,79,2,41,49
2025-01-05,WH_A,East,SKU0097,Office,56,3,21,43
2025-01-05,WH_A,East,SKU0098,Housewares,172,0,21,66
2025-01-05,WH_A,East,SKU0099,Office,150,3,37,82
2025-01-05,WH_A,East,SKU0100,Office,99,2,39,113
2025-01-05,WH_B,Central,SKU0001,Housewares,125,4,45,34
2025-01-05,WH_B,Central,SKU0002,Electronics,83,0,32,81
2025-01-05,WH_B,Central,SKU0003,Hardware,72,2,40,34
2025-01-05,WH_B,Central,SKU0004,Hardware,163,0,36,118
2025-01-05,WH_B,Central,SKU0005,Sports,88,5,18,90
2025-01-05,WH_B,Central,SKU0006,Sports,94,0,38,32
2025-01-05,WH_B,Central,SKU0007,Office,103,2,34,69
2025-01-05,WH_B,Central,SKU0008,Electronics,133,4,46,119
2025-01-05,WH_B,Central,SKU0009,Hardware,265,3,21,59
2025-01-05,WH_B,Central,SKU0010,Electronics,80,5,34,86
2025-01-05,WH_B,Central,SKU0011,Hardware,149,4,32,83
2025-01-05,WH_B,Central,SKU0012,Housewares,174,5,20,54
2025-01-05,WH_B,Central,SKU0013,Electronics,190,1,28,82
2025-01-05,WH_B,Central,SKU0014,Electronics,215,4,48,77
2025-01-05,WH_B,Central,SKU0015,Housewares,29,2,47,50
2025-01-05,WH_B,Central,SKU0016,Housewares,38,3,34,120
2025-01-05,WH_B,Central,SKU0017,Hardware,210,3,40,47
2025-01-05,WH_B,Central,SKU0018,Housewares,170,5,16,52
2025-01-05,WH_B,Central,SKU0019,Sports,70,4,27,37
2025-01-05,WH_B,Central,SKU0020,Electronics,105,3,17,88
2025-01-05,WH_B,Central,SKU0021,Sports,50,2,38,120
2025-01-05,WH_B,Central,SKU0022,Sports,61,1,32,77
2025-01-05,WH_B,Central,SKU0023,Hardware,182,1,47,80
2025-01-05,WH_B,Central,SKU0024,Electronics,251,0,22,117
2025-01-05,WH_B,Central,SKU0025,Office,27,4,30,77
2025-01-05,WH_B,Central,SKU0026,Hardware,193,6,43,52
2025-01-05,WH_B,Central,SKU0027,Electronics,202,5,50,74
2025-01-05,WH_B,Central,SKU0028,Electronics,144,4,25,63
2025-01-05,WH_B,Central,SKU0029,Sports,185,4,20,66
2025-01-05,WH_B,Central,SKU0030,Housewares,28,4,39,36
2025-01-05,WH_B,Central,SKU0031,Sports,49,1,28,58
2025-01-05,WH_B,Central,SKU0032,Sports,190,1,29,116
2025-01-05,WH_B,Central,SKU0033,Housewares,76,0,32,113
2025-01-05,WH_B,Central,SKU0034,Office,132,0,47,32
2025-01-05,WH_B,Central,SKU0035,Hardware,277,4,15,90
2025-01-05,WH_B,Central,SKU0036,Housewares,46,4,26,106
2025-01-05,WH_B,Central,SKU0037,Sports,24,1,29,62
2025-01-05,WH_B,Central,SKU0038,Housewares,164,0,34,120
2025-01-05,WH_B,Central,SKU0039,Office,187,0,32,84
2025-01-05,WH_B,Central,SKU0040,Housewares,116,2,37,88
2025-01-05,WH_B,Central,SKU0041,Sports,90,2,28,89
2025-01-05,WH_B,Central,SKU0042,Electronics,132,4,48,109
2025-01-05,WH_B,Central,SKU0043,Hardware,172,3,21,30
2025-01-05,WH_B,Central,SKU0044,Hardware,214,0,38,101
2025-01-05,WH_B,Central,SKU0045,Electronics,266,4,33,68
2025-01-05,WH_B,Central,SKU0046,Hardware,262,2,21,91
2025-01-05,WH_B,Central,SKU0047,Electronics,50,2,36,65
2025-01-05,WH_B,Central,SKU0048,Hardware,259,5,35,65
2025-01-05,WH_B,Central,SKU0049,Housewares,96,0,34,54
2025-01-05,WH_B,Central,SKU0050,Hardware,87,5,48,60
2025-01-05,WH_B,Central,SKU0051,Hardware,51,5,40,114
2025-01-05,WH_B,Central,SKU0052,Hardware,161,5,23,33
2025-01-05,WH_B,Central,SKU0053,Hardware,264,5,46,67
2025-01-05,WH_B,Central,SKU0054,Office,87,3,41,81
2025-01-05,WH_B,Central,SKU0055,Housewares,115,6,17,104
2025-01-05,WH_B,Central,SKU0056,Housewares,157,6,27,73
2025-01-05,WH_B,Central,SKU0057,Electronics,111,0,49,111
2025-01-05,WH_B,Central,SKU0058,Sports,144,0,37,94
2025-01-05,WH_B,Central,SKU0059,Electronics,140,4,25,114
2025-01-05,WH_B,Central,SKU0060,Hardware,220,3,26,67
2025-01-05,WH_B,Central,SKU0061,Office,63,1,45,46
2025-01-05,WH_B,Central,SKU0062,Housewares,75,5,50,53
2025-01-05,WH_B,Central,SKU0063,Housewares,213,3,36,113
2025-01-05,WH_B,Central,SKU0064,Sports,52,5,29,75
2025-01-05,WH_B,Central,SKU0065,Sports,69,2,34,83
2025-01-05,WH_B,Central,SKU0066,Sports,116,6,38,63
2025-01-05,WH_B,Central,SKU0067,Hardware,242,1,33,89
2025-01-05,WH_B,Central,SKU0068,Electronics,89,1,45,36
2025-01-05,WH_B,Central,SKU0069,Hardware,251,3,19,90
2025-01-05,WH_B,Central,SKU0070,Hardware,112,4,47,45
2025-01-05,WH_B,Central,SKU0071,Hardware,275,3,39,97
2025-01-05,WH_B,Central,SKU0072,Office,96,4,41,36
2025-01-05,WH_B,Central,SKU0073,Office,32,2,23,55
2025-01-05,WH_B,Central,SKU0074,Hardware,152,0,41,102
2025-01-05,WH_B,Central,SKU0075,Sports,140,2,24,70
2025-01-05,WH_B,Central,SKU0076,Hardware,109,6,20,92
2025-01-05,WH_B,Central,SKU0077,Office,100,2,26,70
2025-01-05,WH_B,Central,SKU0078,Housewares,181,2,18,30
2025-01-05,WH_B,Central,SKU0079,Hardware,190,1,32,56
2025-01-05,WH_B,Central,SKU0080,Hardware,76,4,25,92
2025-01-05,WH_B,Central,SKU0081,Housewares,48,1,23,108
2025-01-05,WH_B,Central,SKU0082,Hardware,192,1,42,81
2025-01-05,WH_B,Central,SKU0083,Housewares,131,4,45,79
2025-01-05,WH_B,Central,SKU0084,Office,20,3,17,98
2025-01-05,WH_B,Central,SKU0085,Hardware,94,2,38,31
2025-01-05,WH_B,Central,SKU0086,Hardware,140,1,48,54
2025-01-05,WH_B,Central,SKU0087,Office,22,0,15,110
2025-01-05,WH_B,Central,SKU0088,Housewares,78,2,29,118
2025-01-05,WH_B,Central,SKU0089,Electronics,148,2,34,46
2025-01-05,WH_B,Central,SKU0090,Electronics,63,3,39,94
2025-01-05,WH_B,Central,SKU0091,Electronics,246,1,34,51
2025-01-05,WH_B,Central,SKU0092,Housewares,23,0,17,68
2025-01-05,WH_B,Central,SKU0093,Sports,89,2,44,96
2025-01-05,WH_B,Central,SKU0094,Hardware,233,0,48,73
2025-01-05,WH_B,Central,SKU0095,Electronics,178,3,23,73
2025-01-05,WH_B,Central,SKU0096,Hardware,208,1,37,54
2025-01-05,WH_B,Central,SKU0097,Office,57,1,40,32
2025-01-05,WH_B,Central,SKU0098,Housewares,77,1,29,46
2025-01-05,WH_B,Central,SKU0099,Office,79,0,16,105
2025-01-05,WH_B,Central,SKU0100,Office,145,3,25,45
2025-01-05,WH_C,West,SKU0001,Housewares,114,8,17,78
2025-01-05,WH_C,West,SKU0002,Electronics,259,0,31,98
2025-01-05,WH_C,West,SKU0003,Hardware,249,0,18,106
2025-01-05,WH_C,West,SKU0004,Hardware,43,1,21,113
2025-01-05,WH_C,West,SKU0005,Sports,34,1,18,118
2025-01-05,WH_C,West,SKU0006,Sports,47,1,41,86
2025-01-05,WH_C,West,SKU0007,Office,134,2,22,100
2025-01-05,WH_C,West,SKU0008,Electronics,135,4,45,119
2025-01-05,WH_C,West,SKU0009,Hardware,87,3,28,118
2025-01-05,WH_C,West,SKU0010,Electronics,276,0,15,68
2025-01-05,WH_C,West,SKU0011,Hardware,175,4,21,114
2025-01-05,WH_C,West,SKU0012,Housewares,152,0,32,109
2025-01-05,WH_C,West,SKU0013,Electronics,244,6,23,83
2025-01-05,WH_C,West,SKU0014,Electronics,76,2,47,109
2025-01-05,WH_C,West,SKU0015,Housewares,59,2,33,44
2025-01-05,WH_C,West,SKU0016,Housewares,29,1,46,55
2025-01-05,WH_C,West,SKU0017,Hardware,260,2,27,63
2025-01-05,WH_C,West,SKU0018,Housewares,150,2,27,75
2025-01-05,WH_C,West,SKU0019,Sports,219,6,41,67
2025-01-05,WH_C,West,SKU0020,Electronics,107,2,17,100
2025-01-05,WH_C,West,SKU0021,Sports,149,0,28,118
2025-01-05,WH_C,West,SKU0022,Sports,157,0,36,60
2025-01-05,WH_C,West,SKU0023,Hardware,30,0,15,115
2025-01-05,WH_C,West,SKU0024,Electronics,52,1,22,103
2025-01-05,WH_C,West,SKU0025,Office,184,1,46,49
2025-01-05,WH_C,West,SKU0026,Hardware,54,4,47,39
2025-01-05,WH_C,West,SKU0027,Electronics,51,3,31,112
2025-01-05,WH_C,West,SKU0028,Electronics,122,1,44,67
2025-01-05,WH_C,West,SKU0029,Sports,79,2,44,36
2025-01-05,WH_C,West,SKU0030,Housewares,56,3,26,35
2025-01-05,WH_C,West,SKU0031,Sports,88,3,38,116
2025-01-05,WH_C,West,SKU0032,Sports,88,4,42,44
2025-01-05,WH_C,West,SKU0033,Housewares,48,2,17,31
2025-01-05,WH_C,West,SKU0034,Office,46,1,25,72
2025-01-05,WH_C,West,SKU0035,Hardware,160,5,43,109
2025-01-05,WH_C,West,SKU0036,Housewares,81,3,20,77
2025-01-05,WH_C,West,SKU0037,Sports,86,1,26,44
2025-01-05,WH_C,West,SKU0038,Housewares,121,1,40,88
2025-01-05,WH_C,West,SKU0039,Office,79,1,39,118
2025-01-05,WH_C,West,SKU0040,Housewares,144,2,41,113
2025-01-05,WH_C,West,SKU0041,Sports,39,0,22,46
2025-01-05,WH_C,West,SKU0042,Electronics,271,3,18,50
2025-01-05,WH_C,West,SKU0043,Hardware,36,2,41,105
2025-01-05,WH_C,West,SKU0044,Hardware,194,5,43,53
2025-01-05,WH_C,West,SKU0045,Electronics,242,3,39,75
2025-01-05,WH_C,West,SKU0046,Hardware,247,0,16,117
2025-01-05,WH_C,West,SKU0047,Electronics,81,3,45,92
2025-01-05,WH_C,West,SKU0048,Hardware,72,10,41,86
2025-01-05,WH_C,West,SKU0049,Housewares,10,6,19,63
2025-01-05,WH_C,West,SKU0050,Hardware,258,3,35,31
2025-01-05,WH_C,West,SKU0051,Hardware,279,2,48,103
2025-01-05,WH_C,West,SKU0052,Hardware,223,3,29,115
2025-01-05,WH_C,West,SKU0053,Hardware,133,4,48,96
2025-01-05,WH_C,West,SKU0054,Office,191,0,21,85
2025-01-05,WH_C,West,SKU0055,Housewares,184,5,30,91
2025-01-05,WH_C,West,SKU0056,Housewares,102,3,39,49
2025-01-05,WH_C,West,SKU0057,Electronics,219,4,18,31
2025-01-05,WH_C,West,SKU0058,Sports,190,6,25,94
2025-01-05,WH_C,West,SKU0059,Electronics,194,4,46,51
2025-01-05,WH_C,West,SKU0060,Hardware,55,5,46,71
2025-01-05,WH_C,West,SKU0061,Office,73,4,36,65
2025-01-05,WH_C,West,SKU0062,Housewares,30,2,47,58
2025-01-05,WH_C,West,SKU0063,Housewares,160,3,39,81
2025-01-05,WH_C,West,SKU0064,Sports,78,3,20,88
2025-01-05,WH_C,West,SKU0065,Sports,148,4,43,41
2025-01-05,WH_C,West,SKU0066,Sports,155,2,43,70
2025-01-05,WH_C,West,SKU0067,Hardware,61,4,46,113
2025-01-05,WH_C,West,SKU0068,Electronics,42,5,21,81
2025-01-05,WH_C,West,SKU0069,Hardware,168,2,17,101
2025-01-05,WH_C,West,SKU0070,Hardware,207,2,15,41
2025-01-05,WH_C,West,SKU0071,Hardware,253,2,34,95
2025-01-05,WH_C,West,SKU0072,Office,169,2,28,113
2025-01-05,WH_C,West,SKU0073,Office,194,0,44,73
2025-01-05,WH_C,West,SKU0074,Hardware,159,0,18,58
2025-01-05,WH_C,West,SKU0075,Sports,134,0,36,101
2025-01-05,WH_C,West,SKU0076,Hardware,261,4,45,114
2025-01-05,WH_C,West,SKU0077,Office,117,6,43,44
2025-01-05,WH_C,West,SKU0078,Housewares,34,6,29,30
2025-01-05,WH_C,West,SKU0079,Hardware,159,2,37,111
2025-01-05,WH_C,West,SKU0080,Hardware,142,0,50,96
2025-01-05,WH_C,West,SKU0081,Housewares,106,1,21,35
2025-01-05,WH_C,West,SKU0082,Hardware,81,0,46,47
2025-01-05,WH_C,West,SKU0083,Housewares,136,2,21,62
2025-01-05,WH_C,West,SKU0084,Office,179,1,27,54
2025-01-05,WH_C,West,SKU0085,Hardware,51,3,40,57
2025-01-05,WH_C,West,SKU0086,Hardware,172,2,27,73
2025-01-05,WH_C,West,SKU0087,Office,33,6,41,35
2025-01-05,WH_C,West,SKU0088,Housewares,191,3,22,87
2025-01-05,WH_C,West,SKU0089,Electronics,204,1,47,47
2025-01-05,WH_C,West,SKU0090,Electronics,211,3,15,97
2025-01-05,WH_C,West,SKU0091,Electronics,47,5,50,85
2025-01-05,WH_C,West,SKU0092,Housewares,176,3,45,95
2025-01-05,WH_C,West,SKU0093,Sports,48,1,26,46
2025-01-05,WH_C,West,SKU0094,Hardware,63,3,39,114
2025-01-05,WH_C,West,SKU0095,Electronics,230,7,35,94
2025-01-05,WH_C,West,SKU0096,Hardware,180,4,41,107
2025-01-05,WH_C,West,SKU0097,Office,197,2,30,65
2025-01-05,WH_C,West,SKU0098,Housewares,111,3,36,67
2025-01-05,WH_C,West,SKU0099,Office,137,0,23,47
2025-01-05,WH_C,West,SKU0100,Office,128,2,47,68
2025-01-06,WH_A,East,SKU0001,Housewares,179,1,50,70
2025-01-06,WH_A,East,SKU0002,Electronics,221,6,28,55
2025-01-06,WH_A,East,SKU0003,Hardware,107,0,33,117
2025-01-06,WH_A,East,SKU0004,Hardware,156,0,23,120
2025-01-06,WH_A,East,SKU0005,Sports,196,2,26,94
2025-01-06,WH_A,East,SKU0006,Sports,157,5,35,120
2025-01-06,WH_A,East,SKU0007,Office,36,0,37,101
2025-01-06,WH_A,East,SKU0008,Electronics,192,5,41,116
2025-01-06,WH_A,East,SKU0009,Hardware,203,0,33,84
2025-01-06,WH_A,East,SKU0010,Electronics,27,4,48,43
2025-01-06,WH_A,East,SKU0011,Hardware,48,2,39,48
2025-01-06,WH_A,East,SKU0012,Housewares,28,5,18,55
2025-01-06,WH_A,East,SKU0013,Electronics,104,2,25,66
2025-01-06,WH_A,East,SKU0014,Electronics,273,3,31,48
2025-01-06,WH_A,East,SKU0015,Housewares,29,3,33,56
2025-01-06,WH_A,East,SKU0016,Housewares,133,1,17,75
2025-01-06,WH_A,East,SKU0017,Hardware,193,1,21,108
2025-01-06,WH_A,East,SKU0018,Housewares,192,3,50,58
2025-01-06,WH_A,East,SKU0019,Sports,181,3,50,79
2025-01-06,WH_A,East,SKU0020,Electronics,102,2,47,119
2025-01-06,WH_A,East,SKU0021,Sports,99,3,18,78
2025-01-06,WH_A,East,SKU0022,Sports,113,3,41,117
2025-01-06,WH_A,East,SKU0023,Hardware,147,0,50,36
2025-01-06,WH_A,East,SKU0024,Electronics,43,2,31,55
2025-01-06,WH_A,East,SKU0025,Office,182,5,43,58
2025-01-06,WH_A,East,SKU0026,Hardware,241,1,38,105
2025-01-06,WH_A,East,SKU0027,Electronics,219,1,27,54
2025-01-06,WH_A,East,SKU0028,Electronics,150,1,43,52
2025-01-06,WH_A,East,SKU0029,Sports,188,3,19,53
2025-01-06,WH_A,East,SKU0030,Housewares,51,2,47,45
2025-01-06,WH_A,East,SKU0031,Sports,119,2,17,84
2025-01-06,WH_A,East,SKU0032,Sports,90,1,50,63
2025-01-06,WH_A,East,SKU0033,Housewares,37,3,25,104
2025-01-06,WH_A,East,SKU0034,Office,102,3,15,72
2025-01-06,WH_A,East,SKU0035,Hardware,196,4,24,35
2025-01-06,WH_A,East,SKU0036,Housewares,46,6,35,106
2025-01-06,WH_A,East,SKU0037,Sports,35,6,34,92
2025-01-06,WH_A,East,SKU0038,Housewares,158,6,50,75
2025-01-06,WH_A,East,SKU0039,Office,45,4,35,97
2025-01-06,WH_A,East,SKU0040,Housewares,78,2,26,96
2025-01-06,WH_A,East,SKU0041,Sports,49,3,47,50
2025-01-06,WH_A,East,SKU0042,Electronics,156,0,49,98
2025-01-06,WH_A,East,SKU0043,Hardware,170,3,20,74
2025-01-06,WH_A,East,SKU0044,Hardware,105,5,28,114
2025-01-06,WH_A,East,SKU0045,Electronics,126,3,36,76
2025-01-06,WH_A,East,SKU0046,Hardware,114,4,28,109
2025-01-06,WH_A,East,SKU0047,Electronics,216,3,45,101
2025-01-06,WH_A,East,SKU0048,Hardware,251,5,15,44
2025-01-06,WH_A,East,SKU0049,Housewares,201,4,37,87
2025-01-06,WH_A,East,SKU0050,Hardware,112,4,30,35
2025-01-06,WH_A,East,SKU0051,Hardware,264,4,35,78
2025-01-06,WH_A,East,SKU0052,Hardware,85,5,39,62
2025-01-06,WH_A,East,SKU0053,Hardware,213,3,33,33
2025-01-06,WH_A,East,SKU0054,Office,139,4,38,95
2025-01-06,WH_A,East,SKU0055,Housewares,154,0,43,92
2025-01-06,WH_A,East,SKU0056,Housewares,19,2,33,113
2025-01-06,WH_A,East,SKU0057,Electronics,93,0,35,95
2025-01-06,WH_A,East,SKU0058,Sports,44,3,21,51
2025-01-06,WH_A,East,SKU0059,Electronics,217,1,49,30
2025-01-06,WH_A,East,SKU0060,Hardware,262,6,19,56
2025-01-06,WH_A,East,SKU0061,Office,186,1,28,117
2025-01-06,WH_A,East,SKU0062,Housewares,132,2,21,56
2025-01-06,WH_A,East,SKU0063,Housewares,155,4,42,112
2025-01-06,WH_A,East,SKU0064,Sports,18,5,24,33
2025-01-06,WH_A,East,SKU0065,Sports,137,2,36,34
2025-01-06,WH_A,East,SKU0066,Sports,41,2,19,36
2025-01-06,WH_A,East,SKU0067,Hardware,73,5,31,101
2025-01-06,WH_A,East,SKU0068,Electronics,53,3,29,63
2025-01-06,WH_A,East,SKU0069,Hardware,183,0,39,87
2025-01-06,WH_A,East,SKU0070,Hardware,258,2,40,85
2025-01-06,WH_A,East,SKU0071,Hardware,148,0,16,79
2025-01-06,WH_A,East,SKU0072,Office,191,1,22,98
2025-01-06,WH_A,East,SKU0073,Office,25,3,19,104
2025-01-06,WH_A,East,SKU0074,Hardware,36,1,19,75
2025-01-06,WH_A,East,SKU0075,Sports,146,1,21,67
2025-01-06,WH_A,East,SKU0076,Hardware,281,2,34,107
2025-01-06,WH_A,East,SKU0077,Office,12,2,33,86
2025-01-06,WH_A,East,SKU0078,Housewares,106,0,40,114
2025-01-06,WH_A,East,SKU0079,Hardware,25,3,45,50
2025-01-06,WH_A,East,SKU0080,Hardware,231,3,29,47
2025-01-06,WH_A,East,SKU0081,Housewares,113,3,49,67
2025-01-06,WH_A,East,SKU0082,Hardware,250,1,24,68
2025-01-06,WH_A,East,SKU0083,Housewares,181,0,38,31
2025-01-06,WH_A,East,SKU0084,Office,157,3,50,48
2025-01-06,WH_A,East,SKU0085,Hardware,70,2,17,30
2025-01-06,WH_A,East,SKU0086,Hardware,222,4,40,98
2025-01-06,WH_A,East,SKU0087,Office,146,4,20,69
2025-01-06,WH_A,East,SKU0088,Housewares,62,1,37,57
2025-01-06,WH_A,East,SKU0089,Electronics,160,1,47,48
2025-01-06,WH_A,East,SKU0090,Electronics,95,4,26,58
2025-01-06,WH_A,East,SKU0091,Electronics,257,4,31,54
2025-01-06,WH_A,East,SKU0092,Housewares,37,2,26,115
2025-01-06,WH_A,East,SKU0093,Sports,157,5,18,100
2025-01-06,WH_A,East,SKU0094,Hardware,181,4,50,39
2025-01-06,WH_A,East,SKU0095,Electronics,140,6,19,62
2025-01-06,WH_A,East,SKU0096,Hardware,58,4,27,104
2025-01-06,WH_A,East,SKU0097,Office,166,1,36,75
2025-01-06,WH_A,East,SKU0098,Housewares,36,0,30,42
2025-01-06,WH_A,East,SKU0099,Office,99,0,19,54
2025-01-06,WH_A,East,SKU0100,Office,97,3,46,87
2025-01-06,WH_B,Central,SKU0001,Housewares,105,3,34,118
2025-01-06,WH_B,Central,SKU0002,Electronics,238,5,24,102
2025-01-06,WH_B,Central,SKU0003,Hardware,221,1,38,70
2025-01-06,WH_B,Central,SKU0004,Hardware,172,4,25,30
2025-01-06,WH_B,Central,SKU0005,Sports,109,3,30,58
2025-01-06,WH_B,Central,SKU0006,Sports,195,0,42,65
2025-01-06,WH_B,Central,SKU0007,Office,128,6,23,116
2025-01-06,WH_B,Central,SKU0008,Electronics,152,6,45,89
2025-01-06,WH_B,Central,SKU0009,Hardware,171,1,37,69
2025-01-06,WH_B,Central,SKU0010,Electronics,194,4,50,43
2025-01-06,WH_B,Central,SKU0011,Hardware,79,4,20,65
2025-01-06,WH_B,Central,SKU0012,Housewares,68,4,49,55
2025-01-06,WH_B,Central,SKU0013,Electronics,124,1,19,39
2025-01-06,WH_B,Central,SKU0014,Electronics,25,5,47,110
2025-01-06,WH_B,Central,SKU0015,Housewares,34,2,40,105
2025-01-06,WH_B,Central,SKU0016,Housewares,69,0,17,100
2025-01-06,WH_B,Central,SKU0017,Hardware,109,6,49,99
2025-01-06,WH_B,Central,SKU0018,Housewares,127,3,24,76
2025-01-06,WH_B,Central,SKU0019,Sports,130,0,29,105
2025-01-06,WH_B,Central,SKU0020,Electronics,133,4,23,89
2025-01-06,WH_B,Central,SKU0021,Sports,148,8,47,41
2025-01-06,WH_B,Central,SKU0022,Sports,104,5,38,94
2025-01-06,WH_B,Central,SKU0023,Hardware,29,4,30,108
2025-01-06,WH_B,Central,SKU0024,Electronics,277,1,25,95
2025-01-06,WH_B,Central,SKU0025,Office,57,0,43,50
2025-01-06,WH_B,Central,SKU0026,Hardware,97,3,24,91
2025-01-06,WH_B,Central,SKU0027,Electronics,161,5,17,58
2025-01-06,WH_B,Central,SKU0028,Electronics,205,3,29,38
2025-01-06,WH_B,Central,SKU0029,Sports,78,1,38,59
2025-01-06,WH_B,Central,SKU0030,Housewares,41,5,28,96
2025-01-06,WH_B,Central,SKU0031,Sports,109,3,39,90
2025-01-06,WH_B,Central,SKU0032,Sports,126,5,17,35
2025-01-06,WH_B,Central,SKU0033,Housewares,192,6,35,43
2025-01-06,WH_B,Central,SKU0034,Office,191,2,48,111
2025-01-06,WH_B,Central,SKU0035,Hardware,128,4,31,104
2025-01-06,WH_B,Central,SKU0036,Housewares,156,1,26,78
2025-01-06,WH_B,Central,SKU0037,Sports,195,4,39,76
2025-01-06,WH_B,Central,SKU0038,Housewares,160,5,19,96
2025-01-06,WH_B,Central,SKU0039,Office,95,3,39,58
2025-01-06,WH_B,Central,SKU0040,Housewares,152,4,40,75
2025-01-06,WH_B,Central,SKU0041,Sports,99,3,46,91
2025-01-06,WH_B,Central,SKU0042,Electronics,222,4,15,94
2025-01-06,WH_B,Central,SKU0043,Hardware,61,6,43,51
2025-01-06,WH_B,Central,SKU0044,Hardware,105,2,19,95
2025-01-06,WH_B,Central,SKU0045,Electronics,251,2,32,57
2025-01-06,WH_B,Central,SKU0046,Hardware,95,0,26,50
2025-01-06,WH_B,Central,SKU0047,Electronics,169,3,22,114
2025-01-06,WH_B,Central,SKU0048,Hardware,97,0,41,72
2025-01-06,WH_B,Central,SKU0049,Housewares,65,1,45,116
2025-01-06,WH_B,Central,SKU0050,Hardware,187,5,45,56
2025-01-06,WH_B,Central,SKU0051,Hardware,242,1,25,112
2025-01-06,WH_B,Central,SKU0052,Hardware,177,0,16,61
2025-01-06,WH_B,Central,SKU0053,Hardware,54,5,23,103
2025-01-06,WH_B,Central,SKU0054,Office,176,3,25,47
2025-01-06,WH_B,Central,SKU0055,Housewares,198,2,47,35
2025-01-06,WH_B,Central,SKU0056,Housewares,154,3,24,37
2025-01-06,WH_B,Central,SKU0057,Electronics,107,0,31,53
2025-01-06,WH_B,Central,SKU0058,Sports,148,3,40,106
2025-01-06,WH_B,Central,SKU0059,Electronics,229,1,16,114
2025-01-06,WH_B,Central,SKU0060,Hardware,140,7,20,57
2025-01-06,WH_B,Central,SKU0061,Office,135,1,45,91
2025-01-06,WH_B,Central,SKU0062,Housewares,47,3,29,82
2025-01-06,WH_B,Central,SKU0063,Housewares,184,3,24,104
2025-01-06,WH_B,Central,SKU0064,Sports,65,1,47,63
2025-01-06,WH_B,Central,SKU0065,Sports,51,4,36,88
2025-01-06,WH_B,Central,SKU0066,Sports,181,0,19,59
2025-01-06,WH_B,Central,SKU0067,Hardware,178,4,39,46
2025-01-06,WH_B,Central,SKU0068,Electronics,79,0,16,55
2025-01-06,WH_B,Central,SKU0069,Hardware,200,2,47,117
2025-01-06,WH_B,Central,SKU0070,Hardware,182,6,24,107
2025-01-06,WH_B,Central,SKU0071,Hardware,68,2,26,90
2025-01-06,WH_B,Central,SKU0072,Office,166,5,17,98
2025-01-06,WH_B,Central,SKU0073,Office,138,6,22,41
2025-01-06,WH_B,Central,SKU0074,Hardware,197,6,23,107
2025-01-06,WH_B,Central,SKU0075,Sports,164,2,15,116
2025-01-06,WH_B,Central,SKU0076,Hardware,255,2,42,96
2025-01-06,WH_B,Central,SKU0077,Office,131,3,38,35
2025-01-06,WH_B,Central,SKU0078,Housewares,192,2,48,84
2025-01-06,WH_B,Central,SKU0079,Hardware,109,0,45,78
2025-01-06,WH_B,Central,SKU0080,Hardware,157,1,21,84
2025-01-06,WH_B,Central,SKU0081,Housewares,42,0,31,91
2025-01-06,WH_B,Central,SKU0082,Hardware,92,0,20,66
2025-01-06,WH_B,Central,SKU0083,Housewares,165,6,49,82
2025-01-06,WH_B,Central,SKU0084,Office,79,3,27,30
2025-01-06,WH_B,Central,SKU0085,Hardware,33,3,48,45
2025-01-06,WH_B,Central,SKU0086,Hardware,213,0,15,78
2025-01-06,WH_B,Central,SKU0087,Office,201,6,28,118
2025-01-06,WH_B,Central,SKU0088,Housewares,83,0,41,76
2025-01-06,WH_B,Central,SKU0089,Electronics,63,1,24,84
2025-01-06,WH_B,Central,SKU0090,Electronics,265,1,31,63
2025-01-06,WH_B,Central,SKU0091,Electronics,241,5,42,102
2025-01-06,WH_B,Central,SKU0092,Housewares,115,5,32,117
2025-01-06,WH_B,Central,SKU0093,Sports,132,1,28,82
2025-01-06,WH_B,Central,SKU0094,Hardware,217,3,50,91
2025-01-06,WH_B,Central,SKU0095,Electronics,99,3,38,101
2025-01-06,WH_B,Central,SKU0096,Hardware,211,1,45,62
2025-01-06,WH_B,Central,SKU0097,Office,97,2,37,120
2025-01-06,WH_B,Central,SKU0098,Housewares,140,0,23,114
2025-01-06,WH_B,Central,SKU0099,Office,55,5,29,87
2025-01-06,WH_B,Central,SKU0100,Office,221,2,25,42
2025-01-06,WH_C,West,SKU0001,Housewares,78,4,47,81
2025-01-06,WH_C,West,SKU0002,Electronics,150,2,50,108
2025-01-06,WH_C,West,SKU0003,Hardware,281,0,18,50
2025-01-06,WH_C,West,SKU0004,Hardware,173,3,15,41
2025-01-06,WH_C,West,SKU0005,Sports,54,7,45,106
2025-01-06,WH_C,West,SKU0006,Sports,124,2,20,38
2025-01-06,WH_C,West,SKU0007,Office,106,1,29,77
2025-01-06,WH_C,West,SKU0008,Electronics,50,2,17,79
2025-01-06,WH_C,West,SKU0009,Hardware,179,3,48,66
2025-01-06,WH_C,West,SKU0010,Electronics,227,1,18,52
2025-01-06,WH_C,West,SKU0011,Hardware,250,2,46,86
2025-01-06,WH_C,West,SKU0012,Housewares,26,3,27,114
2025-01-06,WH_C,West,SKU0013,Electronics,195,5,33,54
2025-01-06,WH_C,West,SKU0014,Electronics,41,5,47,96
2025-01-06,WH_C,West,SKU0015,Housewares,202,5,29,108
2025-01-06,WH_C,West,SKU0016,Housewares,67,5,17,76
2025-01-06,WH_C,West,SKU0017,Hardware,118,2,15,50
2025-01-06,WH_C,West,SKU0018,Housewares,64,4,32,81
2025-01-06,WH_C,West,SKU0019,Sports,115,0,40,81
2025-01-06,WH_C,West,SKU0020,Electronics,225,3,27,96
2025-01-06,WH_C,West,SKU0021,Sports,24,1,19,41
2025-01-06,WH_C,West,SKU0022,Sports,161,6,33,101
2025-01-06,WH_C,West,SKU0023,Hardware,243,0,37,74
2025-01-06,WH_C,West,SKU0024,Electronics,124,1,29,107
2025-01-06,WH_C,West,SKU0025,Office,65,2,44,81
2025-01-06,WH_C,West,SKU0026,Hardware,229,0,15,63
2025-01-06,WH_C,West,SKU0027,Electronics,88,1,41,94
2025-01-06,WH_C,West,SKU0028,Electronics,36,7,50,39
2025-01-06,WH_C,West,SKU0029,Sports,158,2,33,73
2025-01-06,WH_C,West,SKU0030,Housewares,49,0,47,62
2025-01-06,WH_C,West,SKU0031,Sports,173,6,31,118
2025-01-06,WH_C,West,SKU0032,Sports,134,5,39,102
2025-01-06,WH_C,West,SKU0033,Housewares,144,0,30,73
2025-01-06,WH_C,West,SKU0034,Office,132,3,44,105
2025-01-06,WH_C,West,SKU0035,Hardware,33,2,45,44
2025-01-06,WH_C,West,SKU0036,Housewares,85,2,19,78
2025-01-06,WH_C,West,SKU0037,Sports,182,0,29,116
2025-01-06,WH_C,West,SKU0038,Housewares,191,0,29,70
2025-01-06,WH_C,West,SKU0039,Office,134,0,37,96
2025-01-06,WH_C,West,SKU0040,Housewares,168,5,15,119
2025-01-06,WH_C,West,SKU0041,Sports,83,0,30,66
2025-01-06,WH_C,West,SKU0042,Electronics,56,2,40,116
2025-01-06,WH_C,West,SKU0043,Hardware,139,1,19,100
2025-01-06,WH_C,West,SKU0044,Hardware,106,4,45,70
2025-01-06,WH_C,West,SKU0045,Electronics,144,0,28,103
2025-01-06,WH_C,West,SKU0046,Hardware,119,2,26,117
2025-01-06,WH_C,West,SKU0047,Electronics,100,1,46,55
2025-01-06,WH_C,West,SKU0048,Hardware,117,6,30,63
2025-01-06,WH_C,West,SKU0049,Housewares,80,2,29,55
2025-01-06,WH_C,West,SKU0050,Hardware,114,2,37,49
2025-01-06,WH_C,West,SKU0051,Hardware,77,1,22,40
2025-01-06,WH_C,West,SKU0052,Hardware,270,3,46,108
2025-01-06,WH_C,West,SKU0053,Hardware,24,0,49,35
2025-01-06,WH_C,West,SKU0054,Office,146,2,38,109
2025-01-06,WH_C,West,SKU0055,Housewares,105,1,46,103
2025-01-06,WH_C,West,SKU0056,Housewares,102,1,46,53
2025-01-06,WH_C,West,SKU0057,Electronics,227,0,32,80
2025-01-06,WH_C,West,SKU0058,Sports,80,3,23,36
2025-01-06,WH_C,West,SKU0059,Electronics,207,3,42,91
2025-01-06,WH_C,West,SKU0060,Hardware,233,0,17,94
2025-01-06,WH_C,West,SKU0061,Office,113,0,40,117
2025-01-06,WH_C,West,SKU0062,Housewares,54,6,44,45
2025-01-06,WH_C,West,SKU0063,Housewares,192,0,48,88
2025-01-06,WH_C,West,SKU0064,Sports,98,7,15,31
2025-01-06,WH_C,West,SKU0065,Sports,173,0,28,78
2025-01-06,WH_C,West,SKU0066,Sports,182,6,21,71
2025-01-06,WH_C,West,SKU0067,Hardware,155,0,31,53
2025-01-06,WH_C,West,SKU0068,Electronics,244,6,31,60
2025-01-06,WH_C,West,SKU0069,Hardware,129,1,45,108
2025-01-06,WH_C,West,SKU0070,Hardware,149,2,38,53
2025-01-06,WH_C,West,SKU0071,Hardware,209,5,42,56
2025-01-06,WH_C,West,SKU0072,Office,135,0,38,76
2025-01-06,WH_C,West,SKU0073,Office,135,3,32,87
2025-01-06,WH_C,West,SKU0074,Hardware,99,5,23,103
2025-01-06,WH_C,West,SKU0075,Sports,183,2,29,42
2025-01-06,WH_C,West,SKU0076,Hardware,119,0,30,101
2025-01-06,WH_C,West,SKU0077,Office,133,8,39,55
2025-01-06,WH_C,West,SKU0078,Housewares,38,2,24,90
2025-01-06,WH_C,West,SKU0079,Hardware,37,3,26,83
2025-01-06,WH_C,West,SKU0080,Hardware,204,0,23,110
2025-01-06,WH_C,West,SKU0081,Housewares,154,1,49,70
2025-01-06,WH_C,West,SKU0082,Hardware,179,5,34,62
2025-01-06,WH_C,West,SKU0083,Housewares,172,3,18,80
2025-01-06,WH_C,West,SKU0084,Office,47,5,25,37
2025-01-06,WH_C,West,SKU0085,Hardware,107,4,31,90
2025-01-06,WH_C,West,SKU0086,Hardware,250,5,21,87
2025-01-06,WH_C,West,SKU0087,Office,108,3,31,76
2025-01-06,WH_C,West,SKU0088,Housewares,99,3,50,101
2025-01-06,WH_C,West,SKU0089,Electronics,110,1,37,32
2025-01-06,WH_C,West,SKU0090,Electronics,166,0,22,74
2025-01-06,WH_C,West,SKU0091,Electronics,291,5,27,103
2025-01-06,WH_C,West,SKU0092,Housewares,186,0,49,52
2025-01-06,WH_C,West,SKU0093,Sports,92,0,37,71
2025-01-06,WH_C,West,SKU0094,Hardware,261,1,47,92
2025-01-06,WH_C,West,SKU0095,Electronics,199,2,20,78
2025-01-06,WH_C,West,SKU0096,Hardware,258,4,33,89
2025-01-06,WH_C,West,SKU0097,Office,204,0,24,51
2025-01-06,WH_C,West,SKU0098,Housewares,195,5,36,83
2025-01-06,WH_C,West,SKU0099,Office,171,5,40,39
2025-01-06,WH_C,West,SKU0100,Office,43,2,25,73
2025-01-07,WH_A,East,SKU0001,Housewares,69,1,35,70
2025-01-07,WH_A,East,SKU0002,Electronics,282,3,33,120
2025-01-07,WH_A,East,SKU0003,Hardware,131,1,40,64
2025-01-07,WH_A,East,SKU0004,Hardware,178,5,38,105
2025-01-07,WH_A,East,SKU0005,Sports,139,2,43,82
2025-01-07,WH_A,East,SKU0006,Sports,62,3,26,32
2025-01-07,WH_A,East,SKU0007,Office,50,3,30,114
2025-01-07,WH_A,East,SKU0008,Electronics,124,4,20,56
2025-01-07,WH_A,East,SKU0009,Hardware,76,2,40,43
2025-01-07,WH_A,East,SKU0010,Electronics,73,4,19,90
2025-01-07,WH_A,East,SKU0011,Hardware,210,3,18,33
2025-01-07,WH_A,East,SKU0012,Housewares,101,3,48,40
2025-01-07,WH_A,East,SKU0013,Electronics,83,1,31,109
2025-01-07,WH_A,East,SKU0014,Electronics,74,4,20,113
2025-01-07,WH_A,East,SKU0015,Housewares,103,1,34,59
2025-01-07,WH_A,East,SKU0016,Housewares,88,1,33,86
2025-01-07,WH_A,East,SKU0017,Hardware,249,4,23,46
2025-01-07,WH_A,East,SKU0018,Housewares,158,3,25,33
2025-01-07,WH_A,East,SKU0019,Sports,24,3,37,71
2025-01-07,WH_A,East,SKU0020,Electronics,196,3,44,99
2025-01-07,WH_A,East,SKU0021,Sports,84,2,50,86
2025-01-07,WH_A,East,SKU0022,Sports,44,2,49,52
2025-01-07,WH_A,East,SKU0023,Hardware,231,0,44,110
2025-01-07,WH_A,East,SKU0024,Electronics,257,3,42,97
2025-01-07,WH_A,East,SKU0025,Office,190,2,49,69
2025-01-07,WH_A,East,SKU0026,Hardware,155,4,45,99
2025-01-07,WH_A,East,SKU0027,Electronics,113,1,20,86
2025-01-07,WH_A,East,SKU0028,Electronics,138,3,38,82
2025-01-07,WH_A,East,SKU0029,Sports,86,0,24,68
2025-01-07,WH_A,East,SKU0030,Housewares,23,7,15,96
2025-01-07,WH_A,East,SKU0031,Sports,50,1,37,66
2025-01-07,WH_A,East,SKU0032,Sports,143,3,49,31
2025-01-07,WH_A,East,SKU0033,Housewares,207,0,46,91
2025-01-07,WH_A,East,SKU0034,Office,103,4,15,85
2025-01-07,WH_A,East,SKU0035,Hardware,130,3,29,30
2025-01-07,WH_A,East,SKU0036,Housewares,170,4,38,54
2025-01-07,WH_A,East,SKU0037,Sports,113,4,50,85
2025-01-07,WH_A,East,SKU0038,Housewares,120,3,30,50
2025-01-07,WH_A,East,SKU0039,Office,185,2,39,78
2025-01-07,WH_A,East,SKU0040,Housewares,87,2,31,40
2025-01-07,WH_A,East,SKU0041,Sports,116,2,30,96
2025-01-07,WH_A,East,SKU0042,Electronics,248,5,32,66
2025-01-07,WH_A,East,SKU0043,Hardware,266,1,49,64
2025-01-07,WH_A,East,SKU0044,Hardware,199,3,27,38
2025-01-07,WH_A,East,SKU0045,Electronics,105,2,23,67
2025-01-07,WH_A,East,SKU0046,Hardware,72,4,44,109
2025-01-07,WH_A,East,SKU0047,Electronics,201,5,32,119
2025-01-07,WH_A,East,SKU0048,Hardware,259,2,46,54
2025-01-07,WH_A,East,SKU0049,Housewares,96,3,16,49
2025-01-07,WH_A,East,SKU0050,Hardware,54,2,49,32
2025-01-07,WH_A,East,SKU0051,Hardware,104,5,21,66
2025-01-07,WH_A,East,SKU0052,Hardware,114,1,23,86
2025-01-07,WH_A,East,SKU0053,Hardware,29,3,29,41
2025-01-07,WH_A,East,SKU0054,Office,52,5,15,93
2025-01-07,WH_A,East,SKU0055,Housewares,79,3,36,83
2025-01-07,WH_A,East,SKU0056,Housewares,84,0,46,77
2025-01-07,WH_A,East,SKU0057,Electronics,196,0,17,72
2025-01-07,WH_A,East,SKU0058,Sports,50,2,24,37
2025-01-07,WH_A,East,SKU0059,Electronics,155,7,40,39
2025-01-07,WH_A,East,SKU0060,Hardware,220,2,45,53
2025-01-07,WH_A,East,SKU0061,Office,78,6,31,78
2025-01-07,WH_A,East,SKU0062,Housewares,6,0,22,61
2025-01-07,WH_A,East,SKU0063,Housewares,111,4,43,61
2025-01-07,WH_A,East,SKU0064,Sports,32,5,27,88
2025-01-07,WH_A,East,SKU0065,Sports,32,0,48,115
2025-01-07,WH_A,East,SKU0066,Sports,81,1,45,79
2025-01-07,WH_A,East,SKU0067,Hardware,251,3,34,71
2025-01-07,WH_A,East,SKU0068,Electronics,91,2,17,100
2025-01-07,WH_A,East,SKU0069,Hardware,209,2,22,62
2025-01-07,WH_A,East,SKU0070,Hardware,196,0,34,55
2025-01-07,WH_A,East,SKU0071,Hardware,149,4,18,115
2025-01-07,WH_A,East,SKU0072,Office,78,3,22,60
2025-01-07,WH_A,East,SKU0073,Office,172,2,42,71
2025-01-07,WH_A,East,SKU0074,Hardware,10,3,25,65
2025-01-07,WH_A,East,SKU0075,Sports,183,0,22,80
2025-01-07,WH_A,East,SKU0076,Hardware,108,3,15,35
2025-01-07,WH_A,East,SKU0077,Office,180,2,45,118
2025-01-07,WH_A,East,SKU0078,Housewares,165,0,24,77
2025-01-07,WH_A,East,SKU0079,Hardware,59,7,30,50
2025-01-07,WH_A,East,SKU0080,Hardware,208,2,20,117
2025-01-07,WH_A,East,SKU0081,Housewares,181,2,36,110
2025-01-07,WH_A,East,SKU0082,Hardware,40,4,18,75
2025-01-07,WH_A,East,SKU0083,Housewares,187,3,24,119
2025-01-07,WH_A,East,SKU0084,Office,147,5,21,46
2025-01-07,WH_A,East,SKU0085,Hardware,208,1,29,70
2025-01-07,WH_A,East,SKU0086,Hardware,236,2,37,86
2025-01-07,WH_A,East,SKU0087,Office,61,1,16,118
2025-01-07,WH_A,East,SKU0088,Housewares,98,3,37,47
2025-01-07,WH_A,East,SKU0089,Electronics,99,0,17,92
2025-01-07,WH_A,East,SKU0090,Electronics,259,2,43,101
2025-01-07,WH_A,East,SKU0091,Electronics,131,2,49,119
2025-01-07,WH_A,East,SKU0092,Housewares,134,0,27,102
2025-01-07,WH_A,East,SKU0093,Sports,71,1,49,74
2025-01-07,WH_A,East,SKU0094,Hardware,145,1,44,65
2025-01-07,WH_A,East,SKU0095,Electronics,244,5,50,50
2025-01-07,WH_A,East,SKU0096,Hardware,57,2,48,49
2025-01-07,WH_A,East,SKU0097,Office,137,2,33,63
2025-01-07,WH_A,East,SKU0098,Housewares,158,2,38,88
2025-01-07,WH_A,East,SKU0099,Office,18,3,47,78
2025-01-07,WH_A,East,SKU0100,Office,57,0,16,109
2025-01-07,WH_B,Central,SKU0001,Housewares,99,0,30,71
2025-01-07,WH_B,Central,SKU0002,Electronics,38,3,49,79
2025-01-07,WH_B,Central,SKU0003,Hardware,86,4,48,117
2025-01-07,WH_B,Central,SKU0004,Hardware,206,0,50,49
2025-01-07,WH_B,Central,SKU0005,Sports,182,4,33,71
2025-01-07,WH_B,Central,SKU0006,Sports,114,3,35,44
2025-01-07,WH_B,Central,SKU0007,Office,35,3,48,114
2025-01-07,WH_B,Central,SKU0008,Electronics,39,0,17,46
2025-01-07,WH_B,Central,SKU0009,Hardware,87,2,17,55
2025-01-07,WH_B,Central,SKU0010,Electronics,61,0,46,54
2025-01-07,WH_B,Central,SKU0011,Hardware,59,3,17,103
2025-01-07,WH_B,Central,SKU0012,Housewares,183,3,39,114
2025-01-07,WH_B,Central,SKU0013,Electronics,196,5,48,109
2025-01-07,WH_B,Central,SKU0014,Electronics,266,3,31,36
2025-01-07,WH_B,Central,SKU0015,Housewares,124,3,29,107
2025-01-07,WH_B,Central,SKU0016,Housewares,35,1,15,56
2025-01-07,WH_B,Central,SKU0017,Hardware,272,0,46,40
2025-01-07,WH_B,Central,SKU0018,Housewares,129,2,18,76
2025-01-07,WH_B,Central,SKU0019,Sports,174,3,41,77
2025-01-07,WH_B,Central,SKU0020,Electronics,37,2,32,97
2025-01-07,WH_B,Central,SKU0021,Sports,23,1,19,68
2025-01-07,WH_B,Central,SKU0022,Sports,48,0,28,96
2025-01-07,WH_B,Central,SKU0023,Hardware,77,4,21,59
2025-01-07,WH_B,Central,SKU0024,Electronics,229,2,39,54
2025-01-07,WH_B,Central,SKU0025,Office,67,0,48,114
2025-01-07,WH_B,Central,SKU0026,Hardware,110,3,26,101
2025-01-07,WH_B,Central,SKU0027,Electronics,239,0,41,43
2025-01-07,WH_B,Central,SKU0028,Electronics,252,2,37,116
2025-01-07,WH_B,Central,SKU0029,Sports,123,4,42,43
2025-01-07,WH_B,Central,SKU0030,Housewares,54,2,26,100
2025-01-07,WH_B,Central,SKU0031,Sports,117,1,47,73
2025-01-07,WH_B,Central,SKU0032,Sports,187,2,25,98
2025-01-07,WH_B,Central,SKU0033,Housewares,169,1,43,75
2025-01-07,WH_B,Central,SKU0034,Office,103,6,50,71
2025-01-07,WH_B,Central,SKU0035,Hardware,162,4,41,111
2025-01-07,WH_B,Central,SKU0036,Housewares,116,3,35,107
2025-01-07,WH_B,Central,SKU0037,Sports,70,0,49,57
2025-01-07,WH_B,Central,SKU0038,Housewares,108,5,50,62
2025-01-07,WH_B,Central,SKU0039,Office,121,3,43,87
2025-01-07,WH_B,Central,SKU0040,Housewares,105,2,15,34
2025-01-07,WH_B,Central,SKU0041,Sports,95,3,16,96
2025-01-07,WH_B,Central,SKU0042,Electronics,57,1,34,30
2025-01-07,WH_B,Central,SKU0043,Hardware,133,4,29,57
2025-01-07,WH_B,Central,SKU0044,Hardware,118,2,16,118
2025-01-07,WH_B,Central,SKU0045,Electronics,127,4,50,95
2025-01-07,WH_B,Central,SKU0046,Hardware,233,4,24,42
2025-01-07,WH_B,Central,SKU0047,Electronics,32,0,44,75
2025-01-07,WH_B,Central,SKU0048,Hardware,78,5,23,63
2025-01-07,WH_B,Central,SKU0049,Housewares,126,4,30,59
2025-01-07,WH_B,Central,SKU0050,Hardware,123,3,34,41
2025-01-07,WH_B,Central,SKU0051,Hardware,226,2,40,102
2025-01-07,WH_B,Central,SKU0052,Hardware,121,1,19,71
2025-01-07,WH_B,Central,SKU0053,Hardware,216,2,26,92
2025-01-07,WH_B,Central,SKU0054,Office,209,0,21,106
2025-01-07,WH_B,Central,SKU0055,Housewares,189,1,34,34
2025-01-07,WH_B,Central,SKU0056,Housewares,152,3,39,40
2025-01-07,WH_B,Central,SKU0057,Electronics,57,1,36,74
2025-01-07,WH_B,Central,SKU0058,Sports,116,2,41,45
2025-01-07,WH_B,Central,SKU0059,Electronics,108,4,15,111
2025-01-07,WH_B,Central,SKU0060,Hardware,262,2,39,36
2025-01-07,WH_B,Central,SKU0061,Office,116,3,48,35
2025-01-07,WH_B,Central,SKU0062,Housewares,97,0,49,102
2025-01-07,WH_B,Central,SKU0063,Housewares,55,2,35,94
2025-01-07,WH_B,Central,SKU0064,Sports,207,3,29,49
2025-01-07,WH_B,Central,SKU0065,Sports,20,3,40,87
2025-01-07,WH_B,Central,SKU0066,Sports,178,6,47,41
2025-01-07,WH_B,Central,SKU0067,Hardware,115,4,42,67
2025-01-07,WH_B,Central,SKU0068,Electronics,168,3,24,46
2025-01-07,WH_B,Central,SKU0069,Hardware,160,0,20,90
2025-01-07,WH_B,Central,SKU0070,Hardware,228,1,18,100
2025-01-07,WH_B,Central,SKU0071,Hardware,174,5,31,40
2025-01-07,WH_B,Central,SKU0072,Office,116,0,47,85
2025-01-07,WH_B,Central,SKU0073,Office,193,4,23,47
2025-01-07,WH_B,Central,SKU0074,Hardware,205,3,50,55
2025-01-07,WH_B,Central,SKU0075,Sports,141,0,40,113
2025-01-07,WH_B,Central,SKU0076,Hardware,237,1,27,101
2025-01-07,WH_B,Central,SKU0077,Office,198,4,48,61
2025-01-07,WH_B,Central,SKU0078,Housewares,76,1,19,64
2025-01-07,WH_B,Central,SKU0079,Hardware,181,2,35,117
2025-01-07,WH_B,Central,SKU0080,Hardware,244,3,20,44
2025-01-07,WH_B,Central,SKU0081,Housewares,183,6,41,84
2025-01-07,WH_B,Central,SKU0082,Hardware,158,4,37,54
2025-01-07,WH_B,Central,SKU0083,Housewares,95,3,37,106
2025-01-07,WH_B,Central,SKU0084,Office,190,0,16,69
2025-01-07,WH_B,Central,SKU0085,Hardware,108,5,37,108
2025-01-07,WH_B,Central,SKU0086,Hardware,182,0,24,86
2025-01-07,WH_B,Central,SKU0087,Office,34,3,29,55
2025-01-07,WH_B,Central,SKU0088,Housewares,198,3,38,49
2025-01-07,WH_B,Central,SKU0089,Electronics,62,5,22,36
2025-01-07,WH_B,Central,SKU0090,Electronics,120,0,24,66
2025-01-07,WH_B,Central,SKU0091,Electronics,45,6,36,118
2025-01-07,WH_B,Central,SKU0092,Housewares,79,0,34,87
2025-01-07,WH_B,Central,SKU0093,Sports,142,0,16,72
2025-01-07,WH_B,Central,SKU0094,Hardware,107,1,49,57
2025-01-07,WH_B,Central,SKU0095,Electronics,120,1,49,96
2025-01-07,WH_B,Central,SKU0096,Hardware,103,2,50,91
2025-01-07,WH_B,Central,SKU0097,Office,159,4,24,118
2025-01-07,WH_B,Central,SKU0098,Housewares,177,3,16,78
2025-01-07,WH_B,Central,SKU0099,Office,148,2,48,35
2025-01-07,WH_B,Central,SKU0100,Office,101,3,25,37
2025-01-07,WH_C,West,SKU0001,Housewares,83,2,27,119
2025-01-07,WH_C,West,SKU0002,Electronics,249,3,32,36
2025-01-07,WH_C,West,SKU0003,Hardware,180,4,15,38
2025-01-07,WH_C,West,SKU0004,Hardware,139,1,32,114
2025-01-07,WH_C,West,SKU0005,Sports,183,4,38,43
2025-01-07,WH_C,West,SKU0006,Sports,24,0,33,113
2025-01-07,WH_C,West,SKU0007,Office,108,3,29,78
2025-01-07,WH_C,West,SKU0008,Electronics,209,1,21,70
2025-01-07,WH_C,West,SKU0009,Hardware,196,4,49,41
2025-01-07,WH_C,West,SKU0010,Electronics,88,2,27,94
2025-01-07,WH_C,West,SKU0011,Hardware,213,0,50,32
2025-01-07,WH_C,West,SKU0012,Housewares,11,4,30,97
2025-01-07,WH_C,West,SKU0013,Electronics,130,2,36,92
2025-01-07,WH_C,West,SKU0014,Electronics,160,2,25,32
2025-01-07,WH_C,West,SKU0015,Housewares,123,4,37,75
2025-01-07,WH_C,West,SKU0016,Housewares,188,0,34,60
2025-01-07,WH_C,West,SKU0017,Hardware,195,0,32,37
2025-01-07,WH_C,West,SKU0018,Housewares,171,4,31,79
2025-01-07,WH_C,West,SKU0019,Sports,32,2,50,65
2025-01-07,WH_C,West,SKU0020,Electronics,107,1,24,73
2025-01-07,WH_C,West,SKU0021,Sports,122,4,23,41
2025-01-07,WH_C,West,SKU0022,Sports,100,3,48,116
2025-01-07,WH_C,West,SKU0023,Hardware,255,2,29,83
2025-01-07,WH_C,West,SKU0024,Electronics,120,8,24,84
2025-01-07,WH_C,West,SKU0025,Office,97,3,36,87
2025-01-07,WH_C,West,SKU0026,Hardware,213,3,23,56
2025-01-07,WH_C,West,SKU0027,Electronics,266,3,23,104
2025-01-07,WH_C,West,SKU0028,Electronics,211,3,27,47
2025-01-07,WH_C,West,SKU0029,Sports,113,3,48,47
2025-01-07,WH_C,West,SKU0030,Housewares,139,2,24,113
2025-01-07,WH_C,West,SKU0031,Sports,171,3,25,70
2025-01-07,WH_C,West,SKU0032,Sports,27,3,50,98
2025-01-07,WH_C,West,SKU0033,Housewares,40,1,26,70
2025-01-07,WH_C,West,SKU0034,Office,58,3,16,70
2025-01-07,WH_C,West,SKU0035,Hardware,163,5,41,68
2025-01-07,WH_C,West,SKU0036,Housewares,138,1,32,49
2025-01-07,WH_C,West,SKU0037,Sports,52,2,21,46
2025-01-07,WH_C,West,SKU0038,Housewares,62,3,16,108
2025-01-07,WH_C,West,SKU0039,Office,173,0,32,107
2025-01-07,WH_C,West,SKU0040,Housewares,161,2,29,106
2025-01-07,WH_C,West,SKU0041,Sports,85,1,29,117
2025-01-07,WH_C,West,SKU0042,Electronics,53,0,37,40
2025-01-07,WH_C,West,SKU0043,Hardware,287,2,45,47
2025-01-07,WH_C,West,SKU0044,Hardware,215,3,45,113
2025-01-07,WH_C,West,SKU0045,Electronics,172,2,26,79
2025-01-07,WH_C,West,SKU0046,Hardware,192,5,45,47
2025-01-07,WH_C,West,SKU0047,Electronics,84,3,27,58
2025-01-07,WH_C,West,SKU0048,Hardware,51,0,41,31
2025-01-07,WH_C,West,SKU0049,Housewares,94,1,41,58
2025-01-07,WH_C,West,SKU0050,Hardware,266,3,27,56
2025-01-07,WH_C,West,SKU0051,Hardware,35,1,26,86
2025-01-07,WH_C,West,SKU0052,Hardware,261,4,46,118
2025-01-07,WH_C,West,SKU0053,Hardware,143,3,44,61
2025-01-07,WH_C,West,SKU0054,Office,126,5,40,35
2025-01-07,WH_C,West,SKU0055,Housewares,172,3,39,70
2025-01-07,WH_C,West,SKU0056,Housewares,131,1,49,97
2025-01-07,WH_C,West,SKU0057,Electronics,273,0,17,96
2025-01-07,WH_C,West,SKU0058,Sports,63,2,43,88
2025-01-07,WH_C,West,SKU0059,Electronics,39,0,30,96
2025-01-07,WH_C,West,SKU0060,Hardware,215,0,40,35
2025-01-07,WH_C,West,SKU0061,Office,155,2,39,96
2025-01-07,WH_C,West,SKU0062,Housewares,190,3,18,54
2025-01-07,WH_C,West,SKU0063,Housewares,97,0,43,80
2025-01-07,WH_C,West,SKU0064,Sports,88,6,33,89
2025-01-07,WH_C,West,SKU0065,Sports,54,6,42,67
2025-01-07,WH_C,West,SKU0066,Sports,173,3,18,118
2025-01-07,WH_C,West,SKU0067,Hardware,223,5,24,89
2025-01-07,WH_C,West,SKU0068,Electronics,257,2,43,41
2025-01-07,WH_C,West,SKU0069,Hardware,206,3,22,53
2025-01-07,WH_C,West,SKU0070,Hardware,245,3,49,47
2025-01-07,WH_C,West,SKU0071,Hardware,174,6,41,71
2025-01-07,WH_C,West,SKU0072,Office,138,3,16,52
2025-01-07,WH_C,West,SKU0073,Office,120,0,27,88
2025-01-07,WH_C,West,SKU0074,Hardware,64,2,31,71
2025-01-07,WH_C,West,SKU0075,Sports,191,3,25,45
2025-01-07,WH_C,West,SKU0076,Hardware,59,5,22,120
2025-01-07,WH_C,West,SKU0077,Office,135,1,38,40
2025-01-07,WH_C,West,SKU0078,Housewares,163,2,39,95
2025-01-07,WH_C,West,SKU0079,Hardware,251,2,25,78
2025-01-07,WH_C,West,SKU0080,Hardware,217,3,39,35
2025-01-07,WH_C,West,SKU0081,Housewares,63,3,36,102
2025-01-07,WH_C,West,SKU0082,Hardware,260,0,24,50
2025-01-07,WH_C,West,SKU0083,Housewares,52,4,26,36
2025-01-07,WH_C,West,SKU0084,Office,124,2,34,69
2025-01-07,WH_C,West,SKU0085,Hardware,197,1,33,110
2025-01-07,WH_C,West,SKU0086,Hardware,76,2,22,46
2025-01-07,WH_C,West,SKU0087,Office,66,1,15,109
2025-01-07,WH_C,West,SKU0088,Housewares,82,3,15,88
2025-01-07,WH_C,West,SKU0089,Electronics,205,3,46,99
2025-01-07,WH_C,West,SKU0090,Electronics,47,2,46,60
2025-01-07,WH_C,West,SKU0091,Electronics,107,1,45,88
2025-01-07,WH_C,West,SKU0092,Housewares,115,1,43,40
2025-01-07,WH_C,West,SKU0093,Sports,168,3,15,61
2025-01-07,WH_C,West,SKU0094,Hardware,247,1,32,109
2025-01-07,WH_C,West,SKU0095,Electronics,247,2,50,56
2025-01-07,WH_C,West,SKU0096,Hardware,48,3,26,48
2025-01-07,WH_C,West,SKU0097,Office,46,0,37,34
2025-01-07,WH_C,West,SKU0098,Housewares,33,2,17,115
2025-01-07,WH_C,West,SKU0099,Office,177,0,34,72
2025-01-07,WH_C,West,SKU0100,Office,11,4,18,43
2025-01-08,WH_A,East,SKU0001,Housewares,128,0,26,50
2025-01-08,WH_A,East,SKU0002,Electronics,258,1,33,108
2025-01-08,WH_A,East,SKU0003,Hardware,265,1,50,52
2025-01-08,WH_A,East,SKU0004,Hardware,195,0,38,34
2025-01-08,WH_A,East,SKU0005,Sports,34,0,34,71
2025-01-08,WH_A,East,SKU0006,Sports,111,1,39,38
2025-01-08,WH_A,East,SKU0007,Office,136,0,50,38
2025-01-08,WH_A,East,SKU0008,Electronics,132,4,45,47
2025-01-08,WH_A,East,SKU0009,Hardware,89,2,32,72
2025-01-08,WH_A,East,SKU0010,Electronics,218,0,41,97
2025-01-08,WH_A,East,SKU0011,Hardware,78,4,28,108
2025-01-08,WH_A,East,SKU0012,Housewares,33,5,21,103
2025-01-08,WH_A,East,SKU0013,Electronics,239,4,48,41
2025-01-08,WH_A,East,SKU0014,Electronics,218,3,33,84
2025-01-08,WH_A,East,SKU0015,Housewares,177,3,35,63
2025-01-08,WH_A,East,SKU0016,Housewares,138,5,37,46
2025-01-08,WH_A,East,SKU0017,Hardware,241,4,46,96
2025-01-08,WH_A,East,SKU0018,Housewares,165,0,46,93
2025-01-08,WH_A,East,SKU0019,Sports,80,2,29,120
2025-01-08,WH_A,East,SKU0020,Electronics,146,2,27,30
2025-01-08,WH_A,East,SKU0021,Sports,31,4,16,89
2025-01-08,WH_A,East,SKU0022,Sports,174,4,22,56
2025-01-08,WH_A,East,SKU0023,Hardware,248,0,41,82
2025-01-08,WH_A,East,SKU0024,Electronics,45,7,36,74
2025-01-08,WH_A,East,SKU0025,Office,167,2,28,31
2025-01-08,WH_A,East,SKU0026,Hardware,266,3,27,118
2025-01-08,WH_A,East,SKU0027,Electronics,130,0,31,38
2025-01-08,WH_A,East,SKU0028,Electronics,139,5,34,94
2025-01-08,WH_A,East,SKU0029,Sports,151,5,35,30
2025-01-08,WH_A,East,SKU0030,Housewares,48,1,36,73
2025-01-08,WH_A,East,SKU0031,Sports,130,2,16,52
2025-01-08,WH_A,East,SKU0032,Sports,76,2,36,73
2025-01-08,WH_A,East,SKU0033,Housewares,191,3,45,90
2025-01-08,WH_A,East,SKU0034,Office,31,0,23,91
2025-01-08,WH_A,East,SKU0035,Hardware,71,4,44,98
2025-01-08,WH_A,East,SKU0036,Housewares,103,1,44,82
2025-01-08,WH_A,East,SKU0037,Sports,20,0,48,68
2025-01-08,WH_A,East,SKU0038,Housewares,143,2,35,101
2025-01-08,WH_A,East,SKU0039,Office,151,1,16,56
2025-01-08,WH_A,East,SKU0040,Housewares,166,3,36,75
2025-01-08,WH_A,East,SKU0041,Sports,56,0,24,65
2025-01-08,WH_A,East,SKU0042,Electronics,49,4,36,78
2025-01-08,WH_A,East,SKU0043,Hardware,244,3,49,51
2025-01-08,WH_A,East,SKU0044,Hardware,227,3,39,53
2025-01-08,WH_A,East,SKU0045,Electronics,255,4,22,69
2025-01-08,WH_A,East,SKU0046,Hardware,285,2,35,120
2025-01-08,WH_A,East,SKU0047,Electronics,24,2,32,82
2025-01-08,WH_A,East,SKU0048,Hardware,70,0,46,60
2025-01-08,WH_A,East,SKU0049,Housewares,104,3,43,68
2025-01-08,WH_A,East,SKU0050,Hardware,95,1,48,68
2025-01-08,WH_A,East,SKU0051,Hardware,85,0,22,77
2025-01-08,WH_A,East,SKU0052,Hardware,30,4,27,41
2025-01-08,WH_A,East,SKU0053,Hardware,173,0,47,33
2025-01-08,WH_A,East,SKU0054,Office,136,4,47,49
2025-01-08,WH_A,East,SKU0055,Housewares,66,2,36,91
2025-01-08,WH_A,East,SKU0056,Housewares,154,0,34,71
2025-01-08,WH_A,East,SKU0057,Electronics,83,3,21,96
2025-01-08,WH_A,East,SKU0058,Sports,188,5,23,56
2025-01-08,WH_A,East,SKU0059,Electronics,29,5,44,79
2025-01-08,WH_A,East,SKU0060,Hardware,215,2,22,30
2025-01-08,WH_A,East,SKU0061,Office,98,2,17,117
2025-01-08,WH_A,East,SKU0062,Housewares,184,0,20,72
2025-01-08,WH_A,East,SKU0063,Housewares,131,5,17,43
2025-01-08,WH_A,East,SKU0064,Sports,147,4,34,32
2025-01-08,WH_A,East,SKU0065,Sports,183,2,34,111
2025-01-08,WH_A,East,SKU0066,Sports,79,0,35,55
2025-01-08,WH_A,East,SKU0067,Hardware,104,3,33,65
2025-01-08,WH_A,East,SKU0068,Electronics,223,1,35,86
2025-01-08,WH_A,East,SKU0069,Hardware,250,4,22,64
2025-01-08,WH_A,East,SKU0070,Hardware,60,2,25,65
2025-01-08,WH_A,East,SKU0071,Hardware,78,3,15,109
2025-01-08,WH_A,East,SKU0072,Office,182,5,47,43
2025-01-08,WH_A,East,SKU0073,Office,65,3,49,74
2025-01-08,WH_A,East,SKU0074,Hardware,223,0,35,64
2025-01-08,WH_A,East,SKU0075,Sports,46,1,33,103
2025-01-08,WH_A,East,SKU0076,Hardware,94,3,25,39
2025-01-08,WH_A,East,SKU0077,Office,96,0,36,99
2025-01-08,WH_A,East,SKU0078,Housewares,137,4,18,46
2025-01-08,WH_A,East,SKU0079,Hardware,40,2,45,116
2025-01-08,WH_A,East,SKU0080,Hardware,50,4,21,79
2025-01-08,WH_A,East,SKU0081,Housewares,36,1,20,84
2025-01-08,WH_A,East,SKU0082,Hardware,170,5,26,120
2025-01-08,WH_A,East,SKU0083,Housewares,166,7,43,108
2025-01-08,WH_A,East,SKU0084,Office,105,3,34,72
2025-01-08,WH_A,East,SKU0085,Hardware,91,3,49,40
2025-01-08,WH_A,East,SKU0086,Hardware,177,1,23,41
2025-01-08,WH_A,East,SKU0087,Office,187,3,44,42
2025-01-08,WH_A,East,SKU0088,Housewares,145,4,34,117
2025-01-08,WH_A,East,SKU0089,Electronics,233,7,44,90
2025-01-08,WH_A,East,SKU0090,Electronics,113,1,29,48
2025-01-08,WH_A,East,SKU0091,Electronics,249,3,31,76
2025-01-08,WH_A,East,SKU0092,Housewares,113,3,26,119
2025-01-08,WH_A,East,SKU0093,Sports,183,2,36,71
2025-01-08,WH_A,East,SKU0094,Hardware,183,0,46,33
2025-01-08,WH_A,East,SKU0095,Electronics,51,4,45,44
2025-01-08,WH_A,East,SKU0096,Hardware,157,4,45,89
2025-01-08,WH_A,East,SKU0097,Office,66,1,33,74
2025-01-08,WH_A,East,SKU0098,Housewares,182,0,23,95
2025-01-08,WH_A,East,SKU0099,Office,36,1,40,43
2025-01-08,WH_A,East,SKU0100,Office,113,4,50,113
2025-01-08,WH_B,Central,SKU0001,Housewares,42,5,34,98
2025-01-08,WH_B,Central,SKU0002,Electronics,184,3,40,105
2025-01-08,WH_B,Central,SKU0003,Hardware,173,4,30,109
2025-01-08,WH_B,Central,SKU0004,Hardware,113,2,50,50
2025-01-08,WH_B,Central,SKU0005,Sports,148,4,39,38
2025-01-08,WH_B,Central,SKU0006,Sports,100,2,28,118
2025-01-08,WH_B,Central,SKU0007,Office,160,0,42,85
2025-01-08,WH_B,Central,SKU0008,Electronics,233,4,36,99
2025-01-08,WH_B,Central,SKU0009,Hardware,278,0,30,52
2025-01-08,WH_B,Central,SKU0010,Electronics,261,0,19,103
2025-01-08,WH_B,Central,SKU0011,Hardware,215,0,22,105
2025-01-08,WH_B,Central,SKU0012,Housewares,184,4,44,71
2025-01-08,WH_B,Central,SKU0013,Electronics,217,0,21,86
2025-01-08,WH_B,Central,SKU0014,Electronics,94,1,34,81
2025-01-08,WH_B,Central,SKU0015,Housewares,38,2,21,117
2025-01-08,WH_B,Central,SKU0016,Housewares,154,0,39,71
2025-01-08,WH_B,Central,SKU0017,Hardware,206,1,18,41
2025-01-08,WH_B,Central,SKU0018,Housewares,69,4,23,104
2025-01-08,WH_B,Central,SKU0019,Sports,193,2,15,48
2025-01-08,WH_B,Central,SKU0020,Electronics,261,4,24,87
2025-01-08,WH_B,Central,SKU0021,Sports,142,3,33,79
2025-01-08,WH_B,Central,SKU0022,Sports,182,4,43,55
2025-01-08,WH_B,Central,SKU0023,Hardware,81,1,35,68
2025-01-08,WH_B,Central,SKU0024,Electronics,222,3,34,85
2025-01-08,WH_B,Central,SKU0025,Office,112,5,20,104
2025-01-08,WH_B,Central,SKU0026,Hardware,25,2,47,81
2025-01-08,WH_B,Central,SKU0027,Electronics,84,3,33,37
2025-01-08,WH_B,Central,SKU0028,Electronics,172,3,50,36
2025-01-08,WH_B,Central,SKU0029,Sports,8,0,50,75
2025-01-08,WH_B,Central,SKU0030,Housewares,32,4,33,33
2025-01-08,WH_B,Central,SKU0031,Sports,91,6,42,119
2025-01-08,WH_B,Central,SKU0032,Sports,179,5,40,110
2025-01-08,WH_B,Central,SKU0033,Housewares,95,0,39,81
2025-01-08,WH_B,Central,SKU0034,Office,125,3,42,99
2025-01-08,WH_B,Central,SKU0035,Hardware,104,3,26,90
2025-01-08,WH_B,Central,SKU0036,Housewares,58,5,27,101
2025-01-08,WH_B,Central,SKU0037,Sports,130,4,38,83
2025-01-08,WH_B,Central,SKU0038,Housewares,67,4,33,115
2025-01-08,WH_B,Central,SKU0039,Office,47,4,23,31
2025-01-08,WH_B,Central,SKU0040,Housewares,24,5,16,48
2025-01-08,WH_B,Central,SKU0041,Sports,132,3,42,47
2025-01-08,WH_B,Central,SKU0042,Electronics,48,4,23,112
2025-01-08,WH_B,Central,SKU0043,Hardware,176,0,44,119
2025-01-08,WH_B,Central,SKU0044,Hardware,247,1,42,109
2025-01-08,WH_B,Central,SKU0045,Electronics,101,3,44,95
2025-01-08,WH_B,Central,SKU0046,Hardware,183,1,50,87
2025-01-08,WH_B,Central,SKU0047,Electronics,159,2,37,58
2025-01-08,WH_B,Central,SKU0048,Hardware,102,6,42,107
2025-01-08,WH_B,Central,SKU0049,Housewares,12,5,46,60
2025-01-08,WH_B,Central,SKU0050,Hardware,185,0,32,82
2025-01-08,WH_B,Central,SKU0051,Hardware,213,0,38,34
2025-01-08,WH_B,Central,SKU0052,Hardware,24,3,45,120
2025-01-08,WH_B,Central,SKU0053,Hardware,157,3,22,104
2025-01-08,WH_B,Central,SKU0054,Office,149,3,20,48
2025-01-08,WH_B,Central,SKU0055,Housewares,160,2,32,89
2025-01-08,WH_B,Central,SKU0056,Housewares,140,5,20,96
2025-01-08,WH_B,Central,SKU0057,Electronics,240,1,20,61
2025-01-08,WH_B,Central,SKU0058,Sports,138,1,19,117
2025-01-08,WH_B,Central,SKU0059,Electronics,250,3,49,104
2025-01-08,WH_B,Central,SKU0060,Hardware,142,1,18,73
2025-01-08,WH_B,Central,SKU0061,Office,151,5,15,90
2025-01-08,WH_B,Central,SKU0062,Housewares,140,7,47,90
2025-01-08,WH_B,Central,SKU0063,Housewares,177,5,36,83
2025-01-08,WH_B,Central,SKU0064,Sports,96,4,33,67
2025-01-08,WH_B,Central,SKU0065,Sports,61,1,17,118
2025-01-08,WH_B,Central,SKU0066,Sports,173,4,34,102
2025-01-08,WH_B,Central,SKU0067,Hardware,125,1,18,110
2025-01-08,WH_B,Central,SKU0068,Electronics,204,1,25,103
2025-01-08,WH_B,Central,SKU0069,Hardware,48,2,33,109
2025-01-08,WH_B,Central,SKU0070,Hardware,34,4,33,92
2025-01-08,WH_B,Central,SKU0071,Hardware,46,6,23,94
2025-01-08,WH_B,Central,SKU0072,Office,20,1,32,62
2025-01-08,WH_B,Central,SKU0073,Office,56,4,32,65
2025-01-08,WH_B,Central,SKU0074,Hardware,117,2,15,44
2025-01-08,WH_B,Central,SKU0075,Sports,178,2,26,105
2025-01-08,WH_B,Central,SKU0076,Hardware,95,4,43,77
2025-01-08,WH_B,Central,SKU0077,Office,72,1,31,119
2025-01-08,WH_B,Central,SKU0078,Housewares,79,2,46,53
2025-01-08,WH_B,Central,SKU0079,Hardware,206,3,17,73
2025-01-08,WH_B,Central,SKU0080,Hardware,52,4,24,106
2025-01-08,WH_B,Central,SKU0081,Housewares,48,6,46,82
2025-01-08,WH_B,Central,SKU0082,Hardware,156,3,30,114
2025-01-08,WH_B,Central,SKU0083,Housewares,139,1,25,56
2025-01-08,WH_B,Central,SKU0084,Office,175,0,37,36
2025-01-08,WH_B,Central,SKU0085,Hardware,272,3,31,44
2025-01-08,WH_B,Central,SKU0086,Hardware,40,2,25,89
2025-01-08,WH_B,Central,SKU0087,Office,130,1,45,68
2025-01-08,WH_B,Central,SKU0088,Housewares,133,2,49,59
2025-01-08,WH_B,Central,SKU0089,Electronics,152,6,39,90
2025-01-08,WH_B,Central,SKU0090,Electronics,116,4,24,97
2025-01-08,WH_B,Central,SKU0091,Electronics,185,1,15,66
2025-01-08,WH_B,Central,SKU0092,Housewares,133,4,39,116
2025-01-08,WH_B,Central,SKU0093,Sports,98,5,48,117
2025-01-08,WH_B,Central,SKU0094,Hardware,52,4,21,98
2025-01-08,WH_B,Central,SKU0095,Electronics,251,0,37,85
2025-01-08,WH_B,Central,SKU0096,Hardware,240,3,32,72
2025-01-08,WH_B,Central,SKU0097,Office,94,0,32,42
2025-01-08,WH_B,Central,SKU0098,Housewares,84,3,40,89
2025-01-08,WH_B,Central,SKU0099,Office,189,5,30,116
2025-01-08,WH_B,Central,SKU0100,Office,174,5,27,96
2025-01-08,WH_C,West,SKU0001,Housewares,103,4,26,70
2025-01-08,WH_C,West,SKU0002,Electronics,240,5,15,116
2025-01-08,WH_C,West,SKU0003,Hardware,19,2,19,31
2025-01-08,WH_C,West,SKU0004,Hardware,171,3,21,97
2025-01-08,WH_C,West,SKU0005,Sports,52,1,43,74
2025-01-08,WH_C,West,SKU0006,Sports,76,0,33,62
2025-01-08,WH_C,West,SKU0007,Office,83,1,17,33
2025-01-08,WH_C,West,SKU0008,Electronics,249,2,20,37
2025-01-08,WH_C,West,SKU0009,Hardware,252,0,28,106
2025-01-08,WH_C,West,SKU0010,Electronics,256,2,22,120
2025-01-08,WH_C,West,SKU0011,Hardware,65,6,20,107
2025-01-08,WH_C,West,SKU0012,Housewares,44,4,39,114
2025-01-08,WH_C,West,SKU0013,Electronics,262,5,26,44
2025-01-08,WH_C,West,SKU0014,Electronics,270,1,26,62
2025-01-08,WH_C,West,SKU0015,Housewares,105,3,44,114
2025-01-08,WH_C,West,SKU0016,Housewares,23,1,44,65
2025-01-08,WH_C,West,SKU0017,Hardware,184,4,35,62
2025-01-08,WH_C,West,SKU0018,Housewares,54,0,19,65
2025-01-08,WH_C,West,SKU0019,Sports,40,0,39,79
2025-01-08,WH_C,West,SKU0020,Electronics,126,0,18,63
2025-01-08,WH_C,West,SKU0021,Sports,95,3,26,86
2025-01-08,WH_C,West,SKU0022,Sports,34,5,46,55
2025-01-08,WH_C,West,SKU0023,Hardware,252,6,40,52
2025-01-08,WH_C,West,SKU0024,Electronics,245,2,46,43
2025-01-08,WH_C,West,SKU0025,Office,39,2,49,85
2025-01-08,WH_C,West,SKU0026,Hardware,102,4,21,86
2025-01-08,WH_C,West,SKU0027,Electronics,120,4,21,34
2025-01-08,WH_C,West,SKU0028,Electronics,60,7,19,103
2025-01-08,WH_C,West,SKU0029,Sports,80,1,43,32
2025-01-08,WH_C,West,SKU0030,Housewares,149,1,24,113
2025-01-08,WH_C,West,SKU0031,Sports,197,2,15,34
2025-01-08,WH_C,West,SKU0032,Sports,184,2,39,64
2025-01-08,WH_C,West,SKU0033,Housewares,65,2,36,80
2025-01-08,WH_C,West,SKU0034,Office,160,6,15,95
2025-01-08,WH_C,West,SKU0035,Hardware,194,3,45,85
2025-01-08,WH_C,West,SKU0036,Housewares,129,0,19,99
2025-01-08,WH_C,West,SKU0037,Sports,81,0,15,79
2025-01-08,WH_C,West,SKU0038,Housewares,204,1,45,45
2025-01-08,WH_C,West,SKU0039,Office,171,5,49,75
2025-01-08,WH_C,West,SKU0040,Housewares,113,3,34,81
2025-01-08,WH_C,West,SKU0041,Sports,31,1,20,76
2025-01-08,WH_C,West,SKU0042,Electronics,233,1,36,40
2025-01-08,WH_C,West,SKU0043,Hardware,181,4,33,112
2025-01-08,WH_C,West,SKU0044,Hardware,91,1,26,100
2025-01-08,WH_C,West,SKU0045,Electronics,27,2,39,114
2025-01-08,WH_C,West,SKU0046,Hardware,94,3,34,119
2025-01-08,WH_C,West,SKU0047,Electronics,176,4,21,110
2025-01-08,WH_C,West,SKU0048,Hardware,272,2,37,92
2025-01-08,WH_C,West,SKU0049,Housewares,46,5,43,54
2025-01-08,WH_C,West,SKU0050,Hardware,78,2,17,54
2025-01-08,WH_C,West,SKU0051,Hardware,26,0,30,92
2025-01-08,WH_C,West,SKU0052,Hardware,173,4,19,99
2025-01-08,WH_C,West,SKU0053,Hardware,263,2,34,93
2025-01-08,WH_C,West,SKU0054,Office,170,2,43,32
2025-01-08,WH_C,West,SKU0055,Housewares,38,2,36,37
2025-01-08,WH_C,West,SKU0056,Housewares,99,4,17,81
2025-01-08,WH_C,West,SKU0057,Electronics,74,3,28,113
2025-01-08,WH_C,West,SKU0058,Sports,190,2,48,88
2025-01-08,WH_C,West,SKU0059,Electronics,294,5,49,49
2025-01-08,WH_C,West,SKU0060,Hardware,242,3,29,39
2025-01-08,WH_C,West,SKU0061,Office,39,4,24,92
2025-01-08,WH_C,West,SKU0062,Housewares,187,2,16,90
2025-01-08,WH_C,West,SKU0063,Housewares,177,0,17,61
2025-01-08,WH_C,West,SKU0064,Sports,201,2,23,31
2025-01-08,WH_C,West,SKU0065,Sports,79,3,18,69
2025-01-08,WH_C,West,SKU0066,Sports,32,2,44,108
2025-01-08,WH_C,West,SKU0067,Hardware,77,3,19,43
2025-01-08,WH_C,West,SKU0068,Electronics,71,4,46,106
2025-01-08,WH_C,West,SKU0069,Hardware,239,3,29,38
2025-01-08,WH_C,West,SKU0070,Hardware,85,4,42,73
2025-01-08,WH_C,West,SKU0071,Hardware,275,3,40,71
2025-01-08,WH_C,West,SKU0072,Office,50,3,49,47
2025-01-08,WH_C,West,SKU0073,Office,118,2,28,35
2025-01-08,WH_C,West,SKU0074,Hardware,240,0,26,72
2025-01-08,WH_C,West,SKU0075,Sports,27,3,22,65
2025-01-08,WH_C,West,SKU0076,Hardware,89,2,41,51
2025-01-08,WH_C,West,SKU0077,Office,195,2,38,100
2025-01-08,WH_C,West,SKU0078,Housewares,56,3,43,61
2025-01-08,WH_C,West,SKU0079,Hardware,220,5,17,47
2025-01-08,WH_C,West,SKU0080,Hardware,56,4,39,50
2025-01-08,WH_C,West,SKU0081,Housewares,11,4,46,40
2025-01-08,WH_C,West,SKU0082,Hardware,36,3,15,52
2025-01-08,WH_C,West,SKU0083,Housewares,32,3,33,83
2025-01-08,WH_C,West,SKU0084,Office,185,2,45,118
2025-01-08,WH_C,West,SKU0085,Hardware,83,4,28,48
2025-01-08,WH_C,West,SKU0086,Hardware,256,1,32,96
2025-01-08,WH_C,West,SKU0087,Office,141,3,41,60
2025-01-08,WH_C,West,SKU0088,Housewares,40,4,17,106
2025-01-08,WH_C,West,SKU0089,Electronics,92,5,46,108
2025-01-08,WH_C,West,SKU0090,Electronics,47,0,34,74
2025-01-08,WH_C,West,SKU0091,Electronics,180,3,15,101
2025-01-08,WH_C,West,SKU0092,Housewares,63,1,27,45
2025-01-08,WH_C,West,SKU0093,Sports,182,2,21,109
2025-01-08,WH_C,West,SKU0094,Hardware,164,1,49,94
2025-01-08,WH_C,West,SKU0095,Electronics,85,2,44,110
2025-01-08,WH_C,West,SKU0096,Hardware,260,2,28,65
2025-01-08,WH_C,West,SKU0097,Office,31,3,27,44
2025-01-08,WH_C,West,SKU0098,Housewares,56,0,45,93
2025-01-08,WH_C,West,SKU0099,Office,69,0,25,115
2025-01-08,WH_C,West,SKU0100,Office,10,4,18,112
2025-01-09,WH_A,East,SKU0001,Housewares,118,2,33,56
2025-01-09,WH_A,East,SKU0002,Electronics,169,1,31,72
2025-01-09,WH_A,East,SKU0003,Hardware,245,0,44,35
2025-01-09,WH_A,East,SKU0004,Hardware,57,4,18,98
2025-01-09,WH_A,East,SKU0005,Sports,79,2,25,33
2025-01-09,WH_A,East,SKU0006,Sports,151,0,47,44
2025-01-09,WH_A,East,SKU0007,Office,44,1,30,86
2025-01-09,WH_A,East,SKU0008,Electronics,242,2,35,83
2025-01-09,WH_A,East,SKU0009,Hardware,111,1,35,59
2025-01-09,WH_A,East,SKU0010,Electronics,73,2,35,59
2025-01-09,WH_A,East,SKU0011,Hardware,61,2,30,82
2025-01-09,WH_A,East,SKU0012,Housewares,62,2,39,58
2025-01-09,WH_A,East,SKU0013,Electronics,52,3,45,104
2025-01-09,WH_A,East,SKU0014,Electronics,202,4,18,85
2025-01-09,WH_A,East,SKU0015,Housewares,66,0,28,108
2025-01-09,WH_A,East,SKU0016,Housewares,144,0,26,79
2025-01-09,WH_A,East,SKU0017,Hardware,166,4,23,88
2025-01-09,WH_A,East,SKU0018,Housewares,49,3,37,64
2025-01-09,WH_A,East,SKU0019,Sports,66,1,36,46
2025-01-09,WH_A,East,SKU0020,Electronics,52,1,18,65
2025-01-09,WH_A,East,SKU0021,Sports,45,3,22,89
2025-01-09,WH_A,East,SKU0022,Sports,143,2,41,51
2025-01-09,WH_A,East,SKU0023,Hardware,161,4,29,67
2025-01-09,WH_A,East,SKU0024,Electronics,221,1,25,111
2025-01-09,WH_A,East,SKU0025,Office,170,3,25,103
2025-01-09,WH_A,East,SKU0026,Hardware,199,8,29,41
2025-01-09,WH_A,East,SKU0027,Electronics,180,3,48,92
2025-01-09,WH_A,East,SKU0028,Electronics,116,7,45,89
2025-01-09,WH_A,East,SKU0029,Sports,99,4,15,84
2025-01-09,WH_A,East,SKU0030,Housewares,84,2,30,71
2025-01-09,WH_A,East,SKU0031,Sports,126,1,29,105
2025-01-09,WH_A,East,SKU0032,Sports,51,0,15,83
2025-01-09,WH_A,East,SKU0033,Housewares,30,0,17,90
2025-01-09,WH_A,East,SKU0034,Office,150,2,17,84
2025-01-09,WH_A,East,SKU0035,Hardware,218,1,40,91
2025-01-09,WH_A,East,SKU0036,Housewares,228,5,21,87
2025-01-09,WH_A,East,SKU0037,Sports,133,3,30,40
2025-01-09,WH_A,East,SKU0038,Housewares,155,0,15,118
2025-01-09,WH_A,East,SKU0039,Office,110,3,28,46
2025-01-09,WH_A,East,SKU0040,Housewares,104,4,33,60
2025-01-09,WH_A,East,SKU0041,Sports,194,5,20,32
2025-01-09,WH_A,East,SKU0042,Electronics,190,3,34,50
2025-01-09,WH_A,East,SKU0043,Hardware,286,2,44,103
2025-01-09,WH_A,East,SKU0044,Hardware,228,6,16,88
2025-01-09,WH_A,East,SKU0045,Electronics,195,4,23,120
2025-01-09,WH_A,East,SKU0046,Hardware,163,0,26,77
2025-01-09,WH_A,East,SKU0047,Electronics,246,2,44,120
2025-01-09,WH_A,East,SKU0048,Hardware,244,2,15,110
2025-01-09,WH_A,East,SKU0049,Housewares,21,0,39,118
2025-01-09,WH_A,East,SKU0050,Hardware,153,4,48,34
2025-01-09,WH_A,East,SKU0051,Hardware,129,0,42,64
2025-01-09,WH_A,East,SKU0052,Hardware,266,2,49,103
2025-01-09,WH_A,East,SKU0053,Hardware,108,4,20,109
2025-01-09,WH_A,East,SKU0054,Office,100,0,18,95
2025-01-09,WH_A,East,SKU0055,Housewares,194,1,38,36
2025-01-09,WH_A,East,SKU0056,Housewares,42,5,39,76
2025-01-09,WH_A,East,SKU0057,Electronics,202,3,17,76
2025-01-09,WH_A,East,SKU0058,Sports,100,3,26,112
2025-01-09,WH_A,East,SKU0059,Electronics,238,2,19,101
2025-01-09,WH_A,East,SKU0060,Hardware,114,5,23,72
2025-01-09,WH_A,East,SKU0061,Office,97,3,49,44
2025-01-09,WH_A,East,SKU0062,Housewares,191,5,45,104
2025-01-09,WH_A,East,SKU0063,Housewares,203,1,28,58
2025-01-09,WH_A,East,SKU0064,Sports,97,3,37,64
2025-01-09,WH_A,East,SKU0065,Sports,135,2,42,65
2025-01-09,WH_A,East,SKU0066,Sports,43,0,19,77
2025-01-09,WH_A,East,SKU0067,Hardware,166,5,43,92
2025-01-09,WH_A,East,SKU0068,Electronics,202,4,48,45
2025-01-09,WH_A,East,SKU0069,Hardware,196,5,49,116
2025-01-09,WH_A,East,SKU0070,Hardware,228,0,33,87
2025-01-09,WH_A,East,SKU0071,Hardware,255,2,38,116
2025-01-09,WH_A,East,SKU0072,Office,197,1,19,54
2025-01-09,WH_A,East,SKU0073,Office,154,5,20,40
2025-01-09,WH_A,East,SKU0074,Hardware,160,0,26,66
2025-01-09,WH_A,East,SKU0075,Sports,35,3,21,51
2025-01-09,WH_A,East,SKU0076,Hardware,128,5,22,119
2025-01-09,WH_A,East,SKU0077,Office,64,4,46,49
2025-01-09,WH_A,East,SKU0078,Housewares,75,0,48,110
2025-01-09,WH_A,East,SKU0079,Hardware,33,5,33,83
2025-01-09,WH_A,East,SKU0080,Hardware,271,4,49,46
2025-01-09,WH_A,East,SKU0081,Housewares,137,0,37,83
2025-01-09,WH_A,East,SKU0082,Hardware,184,3,16,67
2025-01-09,WH_A,East,SKU0083,Housewares,61,2,19,32
2025-01-09,WH_A,East,SKU0084,Office,69,5,48,112
2025-01-09,WH_A,East,SKU0085,Hardware,144,5,41,104
2025-01-09,WH_A,East,SKU0086,Hardware,165,2,35,92
2025-01-09,WH_A,East,SKU0087,Office,160,0,48,100
2025-01-09,WH_A,East,SKU0088,Housewares,118,0,44,68
2025-01-09,WH_A,East,SKU0089,Electronics,244,3,23,69
2025-01-09,WH_A,East,SKU0090,Electronics,92,0,31,59
2025-01-09,WH_A,East,SKU0091,Electronics,188,4,38,66
2025-01-09,WH_A,East,SKU0092,Housewares,34,2,24,75
2025-01-09,WH_A,East,SKU0093,Sports,97,6,44,51
2025-01-09,WH_A,East,SKU0094,Hardware,246,3,25,98
2025-01-09,WH_A,East,SKU0095,Electronics,132,7,26,52
2025-01-09,WH_A,East,SKU0096,Hardware,254,4,24,50
2025-01-09,WH_A,East,SKU0097,Office,78,4,22,35
2025-01-09,WH_A,East,SKU0098,Housewares,94,2,23,86
2025-01-09,WH_A,East,SKU0099,Office,93,9,38,53
2025-01-09,WH_A,East,SKU0100,Office,80,1,50,120
2025-01-09,WH_B,Central,SKU0001,Housewares,23,2,35,74
2025-01-09,WH_B,Central,SKU0002,Electronics,61,2,38,87
2025-01-09,WH_B,Central,SKU0003,Hardware,228,0,25,98
2025-01-09,WH_B,Central,SKU0004,Hardware,146,3,22,33
2025-01-09,WH_B,Central,SKU0005,Sports,115,2,46,48
2025-01-09,WH_B,Central,SKU0006,Sports,152,4,35,49
2025-01-09,WH_B,Central,SKU0007,Office,21,2,49,94
2025-01-09,WH_B,Central,SKU0008,Electronics,146,1,33,90
2025-01-09,WH_B,Central,SKU0009,Hardware,110,7,24,102
2025-01-09,WH_B,Central,SKU0010,Electronics,187,3,36,118
2025-01-09,WH_B,Central,SKU0011,Hardware,66,1,45,35
2025-01-09,WH_B,Central,SKU0012,Housewares,53,0,50,44
2025-01-09,WH_B,Central,SKU0013,Electronics,159,0,16,81
2025-01-09,WH_B,Central,SKU0014,Electronics,238,2,29,87
2025-01-09,WH_B,Central,SKU0015,Housewares,123,3,20,71
2025-01-09,WH_B,Central,SKU0016,Housewares,21,5,27,104
2025-01-09,WH_B,Central,SKU0017,Hardware,222,4,29,65
2025-01-09,WH_B,Central,SKU0018,Housewares,77,7,16,40
2025-01-09,WH_B,Central,SKU0019,Sports,178,1,43,116
2025-01-09,WH_B,Central,SKU0020,Electronics,283,3,20,95
2025-01-09,WH_B,Central,SKU0021,Sports,124,0,27,92
2025-01-09,WH_B,Central,SKU0022,Sports,99,1,47,37
2025-01-09,WH_B,Central,SKU0023,Hardware,274,5,38,80
2025-01-09,WH_B,Central,SKU0024,Electronics,59,2,42,77
2025-01-09,WH_B,Central,SKU0025,Office,129,2,38,31
2025-01-09,WH_B,Central,SKU0026,Hardware,136,3,37,74
2025-01-09,WH_B,Central,SKU0027,Electronics,140,2,43,101
2025-01-09,WH_B,Central,SKU0028,Electronics,46,0,28,86
2025-01-09,WH_B,Central,SKU0029,Sports,133,3,43,66
2025-01-09,WH_B,Central,SKU0030,Housewares,59,2,42,83
2025-01-09,WH_B,Central,SKU0031,Sports,51,5,20,48
2025-01-09,WH_B,Central,SKU0032,Sports,69,0,34,90
2025-01-09,WH_B,Central,SKU0033,Housewares,161,2,36,38
2025-01-09,WH_B,Central,SKU0034,Office,171,6,39,41
2025-01-09,WH_B,Central,SKU0035,Hardware,29,3,41,111
2025-01-09,WH_B,Central,SKU0036,Housewares,77,2,41,52
2025-01-09,WH_B,Central,SKU0037,Sports,168,0,44,120
2025-01-09,WH_B,Central,SKU0038,Housewares,167,3,23,55
2025-01-09,WH_B,Central,SKU0039,Office,67,5,39,67
2025-01-09,WH_B,Central,SKU0040,Housewares,164,5,46,35
2025-01-09,WH_B,Central,SKU0041,Sports,87,3,34,93
2025-01-09,WH_B,Central,SKU0042,Electronics,229,0,44,58
2025-01-09,WH_B,Central,SKU0043,Hardware,45,7,15,49
2025-01-09,WH_B,Central,SKU0044,Hardware,121,4,34,111
2025-01-09,WH_B,Central,SKU0045,Electronics,255,1,45,45
2025-01-09,WH_B,Central,SKU0046,Hardware,243,1,33,83
2025-01-09,WH_B,Central,SKU0047,Electronics,77,6,46,118
2025-01-09,WH_B,Central,SKU0048,Hardware,257,2,30,33
2025-01-09,WH_B,Central,SKU0049,Housewares,58,0,32,93
2025-01-09,WH_B,Central,SKU0050,Hardware,44,3,38,104
2025-01-09,WH_B,Central,SKU0051,Hardware,210,4,42,63
2025-01-09,WH_B,Central,SKU0052,Hardware,254,3,45,118
2025-01-09,WH_B,Central,SKU0053,Hardware,74,3,38,95
2025-01-09,WH_B,Central,SKU0054,Office,156,3,16,63
2025-01-09,WH_B,Central,SKU0055,Housewares,50,3,18,48
2025-01-09,WH_B,Central,SKU0056,Housewares,96,8,44,118
2025-01-09,WH_B,Central,SKU0057,Electronics,75,0,37,50
2025-01-09,WH_B,Central,SKU0058,Sports,31,4,32,76
2025-01-09,WH_B,Central,SKU0059,Electronics,194,1,37,36
2025-01-09,WH_B,Central,SKU0060,Hardware,115,4,33,97
2025-01-09,WH_B,Central,SKU0061,Office,169,2,19,95
2025-01-09,WH_B,Central,SKU0062,Housewares,66,2,26,42
2025-01-09,WH_B,Central,SKU0063,Housewares,179,1,25,99
2025-01-09,WH_B,Central,SKU0064,Sports,99,2,35,117
2025-01-09,WH_B,Central,SKU0065,Sports,98,3,32,117
2025-01-09,WH_B,Central,SKU0066,Sports,202,4,38,42
2025-01-09,WH_B,Central,SKU0067,Hardware,222,3,37,48
2025-01-09,WH_B,Central,SKU0068,Electronics,16,3,23,96
2025-01-09,WH_B,Central,SKU0069,Hardware,133,4,38,92
2025-01-09,WH_B,Central,SKU0070,Hardware,168,1,36,50
2025-01-09,WH_B,Central,SKU0071,Hardware,58,4,28,49
2025-01-09,WH_B,Central,SKU0072,Office,158,2,29,54
2025-01-09,WH_B,Central,SKU0073,Office,172,3,48,98
2025-01-09,WH_B,Central,SKU0074,Hardware,224,2,22,83
2025-01-09,WH_B,Central,SKU0075,Sports,144,3,19,44
2025-01-09,WH_B,Central,SKU0076,Hardware,96,1,16,91
2025-01-09,WH_B,Central,SKU0077,Office,114,1,34,118
2025-01-09,WH_B,Central,SKU0078,Housewares,103,2,23,86
2025-01-09,WH_B,Central,SKU0079,Hardware,242,8,48,73
2025-01-09,WH_B,Central,SKU0080,Hardware,87,0,34,33
2025-01-09,WH_B,Central,SKU0081,Housewares,52,0,29,46
2025-01-09,WH_B,Central,SKU0082,Hardware,274,3,24,118
2025-01-09,WH_B,Central,SKU0083,Housewares,85,4,34,46
2025-01-09,WH_B,Central,SKU0084,Office,67,2,23,40
2025-01-09,WH_B,Central,SKU0085,Hardware,171,0,22,39
2025-01-09,WH_B,Central,SKU0086,Hardware,36,0,45,85
2025-01-09,WH_B,Central,SKU0087,Office,25,1,27,43
2025-01-09,WH_B,Central,SKU0088,Housewares,33,6,47,105
2025-01-09,WH_B,Central,SKU0089,Electronics,35,0,45,45
2025-01-09,WH_B,Central,SKU0090,Electronics,116,3,17,38
2025-01-09,WH_B,Central,SKU0091,Electronics,137,2,15,42
2025-01-09,WH_B,Central,SKU0092,Housewares,48,3,28,105
2025-01-09,WH_B,Central,SKU0093,Sports,81,0,26,115
2025-01-09,WH_B,Central,SKU0094,Hardware,148,3,16,41
2025-01-09,WH_B,Central,SKU0095,Electronics,70,6,32,104
2025-01-09,WH_B,Central,SKU0096,Hardware,146,2,37,50
2025-01-09,WH_B,Central,SKU0097,Office,153,1,30,94
2025-01-09,WH_B,Central,SKU0098,Housewares,146,2,19,42
2025-01-09,WH_B,Central,SKU0099,Office,178,2,15,97
2025-01-09,WH_B,Central,SKU0100,Office,66,4,27,66
2025-01-09,WH_C,West,SKU0001,Housewares,59,1,49,30
2025-01-09,WH_C,West,SKU0002,Electronics,64,4,28,94
2025-01-09,WH_C,West,SKU0003,Hardware,221,4,38,119
2025-01-09,WH_C,West,SKU0004,Hardware,249,1,26,86
2025-01-09,WH_C,West,SKU0005,Sports,181,3,21,53
2025-01-09,WH_C,West,SKU0006,Sports,111,0,39,84
2025-01-09,WH_C,West,SKU0007,Office,72,3,47,59
2025-01-09,WH_C,West,SKU0008,Electronics,177,4,22,70
2025-01-09,WH_C,West,SKU0009,Hardware,74,1,44,44
2025-01-09,WH_C,West,SKU0010,Electronics,209,0,23,93
2025-01-09,WH_C,West,SKU0011,Hardware,174,3,33,101
2025-01-09,WH_C,West,SKU0012,Housewares,27,1,20,71
2025-01-09,WH_C,West,SKU0013,Electronics,233,0,22,79
2025-01-09,WH_C,West,SKU0014,Electronics,124,3,44,106
2025-01-09,WH_C,West,SKU0015,Housewares,105,4,43,58
2025-01-09,WH_C,West,SKU0016,Housewares,179,4,41,67
2025-01-09,WH_C,West,SKU0017,Hardware,170,2,27,38
2025-01-09,WH_C,West,SKU0018,Housewares,144,7,38,52
2025-01-09,WH_C,West,SKU0019,Sports,9,5,46,116
2025-01-09,WH_C,West,SKU0020,Electronics,66,4,40,86
2025-01-09,WH_C,West,SKU0021,Sports,151,1,20,45
2025-01-09,WH_C,West,SKU0022,Sports,63,4,40,81
2025-01-09,WH_C,West,SKU0023,Hardware,285,2,21,51
2025-01-09,WH_C,West,SKU0024,Electronics,44,0,38,55
2025-01-09,WH_C,West,SKU0025,Office,114,3,27,106
2025-01-09,WH_C,West,SKU0026,Hardware,162,1,22,59
2025-01-09,WH_C,West,SKU0027,Electronics,174,0,46,65
2025-01-09,WH_C,West,SKU0028,Electronics,227,0,32,112
2025-01-09,WH_C,West,SKU0029,Sports,117,1,37,90
2025-01-09,WH_C,West,SKU0030,Housewares,173,7,40,92
2025-01-09,WH_C,West,SKU0031,Sports,162,1,32,48
2025-01-09,WH_C,West,SKU0032,Sports,138,3,21,45
2025-01-09,WH_C,West,SKU0033,Housewares,95,1,46,93
2025-01-09,WH_C,West,SKU0034,Office,89,1,23,33
2025-01-09,WH_C,West,SKU0035,Hardware,49,4,18,38
2025-01-09,WH_C,West,SKU0036,Housewares,159,8,16,52
2025-01-09,WH_C,West,SKU0037,Sports,105,4,35,49
2025-01-09,WH_C,West,SKU0038,Housewares,92,4,21,39
2025-01-09,WH_C,West,SKU0039,Office,174,0,48,93
2025-01-09,WH_C,West,SKU0040,Housewares,131,3,27,67
2025-01-09,WH_C,West,SKU0041,Sports,182,4,46,92
2025-01-09,WH_C,West,SKU0042,Electronics,218,4,31,99
2025-01-09,WH_C,West,SKU0043,Hardware,165,3,49,99
2025-01-09,WH_C,West,SKU0044,Hardware,21,5,17,85
2025-01-09,WH_C,West,SKU0045,Electronics,63,4,39,87
2025-01-09,WH_C,West,SKU0046,Hardware,155,3,39,86
2025-01-09,WH_C,West,SKU0047,Electronics,176,1,17,34
2025-01-09,WH_C,West,SKU0048,Hardware,104,2,50,114
2025-01-09,WH_C,West,SKU0049,Housewares,97,4,25,92
2025-01-09,WH_C,West,SKU0050,Hardware,188,3,23,69
2025-01-09,WH_C,West,SKU0051,Hardware,164,2,46,44
2025-01-09,WH_C,West,SKU0052,Hardware,239,4,46,114
2025-01-09,WH_C,West,SKU0053,Hardware,222,5,49,103
2025-01-09,WH_C,West,SKU0054,Office,138,1,45,101
2025-01-09,WH_C,West,SKU0055,Housewares,52,1,47,37
2025-01-09,WH_C,West,SKU0056,Housewares,117,5,31,93
2025-01-09,WH_C,West,SKU0057,Electronics,231,3,39,108
2025-01-09,WH_C,West,SKU0058,Sports,186,2,37,66
2025-01-09,WH_C,West,SKU0059,Electronics,127,2,18,33
2025-01-09,WH_C,West,SKU0060,Hardware,237,4,17,46
2025-01-09,WH_C,West,SKU0061,Office,115,0,37,104
2025-01-09,WH_C,West,SKU0062,Housewares,36,3,36,78
2025-01-09,WH_C,West,SKU0063,Housewares,45,2,42,74
2025-01-09,WH_C,West,SKU0064,Sports,105,3,41,74
2025-01-09,WH_C,West,SKU0065,Sports,38,0,30,61
2025-01-09,WH_C,West,SKU0066,Sports,74,2,34,105
2025-01-09,WH_C,West,SKU0067,Hardware,59,5,19,69
2025-01-09,WH_C,West,SKU0068,Electronics,60,2,36,51
2025-01-09,WH_C,West,SKU0069,Hardware,29,1,49,71
2025-01-09,WH_C,West,SKU0070,Hardware,37,4,44,114
2025-01-09,WH_C,West,SKU0071,Hardware,168,3,47,83
2025-01-09,WH_C,West,SKU0072,Office,70,1,16,119
2025-01-09,WH_C,West,SKU0073,Office,136,6,16,70
2025-01-09,WH_C,West,SKU0074,Hardware,159,0,39,71
2025-01-09,WH_C,West,SKU0075,Sports,146,3,21,92
2025-01-09,WH_C,West,SKU0076,Hardware,69,3,28,73
2025-01-09,WH_C,West,SKU0077,Office,148,5,47,115
2025-01-09,WH_C,West,SKU0078,Housewares,100,4,25,108
2025-01-09,WH_C,West,SKU0079,Hardware,118,1,38,85
2025-01-09,WH_C,West,SKU0080,Hardware,81,2,46,111
2025-01-09,WH_C,West,SKU0081,Housewares,38,3,49,57
2025-01-09,WH_C,West,SKU0082,Hardware,130,1,31,36
2025-01-09,WH_C,West,SKU0083,Housewares,94,0,40,58
2025-01-09,WH_C,West,SKU0084,Office,192,2,20,104
2025-01-09,WH_C,West,SKU0085,Hardware,56,6,36,64
2025-01-09,WH_C,West,SKU0086,Hardware,39,0,48,90
2025-01-09,WH_C,West,SKU0087,Office,118,2,28,74
2025-01-09,WH_C,West,SKU0088,Housewares,43,4,34,94
2025-01-09,WH_C,West,SKU0089,Electronics,160,0,42,114
2025-01-09,WH_C,West,SKU0090,Electronics,227,1,35,55
2025-01-09,WH_C,West,SKU0091,Electronics,170,1,40,62
2025-01-09,WH_C,West,SKU0092,Housewares,169,6,47,88
2025-01-09,WH_C,West,SKU0093,Sports,199,3,50,53
2025-01-09,WH_C,West,SKU0094,Hardware,47,0,48,53
2025-01-09,WH_C,West,SKU0095,Electronics,220,0,46,57
2025-01-09,WH_C,West,SKU0096,Hardware,257,3,44,64
2025-01-09,WH_C,West,SKU0097,Office,184,3,49,108
2025-01-09,WH_C,West,SKU0098,Housewares,116,4,18,96
2025-01-09,WH_C,West,SKU0099,Office,73,4,38,89
2025-01-09,WH_C,West,SKU0100,Office,38,3,30,49
2025-01-10,WH_A,East,SKU0001,Housewares,183,2,34,85
2025-01-10,WH_A,East,SKU0002,Electronics,180,3,35,38
2025-01-10,WH_A,East,SKU0003,Hardware,246,3,28,82
2025-01-10,WH_A,East,SKU0004,Hardware,107,5,33,112
2025-01-10,WH_A,East,SKU0005,Sports,58,5,31,117
2025-01-10,WH_A,East,SKU0006,Sports,167,1,30,81
2025-01-10,WH_A,East,SKU0007,Office,73,4,22,49
2025-01-10,WH_A,East,SKU0008,Electronics,89,4,16,61
2025-01-10,WH_A,East,SKU0009,Hardware,134,0,44,92
2025-01-10,WH_A,East,SKU0010,Electronics,222,0,42,84
2025-01-10,WH_A,East,SKU0011,Hardware,259,0,17,55
2025-01-10,WH_A,East,SKU0012,Housewares,69,2,32,47
2025-01-10,WH_A,East,SKU0013,Electronics,36,4,31,65
2025-01-10,WH_A,East,SKU0014,Electronics,272,2,50,52
2025-01-10,WH_A,East,SKU0015,Housewares,176,0,17,92
2025-01-10,WH_A,East,SKU0016,Housewares,18,1,18,40
2025-01-10,WH_A,East,SKU0017,Hardware,141,2,34,38
2025-01-10,WH_A,East,SKU0018,Housewares,130,1,38,115
2025-01-10,WH_A,East,SKU0019,Sports,187,5,20,80
2025-01-10,WH_A,East,SKU0020,Electronics,80,2,30,44
2025-01-10,WH_A,East,SKU0021,Sports,159,1,47,45
2025-01-10,WH_A,East,SKU0022,Sports,144,1,48,62
2025-01-10,WH_A,East,SKU0023,Hardware,213,2,20,60
2025-01-10,WH_A,East,SKU0024,Electronics,228,6,22,70
2025-01-10,WH_A,East,SKU0025,Office,107,0,39,60
2025-01-10,WH_A,East,SKU0026,Hardware,174,3,28,48
2025-01-10,WH_A,East,SKU0027,Electronics,82,0,26,57
2025-01-10,WH_A,East,SKU0028,Electronics,135,5,43,82
2025-01-10,WH_A,East,SKU0029,Sports,78,2,18,92
2025-01-10,WH_A,East,SKU0030,Housewares,145,2,38,119
2025-01-10,WH_A,East,SKU0031,Sports,47,4,35,99
2025-01-10,WH_A,East,SKU0032,Sports,138,1,45,117
2025-01-10,WH_A,East,SKU0033,Housewares,63,2,32,48
2025-01-10,WH_A,East,SKU0034,Office,114,3,45,77
2025-01-10,WH_A,East,SKU0035,Hardware,133,3,16,112
2025-01-10,WH_A,East,SKU0036,Housewares,190,3,17,114
2025-01-10,WH_A,East,SKU0037,Sports,29,1,30,62
2025-01-10,WH_A,East,SKU0038,Housewares,159,6,39,69
2025-01-10,WH_A,East,SKU0039,Office,181,2,38,117
2025-01-10,WH_A,East,SKU0040,Housewares,46,5,49,60
2025-01-10,WH_A,East,SKU0041,Sports,152,3,39,31
2025-01-10,WH_A,East,SKU0042,Electronics,168,3,31,68
2025-01-10,WH_A,East,SKU0043,Hardware,36,4,30,68
2025-01-10,WH_A,East,SKU0044,Hardware,103,3,25,86
2025-01-10,WH_A,East,SKU0045,Electronics,246,2,35,112
2025-01-10,WH_A,East,SKU0046,Hardware,169,5,17,65
2025-01-10,WH_A,East,SKU0047,Electronics,52,7,46,90
2025-01-10,WH_A,East,SKU0048,Hardware,179,0,36,84
2025-01-10,WH_A,East,SKU0049,Housewares,43,1,25,119
2025-01-10,WH_A,East,SKU0050,Hardware,98,6,47,38
2025-01-10,WH_A,East,SKU0051,Hardware,161,4,41,107
2025-01-10,WH_A,East,SKU0052,Hardware,225,0,35,88
2025-01-10,WH_A,East,SKU0053,Hardware,270,4,16,36
2025-01-10,WH_A,East,SKU0054,Office,173,0,26,110
2025-01-10,WH_A,East,SKU0055,Housewares,130,2,23,30
2025-01-10,WH_A,East,SKU0056,Housewares,123,4,27,110
2025-01-10,WH_A,East,SKU0057,Electronics,143,3,35,103
2025-01-10,WH_A,East,SKU0058,Sports,52,0,22,50
2025-01-10,WH_A,East,SKU0059,Electronics,121,4,48,113
2025-01-10,WH_A,East,SKU0060,Hardware,61,0,41,70
2025-01-10,WH_A,East,SKU0061,Office,127,1,45,47
2025-01-10,WH_A,East,SKU0062,Housewares,93,1,26,117
2025-01-10,WH_A,East,SKU0063,Housewares,162,1,35,66
2025-01-10,WH_A,East,SKU0064,Sports,81,3,20,83
2025-01-10,WH_A,East,SKU0065,Sports,112,2,26,80
2025-01-10,WH_A,East,SKU0066,Sports,128,1,29,32
2025-01-10,WH_A,East,SKU0067,Hardware,48,3,50,112
2025-01-10,WH_A,East,SKU0068,Electronics,244,8,29,41
2025-01-10,WH_A,East,SKU0069,Hardware,182,2,27,63
2025-01-10,WH_A,East,SKU0070,Hardware,266,4,25,36
2025-01-10,WH_A,East,SKU0071,Hardware,187,6,42,106
2025-01-10,WH_A,East,SKU0072,Office,98,2,24,41
2025-01-10,WH_A,East,SKU0073,Office,110,0,25,102
2025-01-10,WH_A,East,SKU0074,Hardware,90,3,15,97
2025-01-10,WH_A,East,SKU0075,Sports,126,5,44,116
2025-01-10,WH_A,East,SKU0076,Hardware,194,3,22,58
2025-01-10,WH_A,East,SKU0077,Office,70,4,27,64
2025-01-10,WH_A,East,SKU0078,Housewares,92,0,46,78
2025-01-10,WH_A,East,SKU0079,Hardware,74,5,42,56
2025-01-10,WH_A,East,SKU0080,Hardware,241,4,28,66
2025-01-10,WH_A,East,SKU0081,Housewares,182,2,27,83
2025-01-10,WH_A,East,SKU0082,Hardware,86,4,41,48
2025-01-10,WH_A,East,SKU0083,Housewares,27,4,33,63
2025-01-10,WH_A,East,SKU0084,Office,90,4,43,61
2025-01-10,WH_A,East,SKU0085,Hardware,162,1,44,40
2025-01-10,WH_A,East,SKU0086,Hardware,30,1,45,47
2025-01-10,WH_A,East,SKU0087,Office,98,2,40,117
2025-01-10,WH_A,East,SKU0088,Housewares,64,0,39,120
2025-01-10,WH_A,East,SKU0089,Electronics,172,3,31,39
2025-01-10,WH_A,East,SKU0090,Electronics,48,3,50,37
2025-01-10,WH_A,East,SKU0091,Electronics,65,5,36,60
2025-01-10,WH_A,East,SKU0092,Housewares,156,3,37,107
2025-01-10,WH_A,East,SKU0093,Sports,202,1,17,30
2025-01-10,WH_A,East,SKU0094,Hardware,111,0,47,109
2025-01-10,WH_A,East,SKU0095,Electronics,175,6,34,80
2025-01-10,WH_A,East,SKU0096,Hardware,261,2,38,46
2025-01-10,WH_A,East,SKU0097,Office,155,3,17,104
2025-01-10,WH_A,East,SKU0098,Housewares,76,0,31,51
2025-01-10,WH_A,East,SKU0099,Office,152,2,46,73
2025-01-10,WH_A,East,SKU0100,Office,140,3,23,41
2025-01-10,WH_B,Central,SKU0001,Housewares,99,2,48,85
2025-01-10,WH_B,Central,SKU0002,Electronics,76,4,31,44
2025-01-10,WH_B,Central,SKU0003,Hardware,144,3,17,46
2025-01-10,WH_B,Central,SKU0004,Hardware,193,2,32,76
2025-01-10,WH_B,Central,SKU0005,Sports,138,3,33,63
2025-01-10,WH_B,Central,SKU0006,Sports,182,6,31,96
2025-01-10,WH_B,Central,SKU0007,Office,110,3,42,51
2025-01-10,WH_B,Central,SKU0008,Electronics,134,0,46,49
2025-01-10,WH_B,Central,SKU0009,Hardware,225,2,43,36
2025-01-10,WH_B,Central,SKU0010,Electronics,99,2,24,36
2025-01-10,WH_B,Central,SKU0011,Hardware,105,0,26,34
2025-01-10,WH_B,Central,SKU0012,Housewares,130,3,31,50
2025-01-10,WH_B,Central,SKU0013,Electronics,297,2,44,85
2025-01-10,WH_B,Central,SKU0014,Electronics,71,4,46,35
2025-01-10,WH_B,Central,SKU0015,Housewares,124,3,37,120
2025-01-10,WH_B,Central,SKU0016,Housewares,155,4,46,88
2025-01-10,WH_B,Central,SKU0017,Hardware,205,3,22,48
2025-01-10,WH_B,Central,SKU0018,Housewares,43,4,37,41
2025-01-10,WH_B,Central,SKU0019,Sports,92,0,33,53
2025-01-10,WH_B,Central,SKU0020,Electronics,84,3,47,64
2025-01-10,WH_B,Central,SKU0021,Sports,171,1,28,104
2025-01-10,WH_B,Central,SKU0022,Sports,0,5,48,103
2025-01-10,WH_B,Central,SKU0023,Hardware,100,0,41,39
2025-01-10,WH_B,Central,SKU0024,Electronics,110,6,46,116
2025-01-10,WH_B,Central,SKU0025,Office,58,4,36,33
2025-01-10,WH_B,Central,SKU0026,Hardware,127,3,22,80
2025-01-10,WH_B,Central,SKU0027,Electronics,159,5,21,71
2025-01-10,WH_B,Central,SKU0028,Electronics,73,1,16,40
2025-01-10,WH_B,Central,SKU0029,Sports,147,2,45,88
2025-01-10,WH_B,Central,SKU0030,Housewares,193,1,32,106
2025-01-10,WH_B,Central,SKU0031,Sports,187,1,15,72
2025-01-10,WH_B,Central,SKU0032,Sports,31,0,43,71
2025-01-10,WH_B,Central,SKU0033,Housewares,160,0,23,57
2025-01-10,WH_B,Central,SKU0034,Office,38,4,33,71
2025-01-10,WH_B,Central,SKU0035,Hardware,30,5,19,100
2025-01-10,WH_B,Central,SKU0036,Housewares,198,3,39,41
2025-01-10,WH_B,Central,SKU0037,Sports,115,8,31,52
2025-01-10,WH_B,Central,SKU0038,Housewares,67,3,40,41
2025-01-10,WH_B,Central,SKU0039,Office,26,5,28,50
2025-01-10,WH_B,Central,SKU0040,Housewares,122,2,40,66
2025-01-10,WH_B,Central,SKU0041,Sports,175,2,24,45
2025-01-10,WH_B,Central,SKU0042,Electronics,124,3,46,85
2025-01-10,WH_B,Central,SKU0043,Hardware,132,0,23,75
2025-01-10,WH_B,Central,SKU0044,Hardware,278,2,21,77
2025-01-10,WH_B,Central,SKU0045,Electronics,198,2,27,92
2025-01-10,WH_B,Central,SKU0046,Hardware,188,0,39,90
2025-01-10,WH_B,Central,SKU0047,Electronics,126,0,42,41
2025-01-10,WH_B,Central,SKU0048,Hardware,196,4,38,108
2025-01-10,WH_B,Central,SKU0049,Housewares,63,1,42,110
2025-01-10,WH_B,Central,SKU0050,Hardware,179,4,20,35
2025-01-10,WH_B,Central,SKU0051,Hardware,211,2,36,89
2025-01-10,WH_B,Central,SKU0052,Hardware,270,1,29,112
2025-01-10,WH_B,Central,SKU0053,Hardware,269,0,24,93
2025-01-10,WH_B,Central,SKU0054,Office,163,3,48,40
2025-01-10,WH_B,Central,SKU0055,Housewares,86,6,44,85
2025-01-10,WH_B,Central,SKU0056,Housewares,40,0,45,68
2025-01-10,WH_B,Central,SKU0057,Electronics,89,3,23,117
2025-01-10,WH_B,Central,SKU0058,Sports,99,2,30,96
2025-01-10,WH_B,Central,SKU0059,Electronics,185,2,33,102
2025-01-10,WH_B,Central,SKU0060,Hardware,50,0,50,39
2025-01-10,WH_B,Central,SKU0061,Office,26,6,47,43
2025-01-10,WH_B,Central,SKU0062,Housewares,142,1,42,82
2025-01-10,WH_B,Central,SKU0063,Housewares,39,0,44,114
2025-01-10,WH_B,Central,SKU0064,Sports,142,2,31,75
2025-01-10,WH_B,Central,SKU0065,Sports,86,2,20,94
2025-01-10,WH_B,Central,SKU0066,Sports,22,3,22,114
2025-01-10,WH_B,Central,SKU0067,Hardware,203,2,26,53
2025-01-10,WH_B,Central,SKU0068,Electronics,162,2,17,40
2025-01-10,WH_B,Central,SKU0069,Hardware,182,5,34,70
2025-01-10,WH_B,Central,SKU0070,Hardware,231,3,44,115
2025-01-10,WH_B,Central,SKU0071,Hardware,192,1,31,73
2025-01-10,WH_B,Central,SKU0072,Office,67,0,28,53
2025-01-10,WH_B,Central,SKU0073,Office,22,3,31,116
2025-01-10,WH_B,Central,SKU0074,Hardware,61,3,42,98
2025-01-10,WH_B,Central,SKU0075,Sports,23,1,15,80
2025-01-10,WH_B,Central,SKU0076,Hardware,68,0,15,51
2025-01-10,WH_B,Central,SKU0077,Office,200,0,45,88
2025-01-10,WH_B,Central,SKU0078,Housewares,195,0,40,114
2025-01-10,WH_B,Central,SKU0079,Hardware,249,2,46,68
2025-01-10,WH_B,Central,SKU0080,Hardware,244,4,38,118
2025-01-10,WH_B,Central,SKU0081,Housewares,192,4,40,68
2025-01-10,WH_B,Central,SKU0082,Hardware,48,0,23,47
2025-01-10,WH_B,Central,SKU0083,Housewares,24,2,27,44
2025-01-10,WH_B,Central,SKU0084,Office,30,2,27,33
2025-01-10,WH_B,Central,SKU0085,Hardware,104,0,45,113
2025-01-10,WH_B,Central,SKU0086,Hardware,98,2,30,85
2025-01-10,WH_B,Central,SKU0087,Office,186,1,49,54
2025-01-10,WH_B,Central,SKU0088,Housewares,45,0,34,89
2025-01-10,WH_B,Central,SKU0089,Electronics,84,2,45,84
2025-01-10,WH_B,Central,SKU0090,Electronics,35,4,22,51
2025-01-10,WH_B,Central,SKU0091,Electronics,70,1,43,92
2025-01-10,WH_B,Central,SKU0092,Housewares,144,7,16,87
2025-01-10,WH_B,Central,SKU0093,Sports,167,4,30,55
2025-01-10,WH_B,Central,SKU0094,Hardware,131,6,40,36
2025-01-10,WH_B,Central,SKU0095,Electronics,129,3,15,43
2025-01-10,WH_B,Central,SKU0096,Hardware,237,0,42,83
2025-01-10,WH_B,Central,SKU0097,Office,148,3,50,67
2025-01-10,WH_B,Central,SKU0098,Housewares,26,2,46,81
2025-01-10,WH_B,Central,SKU0099,Office,174,2,47,105
2025-01-10,WH_B,Central,SKU0100,Office,181,1,46,59
2025-01-10,WH_C,West,SKU0001,Housewares,37,2,48,32
2025-01-10,WH_C,West,SKU0002,Electronics,175,6,35,100
2025-01-10,WH_C,West,SKU0003,Hardware,62,3,32,112
2025-01-10,WH_C,West,SKU0004,Hardware,153,2,45,44
2025-01-10,WH_C,West,SKU0005,Sports,173,2,37,87
2025-01-10,WH_C,West,SKU0006,Sports,209,5,42,32
2025-01-10,WH_C,West,SKU0007,Office,63,1,33,54
2025-01-10,WH_C,West,SKU0008,Electronics,171,4,37,86
2025-01-10,WH_C,West,SKU0009,Hardware,102,3,47,58
2025-01-10,WH_C,West,SKU0010,Electronics,225,2,36,107
2025-01-10,WH_C,West,SKU0011,Hardware,263,3,44,46
2025-01-10,WH_C,West,SKU0012,Housewares,83,5,39,83
2025-01-10,WH_C,West,SKU0013,Electronics,262,0,38,90
2025-01-10,WH_C,West,SKU0014,Electronics,84,3,28,66
2025-01-10,WH_C,West,SKU0015,Housewares,197,5,20,115
2025-01-10,WH_C,West,SKU0016,Housewares,140,2,23,52
2025-01-10,WH_C,West,SKU0017,Hardware,88,4,25,107
2025-01-10,WH_C,West,SKU0018,Housewares,146,2,21,83
2025-01-10,WH_C,West,SKU0019,Sports,126,5,34,60
2025-01-10,WH_C,West,SKU0020,Electronics,89,1,50,36
2025-01-10,WH_C,West,SKU0021,Sports,27,0,37,63
2025-01-10,WH_C,West,SKU0022,Sports,96,0,25,52
2025-01-10,WH_C,West,SKU0023,Hardware,214,1,17,38
2025-01-10,WH_C,West,SKU0024,Electronics,177,1,42,44
2025-01-10,WH_C,West,SKU0025,Office,168,1,29,45
2025-01-10,WH_C,West,SKU0026,Hardware,230,2,29,92
2025-01-10,WH_C,West,SKU0027,Electronics,126,1,36,75
2025-01-10,WH_C,West,SKU0028,Electronics,29,0,50,64
2025-01-10,WH_C,West,SKU0029,Sports,35,1,47,107
2025-01-10,WH_C,West,SKU0030,Housewares,187,1,21,120
2025-01-10,WH_C,West,SKU0031,Sports,44,5,43,88
2025-01-10,WH_C,West,SKU0032,Sports,44,0,21,108
2025-01-10,WH_C,West,SKU0033,Housewares,170,1,21,101
2025-01-10,WH_C,West,SKU0034,Office,23,1,47,43
2025-01-10,WH_C,West,SKU0035,Hardware,80,2,22,56
2025-01-10,WH_C,West,SKU0036,Housewares,105,3,25,67
2025-01-10,WH_C,West,SKU0037,Sports,136,1,47,93
2025-01-10,WH_C,West,SKU0038,Housewares,57,1,24,112
2025-01-10,WH_C,West,SKU0039,Office,96,3,36,47
2025-01-10,WH_C,West,SKU0040,Housewares,42,3,27,86
2025-01-10,WH_C,West,SKU0041,Sports,101,5,15,61
2025-01-10,WH_C,West,SKU0042,Electronics,204,0,36,66
2025-01-10,WH_C,West,SKU0043,Hardware,193,6,25,40
2025-01-10,WH_C,West,SKU0044,Hardware,115,1,38,83
2025-01-10,WH_C,West,SKU0045,Electronics,134,2,30,49
2025-01-10,WH_C,West,SKU0046,Hardware,214,4,41,59
2025-01-10,WH_C,West,SKU0047,Electronics,63,0,42,82
2025-01-10,WH_C,West,SKU0048,Hardware,178,5,44,96
2025-01-10,WH_C,West,SKU0049,Housewares,178,5,38,33
2025-01-10,WH_C,West,SKU0050,Hardware,186,5,24,31
2025-01-10,WH_C,West,SKU0051,Hardware,212,0,19,40
2025-01-10,WH_C,West,SKU0052,Hardware,146,5,35,81
2025-01-10,WH_C,West,SKU0053,Hardware,77,2,42,37
2025-01-10,WH_C,West,SKU0054,Office,118,0,17,114
2025-01-10,WH_C,West,SKU0055,Housewares,200,1,24,103
2025-01-10,WH_C,West,SKU0056,Housewares,39,2,48,67
2025-01-10,WH_C,West,SKU0057,Electronics,190,3,40,117
2025-01-10,WH_C,West,SKU0058,Sports,196,1,50,68
2025-01-10,WH_C,West,SKU0059,Electronics,147,0,37,31
2025-01-10,WH_C,West,SKU0060,Hardware,133,0,48,108
2025-01-10,WH_C,West,SKU0061,Office,69,3,40,87
2025-01-10,WH_C,West,SKU0062,Housewares,190,3,28,99
2025-01-10,WH_C,West,SKU0063,Housewares,161,1,43,119
2025-01-10,WH_C,West,SKU0064,Sports,114,3,40,55
2025-01-10,WH_C,West,SKU0065,Sports,108,3,20,34
2025-01-10,WH_C,West,SKU0066,Sports,147,1,36,79
2025-01-10,WH_C,West,SKU0067,Hardware,73,0,48,99
2025-01-10,WH_C,West,SKU0068,Electronics,145,3,28,41
2025-01-10,WH_C,West,SKU0069,Hardware,222,0,50,69
2025-01-10,WH_C,West,SKU0070,Hardware,226,7,36,111
2025-01-10,WH_C,West,SKU0071,Hardware,70,4,16,33
2025-01-10,WH_C,West,SKU0072,Office,158,0,31,60
2025-01-10,WH_C,West,SKU0073,Office,101,4,42,94
2025-01-10,WH_C,West,SKU0074,Hardware,61,5,18,77
2025-01-10,WH_C,West,SKU0075,Sports,69,0,47,75
2025-01-10,WH_C,West,SKU0076,Hardware,72,3,18,113
2025-01-10,WH_C,West,SKU0077,Office,43,4,43,68
2025-01-10,WH_C,West,SKU0078,Housewares,171,4,15,88
2025-01-10,WH_C,West,SKU0079,Hardware,147,4,30,104
2025-01-10,WH_C,West,SKU0080,Hardware,225,7,49,106
2025-01-10,WH_C,West,SKU0081,Housewares,70,7,37,68
2025-01-10,WH_C,West,SKU0082,Hardware,129,0,23,78
2025-01-10,WH_C,West,SKU0083,Housewares,166,3,30,43
2025-01-10,WH_C,West,SKU0084,Office,111,5,48,104
2025-01-10,WH_C,West,SKU0085,Hardware,99,1,38,88
2025-01-10,WH_C,West,SKU0086,Hardware,72,3,24,84
2025-01-10,WH_C,West,SKU0087,Office,131,0,20,41
2025-01-10,WH_C,West,SKU0088,Housewares,39,1,42,46
2025-01-10,WH_C,West,SKU0089,Electronics,213,4,28,87
2025-01-10,WH_C,West,SKU0090,Electronics,56,3,38,116
2025-01-10,WH_C,West,SKU0091,Electronics,205,6,40,105
2025-01-10,WH_C,West,SKU0092,Housewares,182,3,48,80
2025-01-10,WH_C,West,SKU0093,Sports,102,1,46,111
2025-01-10,WH_C,West,SKU0094,Hardware,171,3,43,118
2025-01-10,WH_C,West,SKU0095,Electronics,207,2,41,50
2025-01-10,WH_C,West,SKU0096,Hardware,83,3,47,46
2025-01-10,WH_C,West,SKU0097,Office,134,4,44,46
2025-01-10,WH_C,West,SKU0098,Housewares,208,3,47,97
2025-01-10,WH_C,West,SKU0099,Office,61,0,28,88
2025-01-10,WH_C,West,SKU0100,Office,145,0,17,50
2025-01-11,WH_A,East,SKU0001,Housewares,151,1,38,45
2025-01-11,WH_A,East,SKU0002,Electronics,234,1,41,44
2025-01-11,WH_A,East,SKU0003,Hardware,67,4,38,103
2025-01-11,WH_A,East,SKU0004,Hardware,128,0,17,96
2025-01-11,WH_A,East,SKU0005,Sports,70,1,22,77
2025-01-11,WH_A,East,SKU0006,Sports,97,3,38,68
2025-01-11,WH_A,East,SKU0007,Office,96,5,46,33
2025-01-11,WH_A,East,SKU0008,Electronics,83,1,24,105
2025-01-11,WH_A,East,SKU0009,Hardware,199,3,18,69
2025-01-11,WH_A,East,SKU0010,Electronics,127,4,28,53
2025-01-11,WH_A,East,SKU0011,Hardware,205,3,15,45
2025-01-11,WH_A,East,SKU0012,Housewares,184,2,37,38
2025-01-11,WH_A,East,SKU0013,Electronics,40,3,41,91
2025-01-11,WH_A,East,SKU0014,Electronics,243,0,34,102
2025-01-11,WH_A,East,SKU0015,Housewares,115,1,36,78
2025-01-11,WH_A,East,SKU0016,Housewares,124,2,23,47
2025-01-11,WH_A,East,SKU0017,Hardware,213,1,44,87
2025-01-11,WH_A,East,SKU0018,Housewares,175,3,43,49
2025-01-11,WH_A,East,SKU0019,Sports,111,0,20,109
2025-01-11,WH_A,East,SKU0020,Electronics,274,4,41,79
2025-01-11,WH_A,East,SKU0021,Sports,88,5,40,73
2025-01-11,WH_A,East,SKU0022,Sports,180,2,17,115
2025-01-11,WH_A,East,SKU0023,Hardware,187,2,32,112
2025-01-11,WH_A,East,SKU0024,Electronics,58,6,25,120
2025-01-11,WH_A,East,SKU0025,Office,12,1,34,101
2025-01-11,WH_A,East,SKU0026,Hardware,272,5,22,112
2025-01-11,WH_A,East,SKU0027,Electronics,224,4,20,54
2025-01-11,WH_A,East,SKU0028,Electronics,252,6,49,103
2025-01-11,WH_A,East,SKU0029,Sports,33,5,48,54
2025-01-11,WH_A,East,SKU0030,Housewares,167,4,47,32
2025-01-11,WH_A,East,SKU0031,Sports,50,4,49,53
2025-01-11,WH_A,East,SKU0032,Sports,20,7,32,56
2025-01-11,WH_A,East,SKU0033,Housewares,83,2,43,40
2025-01-11,WH_A,East,SKU0034,Office,147,5,35,81
2025-01-11,WH_A,East,SKU0035,Hardware,246,2,17,92
2025-01-11,WH_A,East,SKU0036,Housewares,30,0,36,85
2025-01-11,WH_A,East,SKU0037,Sports,67,3,41,33
2025-01-11,WH_A,East,SKU0038,Housewares,172,1,35,78
2025-01-11,WH_A,East,SKU0039,Office,72,1,20,44
2025-01-11,WH_A,East,SKU0040,Housewares,31,5,49,51
2025-01-11,WH_A,East,SKU0041,Sports,108,3,24,53
2025-01-11,WH_A,East,SKU0042,Electronics,131,3,20,49
2025-01-11,WH_A,East,SKU0043,Hardware,136,2,41,116
2025-01-11,WH_A,East,SKU0044,Hardware,85,0,18,108
2025-01-11,WH_A,East,SKU0045,Electronics,146,2,26,33
2025-01-11,WH_A,East,SKU0046,Hardware,55,3,34,79
2025-01-11,WH_A,East,SKU0047,Electronics,61,1,35,48
2025-01-11,WH_A,East,SKU0048,Hardware,175,4,35,63
2025-01-11,WH_A,East,SKU0049,Housewares,104,3,22,36
2025-01-11,WH_A,East,SKU0050,Hardware,101,1,30,106
2025-01-11,WH_A,East,SKU0051,Hardware,232,3,30,93
2025-01-11,WH_A,East,SKU0052,Hardware,198,3,47,79
2025-01-11,WH_A,East,SKU0053,Hardware,59,5,32,37
2025-01-11,WH_A,East,SKU0054,Office,124,1,44,100
2025-01-11,WH_A,East,SKU0055,Housewares,129,1,19,91
2025-01-11,WH_A,East,SKU0056,Housewares,37,0,41,111
2025-01-11,WH_A,East,SKU0057,Electronics,115,1,16,64
2025-01-11,WH_A,East,SKU0058,Sports,158,0,21,61
2025-01-11,WH_A,East,SKU0059,Electronics,235,1,23,68
2025-01-11,WH_A,East,SKU0060,Hardware,236,2,41,87
2025-01-11,WH_A,East,SKU0061,Office,39,3,47,56
2025-01-11,WH_A,East,SKU0062,Housewares,48,3,38,99
2025-01-11,WH_A,East,SKU0063,Housewares,78,1,30,98
2025-01-11,WH_A,East,SKU0064,Sports,139,5,50,87
2025-01-11,WH_A,East,SKU0065,Sports,21,0,15,89
2025-01-11,WH_A,East,SKU0066,Sports,181,1,33,113
2025-01-11,WH_A,East,SKU0067,Hardware,105,3,15,37
2025-01-11,WH_A,East,SKU0068,Electronics,192,0,32,106
2025-01-11,WH_A,East,SKU0069,Hardware,128,1,39,74
2025-01-11,WH_A,East,SKU0070,Hardware,253,4,28,104
2025-01-11,WH_A,East,SKU0071,Hardware,205,2,33,35
2025-01-11,WH_A,East,SKU0072,Office,60,4,49,102
2025-01-11,WH_A,East,SKU0073,Office,42,2,34,41
2025-01-11,WH_A,East,SKU0074,Hardware,170,2,22,47
2025-01-11,WH_A,East,SKU0075,Sports,147,3,32,85
2025-01-11,WH_A,East,SKU0076,Hardware,121,1,47,70
2025-01-11,WH_A,East,SKU0077,Office,186,1,36,111
2025-01-11,WH_A,East,SKU0078,Housewares,93,3,43,64
2025-01-11,WH_A,East,SKU0079,Hardware,113,1,35,73
2025-01-11,WH_A,East,SKU0080,Hardware,103,0,44,106
2025-01-11,WH_A,East,SKU0081,Housewares,105,4,16,118
2025-01-11,WH_A,East,SKU0082,Hardware,63,0,15,107
2025-01-11,WH_A,East,SKU0083,Housewares,156,1,15,31
2025-01-11,WH_A,East,SKU0084,Office,203,2,26,82
2025-01-11,WH_A,East,SKU0085,Hardware,225,3,46,80
2025-01-11,WH_A,East,SKU0086,Hardware,210,3,20,113
2025-01-11,WH_A,East,SKU0087,Office,182,0,19,98
2025-01-11,WH_A,East,SKU0088,Housewares,30,2,43,116
2025-01-11,WH_A,East,SKU0089,Electronics,69,0,37,78
2025-01-11,WH_A,East,SKU0090,Electronics,258,4,37,79
2025-01-11,WH_A,East,SKU0091,Electronics,100,2,15,45
2025-01-11,WH_A,East,SKU0092,Housewares,120,6,38,54
2025-01-11,WH_A,East,SKU0093,Sports,132,1,15,58
2025-01-11,WH_A,East,SKU0094,Hardware,39,5,32,117
2025-01-11,WH_A,East,SKU0095,Electronics,155,5,27,41
2025-01-11,WH_A,East,SKU0096,Hardware,258,0,34,58
2025-01-11,WH_A,East,SKU0097,Office,72,4,46,76
2025-01-11,WH_A,East,SKU0098,Housewares,1,2,32,93
2025-01-11,WH_A,East,SKU0099,Office,185,2,28,30
2025-01-11,WH_A,East,SKU0100,Office,67,2,40,44
2025-01-11,WH_B,Central,SKU0001,Housewares,85,0,47,93
2025-01-11,WH_B,Central,SKU0002,Electronics,111,6,50,54
2025-01-11,WH_B,Central,SKU0003,Hardware,251,6,26,38
2025-01-11,WH_B,Central,SKU0004,Hardware,234,3,23,38
2025-01-11,WH_B,Central,SKU0005,Sports,51,1,31,102
2025-01-11,WH_B,Central,SKU0006,Sports,87,3,48,65
2025-01-11,WH_B,Central,SKU0007,Office,64,0,16,118
2025-01-11,WH_B,Central,SKU0008,Electronics,261,0,49,108
2025-01-11,WH_B,Central,SKU0009,Hardware,117,0,50,88
2025-01-11,WH_B,Central,SKU0010,Electronics,25,5,42,112
2025-01-11,WH_B,Central,SKU0011,Hardware,280,2,18,71
2025-01-11,WH_B,Central,SKU0012,Housewares,129,6,41,65
2025-01-11,WH_B,Central,SKU0013,Electronics,76,2,48,89
2025-01-11,WH_B,Central,SKU0014,Electronics,190,3,38,96
2025-01-11,WH_B,Central,SKU0015,Housewares,39,1,29,36
2025-01-11,WH_B,Central,SKU0016,Housewares,93,2,41,98
2025-01-11,WH_B,Central,SKU0017,Hardware,185,0,35,30
2025-01-11,WH_B,Central,SKU0018,Housewares,117,4,27,72
2025-01-11,WH_B,Central,SKU0019,Sports,33,3,16,58
2025-01-11,WH_B,Central,SKU0020,Electronics,266,3,42,39
2025-01-11,WH_B,Central,SKU0021,Sports,80,1,27,51
2025-01-11,WH_B,Central,SKU0022,Sports,117,4,34,38
2025-01-11,WH_B,Central,SKU0023,Hardware,245,3,21,33
2025-01-11,WH_B,Central,SKU0024,Electronics,204,4,42,33
2025-01-11,WH_B,Central,SKU0025,Office,154,5,36,62
2025-01-11,WH_B,Central,SKU0026,Hardware,110,2,21,90
2025-01-11,WH_B,Central,SKU0027,Electronics,139,3,36,36
2025-01-11,WH_B,Central,SKU0028,Electronics,143,0,48,60
2025-01-11,WH_B,Central,SKU0029,Sports,51,0,43,42
2025-01-11,WH_B,Central,SKU0030,Housewares,169,2,43,104
2025-01-11,WH_B,Central,SKU0031,Sports,65,4,20,37
2025-01-11,WH_B,Central,SKU0032,Sports,26,3,39,70
2025-01-11,WH_B,Central,SKU0033,Housewares,190,3,19,46
2025-01-11,WH_B,Central,SKU0034,Office,35,4,43,37
2025-01-11,WH_B,Central,SKU0035,Hardware,145,3,42,38
2025-01-11,WH_B,Central,SKU0036,Housewares,42,4,18,101
2025-01-11,WH_B,Central,SKU0037,Sports,32,0,33,78
2025-01-11,WH_B,Central,SKU0038,Housewares,117,3,21,109
2025-01-11,WH_B,Central,SKU0039,Office,134,2,29,106
2025-01-11,WH_B,Central,SKU0040,Housewares,175,3,15,88
2025-01-11,WH_B,Central,SKU0041,Sports,119,3,44,84
2025-01-11,WH_B,Central,SKU0042,Electronics,258,5,21,73
2025-01-11,WH_B,Central,SKU0043,Hardware,254,1,16,88
2025-01-11,WH_B,Central,SKU0044,Hardware,202,4,36,105
2025-01-11,WH_B,Central,SKU0045,Electronics,111,2,21,43
2025-01-11,WH_B,Central,SKU0046,Hardware,29,5,19,105
2025-01-11,WH_B,Central,SKU0047,Electronics,101,3,23,111
2025-01-11,WH_B,Central,SKU0048,Hardware,198,4,31,75
2025-01-11,WH_B,Central,SKU0049,Housewares,117,0,45,109
2025-01-11,WH_B,Central,SKU0050,Hardware,182,1,26,61
2025-01-11,WH_B,Central,SKU0051,Hardware,74,0,17,37
2025-01-11,WH_B,Central,SKU0052,Hardware,82,5,34,104
2025-01-11,WH_B,Central,SKU0053,Hardware,163,4,47,113
2025-01-11,WH_B,Central,SKU0054,Office,102,4,34,104
2025-01-11,WH_B,Central,SKU0055,Housewares,157,3,24,48
2025-01-11,WH_B,Central,SKU0056,Housewares,138,5,34,107
2025-01-11,WH_B,Central,SKU0057,Electronics,137,4,33,77
2025-01-11,WH_B,Central,SKU0058,Sports,33,4,48,105
2025-01-11,WH_B,Central,SKU0059,Electronics,286,1,24,37
2025-01-11,WH_B,Central,SKU0060,Hardware,121,2,47,101
2025-01-11,WH_B,Central,SKU0061,Office,45,2,42,74
2025-01-11,WH_B,Central,SKU0062,Housewares,66,5,27,111
2025-01-11,WH_B,Central,SKU0063,Housewares,66,0,19,73
2025-01-11,WH_B,Central,SKU0064,Sports,62,4,45,118
2025-01-11,WH_B,Central,SKU0065,Sports,210,3,44,106
2025-01-11,WH_B,Central,SKU0066,Sports,210,0,36,104
2025-01-11,WH_B,Central,SKU0067,Hardware,225,2,36,108
2025-01-11,WH_B,Central,SKU0068,Electronics,133,3,41,72
2025-01-11,WH_B,Central,SKU0069,Hardware,92,2,21,88
2025-01-11,WH_B,Central,SKU0070,Hardware,43,2,46,58
2025-01-11,WH_B,Central,SKU0071,Hardware,18,2,29,118
2025-01-11,WH_B,Central,SKU0072,Office,76,2,44,109
2025-01-11,WH_B,Central,SKU0073,Office,74,3,30,91
2025-01-11,WH_B,Central,SKU0074,Hardware,141,5,39,56
2025-01-11,WH_B,Central,SKU0075,Sports,110,1,26,30
2025-01-11,WH_B,Central,SKU0076,Hardware,184,0,15,39
2025-01-11,WH_B,Central,SKU0077,Office,97,4,16,101
2025-01-11,WH_B,Central,SKU0078,Housewares,28,2,24,67
2025-01-11,WH_B,Central,SKU0079,Hardware,206,0,27,110
2025-01-11,WH_B,Central,SKU0080,Hardware,216,0,38,35
2025-01-11,WH_B,Central,SKU0081,Housewares,35,5,27,55
2025-01-11,WH_B,Central,SKU0082,Hardware,123,4,26,58
2025-01-11,WH_B,Central,SKU0083,Housewares,100,6,26,73
2025-01-11,WH_B,Central,SKU0084,Office,158,0,30,52
2025-01-11,WH_B,Central,SKU0085,Hardware,89,2,16,52
2025-01-11,WH_B,Central,SKU0086,Hardware,119,2,21,32
2025-01-11,WH_B,Central,SKU0087,Office,204,5,23,78
2025-01-11,WH_B,Central,SKU0088,Housewares,185,5,22,73
2025-01-11,WH_B,Central,SKU0089,Electronics,105,3,34,88
2025-01-11,WH_B,Central,SKU0090,Electronics,122,3,38,77
2025-01-11,WH_B,Central,SKU0091,Electronics,285,0,25,97
2025-01-11,WH_B,Central,SKU0092,Housewares,173,2,42,38
2025-01-11,WH_B,Central,SKU0093,Sports,54,5,24,46
2025-01-11,WH_B,Central,SKU0094,Hardware,94,0,27,98
2025-01-11,WH_B,Central,SKU0095,Electronics,170,4,38,70
2025-01-11,WH_B,Central,SKU0096,Hardware,222,2,42,111
2025-01-11,WH_B,Central,SKU0097,Office,66,1,17,108
2025-01-11,WH_B,Central,SKU0098,Housewares,160,4,27,98
2025-01-11,WH_B,Central,SKU0099,Office,96,0,24,71
2025-01-11,WH_B,Central,SKU0100,Office,91,0,18,110
2025-01-11,WH_C,West,SKU0001,Housewares,94,1,23,95
2025-01-11,WH_C,West,SKU0002,Electronics,232,4,46,56
2025-01-11,WH_C,West,SKU0003,Hardware,61,5,45,114
2025-01-11,WH_C,West,SKU0004,Hardware,246,3,19,51
2025-01-11,WH_C,West,SKU0005,Sports,145,3,39,112
2025-01-11,WH_C,West,SKU0006,Sports,154,2,38,93
2025-01-11,WH_C,West,SKU0007,Office,133,3,44,52
2025-01-11,WH_C,West,SKU0008,Electronics,146,1,38,97
2025-01-11,WH_C,West,SKU0009,Hardware,262,5,45,93
2025-01-11,WH_C,West,SKU0010,Electronics,202,2,32,104
2025-01-11,WH_C,West,SKU0011,Hardware,159,1,17,56
2025-01-11,WH_C,West,SKU0012,Housewares,89,3,27,87
2025-01-11,WH_C,West,SKU0013,Electronics,106,4,40,57
2025-01-11,WH_C,West,SKU0014,Electronics,129,6,42,78
2025-01-11,WH_C,West,SKU0015,Housewares,179,2,25,77
2025-01-11,WH_C,West,SKU0016,Housewares,78,0,50,40
2025-01-11,WH_C,West,SKU0017,Hardware,60,0,20,67
2025-01-11,WH_C,West,SKU0018,Housewares,134,2,48,75
2025-01-11,WH_C,West,SKU0019,Sports,64,2,17,89
2025-01-11,WH_C,West,SKU0020,Electronics,216,4,36,84
2025-01-11,WH_C,West,SKU0021,Sports,116,2,44,85
2025-01-11,WH_C,West,SKU0022,Sports,110,4,38,93
2025-01-11,WH_C,West,SKU0023,Hardware,149,1,32,78
2025-01-11,WH_C,West,SKU0024,Electronics,28,2,26,86
2025-01-11,WH_C,West,SKU0025,Office,56,3,31,112
2025-01-11,WH_C,West,SKU0026,Hardware,51,4,37,40
2025-01-11,WH_C,West,SKU0027,Electronics,122,1,47,95
2025-01-11,WH_C,West,SKU0028,Electronics,207,0,20,65
2025-01-11,WH_C,West,SKU0029,Sports,66,4,21,45
2025-01-11,WH_C,West,SKU0030,Housewares,31,3,38,34
2025-01-11,WH_C,West,SKU0031,Sports,155,0,27,72
2025-01-11,WH_C,West,SKU0032,Sports,68,4,36,62
2025-01-11,WH_C,West,SKU0033,Housewares,84,4,32,54
2025-01-11,WH_C,West,SKU0034,Office,191,2,23,99
2025-01-11,WH_C,West,SKU0035,Hardware,125,1,15,68
2025-01-11,WH_C,West,SKU0036,Housewares,92,2,37,81
2025-01-11,WH_C,West,SKU0037,Sports,124,0,15,90
2025-01-11,WH_C,West,SKU0038,Housewares,168,4,47,49
2025-01-11,WH_C,West,SKU0039,Office,131,1,29,59
2025-01-11,WH_C,West,SKU0040,Housewares,70,3,45,59
2025-01-11,WH_C,West,SKU0041,Sports,158,0,50,89
2025-01-11,WH_C,West,SKU0042,Electronics,184,2,36,40
2025-01-11,WH_C,West,SKU0043,Hardware,147,7,27,84
2025-01-11,WH_C,West,SKU0044,Hardware,274,0,41,56
2025-01-11,WH_C,West,SKU0045,Electronics,188,5,43,101
2025-01-11,WH_C,West,SKU0046,Hardware,38,1,38,47
2025-01-11,WH_C,West,SKU0047,Electronics,243,4,23,69
2025-01-11,WH_C,West,SKU0048,Hardware,20,3,46,114
2025-01-11,WH_C,West,SKU0049,Housewares,119,5,36,58
2025-01-11,WH_C,West,SKU0050,Hardware,177,2,42,117
2025-01-11,WH_C,West,SKU0051,Hardware,184,0,49,68
2025-01-11,WH_C,West,SKU0052,Hardware,148,0,16,102
2025-01-11,WH_C,West,SKU0053,Hardware,49,2,23,49
2025-01-11,WH_C,West,SKU0054,Office,116,3,40,78
2025-01-11,WH_C,West,SKU0055,Housewares,59,5,40,38
2025-01-11,WH_C,West,SKU0056,Housewares,171,4,39,54
2025-01-11,WH_C,West,SKU0057,Electronics,189,2,21,72
2025-01-11,WH_C,West,SKU0058,Sports,166,1,43,111
2025-01-11,WH_C,West,SKU0059,Electronics,152,3,20,51
2025-01-11,WH_C,West,SKU0060,Hardware,37,3,50,52
2025-01-11,WH_C,West,SKU0061,Office,24,2,46,33
2025-01-11,WH_C,West,SKU0062,Housewares,63,4,27,38
2025-01-11,WH_C,West,SKU0063,Housewares,129,3,33,56
2025-01-11,WH_C,West,SKU0064,Sports,75,2,33,114
2025-01-11,WH_C,West,SKU0065,Sports,154,1,19,88
2025-01-11,WH_C,West,SKU0066,Sports,39,3,38,96
2025-01-11,WH_C,West,SKU0067,Hardware,46,5,25,71
2025-01-11,WH_C,West,SKU0068,Electronics,168,4,40,50
2025-01-11,WH_C,West,SKU0069,Hardware,57,4,23,98
2025-01-11,WH_C,West,SKU0070,Hardware,172,0,45,38
2025-01-11,WH_C,West,SKU0071,Hardware,169,0,28,46
2025-01-11,WH_C,West,SKU0072,Office,54,2,34,85
2025-01-11,WH_C,West,SKU0073,Office,190,2,45,50
2025-01-11,WH_C,West,SKU0074,Hardware,227,1,34,105
2025-01-11,WH_C,West,SKU0075,Sports,74,4,47,117
2025-01-11,WH_C,West,SKU0076,Hardware,191,5,32,55
2025-01-11,WH_C,West,SKU0077,Office,24,1,24,87
2025-01-11,WH_C,West,SKU0078,Housewares,33,0,40,107
2025-01-11,WH_C,West,SKU0079,Hardware,115,5,48,72
2025-01-11,WH_C,West,SKU0080,Hardware,237,5,46,88
2025-01-11,WH_C,West,SKU0081,Housewares,134,5,17,41
2025-01-11,WH_C,West,SKU0082,Hardware,128,5,44,74
2025-01-11,WH_C,West,SKU0083,Housewares,198,4,34,80
2025-01-11,WH_C,West,SKU0084,Office,190,2,26,83
2025-01-11,WH_C,West,SKU0085,Hardware,118,5,26,109
2025-01-11,WH_C,West,SKU0086,Hardware,180,0,44,79
2025-01-11,WH_C,West,SKU0087,Office,209,2,26,119
2025-01-11,WH_C,West,SKU0088,Housewares,166,5,21,80
2025-01-11,WH_C,West,SKU0089,Electronics,271,0,17,60
2025-01-11,WH_C,West,SKU0090,Electronics,86,0,32,110
2025-01-11,WH_C,West,SKU0091,Electronics,216,3,33,115
2025-01-11,WH_C,West,SKU0092,Housewares,34,0,28,93
2025-01-11,WH_C,West,SKU0093,Sports,140,3,50,45
2025-01-11,WH_C,West,SKU0094,Hardware,173,2,19,43
2025-01-11,WH_C,West,SKU0095,Electronics,199,3,35,82
2025-01-11,WH_C,West,SKU0096,Hardware,186,0,25,62
2025-01-11,WH_C,West,SKU0097,Office,87,1,47,35
2025-01-11,WH_C,West,SKU0098,Housewares,119,5,16,39
2025-01-11,WH_C,West,SKU0099,Office,177,1,44,78
2025-01-11,WH_C,West,SKU0100,Office,89,6,40,54
2025-01-12,WH_A,East,SKU0001,Housewares,108,3,17,31
2025-01-12,WH_A,East,SKU0002,Electronics,126,3,22,120
2025-01-12,WH_A,East,SKU0003,Hardware,75,0,35,115
2025-01-12,WH_A,East,SKU0004,Hardware,185,3,46,89
2025-01-12,WH_A,East,SKU0005,Sports,29,3,20,100
2025-01-12,WH_A,East,SKU0006,Sports,194,4,30,86
2025-01-12,WH_A,East,SKU0007,Office,42,7,45,65
2025-01-12,WH_A,East,SKU0008,Electronics,93,2,25,32
2025-01-12,WH_A,East,SKU0009,Hardware,255,7,21,52
2025-01-12,WH_A,East,SKU0010,Electronics,118,2,22,98
2025-01-12,WH_A,East,SKU0011,Hardware,144,3,25,39
2025-01-12,WH_A,East,SKU0012,Housewares,194,2,15,116
2025-01-12,WH_A,East,SKU0013,Electronics,118,0,24,86
2025-01-12,WH_A,East,SKU0014,Electronics,159,5,26,57
2025-01-12,WH_A,East,SKU0015,Housewares,22,3,49,57
2025-01-12,WH_A,East,SKU0016,Housewares,117,3,18,111
2025-01-12,WH_A,East,SKU0017,Hardware,210,1,21,79
2025-01-12,WH_A,East,SKU0018,Housewares,188,2,34,86
2025-01-12,WH_A,East,SKU0019,Sports,36,0,15,36
2025-01-12,WH_A,East,SKU0020,Electronics,158,2,27,61
2025-01-12,WH_A,East,SKU0021,Sports,104,6,30,55
2025-01-12,WH_A,East,SKU0022,Sports,34,1,16,83
2025-01-12,WH_A,East,SKU0023,Hardware,28,6,15,73
2025-01-12,WH_A,East,SKU0024,Electronics,102,1,19,58
2025-01-12,WH_A,East,SKU0025,Office,55,3,25,51
2025-01-12,WH_A,East,SKU0026,Hardware,45,2,41,95
2025-01-12,WH_A,East,SKU0027,Electronics,58,3,35,71
2025-01-12,WH_A,East,SKU0028,Electronics,222,6,27,109
2025-01-12,WH_A,East,SKU0029,Sports,60,6,49,80
2025-01-12,WH_A,East,SKU0030,Housewares,127,3,22,59
2025-01-12,WH_A,East,SKU0031,Sports,82,1,21,75
2025-01-12,WH_A,East,SKU0032,Sports,110,0,26,31
2025-01-12,WH_A,East,SKU0033,Housewares,114,1,35,31
2025-01-12,WH_A,East,SKU0034,Office,106,2,28,88
2025-01-12,WH_A,East,SKU0035,Hardware,110,4,19,114
2025-01-12,WH_A,East,SKU0036,Housewares,93,1,38,35
2025-01-12,WH_A,East,SKU0037,Sports,40,3,28,82
2025-01-12,WH_A,East,SKU0038,Housewares,106,4,46,43
2025-01-12,WH_A,East,SKU0039,Office,157,1,25,62
2025-01-12,WH_A,East,SKU0040,Housewares,37,1,35,110
2025-01-12,WH_A,East,SKU0041,Sports,194,3,39,116
2025-01-12,WH_A,East,SKU0042,Electronics,282,2,23,72
2025-01-12,WH_A,East,SKU0043,Hardware,89,3,35,115
2025-01-12,WH_A,East,SKU0044,Hardware,195,1,19,72
2025-01-12,WH_A,East,SKU0045,Electronics,16,1,43,78
2025-01-12,WH_A,East,SKU0046,Hardware,214,1,29,94
2025-01-12,WH_A,East,SKU0047,Electronics,235,3,15,59
2025-01-12,WH_A,East,SKU0048,Hardware,40,0,22,69
2025-01-12,WH_A,East,SKU0049,Housewares,89,5,42,61
2025-01-12,WH_A,East,SKU0050,Hardware,237,1,20,37
2025-01-12,WH_A,East,SKU0051,Hardware,88,2,38,93
2025-01-12,WH_A,East,SKU0052,Hardware,110,0,27,49
2025-01-12,WH_A,East,SKU0053,Hardware,159,0,28,112
2025-01-12,WH_A,East,SKU0054,Office,24,3,30,106
2025-01-12,WH_A,East,SKU0055,Housewares,147,2,36,47
2025-01-12,WH_A,East,SKU0056,Housewares,101,5,35,112
2025-01-12,WH_A,East,SKU0057,Electronics,56,3,48,83
2025-01-12,WH_A,East,SKU0058,Sports,165,3,33,33
2025-01-12,WH_A,East,SKU0059,Electronics,119,2,36,73
2025-01-12,WH_A,East,SKU0060,Hardware,132,4,28,99
2025-01-12,WH_A,East,SKU0061,Office,38,5,30,117
2025-01-12,WH_A,East,SKU0062,Housewares,201,0,29,107
2025-01-12,WH_A,East,SKU0063,Housewares,112,5,48,71
2025-01-12,WH_A,East,SKU0064,Sports,57,2,43,110
2025-01-12,WH_A,East,SKU0065,Sports,10,6,19,92
2025-01-12,WH_A,East,SKU0066,Sports,53,1,27,36
2025-01-12,WH_A,East,SKU0067,Hardware,256,1,24,56
2025-01-12,WH_A,East,SKU0068,Electronics,78,4,20,52
2025-01-12,WH_A,East,SKU0069,Hardware,247,3,50,56
2025-01-12,WH_A,East,SKU0070,Hardware,141,0,47,40
2025-01-12,WH_A,East,SKU0071,Hardware,163,2,44,69
2025-01-12,WH_A,East,SKU0072,Office,46,0,27,61
2025-01-12,WH_A,East,SKU0073,Office,117,1,26,107
2025-01-12,WH_A,East,SKU0074,Hardware,106,4,34,66
2025-01-12,WH_A,East,SKU0075,Sports,161,2,43,111
2025-01-12,WH_A,East,SKU0076,Hardware,108,1,32,91
2025-01-12,WH_A,East,SKU0077,Office,37,3,38,80
2025-01-12,WH_A,East,SKU0078,Housewares,96,0,25,90
2025-01-12,WH_A,East,SKU0079,Hardware,188,3,42,94
2025-01-12,WH_A,East,SKU0080,Hardware,267,3,42,49
2025-01-12,WH_A,East,SKU0081,Housewares,151,2,16,78
2025-01-12,WH_A,East,SKU0082,Hardware,183,6,20,68
2025-01-12,WH_A,East,SKU0083,Housewares,150,3,49,49
2025-01-12,WH_A,East,SKU0084,Office,182,3,26,62
2025-01-12,WH_A,East,SKU0085,Hardware,180,1,44,69
2025-01-12,WH_A,East,SKU0086,Hardware,190,3,33,78
2025-01-12,WH_A,East,SKU0087,Office,140,0,45,39
2025-01-12,WH_A,East,SKU0088,Housewares,94,4,23,90
2025-01-12,WH_A,East,SKU0089,Electronics,106,3,24,54
2025-01-12,WH_A,East,SKU0090,Electronics,37,2,15,94
2025-01-12,WH_A,East,SKU0091,Electronics,173,3,46,81
2025-01-12,WH_A,East,SKU0092,Housewares,126,2,40,77
2025-01-12,WH_A,East,SKU0093,Sports,124,2,46,69
2025-01-12,WH_A,East,SKU0094,Hardware,267,0,19,82
2025-01-12,WH_A,East,SKU0095,Electronics,29,4,22,79
2025-01-12,WH_A,East,SKU0096,Hardware,228,2,25,54
2025-01-12,WH_A,East,SKU0097,Office,139,1,31,74
2025-01-12,WH_A,East,SKU0098,Housewares,147,5,46,111
2025-01-12,WH_A,East,SKU0099,Office,211,6,38,119
2025-01-12,WH_A,East,SKU0100,Office,31,5,39,84
2025-01-12,WH_B,Central,SKU0001,Housewares,73,1,30,91
2025-01-12,WH_B,Central,SKU0002,Electronics,15,6,38,110
2025-01-12,WH_B,Central,SKU0003,Hardware,271,2,16,119
2025-01-12,WH_B,Central,SKU0004,Hardware,256,4,24,63
2025-01-12,WH_B,Central,SKU0005,Sports,170,0,44,117
2025-01-12,WH_B,Central,SKU0006,Sports,61,0,31,61
2025-01-12,WH_B,Central,SKU0007,Office,165,0,25,31
2025-01-12,WH_B,Central,SKU0008,Electronics,54,3,20,112
2025-01-12,WH_B,Central,SKU0009,Hardware,145,0,40,120
2025-01-12,WH_B,Central,SKU0010,Electronics,237,1,20,96
2025-01-12,WH_B,Central,SKU0011,Hardware,115,6,42,51
2025-01-12,WH_B,Central,SKU0012,Housewares,120,4,31,118
2025-01-12,WH_B,Central,SKU0013,Electronics,143,1,47,98
2025-01-12,WH_B,Central,SKU0014,Electronics,248,2,39,105
2025-01-12,WH_B,Central,SKU0015,Housewares,96,2,41,41
2025-01-12,WH_B,Central,SKU0016,Housewares,51,1,37,48
2025-01-12,WH_B,Central,SKU0017,Hardware,111,3,28,80
2025-01-12,WH_B,Central,SKU0018,Housewares,201,0,34,30
2025-01-12,WH_B,Central,SKU0019,Sports,72,0,46,30
2025-01-12,WH_B,Central,SKU0020,Electronics,55,2,19,119
2025-01-12,WH_B,Central,SKU0021,Sports,119,1,48,83
2025-01-12,WH_B,Central,SKU0022,Sports,205,1,33,85
2025-01-12,WH_B,Central,SKU0023,Hardware,112,3,26,77
2025-01-12,WH_B,Central,SKU0024,Electronics,94,3,23,55
2025-01-12,WH_B,Central,SKU0025,Office,169,1,26,94
2025-01-12,WH_B,Central,SKU0026,Hardware,55,1,43,102
2025-01-12,WH_B,Central,SKU0027,Electronics,103,0,26,55
2025-01-12,WH_B,Central,SKU0028,Electronics,49,6,26,54
2025-01-12,WH_B,Central,SKU0029,Sports,87,2,41,86
2025-01-12,WH_B,Central,SKU0030,Housewares,173,4,21,111
2025-01-12,WH_B,Central,SKU0031,Sports,53,6,20,67
2025-01-12,WH_B,Central,SKU0032,Sports,60,3,39,45
2025-01-12,WH_B,Central,SKU0033,Housewares,89,5,19,73
2025-01-12,WH_B,Central,SKU0034,Office,37,1,30,91
2025-01-12,WH_B,Central,SKU0035,Hardware,196,0,21,31
2025-01-12,WH_B,Central,SKU0036,Housewares,39,4,32,30
2025-01-12,WH_B,Central,SKU0037,Sports,176,2,17,42
2025-01-12,WH_B,Central,SKU0038,Housewares,60,1,48,30
2025-01-12,WH_B,Central,SKU0039,Office,121,1,48,64
2025-01-12,WH_B,Central,SKU0040,Housewares,140,0,45,73
2025-01-12,WH_B,Central,SKU0041,Sports,175,2,42,73
2025-01-12,WH_B,Central,SKU0042,Electronics,152,2,36,70
2025-01-12,WH_B,Central,SKU0043,Hardware,115,1,38,115
2025-01-12,WH_B,Central,SKU0044,Hardware,156,6,39,108
2025-01-12,WH_B,Central,SKU0045,Electronics,41,2,37,72
2025-01-12,WH_B,Central,SKU0046,Hardware,73,10,15,88
2025-01-12,WH_B,Central,SKU0047,Electronics,264,3,40,47
2025-01-12,WH_B,Central,SKU0048,Hardware,29,1,22,97
2025-01-12,WH_B,Central,SKU0049,Housewares,83,0,30,77
2025-01-12,WH_B,Central,SKU0050,Hardware,188,0,45,95
2025-01-12,WH_B,Central,SKU0051,Hardware,184,3,27,30
2025-01-12,WH_B,Central,SKU0052,Hardware,260,2,35,32
2025-01-12,WH_B,Central,SKU0053,Hardware,251,3,38,35
2025-01-12,WH_B,Central,SKU0054,Office,91,2,43,59
2025-01-12,WH_B,Central,SKU0055,Housewares,166,1,46,81
2025-01-12,WH_B,Central,SKU0056,Housewares,154,5,20,74
2025-01-12,WH_B,Central,SKU0057,Electronics,173,5,45,114
2025-01-12,WH_B,Central,SKU0058,Sports,209,0,21,79
2025-01-12,WH_B,Central,SKU0059,Electronics,122,8,27,48
2025-01-12,WH_B,Central,SKU0060,Hardware,231,2,47,34
2025-01-12,WH_B,Central,SKU0061,Office,54,1,46,41
2025-01-12,WH_B,Central,SKU0062,Housewares,101,1,50,89
2025-01-12,WH_B,Central,SKU0063,Housewares,42,0,43,44
2025-01-12,WH_B,Central,SKU0064,Sports,143,0,49,60
2025-01-12,WH_B,Central,SKU0065,Sports,81,0,28,51
2025-01-12,WH_B,Central,SKU0066,Sports,180,4,20,43
2025-01-12,WH_B,Central,SKU0067,Hardware,185,2,16,50
2025-01-12,WH_B,Central,SKU0068,Electronics,152,3,39,65
2025-01-12,WH_B,Central,SKU0069,Hardware,120,2,31,115
2025-01-12,WH_B,Central,SKU0070,Hardware,193,0,22,115
2025-01-12,WH_B,Central,SKU0071,Hardware,71,4,49,111
2025-01-12,WH_B,Central,SKU0072,Office,157,4,20,118
2025-01-12,WH_B,Central,SKU0073,Office,87,5,29,103
2025-01-12,WH_B,Central,SKU0074,Hardware,223,4,19,112
2025-01-12,WH_B,Central,SKU0075,Sports,103,4,39,78
2025-01-12,WH_B,Central,SKU0076,Hardware,248,5,50,85
2025-01-12,WH_B,Central,SKU0077,Office,64,1,29,63
2025-01-12,WH_B,Central,SKU0078,Housewares,39,0,33,41
2025-01-12,WH_B,Central,SKU0079,Hardware,68,6,20,73
2025-01-12,WH_B,Central,SKU0080,Hardware,266,3,27,44
2025-01-12,WH_B,Central,SKU0081,Housewares,177,3,38,46
2025-01-12,WH_B,Central,SKU0082,Hardware,144,2,39,103
2025-01-12,WH_B,Central,SKU0083,Housewares,21,4,34,37
2025-01-12,WH_B,Central,SKU0084,Office,165,2,49,54
2025-01-12,WH_B,Central,SKU0085,Hardware,166,4,42,70
2025-01-12,WH_B,Central,SKU0086,Hardware,147,2,23,96
2025-01-12,WH_B,Central,SKU0087,Office,208,5,29,43
2025-01-12,WH_B,Central,SKU0088,Housewares,134,3,15,98
2025-01-12,WH_B,Central,SKU0089,Electronics,195,5,35,48
2025-01-12,WH_B,Central,SKU0090,Electronics,148,0,29,93
2025-01-12,WH_B,Central,SKU0091,Electronics,258,5,44,48
2025-01-12,WH_B,Central,SKU0092,Housewares,170,1,33,48
2025-01-12,WH_B,Central,SKU0093,Sports,177,1,17,106
2025-01-12,WH_B,Central,SKU0094,Hardware,127,7,34,94
2025-01-12,WH_B,Central,SKU0095,Electronics,274,2,22,65
2025-01-12,WH_B,Central,SKU0096,Hardware,285,4,45,110
2025-01-12,WH_B,Central,SKU0097,Office,84,5,46,67
2025-01-12,WH_B,Central,SKU0098,Housewares,193,2,39,37
2025-01-12,WH_B,Central,SKU0099,Office,112,1,24,56
2025-01-12,WH_B,Central,SKU0100,Office,76,3,18,52
2025-01-12,WH_C,West,SKU0001,Housewares,151,0,40,68
2025-01-12,WH_C,West,SKU0002,Electronics,270,2,25,32
2025-01-12,WH_C,West,SKU0003,Hardware,231,4,40,73
2025-01-12,WH_C,West,SKU0004,Hardware,195,5,45,74
2025-01-12,WH_C,West,SKU0005,Sports,133,5,40,39
2025-01-12,WH_C,West,SKU0006,Sports,157,3,33,66
2025-01-12,WH_C,West,SKU0007,Office,206,4,27,119
2025-01-12,WH_C,West,SKU0008,Electronics,220,3,40,42
2025-01-12,WH_C,West,SKU0009,Hardware,73,1,35,104
2025-01-12,WH_C,West,SKU0010,Electronics,59,3,34,88
2025-01-12,WH_C,West,SKU0011,Hardware,282,0,25,103
2025-01-12,WH_C,West,SKU0012,Housewares,49,3,43,119
2025-01-12,WH_C,West,SKU0013,Electronics,211,3,33,48
2025-01-12,WH_C,West,SKU0014,Electronics,105,0,28,55
2025-01-12,WH_C,West,SKU0015,Housewares,174,3,15,76
2025-01-12,WH_C,West,SKU0016,Housewares,153,1,21,116
2025-01-12,WH_C,West,SKU0017,Hardware,84,1,39,84
2025-01-12,WH_C,West,SKU0018,Housewares,209,5,25,37
2025-01-12,WH_C,West,SKU0019,Sports,28,1,37,90
2025-01-12,WH_C,West,SKU0020,Electronics,68,1,18,45
2025-01-12,WH_C,West,SKU0021,Sports,158,2,36,105
2025-01-12,WH_C,West,SKU0022,Sports,135,0,24,110
2025-01-12,WH_C,West,SKU0023,Hardware,180,1,30,34
2025-01-12,WH_C,West,SKU0024,Electronics,70,2,30,80
2025-01-12,WH_C,West,SKU0025,Office,132,0,34,118
2025-01-12,WH_C,West,SKU0026,Hardware,250,3,26,113
2025-01-12,WH_C,West,SKU0027,Electronics,172,3,20,89
2025-01-12,WH_C,West,SKU0028,Electronics,261,0,39,65
2025-01-12,WH_C,West,SKU0029,Sports,178,2,43,77
2025-01-12,WH_C,West,SKU0030,Housewares,41,4,22,44
2025-01-12,WH_C,West,SKU0031,Sports,56,4,22,92
2025-01-12,WH_C,West,SKU0032,Sports,176,3,47,58
2025-01-12,WH_C,West,SKU0033,Housewares,27,1,45,65
2025-01-12,WH_C,West,SKU0034,Office,193,2,21,105
2025-01-12,WH_C,West,SKU0035,Hardware,108,0,39,91
2025-01-12,WH_C,West,SKU0036,Housewares,197,1,42,68
2025-01-12,WH_C,West,SKU0037,Sports,152,5,23,42
2025-01-12,WH_C,West,SKU0038,Housewares,110,5,19,98
2025-01-12,WH_C,West,SKU0039,Office,75,7,40,119
2025-01-12,WH_C,West,SKU0040,Housewares,30,2,40,101
2025-01-12,WH_C,West,SKU0041,Sports,160,5,48,92
2025-01-12,WH_C,West,SKU0042,Electronics,42,1,48,104
2025-01-12,WH_C,West,SKU0043,Hardware,216,0,22,56
2025-01-12,WH_C,West,SKU0044,Hardware,264,0,22,53
2025-01-12,WH_C,West,SKU0045,Electronics,242,4,26,30
2025-01-12,WH_C,West,SKU0046,Hardware,222,6,43,70
2025-01-12,WH_C,West,SKU0047,Electronics,56,5,17,46
2025-01-12,WH_C,West,SKU0048,Hardware,240,0,28,113
2025-01-12,WH_C,West,SKU0049,Housewares,88,2,20,101
2025-01-12,WH_C,West,SKU0050,Hardware,110,0,17,40
2025-01-12,WH_C,West,SKU0051,Hardware,69,2,47,68
2025-01-12,WH_C,West,SKU0052,Hardware,159,2,49,51
2025-01-12,WH_C,West,SKU0053,Hardware,185,2,15,61
2025-01-12,WH_C,West,SKU0054,Office,76,2,17,96
2025-01-12,WH_C,West,SKU0055,Housewares,71,3,49,86
2025-01-12,WH_C,West,SKU0056,Housewares,45,3,46,118
2025-01-12,WH_C,West,SKU0057,Electronics,153,1,48,75
2025-01-12,WH_C,West,SKU0058,Sports,185,2,49,95
2025-01-12,WH_C,West,SKU0059,Electronics,119,2,21,114
2025-01-12,WH_C,West,SKU0060,Hardware,34,4,30,34
2025-01-12,WH_C,West,SKU0061,Office,63,1,24,68
2025-01-12,WH_C,West,SKU0062,Housewares,70,2,23,107
2025-01-12,WH_C,West,SKU0063,Housewares,174,0,28,105
2025-01-12,WH_C,West,SKU0064,Sports,111,4,32,46
2025-01-12,WH_C,West,SKU0065,Sports,180,5,42,39
2025-01-12,WH_C,West,SKU0066,Sports,159,2,31,63
2025-01-12,WH_C,West,SKU0067,Hardware,169,3,25,81
2025-01-12,WH_C,West,SKU0068,Electronics,186,4,20,62
2025-01-12,WH_C,West,SKU0069,Hardware,263,1,42,118
2025-01-12,WH_C,West,SKU0070,Hardware,73,5,49,56
2025-01-12,WH_C,West,SKU0071,Hardware,20,3,32,111
2025-01-12,WH_C,West,SKU0072,Office,198,0,27,77
2025-01-12,WH_C,West,SKU0073,Office,167,3,47,107
2025-01-12,WH_C,West,SKU0074,Hardware,91,0,41,49
2025-01-12,WH_C,West,SKU0075,Sports,113,1,42,78
2025-01-12,WH_C,West,SKU0076,Hardware,43,4,30,39
2025-01-12,WH_C,West,SKU0077,Office,80,4,22,98
2025-01-12,WH_C,West,SKU0078,Housewares,44,0,50,82
2025-01-12,WH_C,West,SKU0079,Hardware,62,1,36,111
2025-01-12,WH_C,West,SKU0080,Hardware,50,2,38,72
2025-01-12,WH_C,West,SKU0081,Housewares,91,2,24,58
2025-01-12,WH_C,West,SKU0082,Hardware,131,0,15,42
2025-01-12,WH_C,West,SKU0083,Housewares,108,2,29,78
2025-01-12,WH_C,West,SKU0084,Office,64,2,22,52
2025-01-12,WH_C,West,SKU0085,Hardware,226,3,34,105
2025-01-12,WH_C,West,SKU0086,Hardware,198,2,21,97
2025-01-12,WH_C,West,SKU0087,Office,107,4,33,100
2025-01-12,WH_C,West,SKU0088,Housewares,102,3,21,36
2025-01-12,WH_C,West,SKU0089,Electronics,100,1,35,79
2025-01-12,WH_C,West,SKU0090,Electronics,88,1,37,116
2025-01-12,WH_C,West,SKU0091,Electronics,221,2,50,106
2025-01-12,WH_C,West,SKU0092,Housewares,130,1,45,105
2025-01-12,WH_C,West,SKU0093,Sports,52,4,31,31
2025-01-12,WH_C,West,SKU0094,Hardware,252,7,47,49
2025-01-12,WH_C,West,SKU0095,Electronics,260,0,23,48
2025-01-12,WH_C,West,SKU0096,Hardware,163,3,32,36
2025-01-12,WH_C,West,SKU0097,Office,182,4,38,120
2025-01-12,WH_C,West,SKU0098,Housewares,90,3,41,120
2025-01-12,WH_C,West,SKU0099,Office,141,2,26,86
2025-01-12,WH_C,West,SKU0100,Office,127,0,44,94
2025-01-13,WH_A,East,SKU0001,Housewares,94,3,32,84
2025-01-13,WH_A,East,SKU0002,Electronics,222,1,29,69
2025-01-13,WH_A,East,SKU0003,Hardware,237,3,20,69
2025-01-13,WH_A,East,SKU0004,Hardware,176,5,35,41
2025-01-13,WH_A,East,SKU0005,Sports,169,5,20,39
2025-01-13,WH_A,East,SKU0006,Sports,104,2,20,51
2025-01-13,WH_A,East,SKU0007,Office,154,2,18,40
2025-01-13,WH_A,East,SKU0008,Electronics,130,4,50,93
2025-01-13,WH_A,East,SKU0009,Hardware,24,6,42,116
2025-01-13,WH_A,East,SKU0010,Electronics,198,0,23,91
2025-01-13,WH_A,East,SKU0011,Hardware,216,0,47,117
2025-01-13,WH_A,East,SKU0012,Housewares,190,9,49,119
2025-01-13,WH_A,East,SKU0013,Electronics,71,0,40,31
2025-01-13,WH_A,East,SKU0014,Electronics,247,2,27,30
2025-01-13,WH_A,East,SKU0015,Housewares,129,4,49,74
2025-01-13,WH_A,East,SKU0016,Housewares,71,6,48,117
2025-01-13,WH_A,East,SKU0017,Hardware,247,4,17,107
2025-01-13,WH_A,East,SKU0018,Housewares,127,5,25,116
2025-01-13,WH_A,East,SKU0019,Sports,151,3,29,52
2025-01-13,WH_A,East,SKU0020,Electronics,45,1,38,47
2025-01-13,WH_A,East,SKU0021,Sports,157,2,37,36
2025-01-13,WH_A,East,SKU0022,Sports,119,1,46,78
2025-01-13,WH_A,East,SKU0023,Hardware,95,1,38,44
2025-01-13,WH_A,East,SKU0024,Electronics,147,3,30,99
2025-01-13,WH_A,East,SKU0025,Office,30,0,33,68
2025-01-13,WH_A,East,SKU0026,Hardware,203,1,33,63
2025-01-13,WH_A,East,SKU0027,Electronics,114,4,15,110
2025-01-13,WH_A,East,SKU0028,Electronics,238,6,40,57
2025-01-13,WH_A,East,SKU0029,Sports,97,4,47,34
2025-01-13,WH_A,East,SKU0030,Housewares,132,7,46,37
2025-01-13,WH_A,East,SKU0031,Sports,130,3,15,108
2025-01-13,WH_A,East,SKU0032,Sports,140,5,36,68
2025-01-13,WH_A,East,SKU0033,Housewares,108,1,21,30
2025-01-13,WH_A,East,SKU0034,Office,117,3,26,81
2025-01-13,WH_A,East,SKU0035,Hardware,155,1,15,42
2025-01-13,WH_A,East,SKU0036,Housewares,112,3,46,55
2025-01-13,WH_A,East,SKU0037,Sports,50,2,48,95
2025-01-13,WH_A,East,SKU0038,Housewares,73,1,41,45
2025-01-13,WH_A,East,SKU0039,Office,133,2,15,49
2025-01-13,WH_A,East,SKU0040,Housewares,187,4,31,58
2025-01-13,WH_A,East,SKU0041,Sports,132,5,40,77
2025-01-13,WH_A,East,SKU0042,Electronics,154,2,38,84
2025-01-13,WH_A,East,SKU0043,Hardware,104,0,49,64
2025-01-13,WH_A,East,SKU0044,Hardware,76,5,43,114
2025-01-13,WH_A,East,SKU0045,Electronics,193,2,25,47
2025-01-13,WH_A,East,SKU0046,Hardware,124,1,42,30
2025-01-13,WH_A,East,SKU0047,Electronics,149,1,27,44
2025-01-13,WH_A,East,SKU0048,Hardware,96,2,33,35
2025-01-13,WH_A,East,SKU0049,Housewares,45,0,40,83
2025-01-13,WH_A,East,SKU0050,Hardware,138,5,17,50
2025-01-13,WH_A,East,SKU0051,Hardware,259,1,27,91
2025-01-13,WH_A,East,SKU0052,Hardware,261,3,32,45
2025-01-13,WH_A,East,SKU0053,Hardware,182,0,46,100
2025-01-13,WH_A,East,SKU0054,Office,156,5,23,71
2025-01-13,WH_A,East,SKU0055,Housewares,111,1,47,79
2025-01-13,WH_A,East,SKU0056,Housewares,48,1,22,43
2025-01-13,WH_A,East,SKU0057,Electronics,37,0,23,49
2025-01-13,WH_A,East,SKU0058,Sports,96,6,47,31
2025-01-13,WH_A,East,SKU0059,Electronics,263,5,30,36
2025-01-13,WH_A,East,SKU0060,Hardware,273,0,36,84
2025-01-13,WH_A,East,SKU0061,Office,178,2,15,85
2025-01-13,WH_A,East,SKU0062,Housewares,137,3,33,66
2025-01-13,WH_A,East,SKU0063,Housewares,148,4,20,84
2025-01-13,WH_A,East,SKU0064,Sports,94,3,24,95
2025-01-13,WH_A,East,SKU0065,Sports,53,2,30,65
2025-01-13,WH_A,East,SKU0066,Sports,78,4,31,119
2025-01-13,WH_A,East,SKU0067,Hardware,139,5,42,55
2025-01-13,WH_A,East,SKU0068,Electronics,199,3,21,119
2025-01-13,WH_A,East,SKU0069,Hardware,206,0,26,54
2025-01-13,WH_A,East,SKU0070,Hardware,239,5,24,59
2025-01-13,WH_A,East,SKU0071,Hardware,64,3,23,81
2025-01-13,WH_A,East,SKU0072,Office,37,1,32,54
2025-01-13,WH_A,East,SKU0073,Office,52,0,42,32
2025-01-13,WH_A,East,SKU0074,Hardware,239,0,27,41
2025-01-13,WH_A,East,SKU0075,Sports,23,5,39,82
2025-01-13,WH_A,East,SKU0076,Hardware,206,3,34,119
2025-01-13,WH_A,East,SKU0077,Office,176,5,29,58
2025-01-13,WH_A,East,SKU0078,Housewares,119,4,42,91
2025-01-13,WH_A,East,SKU0079,Hardware,52,2,47,84
2025-01-13,WH_A,East,SKU0080,Hardware,245,6,18,68
2025-01-13,WH_A,East,SKU0081,Housewares,40,4,32,76
2025-01-13,WH_A,East,SKU0082,Hardware,137,1,37,83
2025-01-13,WH_A,East,SKU0083,Housewares,93,4,35,36
2025-01-13,WH_A,East,SKU0084,Office,83,2,17,30
2025-01-13,WH_A,East,SKU0085,Hardware,33,1,35,57
2025-01-13,WH_A,East,SKU0086,Hardware,132,3,45,65
2025-01-13,WH_A,East,SKU0087,Office,171,0,21,85
2025-01-13,WH_A,East,SKU0088,Housewares,71,6,31,92
2025-01-13,WH_A,East,SKU0089,Electronics,162,4,36,68
2025-01-13,WH_A,East,SKU0090,Electronics,72,3,21,115
2025-01-13,WH_A,East,SKU0091,Electronics,41,3,50,46
2025-01-13,WH_A,East,SKU0092,Housewares,100,1,38,76
2025-01-13,WH_A,East,SKU0093,Sports,167,3,48,107
2025-01-13,WH_A,East,SKU0094,Hardware,157,3,30,113
2025-01-13,WH_A,East,SKU0095,Electronics,130,4,28,104
2025-01-13,WH_A,East,SKU0096,Hardware,178,3,20,43
2025-01-13,WH_A,East,SKU0097,Office,39,2,22,35
2025-01-13,WH_A,East,SKU0098,Housewares,170,0,27,54
2025-01-13,WH_A,East,SKU0099,Office,213,3,43,42
2025-01-13,WH_A,East,SKU0100,Office,42,5,49,109
2025-01-13,WH_B,Central,SKU0001,Housewares,100,4,34,90
2025-01-13,WH_B,Central,SKU0002,Electronics,98,2,49,49
2025-01-13,WH_B,Central,SKU0003,Hardware,35,6,23,54
2025-01-13,WH_B,Central,SKU0004,Hardware,174,4,50,62
2025-01-13,WH_B,Central,SKU0005,Sports,144,5,37,76
2025-01-13,WH_B,Central,SKU0006,Sports,144,3,22,85
2025-01-13,WH_B,Central,SKU0007,Office,34,3,45,83
2025-01-13,WH_B,Central,SKU0008,Electronics,238,0,47,32
2025-01-13,WH_B,Central,SKU0009,Hardware,94,1,32,119
2025-01-13,WH_B,Central,SKU0010,Electronics,74,2,33,35
2025-01-13,WH_B,Central,SKU0011,Hardware,225,2,18,118
2025-01-13,WH_B,Central,SKU0012,Housewares,56,5,40,93
2025-01-13,WH_B,Central,SKU0013,Electronics,255,4,49,95
2025-01-13,WH_B,Central,SKU0014,Electronics,51,0,25,86
2025-01-13,WH_B,Central,SKU0015,Housewares,152,0,39,101
2025-01-13,WH_B,Central,SKU0016,Housewares,119,0,40,107
2025-01-13,WH_B,Central,SKU0017,Hardware,129,1,28,53
2025-01-13,WH_B,Central,SKU0018,Housewares,15,3,25,103
2025-01-13,WH_B,Central,SKU0019,Sports,67,2,15,95
2025-01-13,WH_B,Central,SKU0020,Electronics,175,4,47,120
2025-01-13,WH_B,Central,SKU0021,Sports,171,8,31,68
2025-01-13,WH_B,Central,SKU0022,Sports,76,4,33,120
2025-01-13,WH_B,Central,SKU0023,Hardware,105,6,50,45
2025-01-13,WH_B,Central,SKU0024,Electronics,95,2,29,35
2025-01-13,WH_B,Central,SKU0025,Office,168,2,30,67
2025-01-13,WH_B,Central,SKU0026,Hardware,37,3,24,65
2025-01-13,WH_B,Central,SKU0027,Electronics,64,5,32,36
2025-01-13,WH_B,Central,SKU0028,Electronics,247,0,30,56
2025-01-13,WH_B,Central,SKU0029,Sports,146,4,22,30
2025-01-13,WH_B,Central,SKU0030,Housewares,179,0,37,110
2025-01-13,WH_B,Central,SKU0031,Sports,167,2,38,71
2025-01-13,WH_B,Central,SKU0032,Sports,29,0,50,63
2025-01-13,WH_B,Central,SKU0033,Housewares,75,1,41,108
2025-01-13,WH_B,Central,SKU0034,Office,91,2,35,37
2025-01-13,WH_B,Central,SKU0035,Hardware,247,4,15,75
2025-01-13,WH_B,Central,SKU0036,Housewares,85,2,32,52
2025-01-13,WH_B,Central,SKU0037,Sports,72,5,16,98
2025-01-13,WH_B,Central,SKU0038,Housewares,187,6,21,118
2025-01-13,WH_B,Central,SKU0039,Office,94,3,31,110
2025-01-13,WH_B,Central,SKU0040,Housewares,201,2,50,56
2025-01-13,WH_B,Central,SKU0041,Sports,130,3,29,71
2025-01-13,WH_B,Central,SKU0042,Electronics,117,2,28,104
2025-01-13,WH_B,Central,SKU0043,Hardware,250,1,40,49
2025-01-13,WH_B,Central,SKU0044,Hardware,199,3,29,85
2025-01-13,WH_B,Central,SKU0045,Electronics,162,4,24,91
2025-01-13,WH_B,Central,SKU0046,Hardware,57,1,46,53
2025-01-13,WH_B,Central,SKU0047,Electronics,185,3,26,52
2025-01-13,WH_B,Central,SKU0048,Hardware,84,1,46,53
2025-01-13,WH_B,Central,SKU0049,Housewares,179,7,33,32
2025-01-13,WH_B,Central,SKU0050,Hardware,110,2,25,52
2025-01-13,WH_B,Central,SKU0051,Hardware,185,3,27,38
2025-01-13,WH_B,Central,SKU0052,Hardware,85,3,19,84
2025-01-13,WH_B,Central,SKU0053,Hardware,108,0,44,112
2025-01-13,WH_B,Central,SKU0054,Office,125,1,21,97
2025-01-13,WH_B,Central,SKU0055,Housewares,46,2,15,107
2025-01-13,WH_B,Central,SKU0056,Housewares,62,7,39,79
2025-01-13,WH_B,Central,SKU0057,Electronics,37,2,22,31
2025-01-13,WH_B,Central,SKU0058,Sports,172,3,17,46
2025-01-13,WH_B,Central,SKU0059,Electronics,134,2,20,64
2025-01-13,WH_B,Central,SKU0060,Hardware,54,4,15,31
2025-01-13,WH_B,Central,SKU0061,Office,56,0,49,73
2025-01-13,WH_B,Central,SKU0062,Housewares,42,3,27,47
2025-01-13,WH_B,Central,SKU0063,Housewares,141,1,43,50
2025-01-13,WH_B,Central,SKU0064,Sports,108,2,36,91
2025-01-13,WH_B,Central,SKU0065,Sports,44,0,30,37
2025-01-13,WH_B,Central,SKU0066,Sports,171,4,32,110
2025-01-13,WH_B,Central,SKU0067,Hardware,223,2,22,32
2025-01-13,WH_B,Central,SKU0068,Electronics,38,0,21,99
2025-01-13,WH_B,Central,SKU0069,Hardware,128,0,21,95
2025-01-13,WH_B,Central,SKU0070,Hardware,169,2,24,30
2025-01-13,WH_B,Central,SKU0071,Hardware,113,2,16,59
2025-01-13,WH_B,Central,SKU0072,Office,136,5,39,48
2025-01-13,WH_B,Central,SKU0073,Office,120,3,33,58
2025-01-13,WH_B,Central,SKU0074,Hardware,273,1,39,117
2025-01-13,WH_B,Central,SKU0075,Sports,55,6,46,51
2025-01-13,WH_B,Central,SKU0076,Hardware,70,6,29,43
2025-01-13,WH_B,Central,SKU0077,Office,76,0,37,39
2025-01-13,WH_B,Central,SKU0078,Housewares,185,3,36,45
2025-01-13,WH_B,Central,SKU0079,Hardware,169,2,20,35
2025-01-13,WH_B,Central,SKU0080,Hardware,234,2,24,52
2025-01-13,WH_B,Central,SKU0081,Housewares,113,0,48,72
2025-01-13,WH_B,Central,SKU0082,Hardware,251,4,26,116
2025-01-13,WH_B,Central,SKU0083,Housewares,131,0,24,115
2025-01-13,WH_B,Central,SKU0084,Office,191,0,34,109
2025-01-13,WH_B,Central,SKU0085,Hardware,141,1,37,43
2025-01-13,WH_B,Central,SKU0086,Hardware,113,3,46,114
2025-01-13,WH_B,Central,SKU0087,Office,107,5,31,39
2025-01-13,WH_B,Central,SKU0088,Housewares,12,0,24,113
2025-01-13,WH_B,Central,SKU0089,Electronics,58,2,35,48
2025-01-13,WH_B,Central,SKU0090,Electronics,160,0,43,91
2025-01-13,WH_B,Central,SKU0091,Electronics,63,4,22,103
2025-01-13,WH_B,Central,SKU0092,Housewares,128,5,32,48
2025-01-13,WH_B,Central,SKU0093,Sports,49,1,35,46
2025-01-13,WH_B,Central,SKU0094,Hardware,82,4,39,75
2025-01-13,WH_B,Central,SKU0095,Electronics,145,3,46,84
2025-01-13,WH_B,Central,SKU0096,Hardware,191,4,41,107
2025-01-13,WH_B,Central,SKU0097,Office,174,2,36,47
2025-01-13,WH_B,Central,SKU0098,Housewares,201,1,30,79
2025-01-13,WH_B,Central,SKU0099,Office,111,0,50,93
2025-01-13,WH_B,Central,SKU0100,Office,166,3,49,93
2025-01-13,WH_C,West,SKU0001,Housewares,154,1,49,59
2025-01-13,WH_C,West,SKU0002,Electronics,170,1,20,104
2025-01-13,WH_C,West,SKU0003,Hardware,180,1,48,103
2025-01-13,WH_C,West,SKU0004,Hardware,266,1,29,119
2025-01-13,WH_C,West,SKU0005,Sports,38,2,30,76
2025-01-13,WH_C,West,SKU0006,Sports,22,0,28,32
2025-01-13,WH_C,West,SKU0007,Office,103,2,50,90
2025-01-13,WH_C,West,SKU0008,Electronics,90,0,22,37
2025-01-13,WH_C,West,SKU0009,Hardware,154,5,38,47
2025-01-13,WH_C,West,SKU0010,Electronics,119,3,44,48
2025-01-13,WH_C,West,SKU0011,Hardware,217,1,41,61
2025-01-13,WH_C,West,SKU0012,Housewares,64,1,29,37
2025-01-13,WH_C,West,SKU0013,Electronics,104,4,22,119
2025-01-13,WH_C,West,SKU0014,Electronics,291,3,24,78
2025-01-13,WH_C,West,SKU0015,Housewares,9,3,42,77
2025-01-13,WH_C,West,SKU0016,Housewares,43,1,21,114
2025-01-13,WH_C,West,SKU0017,Hardware,244,4,19,91
2025-01-13,WH_C,West,SKU0018,Housewares,190,2,25,33
2025-01-13,WH_C,West,SKU0019,Sports,46,2,38,48
2025-01-13,WH_C,West,SKU0020,Electronics,70,0,30,39
2025-01-13,WH_C,West,SKU0021,Sports,2,3,41,49
2025-01-13,WH_C,West,SKU0022,Sports,61,3,45,47
2025-01-13,WH_C,West,SKU0023,Hardware,226,1,34,90
2025-01-13,WH_C,West,SKU0024,Electronics,156,7,36,86
2025-01-13,WH_C,West,SKU0025,Office,175,0,15,66
2025-01-13,WH_C,West,SKU0026,Hardware,78,2,24,37
2025-01-13,WH_C,West,SKU0027,Electronics,256,3,17,107
2025-01-13,WH_C,West,SKU0028,Electronics,100,2,47,50
2025-01-13,WH_C,West,SKU0029,Sports,37,0,40,84
2025-01-13,WH_C,West,SKU0030,Housewares,201,1,44,100
2025-01-13,WH_C,West,SKU0031,Sports,99,3,47,69
2025-01-13,WH_C,West,SKU0032,Sports,71,4,42,50
2025-01-13,WH_C,West,SKU0033,Housewares,97,4,20,96
2025-01-13,WH_C,West,SKU0034,Office,105,2,23,57
2025-01-13,WH_C,West,SKU0035,Hardware,170,2,18,58
2025-01-13,WH_C,West,SKU0036,Housewares,127,0,26,101
2025-01-13,WH_C,West,SKU0037,Sports,177,2,19,118
2025-01-13,WH_C,West,SKU0038,Housewares,130,1,45,70
2025-01-13,WH_C,West,SKU0039,Office,184,0,40,78
2025-01-13,WH_C,West,SKU0040,Housewares,54,1,18,77
2025-01-13,WH_C,West,SKU0041,Sports,190,1,42,54
2025-01-13,WH_C,West,SKU0042,Electronics,122,6,21,43
2025-01-13,WH_C,West,SKU0043,Hardware,64,4,38,107
2025-01-13,WH_C,West,SKU0044,Hardware,142,4,16,60
2025-01-13,WH_C,West,SKU0045,Electronics,126,2,25,99
2025-01-13,WH_C,West,SKU0046,Hardware,69,1,19,57
2025-01-13,WH_C,West,SKU0047,Electronics,255,2,15,69
2025-01-13,WH_C,West,SKU0048,Hardware,101,5,50,55
2025-01-13,WH_C,West,SKU0049,Housewares,193,0,17,60
2025-01-13,WH_C,West,SKU0050,Hardware,127,4,20,102
2025-01-13,WH_C,West,SKU0051,Hardware,238,0,17,102
2025-01-13,WH_C,West,SKU0052,Hardware,193,4,17,36
2025-01-13,WH_C,West,SKU0053,Hardware,132,2,20,69
2025-01-13,WH_C,West,SKU0054,Office,37,2,37,66
2025-01-13,WH_C,West,SKU0055,Housewares,113,1,47,54
2025-01-13,WH_C,West,SKU0056,Housewares,103,0,40,75
2025-01-13,WH_C,West,SKU0057,Electronics,71,3,21,72
2025-01-13,WH_C,West,SKU0058,Sports,136,4,47,42
2025-01-13,WH_C,West,SKU0059,Electronics,200,5,24,33
2025-01-13,WH_C,West,SKU0060,Hardware,235,0,39,91
2025-01-13,WH_C,West,SKU0061,Office,168,5,17,67
2025-01-13,WH_C,West,SKU0062,Housewares,62,3,24,117
2025-01-13,WH_C,West,SKU0063,Housewares,154,0,20,110
2025-01-13,WH_C,West,SKU0064,Sports,30,0,29,57
2025-01-13,WH_C,West,SKU0065,Sports,197,3,24,50
2025-01-13,WH_C,West,SKU0066,Sports,163,3,48,107
2025-01-13,WH_C,West,SKU0067,Hardware,256,3,48,73
2025-01-13,WH_C,West,SKU0068,Electronics,188,0,23,73
2025-01-13,WH_C,West,SKU0069,Hardware,158,4,38,109
2025-01-13,WH_C,West,SKU0070,Hardware,184,4,17,117
2025-01-13,WH_C,West,SKU0071,Hardware,173,2,30,56
2025-01-13,WH_C,West,SKU0072,Office,169,4,19,49
2025-01-13,WH_C,West,SKU0073,Office,168,1,46,42
2025-01-13,WH_C,West,SKU0074,Hardware,46,3,24,69
2025-01-13,WH_C,West,SKU0075,Sports,167,5,20,93
2025-01-13,WH_C,West,SKU0076,Hardware,61,3,44,70
2025-01-13,WH_C,West,SKU0077,Office,71,1,33,50
2025-01-13,WH_C,West,SKU0078,Housewares,37,3,32,103
2025-01-13,WH_C,West,SKU0079,Hardware,148,7,37,41
2025-01-13,WH_C,West,SKU0080,Hardware,39,0,26,120
2025-01-13,WH_C,West,SKU0081,Housewares,150,4,31,90
2025-01-13,WH_C,West,SKU0082,Hardware,108,4,43,113
2025-01-13,WH_C,West,SKU0083,Housewares,69,2,22,102
2025-01-13,WH_C,West,SKU0084,Office,169,0,17,76
2025-01-13,WH_C,West,SKU0085,Hardware,137,5,40,82
2025-01-13,WH_C,West,SKU0086,Hardware,258,2,23,86
2025-01-13,WH_C,West,SKU0087,Office,110,3,47,109
2025-01-13,WH_C,West,SKU0088,Housewares,108,4,38,40
2025-01-13,WH_C,West,SKU0089,Electronics,282,0,41,94
2025-01-13,WH_C,West,SKU0090,Electronics,186,1,31,117
2025-01-13,WH_C,West,SKU0091,Electronics,38,5,18,61
2025-01-13,WH_C,West,SKU0092,Housewares,200,8,50,31
2025-01-13,WH_C,West,SKU0093,Sports,60,3,21,67
2025-01-13,WH_C,West,SKU0094,Hardware,163,1,25,102
2025-01-13,WH_C,West,SKU0095,Electronics,170,5,19,58
2025-01-13,WH_C,West,SKU0096,Hardware,167,1,44,115
2025-01-13,WH_C,West,SKU0097,Office,33,2,37,89
2025-01-13,WH_C,West,SKU0098,Housewares,139,5,49,89
2025-01-13,WH_C,West,SKU0099,Office,33,2,20,53
2025-01-13,WH_C,West,SKU0100,Office,48,0,40,85
2025-01-14,WH_A,East,SKU0001,Housewares,62,1,40,72
2025-01-14,WH_A,East,SKU0002,Electronics,42,3,35,73
2025-01-14,WH_A,East,SKU0003,Hardware,241,1,46,57
2025-01-14,WH_A,East,SKU0004,Hardware,282,6,45,44
2025-01-14,WH_A,East,SKU0005,Sports,107,0,44,34
2025-01-14,WH_A,East,SKU0006,Sports,164,2,24,90
2025-01-14,WH_A,East,SKU0007,Office,58,2,28,70
2025-01-14,WH_A,East,SKU0008,Electronics,232,3,17,106
2025-01-14,WH_A,East,SKU0009,Hardware,158,1,18,76
2025-01-14,WH_A,East,SKU0010,Electronics,177,3,45,57
2025-01-14,WH_A,East,SKU0011,Hardware,52,4,28,32
2025-01-14,WH_A,East,SKU0012,Housewares,190,3,42,64
2025-01-14,WH_A,East,SKU0013,Electronics,127,5,26,40
2025-01-14,WH_A,East,SKU0014,Electronics,77,2,19,65
2025-01-14,WH_A,East,SKU0015,Housewares,124,0,20,68
2025-01-14,WH_A,East,SKU0016,Housewares,133,4,41,97
2025-01-14,WH_A,East,SKU0017,Hardware,110,2,31,53
2025-01-14,WH_A,East,SKU0018,Housewares,35,1,20,84
2025-01-14,WH_A,East,SKU0019,Sports,114,2,34,51
2025-01-14,WH_A,East,SKU0020,Electronics,95,2,37,83
2025-01-14,WH_A,East,SKU0021,Sports,142,2,45,98
2025-01-14,WH_A,East,SKU0022,Sports,202,2,25,119
2025-01-14,WH_A,East,SKU0023,Hardware,199,5,37,118
2025-01-14,WH_A,East,SKU0024,Electronics,223,3,39,31
2025-01-14,WH_A,East,SKU0025,Office,156,2,27,39
2025-01-14,WH_A,East,SKU0026,Hardware,286,2,24,71
2025-01-14,WH_A,East,SKU0027,Electronics,269,4,35,31
2025-01-14,WH_A,East,SKU0028,Electronics,71,1,44,48
2025-01-14,WH_A,East,SKU0029,Sports,134,1,35,44
2025-01-14,WH_A,East,SKU0030,Housewares,163,4,41,63
2025-01-14,WH_A,East,SKU0031,Sports,173,3,15,87
2025-01-14,WH_A,East,SKU0032,Sports,37,1,43,111
2025-01-14,WH_A,East,SKU0033,Housewares,163,0,21,34
2025-01-14,WH_A,East,SKU0034,Office,83,4,27,83
2025-01-14,WH_A,East,SKU0035,Hardware,265,4,49,51
2025-01-14,WH_A,East,SKU0036,Housewares,188,6,39,57
2025-01-14,WH_A,East,SKU0037,Sports,137,1,28,54
2025-01-14,WH_A,East,SKU0038,Housewares,221,2,15,77
2025-01-14,WH_A,East,SKU0039,Office,107,3,16,68
2025-01-14,WH_A,East,SKU0040,Housewares,92,3,47,45
2025-01-14,WH_A,East,SKU0041,Sports,185,2,46,113
2025-01-14,WH_A,East,SKU0042,Electronics,203,2,41,82
2025-01-14,WH_A,East,SKU0043,Hardware,155,3,37,99
2025-01-14,WH_A,East,SKU0044,Hardware,192,0,48,72
2025-01-14,WH_A,East,SKU0045,Electronics,74,2,26,88
2025-01-14,WH_A,East,SKU0046,Hardware,182,5,38,52
2025-01-14,WH_A,East,SKU0047,Electronics,213,0,25,99
2025-01-14,WH_A,East,SKU0048,Hardware,164,1,39,66
2025-01-14,WH_A,East,SKU0049,Housewares,201,2,42,111
2025-01-14,WH_A,East,SKU0050,Hardware,115,2,21,41
2025-01-14,WH_A,East,SKU0051,Hardware,49,0,20,113
2025-01-14,WH_A,East,SKU0052,Hardware,37,0,41,43
2025-01-14,WH_A,East,SKU0053,Hardware,216,2,49,42
2025-01-14,WH_A,East,SKU0054,Office,182,2,43,94
2025-01-14,WH_A,East,SKU0055,Housewares,175,4,17,115
2025-01-14,WH_A,East,SKU0056,Housewares,97,4,41,57
2025-01-14,WH_A,East,SKU0057,Electronics,105,4,44,100
2025-01-14,WH_A,East,SKU0058,Sports,113,3,22,55
2025-01-14,WH_A,East,SKU0059,Electronics,193,2,22,74
2025-01-14,WH_A,East,SKU0060,Hardware,186,3,41,112
2025-01-14,WH_A,East,SKU0061,Office,213,5,40,30
2025-01-14,WH_A,East,SKU0062,Housewares,102,5,29,94
2025-01-14,WH_A,East,SKU0063,Housewares,88,4,32,114
2025-01-14,WH_A,East,SKU0064,Sports,77,3,34,83
2025-01-14,WH_A,East,SKU0065,Sports,195,0,30,30
2025-01-14,WH_A,East,SKU0066,Sports,132,5,17,31
2025-01-14,WH_A,East,SKU0067,Hardware,34,5,24,77
2025-01-14,WH_A,East,SKU0068,Electronics,210,4,35,72
2025-01-14,WH_A,East,SKU0069,Hardware,66,7,42,60
2025-01-14,WH_A,East,SKU0070,Hardware,241,2,40,54
2025-01-14,WH_A,East,SKU0071,Hardware,228,3,40,36
2025-01-14,WH_A,East,SKU0072,Office,152,3,42,46
2025-01-14,WH_A,East,SKU0073,Office,186,1,39,52
2025-01-14,WH_A,East,SKU0074,Hardware,183,4,35,96
2025-01-14,WH_A,East,SKU0075,Sports,69,3,42,59
2025-01-14,WH_A,East,SKU0076,Hardware,48,4,23,94
2025-01-14,WH_A,East,SKU0077,Office,47,0,40,110
2025-01-14,WH_A,East,SKU0078,Housewares,99,7,50,50
2025-01-14,WH_A,East,SKU0079,Hardware,142,7,28,41
2025-01-14,WH_A,East,SKU0080,Hardware,61,2,16,85
2025-01-14,WH_A,East,SKU0081,Housewares,15,6,24,33
2025-01-14,WH_A,East,SKU0082,Hardware,241,4,49,40
2025-01-14,WH_A,East,SKU0083,Housewares,160,2,39,33
2025-01-14,WH_A,East,SKU0084,Office,63,2,44,111
2025-01-14,WH_A,East,SKU0085,Hardware,249,5,37,53
2025-01-14,WH_A,East,SKU0086,Hardware,129,4,29,68
2025-01-14,WH_A,East,SKU0087,Office,62,1,49,61
2025-01-14,WH_A,East,SKU0088,Housewares,116,3,31,114
2025-01-14,WH_A,East,SKU0089,Electronics,36,4,32,40
2025-01-14,WH_A,East,SKU0090,Electronics,79,0,16,111
2025-01-14,WH_A,East,SKU0091,Electronics,225,1,21,44
2025-01-14,WH_A,East,SKU0092,Housewares,136,6,22,43
2025-01-14,WH_A,East,SKU0093,Sports,58,1,33,63
2025-01-14,WH_A,East,SKU0094,Hardware,94,2,20,39
2025-01-14,WH_A,East,SKU0095,Electronics,207,4,38,56
2025-01-14,WH_A,East,SKU0096,Hardware,180,2,21,92
2025-01-14,WH_A,East,SKU0097,Office,41,4,41,39
2025-01-14,WH_A,East,SKU0098,Housewares,136,7,19,56
2025-01-14,WH_A,East,SKU0099,Office,198,1,41,78
2025-01-14,WH_A,East,SKU0100,Office,116,7,43,50
2025-01-14,WH_B,Central,SKU0001,Housewares,65,1,34,31
2025-01-14,WH_B,Central,SKU0002,Electronics,89,4,17,45
2025-01-14,WH_B,Central,SKU0003,Hardware,162,4,37,91
2025-01-14,WH_B,Central,SKU0004,Hardware,248,5,49,30
2025-01-14,WH_B,Central,SKU0005,Sports,56,5,48,62
2025-01-14,WH_B,Central,SKU0006,Sports,48,3,27,107
2025-01-14,WH_B,Central,SKU0007,Office,25,2,49,32
2025-01-14,WH_B,Central,SKU0008,Electronics,209,5,47,49
2025-01-14,WH_B,Central,SKU0009,Hardware,97,1,38,44
2025-01-14,WH_B,Central,SKU0010,Electronics,126,4,16,71
2025-01-14,WH_B,Central,SKU0011,Hardware,53,1,29,40
2025-01-14,WH_B,Central,SKU0012,Housewares,178,1,23,64
2025-01-14,WH_B,Central,SKU0013,Electronics,94,2,45,55
2025-01-14,WH_B,Central,SKU0014,Electronics,48,3,37,120
2025-01-14,WH_B,Central,SKU0015,Housewares,144,3,33,89
2025-01-14,WH_B,Central,SKU0016,Housewares,141,6,42,95
2025-01-14,WH_B,Central,SKU0017,Hardware,184,4,27,62
2025-01-14,WH_B,Central,SKU0018,Housewares,60,6,27,117
2025-01-14,WH_B,Central,SKU0019,Sports,75,0,40,43
2025-01-14,WH_B,Central,SKU0020,Electronics,235,7,34,51
2025-01-14,WH_B,Central,SKU0021,Sports,69,2,46,85
2025-01-14,WH_B,Central,SKU0022,Sports,119,4,42,106
2025-01-14,WH_B,Central,SKU0023,Hardware,134,4,35,109
2025-01-14,WH_B,Central,SKU0024,Electronics,59,1,39,84
2025-01-14,WH_B,Central,SKU0025,Office,58,3,37,77
2025-01-14,WH_B,Central,SKU0026,Hardware,242,0,19,87
2025-01-14,WH_B,Central,SKU0027,Electronics,82,2,17,95
2025-01-14,WH_B,Central,SKU0028,Electronics,112,3,41,67
2025-01-14,WH_B,Central,SKU0029,Sports,174,2,48,75
2025-01-14,WH_B,Central,SKU0030,Housewares,122,1,16,44
2025-01-14,WH_B,Central,SKU0031,Sports,67,3,35,84
2025-01-14,WH_B,Central,SKU0032,Sports,51,4,37,61
2025-01-14,WH_B,Central,SKU0033,Housewares,29,3,28,114
2025-01-14,WH_B,Central,SKU0034,Office,126,4,38,48
2025-01-14,WH_B,Central,SKU0035,Hardware,140,2,22,31
2025-01-14,WH_B,Central,SKU0036,Housewares,110,4,15,72
2025-01-14,WH_B,Central,SKU0037,Sports,67,1,44,102
2025-01-14,WH_B,Central,SKU0038,Housewares,81,3,29,101
2025-01-14,WH_B,Central,SKU0039,Office,35,5,39,66
2025-01-14,WH_B,Central,SKU0040,Housewares,177,5,28,97
2025-01-14,WH_B,Central,SKU0041,Sports,68,5,21,101
2025-01-14,WH_B,Central,SKU0042,Electronics,122,4,19,103
2025-01-14,WH_B,Central,SKU0043,Hardware,244,3,41,117
2025-01-14,WH_B,Central,SKU0044,Hardware,163,2,35,70
2025-01-14,WH_B,Central,SKU0045,Electronics,102,1,27,36
2025-01-14,WH_B,Central,SKU0046,Hardware,193,4,46,35
2025-01-14,WH_B,Central,SKU0047,Electronics,124,2,41,45
2025-01-14,WH_B,Central,SKU0048,Hardware,71,8,43,51
2025-01-14,WH_B,Central,SKU0049,Housewares,184,5,35,105
2025-01-14,WH_B,Central,SKU0050,Hardware,169,3,30,103
2025-01-14,WH_B,Central,SKU0051,Hardware,11,1,33,32
2025-01-14,WH_B,Central,SKU0052,Hardware,252,0,15,89
2025-01-14,WH_B,Central,SKU0053,Hardware,117,0,23,81
2025-01-14,WH_B,Central,SKU0054,Office,28,4,49,97
2025-01-14,WH_B,Central,SKU0055,Housewares,41,3,36,112
2025-01-14,WH_B,Central,SKU0056,Housewares,14,0,19,90
2025-01-14,WH_B,Central,SKU0057,Electronics,44,0,41,68
2025-01-14,WH_B,Central,SKU0058,Sports,81,2,35,74
2025-01-14,WH_B,Central,SKU0059,Electronics,160,3,20,101
2025-01-14,WH_B,Central,SKU0060,Hardware,137,3,46,108
2025-01-14,WH_B,Central,SKU0061,Office,43,0,40,68
2025-01-14,WH_B,Central,SKU0062,Housewares,202,2,44,93
2025-01-14,WH_B,Central,SKU0063,Housewares,180,4,22,77
2025-01-14,WH_B,Central,SKU0064,Sports,186,1,21,33
2025-01-14,WH_B,Central,SKU0065,Sports,75,3,18,31
2025-01-14,WH_B,Central,SKU0066,Sports,52,4,21,71
2025-01-14,WH_B,Central,SKU0067,Hardware,277,6,42,58
2025-01-14,WH_B,Central,SKU0068,Electronics,72,2,20,54
2025-01-14,WH_B,Central,SKU0069,Hardware,150,4,49,30
2025-01-14,WH_B,Central,SKU0070,Hardware,258,3,18,63
2025-01-14,WH_B,Central,SKU0071,Hardware,37,1,22,36
2025-01-14,WH_B,Central,SKU0072,Office,82,2,19,63
2025-01-14,WH_B,Central,SKU0073,Office,114,2,39,64
2025-01-14,WH_B,Central,SKU0074,Hardware,283,6,25,47
2025-01-14,WH_B,Central,SKU0075,Sports,171,1,44,45
2025-01-14,WH_B,Central,SKU0076,Hardware,77,1,35,48
2025-01-14,WH_B,Central,SKU0077,Office,163,0,41,111
2025-01-14,WH_B,Central,SKU0078,Housewares,143,2,22,96
2025-01-14,WH_B,Central,SKU0079,Hardware,218,0,30,103
2025-01-14,WH_B,Central,SKU0080,Hardware,203,1,46,65
2025-01-14,WH_B,Central,SKU0081,Housewares,100,4,45,58
2025-01-14,WH_B,Central,SKU0082,Hardware,68,2,31,67
2025-01-14,WH_B,Central,SKU0083,Housewares,23,8,37,101
2025-01-14,WH_B,Central,SKU0084,Office,99,4,28,118
2025-01-14,WH_B,Central,SKU0085,Hardware,47,2,19,93
2025-01-14,WH_B,Central,SKU0086,Hardware,43,5,28,31
2025-01-14,WH_B,Central,SKU0087,Office,193,1,28,89
2025-01-14,WH_B,Central,SKU0088,Housewares,113,5,27,92
2025-01-14,WH_B,Central,SKU0089,Electronics,80,6,36,56
2025-01-14,WH_B,Central,SKU0090,Electronics,246,2,48,95
2025-01-14,WH_B,Central,SKU0091,Electronics,107,3,34,120
2025-01-14,WH_B,Central,SKU0092,Housewares,135,3,24,94
2025-01-14,WH_B,Central,SKU0093,Sports,47,0,23,58
2025-01-14,WH_B,Central,SKU0094,Hardware,163,4,39,87
2025-01-14,WH_B,Central,SKU0095,Electronics,256,4,47,55
2025-01-14,WH_B,Central,SKU0096,Hardware,176,2,27,38
2025-01-14,WH_B,Central,SKU0097,Office,90,3,42,51
2025-01-14,WH_B,Central,SKU0098,Housewares,196,4,34,103
2025-01-14,WH_B,Central,SKU0099,Office,191,7,21,48
2025-01-14,WH_B,Central,SKU0100,Office,160,3,21,44
2025-01-14,WH_C,West,SKU0001,Housewares,42,5,16,88
2025-01-14,WH_C,West,SKU0002,Electronics,88,1,32,33
2025-01-14,WH_C,West,SKU0003,Hardware,193,2,48,87
2025-01-14,WH_C,West,SKU0004,Hardware,160,0,31,45
2025-01-14,WH_C,West,SKU0005,Sports,149,3,20,75
2025-01-14,WH_C,West,SKU0006,Sports,136,4,28,49
2025-01-14,WH_C,West,SKU0007,Office,113,1,47,85
2025-01-14,WH_C,West,SKU0008,Electronics,204,3,36,36
2025-01-14,WH_C,West,SKU0009,Hardware,199,0,32,77
2025-01-14,WH_C,West,SKU0010,Electronics,60,0,18,113
2025-01-14,WH_C,West,SKU0011,Hardware,147,4,42,54
2025-01-14,WH_C,West,SKU0012,Housewares,100,3,27,81
2025-01-14,WH_C,West,SKU0013,Electronics,100,2,32,97
2025-01-14,WH_C,West,SKU0014,Electronics,240,7,46,96
2025-01-14,WH_C,West,SKU0015,Housewares,127,4,21,117
2025-01-14,WH_C,West,SKU0016,Housewares,32,0,30,44
2025-01-14,WH_C,West,SKU0017,Hardware,85,1,22,36
2025-01-14,WH_C,West,SKU0018,Housewares,39,4,32,60
2025-01-14,WH_C,West,SKU0019,Sports,45,1,49,42
2025-01-14,WH_C,West,SKU0020,Electronics,142,1,29,109
2025-01-14,WH_C,West,SKU0021,Sports,201,2,40,80
2025-01-14,WH_C,West,SKU0022,Sports,118,5,21,58
2025-01-14,WH_C,West,SKU0023,Hardware,268,0,32,93
2025-01-14,WH_C,West,SKU0024,Electronics,100,2,25,56
2025-01-14,WH_C,West,SKU0025,Office,141,4,33,120
2025-01-14,WH_C,West,SKU0026,Hardware,236,0,33,30
2025-01-14,WH_C,West,SKU0027,Electronics,42,0,26,94
2025-01-14,WH_C,West,SKU0028,Electronics,279,5,45,69
2025-01-14,WH_C,West,SKU0029,Sports,207,3,30,51
2025-01-14,WH_C,West,SKU0030,Housewares,96,3,19,51
2025-01-14,WH_C,West,SKU0031,Sports,61,6,36,88
2025-01-14,WH_C,West,SKU0032,Sports,54,2,15,115
2025-01-14,WH_C,West,SKU0033,Housewares,118,2,42,72
2025-01-14,WH_C,West,SKU0034,Office,33,0,26,63
2025-01-14,WH_C,West,SKU0035,Hardware,47,4,25,116
2025-01-14,WH_C,West,SKU0036,Housewares,7,5,37,90
2025-01-14,WH_C,West,SKU0037,Sports,163,2,15,92
2025-01-14,WH_C,West,SKU0038,Housewares,71,3,45,44
2025-01-14,WH_C,West,SKU0039,Office,55,4,16,102
2025-01-14,WH_C,West,SKU0040,Housewares,185,5,33,59
2025-01-14,WH_C,West,SKU0041,Sports,150,5,47,51
2025-01-14,WH_C,West,SKU0042,Electronics,87,0,21,42
2025-01-14,WH_C,West,SKU0043,Hardware,125,4,36,87
2025-01-14,WH_C,West,SKU0044,Hardware,204,0,37,99
2025-01-14,WH_C,West,SKU0045,Electronics,112,0,46,62
2025-01-14,WH_C,West,SKU0046,Hardware,157,7,44,31
2025-01-14,WH_C,West,SKU0047,Electronics,162,7,34,120
2025-01-14,WH_C,West,SKU0048,Hardware,155,5,48,114
2025-01-14,WH_C,West,SKU0049,Housewares,191,3,45,44
2025-01-14,WH_C,West,SKU0050,Hardware,122,5,48,111
2025-01-14,WH_C,West,SKU0051,Hardware,49,2,24,82
2025-01-14,WH_C,West,SKU0052,Hardware,99,3,24,75
2025-01-14,WH_C,West,SKU0053,Hardware,214,4,16,61
2025-01-14,WH_C,West,SKU0054,Office,152,6,42,76
2025-01-14,WH_C,West,SKU0055,Housewares,65,2,20,54
2025-01-14,WH_C,West,SKU0056,Housewares,106,8,21,65
2025-01-14,WH_C,West,SKU0057,Electronics,254,1,49,87
2025-01-14,WH_C,West,SKU0058,Sports,162,4,26,63
2025-01-14,WH_C,West,SKU0059,Electronics,268,4,37,72
2025-01-14,WH_C,West,SKU0060,Hardware,159,2,41,65
2025-01-14,WH_C,West,SKU0061,Office,78,0,27,35
2025-01-14,WH_C,West,SKU0062,Housewares,186,6,48,119
2025-01-14,WH_C,West,SKU0063,Housewares,107,6,22,85
2025-01-14,WH_C,West,SKU0064,Sports,134,2,37,66
2025-01-14,WH_C,West,SKU0065,Sports,48,2,15,93
2025-01-14,WH_C,West,SKU0066,Sports,192,5,24,89
2025-01-14,WH_C,West,SKU0067,Hardware,273,4,24,96
2025-01-14,WH_C,West,SKU0068,Electronics,141,3,50,115
2025-01-14,WH_C,West,SKU0069,Hardware,75,0,34,92
2025-01-14,WH_C,West,SKU0070,Hardware,131,2,19,67
2025-01-14,WH_C,West,SKU0071,Hardware,33,2,44,35
2025-01-14,WH_C,West,SKU0072,Office,100,0,33,105
2025-01-14,WH_C,West,SKU0073,Office,31,3,18,92
2025-01-14,WH_C,West,SKU0074,Hardware,133,3,15,85
2025-01-14,WH_C,West,SKU0075,Sports,115,5,15,36
2025-01-14,WH_C,West,SKU0076,Hardware,102,1,23,74
2025-01-14,WH_C,West,SKU0077,Office,96,4,47,115
2025-01-14,WH_C,West,SKU0078,Housewares,184,4,24,41
2025-01-14,WH_C,West,SKU0079,Hardware,124,1,24,55
2025-01-14,WH_C,West,SKU0080,Hardware,176,1,20,67
2025-01-14,WH_C,West,SKU0081,Housewares,82,3,17,90
2025-01-14,WH_C,West,SKU0082,Hardware,140,2,30,116
2025-01-14,WH_C,West,SKU0083,Housewares,191,3,39,84
2025-01-14,WH_C,West,SKU0084,Office,127,3,21,63
2025-01-14,WH_C,West,SKU0085,Hardware,152,3,34,52
2025-01-14,WH_C,West,SKU0086,Hardware,225,1,42,116
2025-01-14,WH_C,West,SKU0087,Office,104,0,23,117
2025-01-14,WH_C,West,SKU0088,Housewares,69,2,31,47
2025-01-14,WH_C,West,SKU0089,Electronics,162,1,50,55
2025-01-14,WH_C,West,SKU0090,Electronics,143,3,34,40
2025-01-14,WH_C,West,SKU0091,Electronics,135,3,44,99
2025-01-14,WH_C,West,SKU0092,Housewares,66,5,39,85
2025-01-14,WH_C,West,SKU0093,Sports,45,0,23,97
2025-01-14,WH_C,West,SKU0094,Hardware,202,3,35,94
2025-01-14,WH_C,West,SKU0095,Electronics,267,0,37,89
2025-01-14,WH_C,West,SKU0096,Hardware,157,2,42,89
2025-01-14,WH_C,West,SKU0097,Office,142,2,41,89
2025-01-14,WH_C,West,SKU0098,Housewares,18,4,50,33
2025-01-14,WH_C,West,SKU0099,Office,136,3,20,47
2025-01-14,WH_C,West,SKU0100,Office,183,2,34,61
2025-01-15,WH_A,East,SKU0001,Housewares,170,5,47,77
2025-01-15,WH_A,East,SKU0002,Electronics,79,2,49,102
2025-01-15,WH_A,East,SKU0003,Hardware,146,0,18,80
2025-01-15,WH_A,East,SKU0004,Hardware,93,0,40,115
2025-01-15,WH_A,East,SKU0005,Sports,14,2,44,96
2025-01-15,WH_A,East,SKU0006,Sports,135,5,18,40
2025-01-15,WH_A,East,SKU0007,Office,23,3,32,113
2025-01-15,WH_A,East,SKU0008,Electronics,60,3,36,106
2025-01-15,WH_A,East,SKU0009,Hardware,60,3,33,102
2025-01-15,WH_A,East,SKU0010,Electronics,194,1,36,37
2025-01-15,WH_A,East,SKU0011,Hardware,74,4,47,36
2025-01-15,WH_A,East,SKU0012,Housewares,193,1,28,96
2025-01-15,WH_A,East,SKU0013,Electronics,84,2,50,93
2025-01-15,WH_A,East,SKU0014,Electronics,83,1,29,116
2025-01-15,WH_A,East,SKU0015,Housewares,165,1,24,68
2025-01-15,WH_A,East,SKU0016,Housewares,172,2,34,30
2025-01-15,WH_A,East,SKU0017,Hardware,195,4,27,44
2025-01-15,WH_A,East,SKU0018,Housewares,34,3,15,49
2025-01-15,WH_A,East,SKU0019,Sports,175,3,22,96
2025-01-15,WH_A,East,SKU0020,Electronics,61,4,30,56
2025-01-15,WH_A,East,SKU0021,Sports,38,5,45,33
2025-01-15,WH_A,East,SKU0022,Sports,146,0,43,80
2025-01-15,WH_A,East,SKU0023,Hardware,49,1,22,68
2025-01-15,WH_A,East,SKU0024,Electronics,178,7,45,53
2025-01-15,WH_A,East,SKU0025,Office,72,3,49,63
2025-01-15,WH_A,East,SKU0026,Hardware,228,3,43,114
2025-01-15,WH_A,East,SKU0027,Electronics,238,1,22,85
2025-01-15,WH_A,East,SKU0028,Electronics,68,4,16,53
2025-01-15,WH_A,East,SKU0029,Sports,66,3,30,51
2025-01-15,WH_A,East,SKU0030,Housewares,141,6,49,55
2025-01-15,WH_A,East,SKU0031,Sports,133,0,45,67
2025-01-15,WH_A,East,SKU0032,Sports,98,0,21,105
2025-01-15,WH_A,East,SKU0033,Housewares,155,2,38,115
2025-01-15,WH_A,East,SKU0034,Office,96,5,40,79
2025-01-15,WH_A,East,SKU0035,Hardware,265,1,21,89
2025-01-15,WH_A,East,SKU0036,Housewares,125,6,42,48
2025-01-15,WH_A,East,SKU0037,Sports,20,1,33,88
2025-01-15,WH_A,East,SKU0038,Housewares,54,1,39,31
2025-01-15,WH_A,East,SKU0039,Office,169,0,34,34
2025-01-15,WH_A,East,SKU0040,Housewares,207,0,43,35
2025-01-15,WH_A,East,SKU0041,Sports,106,2,23,89
2025-01-15,WH_A,East,SKU0042,Electronics,210,0,32,31
2025-01-15,WH_A,East,SKU0043,Hardware,103,4,37,94
2025-01-15,WH_A,East,SKU0044,Hardware,211,1,28,74
2025-01-15,WH_A,East,SKU0045,Electronics,285,1,48,79
2025-01-15,WH_A,East,SKU0046,Hardware,224,1,19,52
2025-01-15,WH_A,East,SKU0047,Electronics,260,1,24,75
2025-01-15,WH_A,East,SKU0048,Hardware,251,4,36,88
2025-01-15,WH_A,East,SKU0049,Housewares,60,5,32,114
2025-01-15,WH_A,East,SKU0050,Hardware,118,5,40,38
2025-01-15,WH_A,East,SKU0051,Hardware,284,2,45,78
2025-01-15,WH_A,East,SKU0052,Hardware,214,2,26,103
2025-01-15,WH_A,East,SKU0053,Hardware,194,2,48,63
2025-01-15,WH_A,East,SKU0054,Office,63,1,35,105
2025-01-15,WH_A,East,SKU0055,Housewares,161,4,37,104
2025-01-15,WH_A,East,SKU0056,Housewares,178,4,40,38
2025-01-15,WH_A,East,SKU0057,Electronics,45,3,16,50
2025-01-15,WH_A,East,SKU0058,Sports,74,3,21,115
2025-01-15,WH_A,East,SKU0059,Electronics,56,5,46,116
2025-01-15,WH_A,East,SKU0060,Hardware,191,5,35,59
2025-01-15,WH_A,East,SKU0061,Office,77,3,21,52
2025-01-15,WH_A,East,SKU0062,Housewares,113,0,41,38
2025-01-15,WH_A,East,SKU0063,Housewares,17,0,31,44
2025-01-15,WH_A,East,SKU0064,Sports,25,3,19,86
2025-01-15,WH_A,East,SKU0065,Sports,125,2,16,52
2025-01-15,WH_A,East,SKU0066,Sports,93,0,21,119
2025-01-15,WH_A,East,SKU0067,Hardware,193,5,39,47
2025-01-15,WH_A,East,SKU0068,Electronics,268,4,50,55
2025-01-15,WH_A,East,SKU0069,Hardware,104,6,31,92
2025-01-15,WH_A,East,SKU0070,Hardware,188,4,33,58
2025-01-15,WH_A,East,SKU0071,Hardware,96,0,25,85
2025-01-15,WH_A,East,SKU0072,Office,148,2,27,41
2025-01-15,WH_A,East,SKU0073,Office,169,6,16,110
2025-01-15,WH_A,East,SKU0074,Hardware,268,5,21,56
2025-01-15,WH_A,East,SKU0075,Sports,23,2,23,30
2025-01-15,WH_A,East,SKU0076,Hardware,143,1,41,102
2025-01-15,WH_A,East,SKU0077,Office,164,3,19,73
2025-01-15,WH_A,East,SKU0078,Housewares,76,3,48,93
2025-01-15,WH_A,East,SKU0079,Hardware,91,7,28,103
2025-01-15,WH_A,East,SKU0080,Hardware,196,5,47,75
2025-01-15,WH_A,East,SKU0081,Housewares,106,4,50,47
2025-01-15,WH_A,East,SKU0082,Hardware,61,3,43,84
2025-01-15,WH_A,East,SKU0083,Housewares,156,3,39,39
2025-01-15,WH_A,East,SKU0084,Office,177,4,20,46
2025-01-15,WH_A,East,SKU0085,Hardware,217,0,34,42
2025-01-15,WH_A,East,SKU0086,Hardware,62,3,46,59
2025-01-15,WH_A,East,SKU0087,Office,37,5,49,72
2025-01-15,WH_A,East,SKU0088,Housewares,23,3,29,67
2025-01-15,WH_A,East,SKU0089,Electronics,117,1,39,120
2025-01-15,WH_A,East,SKU0090,Electronics,132,3,19,50
2025-01-15,WH_A,East,SKU0091,Electronics,131,1,19,98
2025-01-15,WH_A,East,SKU0092,Housewares,150,4,30,96
2025-01-15,WH_A,East,SKU0093,Sports,173,4,47,69
2025-01-15,WH_A,East,SKU0094,Hardware,189,0,18,99
2025-01-15,WH_A,East,SKU0095,Electronics,270,2,22,104
2025-01-15,WH_A,East,SKU0096,Hardware,210,0,31,113
2025-01-15,WH_A,East,SKU0097,Office,46,3,17,73
2025-01-15,WH_A,East,SKU0098,Housewares,126,2,31,55
2025-01-15,WH_A,East,SKU0099,Office,100,5,18,47
2025-01-15,WH_A,East,SKU0100,Office,61,3,50,72
2025-01-15,WH_B,Central,SKU0001,Housewares,185,1,18,60
2025-01-15,WH_B,Central,SKU0002,Electronics,230,3,19,102
2025-01-15,WH_B,Central,SKU0003,Hardware,252,5,17,74
2025-01-15,WH_B,Central,SKU0004,Hardware,38,6,41,106
2025-01-15,WH_B,Central,SKU0005,Sports,150,1,20,100
2025-01-15,WH_B,Central,SKU0006,Sports,137,4,23,64
2025-01-15,WH_B,Central,SKU0007,Office,32,2,21,34
2025-01-15,WH_B,Central,SKU0008,Electronics,205,1,47,58
2025-01-15,WH_B,Central,SKU0009,Hardware,245,4,37,85
2025-01-15,WH_B,Central,SKU0010,Electronics,205,6,34,59
2025-01-15,WH_B,Central,SKU0011,Hardware,27,4,18,33
2025-01-15,WH_B,Central,SKU0012,Housewares,67,5,49,107
2025-01-15,WH_B,Central,SKU0013,Electronics,174,3,16,100
2025-01-15,WH_B,Central,SKU0014,Electronics,196,4,18,79
2025-01-15,WH_B,Central,SKU0015,Housewares,122,1,23,85
2025-01-15,WH_B,Central,SKU0016,Housewares,185,2,42,100
2025-01-15,WH_B,Central,SKU0017,Hardware,92,5,22,86
2025-01-15,WH_B,Central,SKU0018,Housewares,38,0,38,75
2025-01-15,WH_B,Central,SKU0019,Sports,81,0,36,85
2025-01-15,WH_B,Central,SKU0020,Electronics,52,1,30,59
2025-01-15,WH_B,Central,SKU0021,Sports,59,1,15,59
2025-01-15,WH_B,Central,SKU0022,Sports,136,3,49,102
2025-01-15,WH_B,Central,SKU0023,Hardware,45,0,15,61
2025-01-15,WH_B,Central,SKU0024,Electronics,25,2,19,37
2025-01-15,WH_B,Central,SKU0025,Office,54,0,43,53
2025-01-15,WH_B,Central,SKU0026,Hardware,117,4,17,70
2025-01-15,WH_B,Central,SKU0027,Electronics,158,2,30,67
2025-01-15,WH_B,Central,SKU0028,Electronics,82,0,40,91
2025-01-15,WH_B,Central,SKU0029,Sports,184,6,22,114
2025-01-15,WH_B,Central,SKU0030,Housewares,39,3,19,62
2025-01-15,WH_B,Central,SKU0031,Sports,182,0,28,93
2025-01-15,WH_B,Central,SKU0032,Sports,207,6,37,58
2025-01-15,WH_B,Central,SKU0033,Housewares,129,4,34,76
2025-01-15,WH_B,Central,SKU0034,Office,151,1,33,113
2025-01-15,WH_B,Central,SKU0035,Hardware,118,4,48,64
2025-01-15,WH_B,Central,SKU0036,Housewares,112,6,49,94
2025-01-15,WH_B,Central,SKU0037,Sports,45,5,18,74
2025-01-15,WH_B,Central,SKU0038,Housewares,121,4,46,65
2025-01-15,WH_B,Central,SKU0039,Office,42,3,28,47
2025-01-15,WH_B,Central,SKU0040,Housewares,157,0,29,69
2025-01-15,WH_B,Central,SKU0041,Sports,149,3,28,45
2025-01-15,WH_B,Central,SKU0042,Electronics,144,4,24,34
2025-01-15,WH_B,Central,SKU0043,Hardware,120,3,43,113
2025-01-15,WH_B,Central,SKU0044,Hardware,179,5,22,32
2025-01-15,WH_B,Central,SKU0045,Electronics,226,3,17,64
2025-01-15,WH_B,Central,SKU0046,Hardware,132,3,39,68
2025-01-15,WH_B,Central,SKU0047,Electronics,62,2,18,65
2025-01-15,WH_B,Central,SKU0048,Hardware,246,4,39,93
2025-01-15,WH_B,Central,SKU0049,Housewares,47,0,39,79
2025-01-15,WH_B,Central,SKU0050,Hardware,185,0,17,58
2025-01-15,WH_B,Central,SKU0051,Hardware,116,1,39,53
2025-01-15,WH_B,Central,SKU0052,Hardware,248,4,42,98
2025-01-15,WH_B,Central,SKU0053,Hardware,63,4,34,34
2025-01-15,WH_B,Central,SKU0054,Office,160,3,37,33
2025-01-15,WH_B,Central,SKU0055,Housewares,189,1,36,63
2025-01-15,WH_B,Central,SKU0056,Housewares,169,2,28,33
2025-01-15,WH_B,Central,SKU0057,Electronics,138,2,42,84
2025-01-15,WH_B,Central,SKU0058,Sports,45,4,21,100
2025-01-15,WH_B,Central,SKU0059,Electronics,173,3,33,98
2025-01-15,WH_B,Central,SKU0060,Hardware,198,1,42,103
2025-01-15,WH_B,Central,SKU0061,Office,161,3,48,63
2025-01-15,WH_B,Central,SKU0062,Housewares,63,3,39,89
2025-01-15,WH_B,Central,SKU0063,Housewares,78,2,23,31
2025-01-15,WH_B,Central,SKU0064,Sports,122,4,32,40
2025-01-15,WH_B,Central,SKU0065,Sports,87,2,49,67
2025-01-15,WH_B,Central,SKU0066,Sports,101,2,40,34
2025-01-15,WH_B,Central,SKU0067,Hardware,250,0,32,76
2025-01-15,WH_B,Central,SKU0068,Electronics,107,1,31,113
2025-01-15,WH_B,Central,SKU0069,Hardware,247,2,15,45
2025-01-15,WH_B,Central,SKU0070,Hardware,151,0,35,63
2025-01-15,WH_B,Central,SKU0071,Hardware,83,6,43,89
2025-01-15,WH_B,Central,SKU0072,Office,25,4,43,31
2025-01-15,WH_B,Central,SKU0073,Office,159,1,17,75
2025-01-15,WH_B,Central,SKU0074,Hardware,197,2,50,57
2025-01-15,WH_B,Central,SKU0075,Sports,104,2,18,104
2025-01-15,WH_B,Central,SKU0076,Hardware,64,4,32,108
2025-01-15,WH_B,Central,SKU0077,Office,167,2,35,38
2025-01-15,WH_B,Central,SKU0078,Housewares,125,5,26,63
2025-01-15,WH_B,Central,SKU0079,Hardware,121,3,31,93
2025-01-15,WH_B,Central,SKU0080,Hardware,74,5,29,110
2025-01-15,WH_B,Central,SKU0081,Housewares,73,0,24,109
2025-01-15,WH_B,Central,SKU0082,Hardware,249,4,18,59
2025-01-15,WH_B,Central,SKU0083,Housewares,48,2,17,53
2025-01-15,WH_B,Central,SKU0084,Office,205,3,47,86
2025-01-15,WH_B,Central,SKU0085,Hardware,235,4,35,35
2025-01-15,WH_B,Central,SKU0086,Hardware,221,6,29,37
2025-01-15,WH_B,Central,SKU0087,Office,78,4,31,32
2025-01-15,WH_B,Central,SKU0088,Housewares,207,0,37,99
2025-01-15,WH_B,Central,SKU0089,Electronics,39,5,30,74
2025-01-15,WH_B,Central,SKU0090,Electronics,77,2,19,94
2025-01-15,WH_B,Central,SKU0091,Electronics,178,4,22,95
2025-01-15,WH_B,Central,SKU0092,Housewares,50,0,30,56
2025-01-15,WH_B,Central,SKU0093,Sports,90,3,38,117
2025-01-15,WH_B,Central,SKU0094,Hardware,182,2,19,112
2025-01-15,WH_B,Central,SKU0095,Electronics,187,1,33,48
2025-01-15,WH_B,Central,SKU0096,Hardware,15,2,35,107
2025-01-15,WH_B,Central,SKU0097,Office,112,2,36,82
2025-01-15,WH_B,Central,SKU0098,Housewares,174,0,38,90
2025-01-15,WH_B,Central,SKU0099,Office,89,4,16,50
2025-01-15,WH_B,Central,SKU0100,Office,126,5,17,67
2025-01-15,WH_C,West,SKU0001,Housewares,49,0,16,43
2025-01-15,WH_C,West,SKU0002,Electronics,249,4,28,70
2025-01-15,WH_C,West,SKU0003,Hardware,214,0,47,104
2025-01-15,WH_C,West,SKU0004,Hardware,142,2,28,78
2025-01-15,WH_C,West,SKU0005,Sports,173,4,17,114
2025-01-15,WH_C,West,SKU0006,Sports,59,3,39,113
2025-01-15,WH_C,West,SKU0007,Office,40,4,19,58
2025-01-15,WH_C,West,SKU0008,Electronics,232,3,47,103
2025-01-15,WH_C,West,SKU0009,Hardware,250,3,50,83
2025-01-15,WH_C,West,SKU0010,Electronics,224,3,22,97
2025-01-15,WH_C,West,SKU0011,Hardware,50,5,45,114
2025-01-15,WH_C,West,SKU0012,Housewares,156,1,48,86
2025-01-15,WH_C,West,SKU0013,Electronics,150,0,32,54
2025-01-15,WH_C,West,SKU0014,Electronics,222,3,33,61
2025-01-15,WH_C,West,SKU0015,Housewares,109,0,30,76
2025-01-15,WH_C,West,SKU0016,Housewares,75,1,44,70
2025-01-15,WH_C,West,SKU0017,Hardware,63,4,30,86
2025-01-15,WH_C,West,SKU0018,Housewares,131,2,38,40
2025-01-15,WH_C,West,SKU0019,Sports,104,0,50,94
2025-01-15,WH_C,West,SKU0020,Electronics,68,4,38,113
2025-01-15,WH_C,West,SKU0021,Sports,135,4,29,87
2025-01-15,WH_C,West,SKU0022,Sports,126,2,29,102
2025-01-15,WH_C,West,SKU0023,Hardware,77,1,49,61
2025-01-15,WH_C,West,SKU0024,Electronics,170,3,23,107
2025-01-15,WH_C,West,SKU0025,Office,81,4,33,73
2025-01-15,WH_C,West,SKU0026,Hardware,158,1,22,40
2025-01-15,WH_C,West,SKU0027,Electronics,156,0,41,94
2025-01-15,WH_C,West,SKU0028,Electronics,78,1,46,110
2025-01-15,WH_C,West,SKU0029,Sports,72,3,26,88
2025-01-15,WH_C,West,SKU0030,Housewares,6,0,25,45
2025-01-15,WH_C,West,SKU0031,Sports,129,3,31,100
2025-01-15,WH_C,West,SKU0032,Sports,135,0,21,46
2025-01-15,WH_C,West,SKU0033,Housewares,32,5,42,33
2025-01-15,WH_C,West,SKU0034,Office,198,1,25,39
2025-01-15,WH_C,West,SKU0035,Hardware,74,0,47,97
2025-01-15,WH_C,West,SKU0036,Housewares,129,3,42,75
2025-01-15,WH_C,West,SKU0037,Sports,34,2,40,119
2025-01-15,WH_C,West,SKU0038,Housewares,166,2,30,67
2025-01-15,WH_C,West,SKU0039,Office,47,0,36,73
2025-01-15,WH_C,West,SKU0040,Housewares,176,1,21,35
2025-01-15,WH_C,West,SKU0041,Sports,16,2,37,87
2025-01-15,WH_C,West,SKU0042,Electronics,183,2,43,85
2025-01-15,WH_C,West,SKU0043,Hardware,148,3,45,119
2025-01-15,WH_C,West,SKU0044,Hardware,78,2,26,105
2025-01-15,WH_C,West,SKU0045,Electronics,209,2,20,49
2025-01-15,WH_C,West,SKU0046,Hardware,26,4,38,116
2025-01-15,WH_C,West,SKU0047,Electronics,251,0,44,78
2025-01-15,WH_C,West,SKU0048,Hardware,131,7,43,52
2025-01-15,WH_C,West,SKU0049,Housewares,155,3,32,42
2025-01-15,WH_C,West,SKU0050,Hardware,100,4,34,93
2025-01-15,WH_C,West,SKU0051,Hardware,148,3,18,102
2025-01-15,WH_C,West,SKU0052,Hardware,203,3,48,104
2025-01-15,WH_C,West,SKU0053,Hardware,205,1,42,66
2025-01-15,WH_C,West,SKU0054,Office,109,0,39,70
2025-01-15,WH_C,West,SKU0055,Housewares,70,4,24,35
2025-01-15,WH_C,West,SKU0056,Housewares,64,1,42,96
2025-01-15,WH_C,West,SKU0057,Electronics,125,3,35,42
2025-01-15,WH_C,West,SKU0058,Sports,106,3,33,51
2025-01-15,WH_C,West,SKU0059,Electronics,87,1,33,65
2025-01-15,WH_C,West,SKU0060,Hardware,184,4,43,58
2025-01-15,WH_C,West,SKU0061,Office,79,3,33,63
2025-01-15,WH_C,West,SKU0062,Housewares,164,2,21,59
2025-01-15,WH_C,West,SKU0063,Housewares,178,4,32,48
2025-01-15,WH_C,West,SKU0064,Sports,30,2,28,100
2025-01-15,WH_C,West,SKU0065,Sports,139,3,25,33
2025-01-15,WH_C,West,SKU0066,Sports,169,3,17,99
2025-01-15,WH_C,West,SKU0067,Hardware,220,1,27,30
2025-01-15,WH_C,West,SKU0068,Electronics,209,2,16,77
2025-01-15,WH_C,West,SKU0069,Hardware,90,7,33,103
2025-01-15,WH_C,West,SKU0070,Hardware,185,2,43,96
2025-01-15,WH_C,West,SKU0071,Hardware,86,6,44,67
2025-01-15,WH_C,West,SKU0072,Office,46,3,22,86
2025-01-15,WH_C,West,SKU0073,Office,120,2,46,63
2025-01-15,WH_C,West,SKU0074,Hardware,56,3,23,65
2025-01-15,WH_C,West,SKU0075,Sports,194,4,22,75
2025-01-15,WH_C,West,SKU0076,Hardware,58,0,29,39
2025-01-15,WH_C,West,SKU0077,Office,93,1,25,94
2025-01-15,WH_C,West,SKU0078,Housewares,102,5,32,88
2025-01-15,WH_C,West,SKU0079,Hardware,241,2,47,116
2025-01-15,WH_C,West,SKU0080,Hardware,62,2,35,34
2025-01-15,WH_C,West,SKU0081,Housewares,134,2,21,120
2025-01-15,WH_C,West,SKU0082,Hardware,216,2,35,54
2025-01-15,WH_C,West,SKU0083,Housewares,168,0,17,111
2025-01-15,WH_C,West,SKU0084,Office,176,3,15,61
2025-01-15,WH_C,West,SKU0085,Hardware,82,5,39,58
2025-01-15,WH_C,West,SKU0086,Hardware,264,5,27,63
2025-01-15,WH_C,West,SKU0087,Office,133,5,24,92
2025-01-15,WH_C,West,SKU0088,Housewares,75,1,46,66
2025-01-15,WH_C,West,SKU0089,Electronics,77,2,27,111
2025-01-15,WH_C,West,SKU0090,Electronics,65,2,48,57
2025-01-15,WH_C,West,SKU0091,Electronics,24,5,42,38
2025-01-15,WH_C,West,SKU0092,Housewares,144,4,50,108
2025-01-15,WH_C,West,SKU0093,Sports,70,6,26,34
2025-01-15,WH_C,West,SKU0094,Hardware,171,1,31,108
2025-01-15,WH_C,West,SKU0095,Electronics,179,2,30,111
2025-01-15,WH_C,West,SKU0096,Hardware,168,4,45,97
2025-01-15,WH_C,West,SKU0097,Office,186,0,26,68
2025-01-15,WH_C,West,SKU0098,Housewares,78,3,33,115
2025-01-15,WH_C,West,SKU0099,Office,155,6,46,110
2025-01-15,WH_C,West,SKU0100,Office,113,4,37,99
2025-01-16,WH_A,East,SKU0001,Housewares,150,5,33,42
2025-01-16,WH_A,East,SKU0002,Electronics,111,0,22,66
2025-01-16,WH_A,East,SKU0003,Hardware,176,0,43,71
2025-01-16,WH_A,East,SKU0004,Hardware,114,4,42,44
2025-01-16,WH_A,East,SKU0005,Sports,68,5,44,70
2025-01-16,WH_A,East,SKU0006,Sports,192,0,22,74
2025-01-16,WH_A,East,SKU0007,Office,172,3,40,120
2025-01-16,WH_A,East,SKU0008,Electronics,70,1,45,92
2025-01-16,WH_A,East,SKU0009,Hardware,225,1,41,117
2025-01-16,WH_A,East,SKU0010,Electronics,110,4,16,67
2025-01-16,WH_A,East,SKU0011,Hardware,125,6,47,57
2025-01-16,WH_A,East,SKU0012,Housewares,113,4,18,101
2025-01-16,WH_A,East,SKU0013,Electronics,143,4,31,116
2025-01-16,WH_A,East,SKU0014,Electronics,137,5,41,80
2025-01-16,WH_A,East,SKU0015,Housewares,135,1,42,81
2025-01-16,WH_A,East,SKU0016,Housewares,85,2,18,64
2025-01-16,WH_A,East,SKU0017,Hardware,206,0,29,73
2025-01-16,WH_A,East,SKU0018,Housewares,181,3,17,69
2025-01-16,WH_A,East,SKU0019,Sports,134,5,41,58
2025-01-16,WH_A,East,SKU0020,Electronics,240,2,25,98
2025-01-16,WH_A,East,SKU0021,Sports,74,3,22,108
2025-01-16,WH_A,East,SKU0022,Sports,180,0,36,46
2025-01-16,WH_A,East,SKU0023,Hardware,240,0,49,32
2025-01-16,WH_A,East,SKU0024,Electronics,47,2,39,41
2025-01-16,WH_A,East,SKU0025,Office,198,4,36,75
2025-01-16,WH_A,East,SKU0026,Hardware,229,0,19,113
2025-01-16,WH_A,East,SKU0027,Electronics,44,2,48,56
2025-01-16,WH_A,East,SKU0028,Electronics,139,1,49,55
2025-01-16,WH_A,East,SKU0029,Sports,58,2,49,80
2025-01-16,WH_A,East,SKU0030,Housewares,63,5,33,50
2025-01-16,WH_A,East,SKU0031,Sports,113,3,36,82
2025-01-16,WH_A,East,SKU0032,Sports,79,1,50,61
2025-01-16,WH_A,East,SKU0033,Housewares,27,2,17,32
2025-01-16,WH_A,East,SKU0034,Office,145,4,21,94
2025-01-16,WH_A,East,SKU0035,Hardware,184,4,46,35
2025-01-16,WH_A,East,SKU0036,Housewares,69,1,33,68
2025-01-16,WH_A,East,SKU0037,Sports,10,5,29,110
2025-01-16,WH_A,East,SKU0038,Housewares,216,6,30,34
2025-01-16,WH_A,East,SKU0039,Office,85,0,22,78
2025-01-16,WH_A,East,SKU0040,Housewares,176,0,40,46
2025-01-16,WH_A,East,SKU0041,Sports,87,6,20,39
2025-01-16,WH_A,East,SKU0042,Electronics,51,3,47,120
2025-01-16,WH_A,East,SKU0043,Hardware,190,2,16,31
2025-01-16,WH_A,East,SKU0044,Hardware,241,6,24,42
2025-01-16,WH_A,East,SKU0045,Electronics,236,1,40,54
2025-01-16,WH_A,East,SKU0046,Hardware,251,2,34,71
2025-01-16,WH_A,East,SKU0047,Electronics,167,5,47,32
2025-01-16,WH_A,East,SKU0048,Hardware,147,3,32,88
2025-01-16,WH_A,East,SKU0049,Housewares,58,0,21,63
2025-01-16,WH_A,East,SKU0050,Hardware,262,2,45,78
2025-01-16,WH_A,East,SKU0051,Hardware,128,5,42,41
2025-01-16,WH_A,East,SKU0052,Hardware,113,5,41,101
2025-01-16,WH_A,East,SKU0053,Hardware,117,2,45,66
2025-01-16,WH_A,East,SKU0054,Office,206,3,49,94
2025-01-16,WH_A,East,SKU0055,Housewares,97,3,39,32
2025-01-16,WH_A,East,SKU0056,Housewares,165,4,40,77
2025-01-16,WH_A,East,SKU0057,Electronics,233,2,21,87
2025-01-16,WH_A,East,SKU0058,Sports,77,4,16,80
2025-01-16,WH_A,East,SKU0059,Electronics,126,4,43,77
2025-01-16,WH_A,East,SKU0060,Hardware,197,5,21,112
2025-01-16,WH_A,East,SKU0061,Office,77,0,36,48
2025-01-16,WH_A,East,SKU0062,Housewares,187,3,20,42
2025-01-16,WH_A,East,SKU0063,Housewares,169,3,25,56
2025-01-16,WH_A,East,SKU0064,Sports,150,1,30,40
2025-01-16,WH_A,East,SKU0065,Sports,61,4,40,108
2025-01-16,WH_A,East,SKU0066,Sports,153,7,48,102
2025-01-16,WH_A,East,SKU0067,Hardware,113,3,18,93
2025-01-16,WH_A,East,SKU0068,Electronics,102,1,41,69
2025-01-16,WH_A,East,SKU0069,Hardware,146,5,24,34
2025-01-16,WH_A,East,SKU0070,Hardware,136,4,41,30
2025-01-16,WH_A,East,SKU0071,Hardware,123,2,28,101
2025-01-16,WH_A,East,SKU0072,Office,147,2,49,93
2025-01-16,WH_A,East,SKU0073,Office,95,0,30,71
2025-01-16,WH_A,East,SKU0074,Hardware,190,2,45,95
2025-01-16,WH_A,East,SKU0075,Sports,156,3,20,43
2025-01-16,WH_A,East,SKU0076,Hardware,185,3,19,78
2025-01-16,WH_A,East,SKU0077,Office,61,4,15,50
2025-01-16,WH_A,East,SKU0078,Housewares,150,2,22,51
2025-01-16,WH_A,East,SKU0079,Hardware,101,4,43,44
2025-01-16,WH_A,East,SKU0080,Hardware,54,5,42,93
2025-01-16,WH_A,East,SKU0081,Housewares,57,2,48,92
2025-01-16,WH_A,East,SKU0082,Hardware,83,5,50,83
2025-01-16,WH_A,East,SKU0083,Housewares,131,2,15,67
2025-01-16,WH_A,East,SKU0084,Office,37,1,42,67
2025-01-16,WH_A,East,SKU0085,Hardware,272,3,32,96
2025-01-16,WH_A,East,SKU0086,Hardware,131,3,38,102
2025-01-16,WH_A,East,SKU0087,Office,192,0,25,48
2025-01-16,WH_A,East,SKU0088,Housewares,105,2,48,117
2025-01-16,WH_A,East,SKU0089,Electronics,113,1,38,96
2025-01-16,WH_A,East,SKU0090,Electronics,233,2,31,90
2025-01-16,WH_A,East,SKU0091,Electronics,192,2,28,72
2025-01-16,WH_A,East,SKU0092,Housewares,51,3,25,97
2025-01-16,WH_A,East,SKU0093,Sports,139,2,15,70
2025-01-16,WH_A,East,SKU0094,Hardware,159,3,26,49
2025-01-16,WH_A,East,SKU0095,Electronics,195,6,19,30
2025-01-16,WH_A,East,SKU0096,Hardware,129,0,27,55
2025-01-16,WH_A,East,SKU0097,Office,203,3,21,98
2025-01-16,WH_A,East,SKU0098,Housewares,126,0,36,42
2025-01-16,WH_A,East,SKU0099,Office,50,5,44,106
2025-01-16,WH_A,East,SKU0100,Office,35,2,19,74
2025-01-16,WH_B,Central,SKU0001,Housewares,198,2,50,58
2025-01-16,WH_B,Central,SKU0002,Electronics,146,2,15,54
2025-01-16,WH_B,Central,SKU0003,Hardware,114,0,33,84
2025-01-16,WH_B,Central,SKU0004,Hardware,247,0,34,77
2025-01-16,WH_B,Central,SKU0005,Sports,181,4,40,62
2025-01-16,WH_B,Central,SKU0006,Sports,148,1,49,112
2025-01-16,WH_B,Central,SKU0007,Office,200,4,27,39
2025-01-16,WH_B,Central,SKU0008,Electronics,233,5,24,43
2025-01-16,WH_B,Central,SKU0009,Hardware,117,3,32,52
2025-01-16,WH_B,Central,SKU0010,Electronics,112,2,21,46
2025-01-16,WH_B,Central,SKU0011,Hardware,217,2,39,72
2025-01-16,WH_B,Central,SKU0012,Housewares,176,0,32,108
2025-01-16,WH_B,Central,SKU0013,Electronics,252,3,45,56
2025-01-16,WH_B,Central,SKU0014,Electronics,83,1,15,59
2025-01-16,WH_B,Central,SKU0015,Housewares,57,3,20,108
2025-01-16,WH_B,Central,SKU0016,Housewares,56,4,24,51
2025-01-16,WH_B,Central,SKU0017,Hardware,198,2,15,71
2025-01-16,WH_B,Central,SKU0018,Housewares,50,0,18,47
2025-01-16,WH_B,Central,SKU0019,Sports,155,0,43,84
2025-01-16,WH_B,Central,SKU0020,Electronics,257,0,45,71
2025-01-16,WH_B,Central,SKU0021,Sports,104,2,47,45
2025-01-16,WH_B,Central,SKU0022,Sports,80,0,50,80
2025-01-16,WH_B,Central,SKU0023,Hardware,159,1,39,120
2025-01-16,WH_B,Central,SKU0024,Electronics,201,1,37,69
2025-01-16,WH_B,Central,SKU0025,Office,166,0,35,97
2025-01-16,WH_B,Central,SKU0026,Hardware,47,6,28,51
2025-01-16,WH_B,Central,SKU0027,Electronics,250,0,32,48
2025-01-16,WH_B,Central,SKU0028,Electronics,185,2,50,86
2025-01-16,WH_B,Central,SKU0029,Sports,136,0,31,117
2025-01-16,WH_B,Central,SKU0030,Housewares,77,2,50,85
2025-01-16,WH_B,Central,SKU0031,Sports,166,5,37,52
2025-01-16,WH_B,Central,SKU0032,Sports,32,1,38,89
2025-01-16,WH_B,Central,SKU0033,Housewares,181,4,37,84
2025-01-16,WH_B,Central,SKU0034,Office,71,0,50,54
2025-01-16,WH_B,Central,SKU0035,Hardware,181,2,38,52
2025-01-16,WH_B,Central,SKU0036,Housewares,36,5,27,86
2025-01-16,WH_B,Central,SKU0037,Sports,101,5,48,54
2025-01-16,WH_B,Central,SKU0038,Housewares,14,0,34,72
2025-01-16,WH_B,Central,SKU0039,Office,39,3,38,62
2025-01-16,WH_B,Central,SKU0040,Housewares,143,2,15,107
2025-01-16,WH_B,Central,SKU0041,Sports,100,3,17,112
2025-01-16,WH_B,Central,SKU0042,Electronics,117,4,45,80
2025-01-16,WH_B,Central,SKU0043,Hardware,45,0,31,65
2025-01-16,WH_B,Central,SKU0044,Hardware,256,3,18,103
2025-01-16,WH_B,Central,SKU0045,Electronics,38,4,45,107
2025-01-16,WH_B,Central,SKU0046,Hardware,246,3,44,92
2025-01-16,WH_B,Central,SKU0047,Electronics,73,3,45,112
2025-01-16,WH_B,Central,SKU0048,Hardware,242,1,21,34
2025-01-16,WH_B,Central,SKU0049,Housewares,106,1,16,108
2025-01-16,WH_B,Central,SKU0050,Hardware,83,0,26,46
2025-01-16,WH_B,Central,SKU0051,Hardware,61,4,41,45
2025-01-16,WH_B,Central,SKU0052,Hardware,52,0,43,111
2025-01-16,WH_B,Central,SKU0053,Hardware,58,4,35,42
2025-01-16,WH_B,Central,SKU0054,Office,167,3,32,54
2025-01-16,WH_B,Central,SKU0055,Housewares,189,5,16,72
2025-01-16,WH_B,Central,SKU0056,Housewares,211,1,35,120
2025-01-16,WH_B,Central,SKU0057,Electronics,98,2,38,96
2025-01-16,WH_B,Central,SKU0058,Sports,21,0,40,83
2025-01-16,WH_B,Central,SKU0059,Electronics,263,1,18,38
2025-01-16,WH_B,Central,SKU0060,Hardware,91,0,47,48
2025-01-16,WH_B,Central,SKU0061,Office,83,2,20,52
2025-01-16,WH_B,Central,SKU0062,Housewares,133,0,17,65
2025-01-16,WH_B,Central,SKU0063,Housewares,160,3,27,118
2025-01-16,WH_B,Central,SKU0064,Sports,141,5,41,52
2025-01-16,WH_B,Central,SKU0065,Sports,184,4,15,69
2025-01-16,WH_B,Central,SKU0066,Sports,104,2,50,74
2025-01-16,WH_B,Central,SKU0067,Hardware,64,4,36,89
2025-01-16,WH_B,Central,SKU0068,Electronics,236,2,20,102
2025-01-16,WH_B,Central,SKU0069,Hardware,207,2,20,44
2025-01-16,WH_B,Central,SKU0070,Hardware,60,3,26,41
2025-01-16,WH_B,Central,SKU0071,Hardware,84,3,35,105
2025-01-16,WH_B,Central,SKU0072,Office,193,3,16,51
2025-01-16,WH_B,Central,SKU0073,Office,22,2,28,111
2025-01-16,WH_B,Central,SKU0074,Hardware,164,4,44,40
2025-01-16,WH_B,Central,SKU0075,Sports,89,2,34,117
2025-01-16,WH_B,Central,SKU0076,Hardware,260,3,27,46
2025-01-16,WH_B,Central,SKU0077,Office,88,3,18,78
2025-01-16,WH_B,Central,SKU0078,Housewares,178,3,33,52
2025-01-16,WH_B,Central,SKU0079,Hardware,134,4,23,102
2025-01-16,WH_B,Central,SKU0080,Hardware,136,3,41,58
2025-01-16,WH_B,Central,SKU0081,Housewares,82,5,32,55
2025-01-16,WH_B,Central,SKU0082,Hardware,90,3,33,63
2025-01-16,WH_B,Central,SKU0083,Housewares,209,0,43,63
2025-01-16,WH_B,Central,SKU0084,Office,39,5,46,75
2025-01-16,WH_B,Central,SKU0085,Hardware,244,3,38,74
2025-01-16,WH_B,Central,SKU0086,Hardware,242,2,48,87
2025-01-16,WH_B,Central,SKU0087,Office,175,3,25,34
2025-01-16,WH_B,Central,SKU0088,Housewares,160,0,39,49
2025-01-16,WH_B,Central,SKU0089,Electronics,199,5,28,119
2025-01-16,WH_B,Central,SKU0090,Electronics,179,3,37,112
2025-01-16,WH_B,Central,SKU0091,Electronics,271,0,33,56
2025-01-16,WH_B,Central,SKU0092,Housewares,94,0,47,100
2025-01-16,WH_B,Central,SKU0093,Sports,80,3,20,95
2025-01-16,WH_B,Central,SKU0094,Hardware,94,6,31,57
2025-01-16,WH_B,Central,SKU0095,Electronics,204,4,31,34
2025-01-16,WH_B,Central,SKU0096,Hardware,67,6,48,114
2025-01-16,WH_B,Central,SKU0097,Office,178,2,26,90
2025-01-16,WH_B,Central,SKU0098,Housewares,56,4,44,105
2025-01-16,WH_B,Central,SKU0099,Office,108,2,38,102
2025-01-16,WH_B,Central,SKU0100,Office,110,4,17,71
2025-01-16,WH_C,West,SKU0001,Housewares,206,2,21,110
2025-01-16,WH_C,West,SKU0002,Electronics,139,2,15,50
2025-01-16,WH_C,West,SKU0003,Hardware,184,6,45,72
2025-01-16,WH_C,West,SKU0004,Hardware,136,2,21,53
2025-01-16,WH_C,West,SKU0005,Sports,107,5,34,50
2025-01-16,WH_C,West,SKU0006,Sports,138,1,49,53
2025-01-16,WH_C,West,SKU0007,Office,30,2,43,108
2025-01-16,WH_C,West,SKU0008,Electronics,178,1,42,81
2025-01-16,WH_C,West,SKU0009,Hardware,214,3,30,62
2025-01-16,WH_C,West,SKU0010,Electronics,162,2,36,91
2025-01-16,WH_C,West,SKU0011,Hardware,273,3,40,68
2025-01-16,WH_C,West,SKU0012,Housewares,32,3,29,94
2025-01-16,WH_C,West,SKU0013,Electronics,74,3,41,84
2025-01-16,WH_C,West,SKU0014,Electronics,113,1,40,105
2025-01-16,WH_C,West,SKU0015,Housewares,7,7,25,95
2025-01-16,WH_C,West,SKU0016,Housewares,70,1,34,106
2025-01-16,WH_C,West,SKU0017,Hardware,274,1,48,55
2025-01-16,WH_C,West,SKU0018,Housewares,180,0,23,46
2025-01-16,WH_C,West,SKU0019,Sports,190,2,36,36
2025-01-16,WH_C,West,SKU0020,Electronics,68,2,34,48
2025-01-16,WH_C,West,SKU0021,Sports,90,2,44,80
2025-01-16,WH_C,West,SKU0022,Sports,52,3,44,30
2025-01-16,WH_C,West,SKU0023,Hardware,277,0,24,55
2025-01-16,WH_C,West,SKU0024,Electronics,81,1,34,69
2025-01-16,WH_C,West,SKU0025,Office,36,4,26,60
2025-01-16,WH_C,West,SKU0026,Hardware,99,3,42,41
2025-01-16,WH_C,West,SKU0027,Electronics,108,3,24,117
2025-01-16,WH_C,West,SKU0028,Electronics,234,1,38,30
2025-01-16,WH_C,West,SKU0029,Sports,149,3,25,74
2025-01-16,WH_C,West,SKU0030,Housewares,55,2,45,100
2025-01-16,WH_C,West,SKU0031,Sports,198,2,40,119
2025-01-16,WH_C,West,SKU0032,Sports,73,3,45,115
2025-01-16,WH_C,West,SKU0033,Housewares,121,0,44,120
2025-01-16,WH_C,West,SKU0034,Office,96,0,21,79
2025-01-16,WH_C,West,SKU0035,Hardware,65,2,35,47
2025-01-16,WH_C,West,SKU0036,Housewares,126,6,35,66
2025-01-16,WH_C,West,SKU0037,Sports,173,1,42,106
2025-01-16,WH_C,West,SKU0038,Housewares,98,3,49,39
2025-01-16,WH_C,West,SKU0039,Office,110,6,46,115
2025-01-16,WH_C,West,SKU0040,Housewares,171,5,16,58
2025-01-16,WH_C,West,SKU0041,Sports,180,2,26,60
2025-01-16,WH_C,West,SKU0042,Electronics,145,3,38,73
2025-01-16,WH_C,West,SKU0043,Hardware,192,5,15,108
2025-01-16,WH_C,West,SKU0044,Hardware,240,5,40,39
2025-01-16,WH_C,West,SKU0045,Electronics,254,3,29,47
2025-01-16,WH_C,West,SKU0046,Hardware,207,2,27,35
2025-01-16,WH_C,West,SKU0047,Electronics,99,3,34,85
2025-01-16,WH_C,West,SKU0048,Hardware,50,0,36,79
2025-01-16,WH_C,West,SKU0049,Housewares,199,4,26,84
2025-01-16,WH_C,West,SKU0050,Hardware,81,6,33,69
2025-01-16,WH_C,West,SKU0051,Hardware,163,5,45,34
2025-01-16,WH_C,West,SKU0052,Hardware,122,0,41,52
2025-01-16,WH_C,West,SKU0053,Hardware,103,4,40,117
2025-01-16,WH_C,West,SKU0054,Office,150,4,21,89
2025-01-16,WH_C,West,SKU0055,Housewares,36,4,37,117
2025-01-16,WH_C,West,SKU0056,Housewares,21,0,40,31
2025-01-16,WH_C,West,SKU0057,Electronics,95,2,35,46
2025-01-16,WH_C,West,SKU0058,Sports,169,0,47,79
2025-01-16,WH_C,West,SKU0059,Electronics,291,5,44,31
2025-01-16,WH_C,West,SKU0060,Hardware,199,2,40,84
2025-01-16,WH_C,West,SKU0061,Office,43,6,34,84
2025-01-16,WH_C,West,SKU0062,Housewares,95,7,22,107
2025-01-16,WH_C,West,SKU0063,Housewares,125,1,47,77
2025-01-16,WH_C,West,SKU0064,Sports,129,3,36,98
2025-01-16,WH_C,West,SKU0065,Sports,114,2,22,52
2025-01-16,WH_C,West,SKU0066,Sports,136,5,49,79
2025-01-16,WH_C,West,SKU0067,Hardware,253,1,20,49
2025-01-16,WH_C,West,SKU0068,Electronics,37,2,36,120
2025-01-16,WH_C,West,SKU0069,Hardware,231,5,31,55
2025-01-16,WH_C,West,SKU0070,Hardware,198,2,44,85
2025-01-16,WH_C,West,SKU0071,Hardware,48,1,44,66
2025-01-16,WH_C,West,SKU0072,Office,37,1,22,92
2025-01-16,WH_C,West,SKU0073,Office,151,2,38,36
2025-01-16,WH_C,West,SKU0074,Hardware,248,4,38,62
2025-01-16,WH_C,West,SKU0075,Sports,121,0,36,116
2025-01-16,WH_C,West,SKU0076,Hardware,136,3,16,99
2025-01-16,WH_C,West,SKU0077,Office,93,2,26,67
2025-01-16,WH_C,West,SKU0078,Housewares,106,7,41,32
2025-01-16,WH_C,West,SKU0079,Hardware,172,4,35,68
2025-01-16,WH_C,West,SKU0080,Hardware,249,2,17,106
2025-01-16,WH_C,West,SKU0081,Housewares,44,1,37,34
2025-01-16,WH_C,West,SKU0082,Hardware,224,5,40,61
2025-01-16,WH_C,West,SKU0083,Housewares,68,3,20,98
2025-01-16,WH_C,West,SKU0084,Office,34,4,23,48
2025-01-16,WH_C,West,SKU0085,Hardware,276,2,46,85
2025-01-16,WH_C,West,SKU0086,Hardware,122,1,37,88
2025-01-16,WH_C,West,SKU0087,Office,191,0,30,97
2025-01-16,WH_C,West,SKU0088,Housewares,169,1,44,35
2025-01-16,WH_C,West,SKU0089,Electronics,38,4,35,77
2025-01-16,WH_C,West,SKU0090,Electronics,29,2,24,107
2025-01-16,WH_C,West,SKU0091,Electronics,270,0,21,78
2025-01-16,WH_C,West,SKU0092,Housewares,135,3,20,73
2025-01-16,WH_C,West,SKU0093,Sports,194,0,34,84
2025-01-16,WH_C,West,SKU0094,Hardware,174,4,16,53
2025-01-16,WH_C,West,SKU0095,Electronics,98,4,20,85
2025-01-16,WH_C,West,SKU0096,Hardware,77,2,27,103
2025-01-16,WH_C,West,SKU0097,Office,98,5,34,108
2025-01-16,WH_C,West,SKU0098,Housewares,152,2,49,61
2025-01-16,WH_C,West,SKU0099,Office,187,2,18,77
2025-01-16,WH_C,West,SKU0100,Office,171,2,45,57
2025-01-17,WH_A,East,SKU0001,Housewares,109,5,32,118
2025-01-17,WH_A,East,SKU0002,Electronics,95,2,32,94
2025-01-17,WH_A,East,SKU0003,Hardware,275,6,17,107
2025-01-17,WH_A,East,SKU0004,Hardware,142,3,26,116
2025-01-17,WH_A,East,SKU0005,Sports,77,3,32,30
2025-01-17,WH_A,East,SKU0006,Sports,125,4,28,32
2025-01-17,WH_A,East,SKU0007,Office,121,0,23,65
2025-01-17,WH_A,East,SKU0008,Electronics,118,3,44,106
2025-01-17,WH_A,East,SKU0009,Hardware,264,0,35,42
2025-01-17,WH_A,East,SKU0010,Electronics,116,1,29,32
2025-01-17,WH_A,East,SKU0011,Hardware,147,1,29,38
2025-01-17,WH_A,East,SKU0012,Housewares,177,4,33,107
2025-01-17,WH_A,East,SKU0013,Electronics,179,1,41,111
2025-01-17,WH_A,East,SKU0014,Electronics,242,7,36,99
2025-01-17,WH_A,East,SKU0015,Housewares,110,7,45,101
2025-01-17,WH_A,East,SKU0016,Housewares,43,2,36,73
2025-01-17,WH_A,East,SKU0017,Hardware,138,1,37,86
2025-01-17,WH_A,East,SKU0018,Housewares,57,0,44,93
2025-01-17,WH_A,East,SKU0019,Sports,72,5,49,119
2025-01-17,WH_A,East,SKU0020,Electronics,82,2,39,62
2025-01-17,WH_A,East,SKU0021,Sports,105,3,17,114
2025-01-17,WH_A,East,SKU0022,Sports,168,3,20,110
2025-01-17,WH_A,East,SKU0023,Hardware,199,2,50,74
2025-01-17,WH_A,East,SKU0024,Electronics,62,2,28,97
2025-01-17,WH_A,East,SKU0025,Office,117,3,34,67
2025-01-17,WH_A,East,SKU0026,Hardware,151,4,43,116
2025-01-17,WH_A,East,SKU0027,Electronics,196,6,16,49
2025-01-17,WH_A,East,SKU0028,Electronics,254,5,25,109
2025-01-17,WH_A,East,SKU0029,Sports,116,0,42,83
2025-01-17,WH_A,East,SKU0030,Housewares,38,3,33,101
2025-01-17,WH_A,East,SKU0031,Sports,144,3,30,78
2025-01-17,WH_A,East,SKU0032,Sports,153,3,23,78
2025-01-17,WH_A,East,SKU0033,Housewares,169,5,22,42
2025-01-17,WH_A,East,SKU0034,Office,119,2,28,57
2025-01-17,WH_A,East,SKU0035,Hardware,57,3,33,52
2025-01-17,WH_A,East,SKU0036,Housewares,61,3,40,100
2025-01-17,WH_A,East,SKU0037,Sports,113,0,37,57
2025-01-17,WH_A,East,SKU0038,Housewares,133,5,32,70
2025-01-17,WH_A,East,SKU0039,Office,101,6,21,115
2025-01-17,WH_A,East,SKU0040,Housewares,197,2,35,94
2025-01-17,WH_A,East,SKU0041,Sports,153,0,49,80
2025-01-17,WH_A,East,SKU0042,Electronics,117,1,40,93
2025-01-17,WH_A,East,SKU0043,Hardware,185,4,33,87
2025-01-17,WH_A,East,SKU0044,Hardware,65,0,26,81
2025-01-17,WH_A,East,SKU0045,Electronics,130,3,15,98
2025-01-17,WH_A,East,SKU0046,Hardware,151,2,44,113
2025-01-17,WH_A,East,SKU0047,Electronics,114,2,21,79
2025-01-17,WH_A,East,SKU0048,Hardware,232,1,41,83
2025-01-17,WH_A,East,SKU0049,Housewares,126,4,27,111
2025-01-17,WH_A,East,SKU0050,Hardware,49,0,29,47
2025-01-17,WH_A,East,SKU0051,Hardware,243,3,47,40
2025-01-17,WH_A,East,SKU0052,Hardware,248,3,41,32
2025-01-17,WH_A,East,SKU0053,Hardware,149,1,30,51
2025-01-17,WH_A,East,SKU0054,Office,180,4,45,117
2025-01-17,WH_A,East,SKU0055,Housewares,29,0,38,32
2025-01-17,WH_A,East,SKU0056,Housewares,162,4,39,100
2025-01-17,WH_A,East,SKU0057,Electronics,197,2,27,50
2025-01-17,WH_A,East,SKU0058,Sports,141,2,38,60
2025-01-17,WH_A,East,SKU0059,Electronics,92,0,45,55
2025-01-17,WH_A,East,SKU0060,Hardware,148,1,23,67
2025-01-17,WH_A,East,SKU0061,Office,32,3,16,56
2025-01-17,WH_A,East,SKU0062,Housewares,168,3,44,88
2025-01-17,WH_A,East,SKU0063,Housewares,74,2,43,60
2025-01-17,WH_A,East,SKU0064,Sports,65,0,44,94
2025-01-17,WH_A,East,SKU0065,Sports,179,3,22,107
2025-01-17,WH_A,East,SKU0066,Sports,91,5,25,61
2025-01-17,WH_A,East,SKU0067,Hardware,205,0,19,30
2025-01-17,WH_A,East,SKU0068,Electronics,52,2,41,96
2025-01-17,WH_A,East,SKU0069,Hardware,200,2,39,39
2025-01-17,WH_A,East,SKU0070,Hardware,185,3,31,98
2025-01-17,WH_A,East,SKU0071,Hardware,61,0,49,33
2025-01-17,WH_A,East,SKU0072,Office,117,3,45,37
2025-01-17,WH_A,East,SKU0073,Office,99,4,40,35
2025-01-17,WH_A,East,SKU0074,Hardware,157,0,40,95
2025-01-17,WH_A,East,SKU0075,Sports,174,5,43,84
2025-01-17,WH_A,East,SKU0076,Hardware,66,3,21,48
2025-01-17,WH_A,East,SKU0077,Office,76,3,22,51
2025-01-17,WH_A,East,SKU0078,Housewares,108,5,41,114
2025-01-17,WH_A,East,SKU0079,Hardware,156,2,24,61
2025-01-17,WH_A,East,SKU0080,Hardware,198,1,28,63
2025-01-17,WH_A,East,SKU0081,Housewares,29,1,36,112
2025-01-17,WH_A,East,SKU0082,Hardware,277,3,19,88
2025-01-17,WH_A,East,SKU0083,Housewares,146,2,30,63
2025-01-17,WH_A,East,SKU0084,Office,116,3,33,118
2025-01-17,WH_A,East,SKU0085,Hardware,193,0,36,87
2025-01-17,WH_A,East,SKU0086,Hardware,239,3,31,102
2025-01-17,WH_A,East,SKU0087,Office,75,2,17,47
2025-01-17,WH_A,East,SKU0088,Housewares,53,6,48,66
2025-01-17,WH_A,East,SKU0089,Electronics,40,3,29,77
2025-01-17,WH_A,East,SKU0090,Electronics,237,3,38,67
2025-01-17,WH_A,East,SKU0091,Electronics,132,5,25,102
2025-01-17,WH_A,East,SKU0092,Housewares,170,3,34,90
2025-01-17,WH_A,East,SKU0093,Sports,116,3,33,49
2025-01-17,WH_A,East,SKU0094,Hardware,277,6,23,48
2025-01-17,WH_A,East,SKU0095,Electronics,229,1,33,79
2025-01-17,WH_A,East,SKU0096,Hardware,127,3,29,33
2025-01-17,WH_A,East,SKU0097,Office,75,1,34,48
2025-01-17,WH_A,East,SKU0098,Housewares,163,5,15,63
2025-01-17,WH_A,East,SKU0099,Office,112,3,47,96
2025-01-17,WH_A,East,SKU0100,Office,121,0,45,109
2025-01-17,WH_B,Central,SKU0001,Housewares,72,4,37,112
2025-01-17,WH_B,Central,SKU0002,Electronics,105,0,47,70
2025-01-17,WH_B,Central,SKU0003,Hardware,222,0,38,78
2025-01-17,WH_B,Central,SKU0004,Hardware,203,4,25,97
2025-01-17,WH_B,Central,SKU0005,Sports,122,2,26,91
2025-01-17,WH_B,Central,SKU0006,Sports,111,1,15,115
2025-01-17,WH_B,Central,SKU0007,Office,39,5,36,58
2025-01-17,WH_B,Central,SKU0008,Electronics,137,3,28,58
2025-01-17,WH_B,Central,SKU0009,Hardware,82,3,32,107
2025-01-17,WH_B,Central,SKU0010,Electronics,59,5,27,75
2025-01-17,WH_B,Central,SKU0011,Hardware,208,3,44,102
2025-01-17,WH_B,Central,SKU0012,Housewares,174,2,15,97
2025-01-17,WH_B,Central,SKU0013,Electronics,107,0,27,76
2025-01-17,WH_B,Central,SKU0014,Electronics,249,1,17,81
2025-01-17,WH_B,Central,SKU0015,Housewares,185,1,21,72
2025-01-17,WH_B,Central,SKU0016,Housewares,138,1,19,64
2025-01-17,WH_B,Central,SKU0017,Hardware,220,2,49,98
2025-01-17,WH_B,Central,SKU0018,Housewares,61,5,18,87
2025-01-17,WH_B,Central,SKU0019,Sports,175,5,48,61
2025-01-17,WH_B,Central,SKU0020,Electronics,104,0,31,53
2025-01-17,WH_B,Central,SKU0021,Sports,184,5,30,59
2025-01-17,WH_B,Central,SKU0022,Sports,190,0,44,52
2025-01-17,WH_B,Central,SKU0023,Hardware,37,2,32,100
2025-01-17,WH_B,Central,SKU0024,Electronics,130,3,20,54
2025-01-17,WH_B,Central,SKU0025,Office,27,4,23,96
2025-01-17,WH_B,Central,SKU0026,Hardware,129,2,18,56
2025-01-17,WH_B,Central,SKU0027,Electronics,116,1,30,104
2025-01-17,WH_B,Central,SKU0028,Electronics,229,4,45,89
2025-01-17,WH_B,Central,SKU0029,Sports,36,2,49,36
2025-01-17,WH_B,Central,SKU0030,Housewares,106,7,19,55
2025-01-17,WH_B,Central,SKU0031,Sports,148,3,22,86
2025-01-17,WH_B,Central,SKU0032,Sports,46,0,45,55
2025-01-17,WH_B,Central,SKU0033,Housewares,46,2,49,105
2025-01-17,WH_B,Central,SKU0034,Office,78,3,46,68
2025-01-17,WH_B,Central,SKU0035,Hardware,234,2,15,104
2025-01-17,WH_B,Central,SKU0036,Housewares,130,0,22,86
2025-01-17,WH_B,Central,SKU0037,Sports,180,5,27,105
2025-01-17,WH_B,Central,SKU0038,Housewares,185,2,44,30
2025-01-17,WH_B,Central,SKU0039,Office,102,0,41,106
2025-01-17,WH_B,Central,SKU0040,Housewares,77,6,46,110
2025-01-17,WH_B,Central,SKU0041,Sports,65,2,36,94
2025-01-17,WH_B,Central,SKU0042,Electronics,188,3,47,66
2025-01-17,WH_B,Central,SKU0043,Hardware,264,0,34,63
2025-01-17,WH_B,Central,SKU0044,Hardware,216,2,30,73
2025-01-17,WH_B,Central,SKU0045,Electronics,128,0,50,94
2025-01-17,WH_B,Central,SKU0046,Hardware,151,4,43,44
2025-01-17,WH_B,Central,SKU0047,Electronics,88,2,46,30
2025-01-17,WH_B,Central,SKU0048,Hardware,140,1,47,90
2025-01-17,WH_B,Central,SKU0049,Housewares,141,2,25,52
2025-01-17,WH_B,Central,SKU0050,Hardware,66,4,42,116
2025-01-17,WH_B,Central,SKU0051,Hardware,145,3,21,86
2025-01-17,WH_B,Central,SKU0052,Hardware,138,2,49,53
2025-01-17,WH_B,Central,SKU0053,Hardware,106,0,21,59
2025-01-17,WH_B,Central,SKU0054,Office,80,7,34,94
2025-01-17,WH_B,Central,SKU0055,Housewares,108,5,35,97
2025-01-17,WH_B,Central,SKU0056,Housewares,142,4,21,117
2025-01-17,WH_B,Central,SKU0057,Electronics,127,4,28,103
2025-01-17,WH_B,Central,SKU0058,Sports,198,3,24,71
2025-01-17,WH_B,Central,SKU0059,Electronics,97,1,27,80
2025-01-17,WH_B,Central,SKU0060,Hardware,86,3,25,108
2025-01-17,WH_B,Central,SKU0061,Office,178,3,25,71
2025-01-17,WH_B,Central,SKU0062,Housewares,134,5,45,113
2025-01-17,WH_B,Central,SKU0063,Housewares,172,1,41,64
2025-01-17,WH_B,Central,SKU0064,Sports,69,2,31,90
2025-01-17,WH_B,Central,SKU0065,Sports,103,4,38,48
2025-01-17,WH_B,Central,SKU0066,Sports,90,1,36,75
2025-01-17,WH_B,Central,SKU0067,Hardware,146,1,43,69
2025-01-17,WH_B,Central,SKU0068,Electronics,179,3,40,83
2025-01-17,WH_B,Central,SKU0069,Hardware,32,4,40,37
2025-01-17,WH_B,Central,SKU0070,Hardware,160,0,37,112
2025-01-17,WH_B,Central,SKU0071,Hardware,71,6,44,65
2025-01-17,WH_B,Central,SKU0072,Office,44,6,27,56
2025-01-17,WH_B,Central,SKU0073,Office,187,0,31,67
2025-01-17,WH_B,Central,SKU0074,Hardware,137,1,16,71
2025-01-17,WH_B,Central,SKU0075,Sports,127,5,39,71
2025-01-17,WH_B,Central,SKU0076,Hardware,235,3,50,55
2025-01-17,WH_B,Central,SKU0077,Office,66,1,47,86
2025-01-17,WH_B,Central,SKU0078,Housewares,92,4,21,39
2025-01-17,WH_B,Central,SKU0079,Hardware,118,0,25,71
2025-01-17,WH_B,Central,SKU0080,Hardware,205,3,45,35
2025-01-17,WH_B,Central,SKU0081,Housewares,177,1,39,118
2025-01-17,WH_B,Central,SKU0082,Hardware,286,2,46,61
2025-01-17,WH_B,Central,SKU0083,Housewares,106,4,39,37
2025-01-17,WH_B,Central,SKU0084,Office,40,2,18,111
2025-01-17,WH_B,Central,SKU0085,Hardware,150,1,32,98
2025-01-17,WH_B,Central,SKU0086,Hardware,150,4,43,66
2025-01-17,WH_B,Central,SKU0087,Office,56,4,45,47
2025-01-17,WH_B,Central,SKU0088,Housewares,53,1,35,82
2025-01-17,WH_B,Central,SKU0089,Electronics,97,1,24,105
2025-01-17,WH_B,Central,SKU0090,Electronics,124,0,27,101
2025-01-17,WH_B,Central,SKU0091,Electronics,54,1,43,61
2025-01-17,WH_B,Central,SKU0092,Housewares,108,3,49,114
2025-01-17,WH_B,Central,SKU0093,Sports,74,2,50,97
2025-01-17,WH_B,Central,SKU0094,Hardware,127,0,16,47
2025-01-17,WH_B,Central,SKU0095,Electronics,41,1,35,76
2025-01-17,WH_B,Central,SKU0096,Hardware,201,3,28,53
2025-01-17,WH_B,Central,SKU0097,Office,108,0,44,59
2025-01-17,WH_B,Central,SKU0098,Housewares,148,5,38,72
2025-01-17,WH_B,Central,SKU0099,Office,50,1,31,62
2025-01-17,WH_B,Central,SKU0100,Office,178,4,16,47
2025-01-17,WH_C,West,SKU0001,Housewares,43,2,41,84
2025-01-17,WH_C,West,SKU0002,Electronics,163,3,46,36
2025-01-17,WH_C,West,SKU0003,Hardware,228,1,18,95
2025-01-17,WH_C,West,SKU0004,Hardware,171,1,16,102
2025-01-17,WH_C,West,SKU0005,Sports,122,4,17,94
2025-01-17,WH_C,West,SKU0006,Sports,112,4,49,92
2025-01-17,WH_C,West,SKU0007,Office,78,2,36,111
2025-01-17,WH_C,West,SKU0008,Electronics,60,3,19,102
2025-01-17,WH_C,West,SKU0009,Hardware,49,3,50,44
2025-01-17,WH_C,West,SKU0010,Electronics,211,6,25,95
2025-01-17,WH_C,West,SKU0011,Hardware,74,4,44,108
2025-01-17,WH_C,West,SKU0012,Housewares,199,3,27,39
2025-01-17,WH_C,West,SKU0013,Electronics,280,5,42,65
2025-01-17,WH_C,West,SKU0014,Electronics,197,2,43,49
2025-01-17,WH_C,West,SKU0015,Housewares,168,2,36,39
2025-01-17,WH_C,West,SKU0016,Housewares,74,4,36,88
2025-01-17,WH_C,West,SKU0017,Hardware,222,1,42,32
2025-01-17,WH_C,West,SKU0018,Housewares,102,2,33,30
2025-01-17,WH_C,West,SKU0019,Sports,175,2,39,32
2025-01-17,WH_C,West,SKU0020,Electronics,36,6,29,71
2025-01-17,WH_C,West,SKU0021,Sports,130,2,24,63
2025-01-17,WH_C,West,SKU0022,Sports,74,3,35,98
2025-01-17,WH_C,West,SKU0023,Hardware,183,3,27,103
2025-01-17,WH_C,West,SKU0024,Electronics,158,3,24,54
2025-01-17,WH_C,West,SKU0025,Office,61,3,28,69
2025-01-17,WH_C,West,SKU0026,Hardware,74,4,21,33
2025-01-17,WH_C,West,SKU0027,Electronics,211,0,17,46
2025-01-17,WH_C,West,SKU0028,Electronics,210,3,37,38
2025-01-17,WH_C,West,SKU0029,Sports,100,0,35,59
2025-01-17,WH_C,West,SKU0030,Housewares,192,0,28,55
2025-01-17,WH_C,West,SKU0031,Sports,98,3,25,84
2025-01-17,WH_C,West,SKU0032,Sports,97,6,29,57
2025-01-17,WH_C,West,SKU0033,Housewares,96,2,16,47
2025-01-17,WH_C,West,SKU0034,Office,129,3,22,78
2025-01-17,WH_C,West,SKU0035,Hardware,38,2,43,56
2025-01-17,WH_C,West,SKU0036,Housewares,112,0,18,87
2025-01-17,WH_C,West,SKU0037,Sports,141,3,40,55
2025-01-17,WH_C,West,SKU0038,Housewares,81,2,39,105
2025-01-17,WH_C,West,SKU0039,Office,44,0,20,52
2025-01-17,WH_C,West,SKU0040,Housewares,152,0,48,45
2025-01-17,WH_C,West,SKU0041,Sports,79,0,28,45
2025-01-17,WH_C,West,SKU0042,Electronics,205,6,37,70
2025-01-17,WH_C,West,SKU0043,Hardware,182,3,27,56
2025-01-17,WH_C,West,SKU0044,Hardware,50,0,47,76
2025-01-17,WH_C,West,SKU0045,Electronics,206,6,31,95
2025-01-17,WH_C,West,SKU0046,Hardware,62,0,44,32
2025-01-17,WH_C,West,SKU0047,Electronics,4,1,39,83
2025-01-17,WH_C,West,SKU0048,Hardware,169,6,21,75
2025-01-17,WH_C,West,SKU0049,Housewares,118,3,34,38
2025-01-17,WH_C,West,SKU0050,Hardware,179,1,34,59
2025-01-17,WH_C,West,SKU0051,Hardware,292,3,20,113
2025-01-17,WH_C,West,SKU0052,Hardware,236,1,39,90
2025-01-17,WH_C,West,SKU0053,Hardware,25,1,32,112
2025-01-17,WH_C,West,SKU0054,Office,107,2,17,48
2025-01-17,WH_C,West,SKU0055,Housewares,82,5,26,102
2025-01-17,WH_C,West,SKU0056,Housewares,15,6,23,96
2025-01-17,WH_C,West,SKU0057,Electronics,75,3,23,118
2025-01-17,WH_C,West,SKU0058,Sports,137,3,17,37
2025-01-17,WH_C,West,SKU0059,Electronics,245,3,28,114
2025-01-17,WH_C,West,SKU0060,Hardware,125,0,38,109
2025-01-17,WH_C,West,SKU0061,Office,151,2,25,83
2025-01-17,WH_C,West,SKU0062,Housewares,70,0,26,96
2025-01-17,WH_C,West,SKU0063,Housewares,55,2,26,76
2025-01-17,WH_C,West,SKU0064,Sports,52,0,25,33
2025-01-17,WH_C,West,SKU0065,Sports,148,0,28,69
2025-01-17,WH_C,West,SKU0066,Sports,126,0,38,63
2025-01-17,WH_C,West,SKU0067,Hardware,242,2,35,33
2025-01-17,WH_C,West,SKU0068,Electronics,25,2,36,33
2025-01-17,WH_C,West,SKU0069,Hardware,184,0,17,48
2025-01-17,WH_C,West,SKU0070,Hardware,183,0,17,99
2025-01-17,WH_C,West,SKU0071,Hardware,160,4,48,51
2025-01-17,WH_C,West,SKU0072,Office,53,1,21,31
2025-01-17,WH_C,West,SKU0073,Office,111,5,29,41
2025-01-17,WH_C,West,SKU0074,Hardware,166,2,19,44
2025-01-17,WH_C,West,SKU0075,Sports,123,2,44,83
2025-01-17,WH_C,West,SKU0076,Hardware,220,1,43,47
2025-01-17,WH_C,West,SKU0077,Office,169,0,15,69
2025-01-17,WH_C,West,SKU0078,Housewares,141,5,45,62
2025-01-17,WH_C,West,SKU0079,Hardware,61,1,35,114
2025-01-17,WH_C,West,SKU0080,Hardware,226,5,38,108
2025-01-17,WH_C,West,SKU0081,Housewares,176,2,21,91
2025-01-17,WH_C,West,SKU0082,Hardware,207,2,27,46
2025-01-17,WH_C,West,SKU0083,Housewares,51,4,47,46
2025-01-17,WH_C,West,SKU0084,Office,71,3,29,114
2025-01-17,WH_C,West,SKU0085,Hardware,47,1,21,81
2025-01-17,WH_C,West,SKU0086,Hardware,146,4,21,61
2025-01-17,WH_C,West,SKU0087,Office,83,3,31,53
2025-01-17,WH_C,West,SKU0088,Housewares,181,2,34,72
2025-01-17,WH_C,West,SKU0089,Electronics,192,4,48,96
2025-01-17,WH_C,West,SKU0090,Electronics,248,5,32,46
2025-01-17,WH_C,West,SKU0091,Electronics,130,3,42,77
2025-01-17,WH_C,West,SKU0092,Housewares,196,4,24,104
2025-01-17,WH_C,West,SKU0093,Sports,21,8,39,110
2025-01-17,WH_C,West,SKU0094,Hardware,32,0,27,53
2025-01-17,WH_C,West,SKU0095,Electronics,34,7,24,111
2025-01-17,WH_C,West,SKU0096,Hardware,30,2,30,50
2025-01-17,WH_C,West,SKU0097,Office,131,2,35,31
2025-01-17,WH_C,West,SKU0098,Housewares,162,4,45,91
2025-01-17,WH_C,West,SKU0099,Office,110,5,27,110
2025-01-17,WH_C,West,SKU0100,Office,179,3,40,87
2025-01-18,WH_A,East,SKU0001,Housewares,76,3,44,109
2025-01-18,WH_A,East,SKU0002,Electronics,126,3,49,86
2025-01-18,WH_A,East,SKU0003,Hardware,69,5,32,113
2025-01-18,WH_A,East,SKU0004,Hardware,226,0,36,73
2025-01-18,WH_A,East,SKU0005,Sports,67,1,31,73
2025-01-18,WH_A,East,SKU0006,Sports,140,3,50,88
2025-01-18,WH_A,East,SKU0007,Office,195,2,21,115
2025-01-18,WH_A,East,SKU0008,Electronics,130,1,48,63
2025-01-18,WH_A,East,SKU0009,Hardware,59,0,38,84
2025-01-18,WH_A,East,SKU0010,Electronics,269,4,16,99
2025-01-18,WH_A,East,SKU0011,Hardware,85,2,21,59
2025-01-18,WH_A,East,SKU0012,Housewares,116,3,22,45
2025-01-18,WH_A,East,SKU0013,Electronics,236,4,33,46
2025-01-18,WH_A,East,SKU0014,Electronics,144,3,34,87
2025-01-18,WH_A,East,SKU0015,Housewares,125,1,50,40
2025-01-18,WH_A,East,SKU0016,Housewares,158,0,26,80
2025-01-18,WH_A,East,SKU0017,Hardware,201,0,27,48
2025-01-18,WH_A,East,SKU0018,Housewares,179,3,29,32
2025-01-18,WH_A,East,SKU0019,Sports,81,2,37,97
2025-01-18,WH_A,East,SKU0020,Electronics,227,4,24,102
2025-01-18,WH_A,East,SKU0021,Sports,171,1,48,36
2025-01-18,WH_A,East,SKU0022,Sports,151,4,38,99
2025-01-18,WH_A,East,SKU0023,Hardware,125,1,48,51
2025-01-18,WH_A,East,SKU0024,Electronics,147,4,25,42
2025-01-18,WH_A,East,SKU0025,Office,201,3,25,111
2025-01-18,WH_A,East,SKU0026,Hardware,249,4,29,49
2025-01-18,WH_A,East,SKU0027,Electronics,226,1,42,55
2025-01-18,WH_A,East,SKU0028,Electronics,127,0,18,81
2025-01-18,WH_A,East,SKU0029,Sports,101,2,39,96
2025-01-18,WH_A,East,SKU0030,Housewares,122,2,45,89
2025-01-18,WH_A,East,SKU0031,Sports,102,4,23,68
2025-01-18,WH_A,East,SKU0032,Sports,25,2,19,62
2025-01-18,WH_A,East,SKU0033,Housewares,169,3,34,56
2025-01-18,WH_A,East,SKU0034,Office,171,2,19,37
2025-01-18,WH_A,East,SKU0035,Hardware,173,4,23,48
2025-01-18,WH_A,East,SKU0036,Housewares,139,2,25,61
2025-01-18,WH_A,East,SKU0037,Sports,139,4,25,112
2025-01-18,WH_A,East,SKU0038,Housewares,119,4,40,105
2025-01-18,WH_A,East,SKU0039,Office,70,3,30,74
2025-01-18,WH_A,East,SKU0040,Housewares,39,5,29,65
2025-01-18,WH_A,East,SKU0041,Sports,58,2,40,45
2025-01-18,WH_A,East,SKU0042,Electronics,247,3,24,56
2025-01-18,WH_A,East,SKU0043,Hardware,187,3,24,116
2025-01-18,WH_A,East,SKU0044,Hardware,125,3,35,31
2025-01-18,WH_A,East,SKU0045,Electronics,250,1,22,96
2025-01-18,WH_A,East,SKU0046,Hardware,128,0,48,43
2025-01-18,WH_A,East,SKU0047,Electronics,243,2,45,59
2025-01-18,WH_A,East,SKU0048,Hardware,265,2,43,68
2025-01-18,WH_A,East,SKU0049,Housewares,27,6,49,108
2025-01-18,WH_A,East,SKU0050,Hardware,201,3,24,39
2025-01-18,WH_A,East,SKU0051,Hardware,168,1,32,35
2025-01-18,WH_A,East,SKU0052,Hardware,182,1,31,44
2025-01-18,WH_A,East,SKU0053,Hardware,254,0,44,84
2025-01-18,WH_A,East,SKU0054,Office,169,3,25,120
2025-01-18,WH_A,East,SKU0055,Housewares,195,4,46,67
2025-01-18,WH_A,East,SKU0056,Housewares,77,1,48,43
2025-01-18,WH_A,East,SKU0057,Electronics,53,4,38,60
2025-01-18,WH_A,East,SKU0058,Sports,183,4,46,119
2025-01-18,WH_A,East,SKU0059,Electronics,194,0,41,37
2025-01-18,WH_A,East,SKU0060,Hardware,267,7,21,65
2025-01-18,WH_A,East,SKU0061,Office,92,4,31,111
2025-01-18,WH_A,East,SKU0062,Housewares,160,2,36,83
2025-01-18,WH_A,East,SKU0063,Housewares,191,0,31,75
2025-01-18,WH_A,East,SKU0064,Sports,42,3,15,42
2025-01-18,WH_A,East,SKU0065,Sports,149,5,30,104
2025-01-18,WH_A,East,SKU0066,Sports,138,1,29,105
2025-01-18,WH_A,East,SKU0067,Hardware,202,2,32,43
2025-01-18,WH_A,East,SKU0068,Electronics,203,2,50,107
2025-01-18,WH_A,East,SKU0069,Hardware,221,6,39,107
2025-01-18,WH_A,East,SKU0070,Hardware,207,0,39,35
2025-01-18,WH_A,East,SKU0071,Hardware,239,0,21,105
2025-01-18,WH_A,East,SKU0072,Office,177,1,21,103
2025-01-18,WH_A,East,SKU0073,Office,50,1,22,60
2025-01-18,WH_A,East,SKU0074,Hardware,165,5,41,80
2025-01-18,WH_A,East,SKU0075,Sports,37,2,37,112
2025-01-18,WH_A,East,SKU0076,Hardware,186,0,44,103
2025-01-18,WH_A,East,SKU0077,Office,151,1,17,81
2025-01-18,WH_A,East,SKU0078,Housewares,186,8,42,115
2025-01-18,WH_A,East,SKU0079,Hardware,41,0,28,102
2025-01-18,WH_A,East,SKU0080,Hardware,88,3,16,110
2025-01-18,WH_A,East,SKU0081,Housewares,104,1,21,67
2025-01-18,WH_A,East,SKU0082,Hardware,177,0,16,88
2025-01-18,WH_A,East,SKU0083,Housewares,74,4,37,117
2025-01-18,WH_A,East,SKU0084,Office,97,4,37,61
2025-01-18,WH_A,East,SKU0085,Hardware,112,6,43,36
2025-01-18,WH_A,East,SKU0086,Hardware,136,2,44,119
2025-01-18,WH_A,East,SKU0087,Office,185,1,31,50
2025-01-18,WH_A,East,SKU0088,Housewares,74,4,50,100
2025-01-18,WH_A,East,SKU0089,Electronics,268,4,35,81
2025-01-18,WH_A,East,SKU0090,Electronics,150,2,26,93
2025-01-18,WH_A,East,SKU0091,Electronics,82,4,36,75
2025-01-18,WH_A,East,SKU0092,Housewares,167,3,49,59
2025-01-18,WH_A,East,SKU0093,Sports,97,2,34,42
2025-01-18,WH_A,East,SKU0094,Hardware,47,2,40,70
2025-01-18,WH_A,East,SKU0095,Electronics,268,4,46,111
2025-01-18,WH_A,East,SKU0096,Hardware,68,5,39,55
2025-01-18,WH_A,East,SKU0097,Office,97,2,46,74
2025-01-18,WH_A,East,SKU0098,Housewares,113,1,43,76
2025-01-18,WH_A,East,SKU0099,Office,55,5,25,71
2025-01-18,WH_A,East,SKU0100,Office,21,0,22,54
2025-01-18,WH_B,Central,SKU0001,Housewares,167,2,34,94
2025-01-18,WH_B,Central,SKU0002,Electronics,290,3,50,67
2025-01-18,WH_B,Central,SKU0003,Hardware,223,5,49,52
2025-01-18,WH_B,Central,SKU0004,Hardware,170,1,19,55
2025-01-18,WH_B,Central,SKU0005,Sports,54,3,20,106
2025-01-18,WH_B,Central,SKU0006,Sports,189,3,40,63
2025-01-18,WH_B,Central,SKU0007,Office,46,1,36,98
2025-01-18,WH_B,Central,SKU0008,Electronics,154,2,40,47
2025-01-18,WH_B,Central,SKU0009,Hardware,177,3,21,67
2025-01-18,WH_B,Central,SKU0010,Electronics,256,3,20,71
2025-01-18,WH_B,Central,SKU0011,Hardware,118,3,43,35
2025-01-18,WH_B,Central,SKU0012,Housewares,82,2,50,49
2025-01-18,WH_B,Central,SKU0013,Electronics,256,4,32,33
2025-01-18,WH_B,Central,SKU0014,Electronics,203,1,29,118
2025-01-18,WH_B,Central,SKU0015,Housewares,87,0,30,58
2025-01-18,WH_B,Central,SKU0016,Housewares,127,5,28,48
2025-01-18,WH_B,Central,SKU0017,Hardware,35,2,33,61
2025-01-18,WH_B,Central,SKU0018,Housewares,27,3,45,86
2025-01-18,WH_B,Central,SKU0019,Sports,110,2,50,100
2025-01-18,WH_B,Central,SKU0020,Electronics,247,1,27,82
2025-01-18,WH_B,Central,SKU0021,Sports,63,1,48,104
2025-01-18,WH_B,Central,SKU0022,Sports,121,1,39,63
2025-01-18,WH_B,Central,SKU0023,Hardware,284,3,38,63
2025-01-18,WH_B,Central,SKU0024,Electronics,189,0,38,76
2025-01-18,WH_B,Central,SKU0025,Office,76,2,35,99
2025-01-18,WH_B,Central,SKU0026,Hardware,159,1,19,118
2025-01-18,WH_B,Central,SKU0027,Electronics,84,5,35,119
2025-01-18,WH_B,Central,SKU0028,Electronics,106,2,49,104
2025-01-18,WH_B,Central,SKU0029,Sports,46,8,21,94
2025-01-18,WH_B,Central,SKU0030,Housewares,136,6,49,70
2025-01-18,WH_B,Central,SKU0031,Sports,33,1,29,74
2025-01-18,WH_B,Central,SKU0032,Sports,192,1,50,58
2025-01-18,WH_B,Central,SKU0033,Housewares,136,1,32,103
2025-01-18,WH_B,Central,SKU0034,Office,24,5,44,109
2025-01-18,WH_B,Central,SKU0035,Hardware,197,4,46,105
2025-01-18,WH_B,Central,SKU0036,Housewares,136,3,19,51
2025-01-18,WH_B,Central,SKU0037,Sports,20,1,50,87
2025-01-18,WH_B,Central,SKU0038,Housewares,166,0,18,74
2025-01-18,WH_B,Central,SKU0039,Office,132,5,24,38
2025-01-18,WH_B,Central,SKU0040,Housewares,213,3,37,38
2025-01-18,WH_B,Central,SKU0041,Sports,101,2,31,33
2025-01-18,WH_B,Central,SKU0042,Electronics,228,4,46,85
2025-01-18,WH_B,Central,SKU0043,Hardware,285,3,23,80
2025-01-18,WH_B,Central,SKU0044,Hardware,102,4,43,69
2025-01-18,WH_B,Central,SKU0045,Electronics,209,1,34,72
2025-01-18,WH_B,Central,SKU0046,Hardware,100,3,47,82
2025-01-18,WH_B,Central,SKU0047,Electronics,67,1,49,117
2025-01-18,WH_B,Central,SKU0048,Hardware,230,2,35,30
2025-01-18,WH_B,Central,SKU0049,Housewares,161,3,18,75
2025-01-18,WH_B,Central,SKU0050,Hardware,250,3,22,39
2025-01-18,WH_B,Central,SKU0051,Hardware,263,5,19,97
2025-01-18,WH_B,Central,SKU0052,Hardware,182,3,25,54
2025-01-18,WH_B,Central,SKU0053,Hardware,116,4,26,53
2025-01-18,WH_B,Central,SKU0054,Office,23,0,46,45
2025-01-18,WH_B,Central,SKU0055,Housewares,108,0,20,42
2025-01-18,WH_B,Central,SKU0056,Housewares,113,3,39,82
2025-01-18,WH_B,Central,SKU0057,Electronics,162,0,45,47
2025-01-18,WH_B,Central,SKU0058,Sports,108,4,26,42
2025-01-18,WH_B,Central,SKU0059,Electronics,127,5,37,52
2025-01-18,WH_B,Central,SKU0060,Hardware,166,7,31,93
2025-01-18,WH_B,Central,SKU0061,Office,38,3,26,63
2025-01-18,WH_B,Central,SKU0062,Housewares,103,2,27,59
2025-01-18,WH_B,Central,SKU0063,Housewares,111,2,20,73
2025-01-18,WH_B,Central,SKU0064,Sports,129,1,21,97
2025-01-18,WH_B,Central,SKU0065,Sports,96,3,16,107
2025-01-18,WH_B,Central,SKU0066,Sports,50,1,50,37
2025-01-18,WH_B,Central,SKU0067,Hardware,267,4,38,42
2025-01-18,WH_B,Central,SKU0068,Electronics,71,0,15,97
2025-01-18,WH_B,Central,SKU0069,Hardware,43,0,15,71
2025-01-18,WH_B,Central,SKU0070,Hardware,147,6,34,33
2025-01-18,WH_B,Central,SKU0071,Hardware,217,3,38,38
2025-01-18,WH_B,Central,SKU0072,Office,64,0,27,111
2025-01-18,WH_B,Central,SKU0073,Office,175,3,46,53
2025-01-18,WH_B,Central,SKU0074,Hardware,223,4,28,74
2025-01-18,WH_B,Central,SKU0075,Sports,40,4,24,106
2025-01-18,WH_B,Central,SKU0076,Hardware,154,0,26,86
2025-01-18,WH_B,Central,SKU0077,Office,187,0,26,94
2025-01-18,WH_B,Central,SKU0078,Housewares,68,0,43,33
2025-01-18,WH_B,Central,SKU0079,Hardware,253,2,17,98
2025-01-18,WH_B,Central,SKU0080,Hardware,68,5,34,67
2025-01-18,WH_B,Central,SKU0081,Housewares,42,4,37,117
2025-01-18,WH_B,Central,SKU0082,Hardware,92,2,48,51
2025-01-18,WH_B,Central,SKU0083,Housewares,67,0,46,54
2025-01-18,WH_B,Central,SKU0084,Office,186,4,24,108
2025-01-18,WH_B,Central,SKU0085,Hardware,143,6,44,114
2025-01-18,WH_B,Central,SKU0086,Hardware,205,1,39,87
2025-01-18,WH_B,Central,SKU0087,Office,36,3,50,38
2025-01-18,WH_B,Central,SKU0088,Housewares,94,3,30,76
2025-01-18,WH_B,Central,SKU0089,Electronics,76,2,30,92
2025-01-18,WH_B,Central,SKU0090,Electronics,99,2,40,35
2025-01-18,WH_B,Central,SKU0091,Electronics,144,8,18,91
2025-01-18,WH_B,Central,SKU0092,Housewares,183,0,21,96
2025-01-18,WH_B,Central,SKU0093,Sports,34,0,35,97
2025-01-18,WH_B,Central,SKU0094,Hardware,237,3,49,96
2025-01-18,WH_B,Central,SKU0095,Electronics,171,2,49,112
2025-01-18,WH_B,Central,SKU0096,Hardware,96,2,33,71
2025-01-18,WH_B,Central,SKU0097,Office,53,4,43,55
2025-01-18,WH_B,Central,SKU0098,Housewares,97,4,42,81
2025-01-18,WH_B,Central,SKU0099,Office,135,4,39,40
2025-01-18,WH_B,Central,SKU0100,Office,147,3,16,92
2025-01-18,WH_C,West,SKU0001,Housewares,57,1,35,101
2025-01-18,WH_C,West,SKU0002,Electronics,191,0,39,69
2025-01-18,WH_C,West,SKU0003,Hardware,207,0,33,117
2025-01-18,WH_C,West,SKU0004,Hardware,281,2,18,97
2025-01-18,WH_C,West,SKU0005,Sports,41,1,27,41
2025-01-18,WH_C,West,SKU0006,Sports,95,5,49,52
2025-01-18,WH_C,West,SKU0007,Office,197,1,35,36
2025-01-18,WH_C,West,SKU0008,Electronics,220,3,16,36
2025-01-18,WH_C,West,SKU0009,Hardware,139,2,39,54
2025-01-18,WH_C,West,SKU0010,Electronics,166,0,49,36
2025-01-18,WH_C,West,SKU0011,Hardware,268,3,42,95
2025-01-18,WH_C,West,SKU0012,Housewares,158,5,26,95
2025-01-18,WH_C,West,SKU0013,Electronics,171,2,17,57
2025-01-18,WH_C,West,SKU0014,Electronics,75,1,44,53
2025-01-18,WH_C,West,SKU0015,Housewares,85,6,35,39
2025-01-18,WH_C,West,SKU0016,Housewares,84,3,46,56
2025-01-18,WH_C,West,SKU0017,Hardware,229,0,15,35
2025-01-18,WH_C,West,SKU0018,Housewares,120,0,28,118
2025-01-18,WH_C,West,SKU0019,Sports,41,0,33,30
2025-01-18,WH_C,West,SKU0020,Electronics,108,2,36,52
2025-01-18,WH_C,West,SKU0021,Sports,121,1,29,77
2025-01-18,WH_C,West,SKU0022,Sports,132,2,17,49
2025-01-18,WH_C,West,SKU0023,Hardware,70,3,30,109
2025-01-18,WH_C,West,SKU0024,Electronics,287,3,31,84
2025-01-18,WH_C,West,SKU0025,Office,190,0,34,56
2025-01-18,WH_C,West,SKU0026,Hardware,259,3,32,82
2025-01-18,WH_C,West,SKU0027,Electronics,270,0,15,83
2025-01-18,WH_C,West,SKU0028,Electronics,166,5,39,65
2025-01-18,WH_C,West,SKU0029,Sports,82,1,46,62
2025-01-18,WH_C,West,SKU0030,Housewares,179,0,15,110
2025-01-18,WH_C,West,SKU0031,Sports,211,3,40,35
2025-01-18,WH_C,West,SKU0032,Sports,207,0,43,46
2025-01-18,WH_C,West,SKU0033,Housewares,195,2,29,39
2025-01-18,WH_C,West,SKU0034,Office,191,4,22,44
2025-01-18,WH_C,West,SKU0035,Hardware,84,1,46,38
2025-01-18,WH_C,West,SKU0036,Housewares,73,2,49,71
2025-01-18,WH_C,West,SKU0037,Sports,53,1,31,117
2025-01-18,WH_C,West,SKU0038,Housewares,182,1,40,66
2025-01-18,WH_C,West,SKU0039,Office,168,3,33,66
2025-01-18,WH_C,West,SKU0040,Housewares,159,4,31,43
2025-01-18,WH_C,West,SKU0041,Sports,41,3,40,55
2025-01-18,WH_C,West,SKU0042,Electronics,57,4,50,93
2025-01-18,WH_C,West,SKU0043,Hardware,83,1,23,96
2025-01-18,WH_C,West,SKU0044,Hardware,24,2,45,91
2025-01-18,WH_C,West,SKU0045,Electronics,77,1,22,59
2025-01-18,WH_C,West,SKU0046,Hardware,35,4,39,53
2025-01-18,WH_C,West,SKU0047,Electronics,68,2,19,60
2025-01-18,WH_C,West,SKU0048,Hardware,190,0,38,86
2025-01-18,WH_C,West,SKU0049,Housewares,69,7,43,106
2025-01-18,WH_C,West,SKU0050,Hardware,47,0,47,54
2025-01-18,WH_C,West,SKU0051,Hardware,96,4,35,35
2025-01-18,WH_C,West,SKU0052,Hardware,226,5,15,49
2025-01-18,WH_C,West,SKU0053,Hardware,155,1,31,52
2025-01-18,WH_C,West,SKU0054,Office,109,1,44,55
2025-01-18,WH_C,West,SKU0055,Housewares,182,1,18,80
2025-01-18,WH_C,West,SKU0056,Housewares,128,7,24,67
2025-01-18,WH_C,West,SKU0057,Electronics,194,0,19,58
2025-01-18,WH_C,West,SKU0058,Sports,64,0,27,72
2025-01-18,WH_C,West,SKU0059,Electronics,263,4,43,33
2025-01-18,WH_C,West,SKU0060,Hardware,199,3,19,61
2025-01-18,WH_C,West,SKU0061,Office,172,0,48,66
2025-01-18,WH_C,West,SKU0062,Housewares,162,3,25,48
2025-01-18,WH_C,West,SKU0063,Housewares,166,1,35,37
2025-01-18,WH_C,West,SKU0064,Sports,43,0,19,82
2025-01-18,WH_C,West,SKU0065,Sports,129,0,49,32
2025-01-18,WH_C,West,SKU0066,Sports,162,3,25,71
2025-01-18,WH_C,West,SKU0067,Hardware,154,1,17,48
2025-01-18,WH_C,West,SKU0068,Electronics,54,0,29,30
2025-01-18,WH_C,West,SKU0069,Hardware,178,0,15,102
2025-01-18,WH_C,West,SKU0070,Hardware,43,0,39,102
2025-01-18,WH_C,West,SKU0071,Hardware,79,3,29,110
2025-01-18,WH_C,West,SKU0072,Office,20,2,49,39
2025-01-18,WH_C,West,SKU0073,Office,41,2,45,103
2025-01-18,WH_C,West,SKU0074,Hardware,257,1,39,66
2025-01-18,WH_C,West,SKU0075,Sports,176,2,39,87
2025-01-18,WH_C,West,SKU0076,Hardware,115,5,46,108
2025-01-18,WH_C,West,SKU0077,Office,61,0,37,111
2025-01-18,WH_C,West,SKU0078,Housewares,130,2,45,49
2025-01-18,WH_C,West,SKU0079,Hardware,188,2,49,76
2025-01-18,WH_C,West,SKU0080,Hardware,111,1,24,66
2025-01-18,WH_C,West,SKU0081,Housewares,192,3,26,79
2025-01-18,WH_C,West,SKU0082,Hardware,115,6,25,77
2025-01-18,WH_C,West,SKU0083,Housewares,40,4,42,68
2025-01-18,WH_C,West,SKU0084,Office,25,6,17,88
2025-01-18,WH_C,West,SKU0085,Hardware,182,7,49,59
2025-01-18,WH_C,West,SKU0086,Hardware,183,6,23,110
2025-01-18,WH_C,West,SKU0087,Office,118,5,28,81
2025-01-18,WH_C,West,SKU0088,Housewares,146,3,41,88
2025-01-18,WH_C,West,SKU0089,Electronics,173,2,43,79
2025-01-18,WH_C,West,SKU0090,Electronics,197,3,38,73
2025-01-18,WH_C,West,SKU0091,Electronics,131,0,40,47
2025-01-18,WH_C,West,SKU0092,Housewares,147,4,28,61
2025-01-18,WH_C,West,SKU0093,Sports,90,4,27,102
2025-01-18,WH_C,West,SKU0094,Hardware,107,2,38,89
2025-01-18,WH_C,West,SKU0095,Electronics,206,2,41,77
2025-01-18,WH_C,West,SKU0096,Hardware,255,2,34,57
2025-01-18,WH_C,West,SKU0097,Office,120,3,24,90
2025-01-18,WH_C,West,SKU0098,Housewares,55,2,49,113
2025-01-18,WH_C,West,SKU0099,Office,115,2,34,109
2025-01-18,WH_C,West,SKU0100,Office,125,5,18,55
2025-01-19,WH_A,East,SKU0001,Housewares,69,4,36,100
2025-01-19,WH_A,East,SKU0002,Electronics,86,3,39,96
2025-01-19,WH_A,East,SKU0003,Hardware,191,1,26,86
2025-01-19,WH_A,East,SKU0004,Hardware,30,2,28,79
2025-01-19,WH_A,East,SKU0005,Sports,158,4,26,64
2025-01-19,WH_A,East,SKU0006,Sports,186,3,24,112
2025-01-19,WH_A,East,SKU0007,Office,120,3,27,49
2025-01-19,WH_A,East,SKU0008,Electronics,170,2,35,89
2025-01-19,WH_A,East,SKU0009,Hardware,115,3,23,92
2025-01-19,WH_A,East,SKU0010,Electronics,139,6,48,110
2025-01-19,WH_A,East,SKU0011,Hardware,30,2,21,38
2025-01-19,WH_A,East,SKU0012,Housewares,25,3,16,31
2025-01-19,WH_A,East,SKU0013,Electronics,35,2,36,41
2025-01-19,WH_A,East,SKU0014,Electronics,136,3,37,55
2025-01-19,WH_A,East,SKU0015,Housewares,52,1,28,69
2025-01-19,WH_A,East,SKU0016,Housewares,50,3,38,109
2025-01-19,WH_A,East,SKU0017,Hardware,134,2,43,90
2025-01-19,WH_A,East,SKU0018,Housewares,122,2,26,67
2025-01-19,WH_A,East,SKU0019,Sports,90,1,21,101
2025-01-19,WH_A,East,SKU0020,Electronics,78,1,24,50
2025-01-19,WH_A,East,SKU0021,Sports,113,0,22,98
2025-01-19,WH_A,East,SKU0022,Sports,169,4,41,50
2025-01-19,WH_A,East,SKU0023,Hardware,224,2,50,110
2025-01-19,WH_A,East,SKU0024,Electronics,208,5,32,118
2025-01-19,WH_A,East,SKU0025,Office,80,1,22,114
2025-01-19,WH_A,East,SKU0026,Hardware,71,4,43,42
2025-01-19,WH_A,East,SKU0027,Electronics,39,2,23,78
2025-01-19,WH_A,East,SKU0028,Electronics,189,1,39,91
2025-01-19,WH_A,East,SKU0029,Sports,66,0,16,105
2025-01-19,WH_A,East,SKU0030,Housewares,205,1,38,86
2025-01-19,WH_A,East,SKU0031,Sports,167,0,26,87
2025-01-19,WH_A,East,SKU0032,Sports,24,2,46,115
2025-01-19,WH_A,East,SKU0033,Housewares,164,5,37,73
2025-01-19,WH_A,East,SKU0034,Office,42,1,38,38
2025-01-19,WH_A,East,SKU0035,Hardware,83,4,23,109
2025-01-19,WH_A,East,SKU0036,Housewares,108,3,40,49
2025-01-19,WH_A,East,SKU0037,Sports,54,4,27,111
2025-01-19,WH_A,East,SKU0038,Housewares,116,0,33,40
2025-01-19,WH_A,East,SKU0039,Office,116,4,46,32
2025-01-19,WH_A,East,SKU0040,Housewares,165,1,41,51
2025-01-19,WH_A,East,SKU0041,Sports,104,1,31,54
2025-01-19,WH_A,East,SKU0042,Electronics,206,3,32,96
2025-01-19,WH_A,East,SKU0043,Hardware,45,5,46,70
2025-01-19,WH_A,East,SKU0044,Hardware,78,1,18,113
2025-01-19,WH_A,East,SKU0045,Electronics,126,4,34,63
2025-01-19,WH_A,East,SKU0046,Hardware,188,3,42,73
2025-01-19,WH_A,East,SKU0047,Electronics,41,4,32,114
2025-01-19,WH_A,East,SKU0048,Hardware,188,3,20,72
2025-01-19,WH_A,East,SKU0049,Housewares,145,1,17,46
2025-01-19,WH_A,East,SKU0050,Hardware,243,2,15,103
2025-01-19,WH_A,East,SKU0051,Hardware,24,1,34,78
2025-01-19,WH_A,East,SKU0052,Hardware,84,4,45,78
2025-01-19,WH_A,East,SKU0053,Hardware,165,0,17,118
2025-01-19,WH_A,East,SKU0054,Office,183,3,32,119
2025-01-19,WH_A,East,SKU0055,Housewares,110,1,36,76
2025-01-19,WH_A,East,SKU0056,Housewares,150,3,42,82
2025-01-19,WH_A,East,SKU0057,Electronics,135,4,23,74
2025-01-19,WH_A,East,SKU0058,Sports,77,2,50,54
2025-01-19,WH_A,East,SKU0059,Electronics,202,1,33,64
2025-01-19,WH_A,East,SKU0060,Hardware,47,2,43,115
2025-01-19,WH_A,East,SKU0061,Office,57,0,35,95
2025-01-19,WH_A,East,SKU0062,Housewares,65,2,16,46
2025-01-19,WH_A,East,SKU0063,Housewares,47,0,30,39
2025-01-19,WH_A,East,SKU0064,Sports,57,1,38,38
2025-01-19,WH_A,East,SKU0065,Sports,48,2,30,41
2025-01-19,WH_A,East,SKU0066,Sports,34,6,15,31
2025-01-19,WH_A,East,SKU0067,Hardware,138,3,19,49
2025-01-19,WH_A,East,SKU0068,Electronics,239,0,44,110
2025-01-19,WH_A,East,SKU0069,Hardware,152,2,21,108
2025-01-19,WH_A,East,SKU0070,Hardware,46,4,18,120
2025-01-19,WH_A,East,SKU0071,Hardware,65,0,27,40
2025-01-19,WH_A,East,SKU0072,Office,73,2,20,41
2025-01-19,WH_A,East,SKU0073,Office,29,5,42,117
2025-01-19,WH_A,East,SKU0074,Hardware,104,4,28,36
2025-01-19,WH_A,East,SKU0075,Sports,32,7,39,71
2025-01-19,WH_A,East,SKU0076,Hardware,245,5,48,54
2025-01-19,WH_A,East,SKU0077,Office,149,3,27,120
2025-01-19,WH_A,East,SKU0078,Housewares,139,2,26,90
2025-01-19,WH_A,East,SKU0079,Hardware,108,3,18,86
2025-01-19,WH_A,East,SKU0080,Hardware,97,3,47,30
2025-01-19,WH_A,East,SKU0081,Housewares,10,0,26,55
2025-01-19,WH_A,East,SKU0082,Hardware,114,3,24,99
2025-01-19,WH_A,East,SKU0083,Housewares,169,2,27,119
2025-01-19,WH_A,East,SKU0084,Office,57,0,19,54
2025-01-19,WH_A,East,SKU0085,Hardware,99,3,35,59
2025-01-19,WH_A,East,SKU0086,Hardware,89,2,40,111
2025-01-19,WH_A,East,SKU0087,Office,189,3,33,106
2025-01-19,WH_A,East,SKU0088,Housewares,115,3,47,111
2025-01-19,WH_A,East,SKU0089,Electronics,137,1,28,84
2025-01-19,WH_A,East,SKU0090,Electronics,128,3,37,60
2025-01-19,WH_A,East,SKU0091,Electronics,193,3,15,113
2025-01-19,WH_A,East,SKU0092,Housewares,189,4,31,66
2025-01-19,WH_A,East,SKU0093,Sports,70,3,19,37
2025-01-19,WH_A,East,SKU0094,Hardware,67,2,46,74
2025-01-19,WH_A,East,SKU0095,Electronics,55,4,42,40
2025-01-19,WH_A,East,SKU0096,Hardware,267,4,43,31
2025-01-19,WH_A,East,SKU0097,Office,186,2,20,70
2025-01-19,WH_A,East,SKU0098,Housewares,156,3,38,119
2025-01-19,WH_A,East,SKU0099,Office,197,5,19,102
2025-01-19,WH_A,East,SKU0100,Office,94,2,35,87
2025-01-19,WH_B,Central,SKU0001,Housewares,99,3,45,77
2025-01-19,WH_B,Central,SKU0002,Electronics,216,4,34,92
2025-01-19,WH_B,Central,SKU0003,Hardware,150,2,49,54
2025-01-19,WH_B,Central,SKU0004,Hardware,104,1,25,35
2025-01-19,WH_B,Central,SKU0005,Sports,195,2,37,82
2025-01-19,WH_B,Central,SKU0006,Sports,141,2,44,71
2025-01-19,WH_B,Central,SKU0007,Office,121,1,44,89
2025-01-19,WH_B,Central,SKU0008,Electronics,198,3,24,48
2025-01-19,WH_B,Central,SKU0009,Hardware,163,1,41,33
2025-01-19,WH_B,Central,SKU0010,Electronics,63,5,35,78
2025-01-19,WH_B,Central,SKU0011,Hardware,258,0,24,81
2025-01-19,WH_B,Central,SKU0012,Housewares,120,4,15,85
2025-01-19,WH_B,Central,SKU0013,Electronics,265,6,26,49
2025-01-19,WH_B,Central,SKU0014,Electronics,241,0,26,57
2025-01-19,WH_B,Central,SKU0015,Housewares,47,3,16,80
2025-01-19,WH_B,Central,SKU0016,Housewares,133,4,24,64
2025-01-19,WH_B,Central,SKU0017,Hardware,131,4,27,32
2025-01-19,WH_B,Central,SKU0018,Housewares,138,1,40,50
2025-01-19,WH_B,Central,SKU0019,Sports,95,3,50,65
2025-01-19,WH_B,Central,SKU0020,Electronics,110,1,27,92
2025-01-19,WH_B,Central,SKU0021,Sports,169,0,46,85
2025-01-19,WH_B,Central,SKU0022,Sports,128,5,25,92
2025-01-19,WH_B,Central,SKU0023,Hardware,265,4,18,75
2025-01-19,WH_B,Central,SKU0024,Electronics,80,1,19,71
2025-01-19,WH_B,Central,SKU0025,Office,198,7,45,107
2025-01-19,WH_B,Central,SKU0026,Hardware,146,0,24,60
2025-01-19,WH_B,Central,SKU0027,Electronics,216,3,46,57
2025-01-19,WH_B,Central,SKU0028,Electronics,184,1,46,31
2025-01-19,WH_B,Central,SKU0029,Sports,89,1,25,73
2025-01-19,WH_B,Central,SKU0030,Housewares,175,4,34,117
2025-01-19,WH_B,Central,SKU0031,Sports,166,1,42,108
2025-01-19,WH_B,Central,SKU0032,Sports,33,5,23,97
2025-01-19,WH_B,Central,SKU0033,Housewares,104,2,36,77
2025-01-19,WH_B,Central,SKU0034,Office,193,3,23,77
2025-01-19,WH_B,Central,SKU0035,Hardware,244,3,45,38
2025-01-19,WH_B,Central,SKU0036,Housewares,17,0,43,77
2025-01-19,WH_B,Central,SKU0037,Sports,114,3,30,56
2025-01-19,WH_B,Central,SKU0038,Housewares,96,3,29,70
2025-01-19,WH_B,Central,SKU0039,Office,176,0,45,65
2025-01-19,WH_B,Central,SKU0040,Housewares,150,6,36,103
2025-01-19,WH_B,Central,SKU0041,Sports,112,6,27,46
2025-01-19,WH_B,Central,SKU0042,Electronics,148,2,29,120
2025-01-19,WH_B,Central,SKU0043,Hardware,252,2,30,61
2025-01-19,WH_B,Central,SKU0044,Hardware,205,2,45,32
2025-01-19,WH_B,Central,SKU0045,Electronics,110,6,47,42
2025-01-19,WH_B,Central,SKU0046,Hardware,170,3,24,109
2025-01-19,WH_B,Central,SKU0047,Electronics,142,3,20,97
2025-01-19,WH_B,Central,SKU0048,Hardware,197,4,44,107
2025-01-19,WH_B,Central,SKU0049,Housewares,74,3,19,87
2025-01-19,WH_B,Central,SKU0050,Hardware,172,2,27,65
2025-01-19,WH_B,Central,SKU0051,Hardware,82,1,38,37
2025-01-19,WH_B,Central,SKU0052,Hardware,187,3,30,58
2025-01-19,WH_B,Central,SKU0053,Hardware,261,0,15,71
2025-01-19,WH_B,Central,SKU0054,Office,116,1,45,101
2025-01-19,WH_B,Central,SKU0055,Housewares,55,0,32,70
2025-01-19,WH_B,Central,SKU0056,Housewares,135,4,35,107
2025-01-19,WH_B,Central,SKU0057,Electronics,220,2,27,112
2025-01-19,WH_B,Central,SKU0058,Sports,66,3,22,67
2025-01-19,WH_B,Central,SKU0059,Electronics,53,2,27,97
2025-01-19,WH_B,Central,SKU0060,Hardware,219,4,33,61
2025-01-19,WH_B,Central,SKU0061,Office,120,3,42,119
2025-01-19,WH_B,Central,SKU0062,Housewares,28,3,34,63
2025-01-19,WH_B,Central,SKU0063,Housewares,82,4,24,67
2025-01-19,WH_B,Central,SKU0064,Sports,15,0,16,113
2025-01-19,WH_B,Central,SKU0065,Sports,176,4,41,40
2025-01-19,WH_B,Central,SKU0066,Sports,98,3,44,48
2025-01-19,WH_B,Central,SKU0067,Hardware,191,5,39,101
2025-01-19,WH_B,Central,SKU0068,Electronics,85,0,43,70
2025-01-19,WH_B,Central,SKU0069,Hardware,56,0,32,88
2025-01-19,WH_B,Central,SKU0070,Hardware,120,2,27,120
2025-01-19,WH_B,Central,SKU0071,Hardware,233,5,44,66
2025-01-19,WH_B,Central,SKU0072,Office,47,5,23,71
2025-01-19,WH_B,Central,SKU0073,Office,35,4,22,36
2025-01-19,WH_B,Central,SKU0074,Hardware,137,3,50,91
2025-01-19,WH_B,Central,SKU0075,Sports,101,4,24,70
2025-01-19,WH_B,Central,SKU0076,Hardware,161,2,50,33
2025-01-19,WH_B,Central,SKU0077,Office,167,0,42,112
2025-01-19,WH_B,Central,SKU0078,Housewares,91,5,40,52
2025-01-19,WH_B,Central,SKU0079,Hardware,140,2,17,112
2025-01-19,WH_B,Central,SKU0080,Hardware,135,6,35,102
2025-01-19,WH_B,Central,SKU0081,Housewares,178,1,17,95
2025-01-19,WH_B,Central,SKU0082,Hardware,28,7,23,93
2025-01-19,WH_B,Central,SKU0083,Housewares,58,3,19,47
2025-01-19,WH_B,Central,SKU0084,Office,45,4,21,96
2025-01-19,WH_B,Central,SKU0085,Hardware,84,2,30,41
2025-01-19,WH_B,Central,SKU0086,Hardware,165,3,37,73
2025-01-19,WH_B,Central,SKU0087,Office,28,2,41,73
2025-01-19,WH_B,Central,SKU0088,Housewares,43,4,46,81
2025-01-19,WH_B,Central,SKU0089,Electronics,225,4,18,97
2025-01-19,WH_B,Central,SKU0090,Electronics,172,3,40,118
2025-01-19,WH_B,Central,SKU0091,Electronics,48,2,50,41
2025-01-19,WH_B,Central,SKU0092,Housewares,80,2,43,50
2025-01-19,WH_B,Central,SKU0093,Sports,44,0,31,59
2025-01-19,WH_B,Central,SKU0094,Hardware,123,4,18,112
2025-01-19,WH_B,Central,SKU0095,Electronics,279,0,50,33
2025-01-19,WH_B,Central,SKU0096,Hardware,44,2,29,91
2025-01-19,WH_B,Central,SKU0097,Office,27,1,17,58
2025-01-19,WH_B,Central,SKU0098,Housewares,75,4,24,47
2025-01-19,WH_B,Central,SKU0099,Office,128,6,35,71
2025-01-19,WH_B,Central,SKU0100,Office,123,2,40,32
2025-01-19,WH_C,West,SKU0001,Housewares,159,0,33,93
2025-01-19,WH_C,West,SKU0002,Electronics,29,2,41,100
2025-01-19,WH_C,West,SKU0003,Hardware,65,2,17,55
2025-01-19,WH_C,West,SKU0004,Hardware,242,1,17,56
2025-01-19,WH_C,West,SKU0005,Sports,82,6,46,30
2025-01-19,WH_C,West,SKU0006,Sports,118,2,20,104
2025-01-19,WH_C,West,SKU0007,Office,120,4,47,51
2025-01-19,WH_C,West,SKU0008,Electronics,174,5,28,49
2025-01-19,WH_C,West,SKU0009,Hardware,230,2,15,110
2025-01-19,WH_C,West,SKU0010,Electronics,257,2,33,64
2025-01-19,WH_C,West,SKU0011,Hardware,217,2,38,95
2025-01-19,WH_C,West,SKU0012,Housewares,118,0,25,55
2025-01-19,WH_C,West,SKU0013,Electronics,253,0,31,72
2025-01-19,WH_C,West,SKU0014,Electronics,125,6,35,63
2025-01-19,WH_C,West,SKU0015,Housewares,117,3,22,113
2025-01-19,WH_C,West,SKU0016,Housewares,96,1,43,33
2025-01-19,WH_C,West,SKU0017,Hardware,189,2,47,81
2025-01-19,WH_C,West,SKU0018,Housewares,71,3,26,44
2025-01-19,WH_C,West,SKU0019,Sports,16,3,39,43
2025-01-19,WH_C,West,SKU0020,Electronics,102,3,27,102
2025-01-19,WH_C,West,SKU0021,Sports,93,5,28,105
2025-01-19,WH_C,West,SKU0022,Sports,93,3,38,89
2025-01-19,WH_C,West,SKU0023,Hardware,59,2,29,102
2025-01-19,WH_C,West,SKU0024,Electronics,119,2,28,95
2025-01-19,WH_C,West,SKU0025,Office,38,2,34,31
2025-01-19,WH_C,West,SKU0026,Hardware,117,2,26,72
2025-01-19,WH_C,West,SKU0027,Electronics,92,4,46,79
2025-01-19,WH_C,West,SKU0028,Electronics,141,4,44,80
2025-01-19,WH_C,West,SKU0029,Sports,146,3,25,92
2025-01-19,WH_C,West,SKU0030,Housewares,137,0,50,106
2025-01-19,WH_C,West,SKU0031,Sports,87,1,30,39
2025-01-19,WH_C,West,SKU0032,Sports,176,0,21,30
2025-01-19,WH_C,West,SKU0033,Housewares,30,5,18,31
2025-01-19,WH_C,West,SKU0034,Office,92,4,15,68
2025-01-19,WH_C,West,SKU0035,Hardware,197,5,39,102
2025-01-19,WH_C,West,SKU0036,Housewares,78,2,21,36
2025-01-19,WH_C,West,SKU0037,Sports,106,4,28,112
2025-01-19,WH_C,West,SKU0038,Housewares,75,4,42,77
2025-01-19,WH_C,West,SKU0039,Office,57,3,32,83
2025-01-19,WH_C,West,SKU0040,Housewares,191,1,16,68
2025-01-19,WH_C,West,SKU0041,Sports,49,2,22,68
2025-01-19,WH_C,West,SKU0042,Electronics,75,2,31,88
2025-01-19,WH_C,West,SKU0043,Hardware,94,1,22,111
2025-01-19,WH_C,West,SKU0044,Hardware,266,0,16,90
2025-01-19,WH_C,West,SKU0045,Electronics,81,6,15,44
2025-01-19,WH_C,West,SKU0046,Hardware,66,4,30,88
2025-01-19,WH_C,West,SKU0047,Electronics,246,6,50,64
2025-01-19,WH_C,West,SKU0048,Hardware,106,0,16,119
2025-01-19,WH_C,West,SKU0049,Housewares,155,2,45,38
2025-01-19,WH_C,West,SKU0050,Hardware,272,2,24,57
2025-01-19,WH_C,West,SKU0051,Hardware,52,3,40,116
2025-01-19,WH_C,West,SKU0052,Hardware,155,0,16,34
2025-01-19,WH_C,West,SKU0053,Hardware,195,1,42,89
2025-01-19,WH_C,West,SKU0054,Office,122,0,26,31
2025-01-19,WH_C,West,SKU0055,Housewares,162,0,17,114
2025-01-19,WH_C,West,SKU0056,Housewares,34,0,32,120
2025-01-19,WH_C,West,SKU0057,Electronics,120,0,45,55
2025-01-19,WH_C,West,SKU0058,Sports,86,1,16,115
2025-01-19,WH_C,West,SKU0059,Electronics,133,3,27,60
2025-01-19,WH_C,West,SKU0060,Hardware,273,1,43,30
2025-01-19,WH_C,West,SKU0061,Office,189,4,17,102
2025-01-19,WH_C,West,SKU0062,Housewares,132,6,50,119
2025-01-19,WH_C,West,SKU0063,Housewares,149,4,29,36
2025-01-19,WH_C,West,SKU0064,Sports,94,4,38,41
2025-01-19,WH_C,West,SKU0065,Sports,165,2,38,88
2025-01-19,WH_C,West,SKU0066,Sports,143,3,49,50
2025-01-19,WH_C,West,SKU0067,Hardware,166,5,38,100
2025-01-19,WH_C,West,SKU0068,Electronics,206,1,24,71
2025-01-19,WH_C,West,SKU0069,Hardware,258,1,37,82
2025-01-19,WH_C,West,SKU0070,Hardware,123,4,40,77
2025-01-19,WH_C,West,SKU0071,Hardware,193,1,37,67
2025-01-19,WH_C,West,SKU0072,Office,52,3,46,116
2025-01-19,WH_C,West,SKU0073,Office,159,2,41,76
2025-01-19,WH_C,West,SKU0074,Hardware,179,5,20,107
2025-01-19,WH_C,West,SKU0075,Sports,97,3,23,72
2025-01-19,WH_C,West,SKU0076,Hardware,141,4,44,87
2025-01-19,WH_C,West,SKU0077,Office,173,5,25,35
2025-01-19,WH_C,West,SKU0078,Housewares,114,5,47,110
2025-01-19,WH_C,West,SKU0079,Hardware,80,4,36,99
2025-01-19,WH_C,West,SKU0080,Hardware,246,3,25,103
2025-01-19,WH_C,West,SKU0081,Housewares,68,1,28,118
2025-01-19,WH_C,West,SKU0082,Hardware,160,3,20,83
2025-01-19,WH_C,West,SKU0083,Housewares,45,4,47,99
2025-01-19,WH_C,West,SKU0084,Office,25,6,48,43
2025-01-19,WH_C,West,SKU0085,Hardware,220,5,15,62
2025-01-19,WH_C,West,SKU0086,Hardware,216,0,25,59
2025-01-19,WH_C,West,SKU0087,Office,197,2,36,92
2025-01-19,WH_C,West,SKU0088,Housewares,37,0,35,77
2025-01-19,WH_C,West,SKU0089,Electronics,223,4,40,96
2025-01-19,WH_C,West,SKU0090,Electronics,269,3,40,58
2025-01-19,WH_C,West,SKU0091,Electronics,238,2,37,82
2025-01-19,WH_C,West,SKU0092,Housewares,181,0,21,58
2025-01-19,WH_C,West,SKU0093,Sports,180,2,44,49
2025-01-19,WH_C,West,SKU0094,Hardware,284,4,27,30
2025-01-19,WH_C,West,SKU0095,Electronics,214,2,21,93
2025-01-19,WH_C,West,SKU0096,Hardware,64,3,19,118
2025-01-19,WH_C,West,SKU0097,Office,103,0,30,81
2025-01-19,WH_C,West,SKU0098,Housewares,88,1,28,99
2025-01-19,WH_C,West,SKU0099,Office,184,1,21,54
2025-01-19,WH_C,West,SKU0100,Office,25,2,16,33
2025-01-20,WH_A,East,SKU0001,Housewares,93,1,22,56
2025-01-20,WH_A,East,SKU0002,Electronics,87,0,19,38
2025-01-20,WH_A,East,SKU0003,Hardware,121,4,43,45
2025-01-20,WH_A,East,SKU0004,Hardware,171,6,37,114
2025-01-20,WH_A,East,SKU0005,Sports,119,6,15,119
2025-01-20,WH_A,East,SKU0006,Sports,165,0,34,73
2025-01-20,WH_A,East,SKU0007,Office,123,3,38,56
2025-01-20,WH_A,East,SKU0008,Electronics,136,1,42,109
2025-01-20,WH_A,East,SKU0009,Hardware,237,1,45,111
2025-01-20,WH_A,East,SKU0010,Electronics,244,4,17,116
2025-01-20,WH_A,East,SKU0011,Hardware,204,4,17,93
2025-01-20,WH_A,East,SKU0012,Housewares,98,2,37,33
2025-01-20,WH_A,East,SKU0013,Electronics,107,2,45,79
2025-01-20,WH_A,East,SKU0014,Electronics,186,1,21,84
2025-01-20,WH_A,East,SKU0015,Housewares,195,4,37,117
2025-01-20,WH_A,East,SKU0016,Housewares,142,3,16,78
2025-01-20,WH_A,East,SKU0017,Hardware,18,2,46,41
2025-01-20,WH_A,East,SKU0018,Housewares,124,0,31,99
2025-01-20,WH_A,East,SKU0019,Sports,41,5,20,61
2025-01-20,WH_A,East,SKU0020,Electronics,257,3,21,88
2025-01-20,WH_A,East,SKU0021,Sports,116,1,36,60
2025-01-20,WH_A,East,SKU0022,Sports,168,3,45,34
2025-01-20,WH_A,East,SKU0023,Hardware,128,4,34,100
2025-01-20,WH_A,East,SKU0024,Electronics,276,4,43,57
2025-01-20,WH_A,East,SKU0025,Office,186,0,41,42
2025-01-20,WH_A,East,SKU0026,Hardware,24,1,23,105
2025-01-20,WH_A,East,SKU0027,Electronics,250,0,16,94
2025-01-20,WH_A,East,SKU0028,Electronics,210,4,19,94
2025-01-20,WH_A,East,SKU0029,Sports,85,4,44,65
2025-01-20,WH_A,East,SKU0030,Housewares,190,2,39,98
2025-01-20,WH_A,East,SKU0031,Sports,192,3,18,62
2025-01-20,WH_A,East,SKU0032,Sports,163,0,22,119
2025-01-20,WH_A,East,SKU0033,Housewares,184,2,46,52
2025-01-20,WH_A,East,SKU0034,Office,131,3,33,50
2025-01-20,WH_A,East,SKU0035,Hardware,39,3,33,106
2025-01-20,WH_A,East,SKU0036,Housewares,116,2,42,44
2025-01-20,WH_A,East,SKU0037,Sports,183,2,24,39
2025-01-20,WH_A,East,SKU0038,Housewares,65,5,45,92
2025-01-20,WH_A,East,SKU0039,Office,94,3,15,79
2025-01-20,WH_A,East,SKU0040,Housewares,174,0,26,78
2025-01-20,WH_A,East,SKU0041,Sports,31,3,34,53
2025-01-20,WH_A,East,SKU0042,Electronics,104,2,36,117
2025-01-20,WH_A,East,SKU0043,Hardware,230,2,46,59
2025-01-20,WH_A,East,SKU0044,Hardware,162,0,22,42
2025-01-20,WH_A,East,SKU0045,Electronics,80,5,23,46
2025-01-20,WH_A,East,SKU0046,Hardware,235,3,16,86
2025-01-20,WH_A,East,SKU0047,Electronics,208,5,38,119
2025-01-20,WH_A,East,SKU0048,Hardware,194,2,16,120
2025-01-20,WH_A,East,SKU0049,Housewares,149,1,38,111
2025-01-20,WH_A,East,SKU0050,Hardware,220,2,21,83
2025-01-20,WH_A,East,SKU0051,Hardware,202,3,17,65
2025-01-20,WH_A,East,SKU0052,Hardware,189,5,50,119
2025-01-20,WH_A,East,SKU0053,Hardware,197,3,19,38
2025-01-20,WH_A,East,SKU0054,Office,52,2,31,115
2025-01-20,WH_A,East,SKU0055,Housewares,122,5,45,81
2025-01-20,WH_A,East,SKU0056,Housewares,159,3,30,47
2025-01-20,WH_A,East,SKU0057,Electronics,63,0,16,50
2025-01-20,WH_A,East,SKU0058,Sports,41,6,26,115
2025-01-20,WH_A,East,SKU0059,Electronics,94,4,43,114
2025-01-20,WH_A,East,SKU0060,Hardware,231,2,38,101
2025-01-20,WH_A,East,SKU0061,Office,100,0,45,38
2025-01-20,WH_A,East,SKU0062,Housewares,175,1,26,104
2025-01-20,WH_A,East,SKU0063,Housewares,116,3,22,101
2025-01-20,WH_A,East,SKU0064,Sports,32,3,29,55
2025-01-20,WH_A,East,SKU0065,Sports,62,1,34,47
2025-01-20,WH_A,East,SKU0066,Sports,186,3,40,31
2025-01-20,WH_A,East,SKU0067,Hardware,154,0,18,95
2025-01-20,WH_A,East,SKU0068,Electronics,41,5,22,97
2025-01-20,WH_A,East,SKU0069,Hardware,281,3,32,104
2025-01-20,WH_A,East,SKU0070,Hardware,223,5,15,68
2025-01-20,WH_A,East,SKU0071,Hardware,70,5,35,61
2025-01-20,WH_A,East,SKU0072,Office,144,4,28,54
2025-01-20,WH_A,East,SKU0073,Office,190,5,45,91
2025-01-20,WH_A,East,SKU0074,Hardware,201,0,28,42
2025-01-20,WH_A,East,SKU0075,Sports,78,1,39,100
2025-01-20,WH_A,East,SKU0076,Hardware,267,2,49,39
2025-01-20,WH_A,East,SKU0077,Office,68,5,23,95
2025-01-20,WH_A,East,SKU0078,Housewares,61,4,19,91
2025-01-20,WH_A,East,SKU0079,Hardware,215,0,19,102
2025-01-20,WH_A,East,SKU0080,Hardware,87,0,30,110
2025-01-20,WH_A,East,SKU0081,Housewares,126,0,38,58
2025-01-20,WH_A,East,SKU0082,Hardware,109,6,41,37
2025-01-20,WH_A,East,SKU0083,Housewares,140,2,17,71
2025-01-20,WH_A,East,SKU0084,Office,122,2,16,54
2025-01-20,WH_A,East,SKU0085,Hardware,273,1,38,80
2025-01-20,WH_A,East,SKU0086,Hardware,198,2,29,46
2025-01-20,WH_A,East,SKU0087,Office,137,3,47,82
2025-01-20,WH_A,East,SKU0088,Housewares,179,3,25,60
2025-01-20,WH_A,East,SKU0089,Electronics,236,3,48,66
2025-01-20,WH_A,East,SKU0090,Electronics,217,1,19,85
2025-01-20,WH_A,East,SKU0091,Electronics,240,3,16,83
2025-01-20,WH_A,East,SKU0092,Housewares,31,3,50,40
2025-01-20,WH_A,East,SKU0093,Sports,205,5,24,112
2025-01-20,WH_A,East,SKU0094,Hardware,35,1,38,65
2025-01-20,WH_A,East,SKU0095,Electronics,164,1,32,89
2025-01-20,WH_A,East,SKU0096,Hardware,266,0,36,68
2025-01-20,WH_A,East,SKU0097,Office,180,5,35,69
2025-01-20,WH_A,East,SKU0098,Housewares,140,4,47,92
2025-01-20,WH_A,East,SKU0099,Office,101,8,50,117
2025-01-20,WH_A,East,SKU0100,Office,168,2,23,90
2025-01-20,WH_B,Central,SKU0001,Housewares,87,3,20,118
2025-01-20,WH_B,Central,SKU0002,Electronics,191,3,36,98
2025-01-20,WH_B,Central,SKU0003,Hardware,207,0,19,62
2025-01-20,WH_B,Central,SKU0004,Hardware,245,3,32,64
2025-01-20,WH_B,Central,SKU0005,Sports,80,1,47,59
2025-01-20,WH_B,Central,SKU0006,Sports,106,8,35,60
2025-01-20,WH_B,Central,SKU0007,Office,168,1,27,74
2025-01-20,WH_B,Central,SKU0008,Electronics,133,3,27,72
2025-01-20,WH_B,Central,SKU0009,Hardware,209,4,41,65
2025-01-20,WH_B,Central,SKU0010,Electronics,123,4,42,115
2025-01-20,WH_B,Central,SKU0011,Hardware,260,5,27,108
2025-01-20,WH_B,Central,SKU0012,Housewares,53,1,33,54
2025-01-20,WH_B,Central,SKU0013,Electronics,294,0,38,99
2025-01-20,WH_B,Central,SKU0014,Electronics,218,1,35,56
2025-01-20,WH_B,Central,SKU0015,Housewares,163,6,48,52
2025-01-20,WH_B,Central,SKU0016,Housewares,64,2,33,111
2025-01-20,WH_B,Central,SKU0017,Hardware,140,3,28,106
2025-01-20,WH_B,Central,SKU0018,Housewares,191,3,36,53
2025-01-20,WH_B,Central,SKU0019,Sports,184,2,46,77
2025-01-20,WH_B,Central,SKU0020,Electronics,112,4,40,91
2025-01-20,WH_B,Central,SKU0021,Sports,92,2,44,98
2025-01-20,WH_B,Central,SKU0022,Sports,122,0,24,62
2025-01-20,WH_B,Central,SKU0023,Hardware,250,4,19,62
2025-01-20,WH_B,Central,SKU0024,Electronics,82,2,39,100
2025-01-20,WH_B,Central,SKU0025,Office,122,4,15,38
2025-01-20,WH_B,Central,SKU0026,Hardware,110,2,31,93
2025-01-20,WH_B,Central,SKU0027,Electronics,193,6,50,104
2025-01-20,WH_B,Central,SKU0028,Electronics,104,1,47,102
2025-01-20,WH_B,Central,SKU0029,Sports,141,5,27,64
2025-01-20,WH_B,Central,SKU0030,Housewares,38,2,42,110
2025-01-20,WH_B,Central,SKU0031,Sports,136,1,21,90
2025-01-20,WH_B,Central,SKU0032,Sports,146,1,39,70
2025-01-20,WH_B,Central,SKU0033,Housewares,51,1,23,53
2025-01-20,WH_B,Central,SKU0034,Office,59,1,38,36
2025-01-20,WH_B,Central,SKU0035,Hardware,41,0,19,65
2025-01-20,WH_B,Central,SKU0036,Housewares,30,3,50,98
2025-01-20,WH_B,Central,SKU0037,Sports,74,7,23,42
2025-01-20,WH_B,Central,SKU0038,Housewares,174,1,42,56
2025-01-20,WH_B,Central,SKU0039,Office,30,2,18,31
2025-01-20,WH_B,Central,SKU0040,Housewares,36,1,36,109
2025-01-20,WH_B,Central,SKU0041,Sports,80,2,33,85
2025-01-20,WH_B,Central,SKU0042,Electronics,132,3,29,58
2025-01-20,WH_B,Central,SKU0043,Hardware,261,4,32,100
2025-01-20,WH_B,Central,SKU0044,Hardware,165,0,30,49
2025-01-20,WH_B,Central,SKU0045,Electronics,31,5,50,104
2025-01-20,WH_B,Central,SKU0046,Hardware,135,6,29,51
2025-01-20,WH_B,Central,SKU0047,Electronics,180,2,28,99
2025-01-20,WH_B,Central,SKU0048,Hardware,242,0,16,50
2025-01-20,WH_B,Central,SKU0049,Housewares,36,0,32,92
2025-01-20,WH_B,Central,SKU0050,Hardware,75,0,21,61
2025-01-20,WH_B,Central,SKU0051,Hardware,179,4,29,60
2025-01-20,WH_B,Central,SKU0052,Hardware,175,6,25,52
2025-01-20,WH_B,Central,SKU0053,Hardware,111,4,32,43
2025-01-20,WH_B,Central,SKU0054,Office,12,4,30,115
2025-01-20,WH_B,Central,SKU0055,Housewares,109,2,42,104
2025-01-20,WH_B,Central,SKU0056,Housewares,193,3,39,87
2025-01-20,WH_B,Central,SKU0057,Electronics,115,3,29,42
2025-01-20,WH_B,Central,SKU0058,Sports,45,0,41,86
2025-01-20,WH_B,Central,SKU0059,Electronics,189,1,24,79
2025-01-20,WH_B,Central,SKU0060,Hardware,239,6,39,32
2025-01-20,WH_B,Central,SKU0061,Office,155,0,32,56
2025-01-20,WH_B,Central,SKU0062,Housewares,188,0,46,85
2025-01-20,WH_B,Central,SKU0063,Housewares,168,1,36,71
2025-01-20,WH_B,Central,SKU0064,Sports,30,5,46,94
2025-01-20,WH_B,Central,SKU0065,Sports,171,4,39,86
2025-01-20,WH_B,Central,SKU0066,Sports,164,7,28,77
2025-01-20,WH_B,Central,SKU0067,Hardware,87,2,19,106
2025-01-20,WH_B,Central,SKU0068,Electronics,269,2,39,51
2025-01-20,WH_B,Central,SKU0069,Hardware,168,6,28,57
2025-01-20,WH_B,Central,SKU0070,Hardware,127,3,37,81
2025-01-20,WH_B,Central,SKU0071,Hardware,125,2,30,67
2025-01-20,WH_B,Central,SKU0072,Office,77,2,39,106
2025-01-20,WH_B,Central,SKU0073,Office,148,4,16,117
2025-01-20,WH_B,Central,SKU0074,Hardware,233,0,30,112
2025-01-20,WH_B,Central,SKU0075,Sports,200,0,19,87
2025-01-20,WH_B,Central,SKU0076,Hardware,41,5,39,103
2025-01-20,WH_B,Central,SKU0077,Office,98,2,38,78
2025-01-20,WH_B,Central,SKU0078,Housewares,19,5,46,85
2025-01-20,WH_B,Central,SKU0079,Hardware,188,6,42,41
2025-01-20,WH_B,Central,SKU0080,Hardware,187,3,31,74
2025-01-20,WH_B,Central,SKU0081,Housewares,78,4,32,76
2025-01-20,WH_B,Central,SKU0082,Hardware,103,3,45,50
2025-01-20,WH_B,Central,SKU0083,Housewares,62,4,29,104
2025-01-20,WH_B,Central,SKU0084,Office,183,0,48,106
2025-01-20,WH_B,Central,SKU0085,Hardware,217,0,27,34
2025-01-20,WH_B,Central,SKU0086,Hardware,144,4,38,36
2025-01-20,WH_B,Central,SKU0087,Office,83,3,20,120
2025-01-20,WH_B,Central,SKU0088,Housewares,73,1,20,108
2025-01-20,WH_B,Central,SKU0089,Electronics,262,2,50,36
2025-01-20,WH_B,Central,SKU0090,Electronics,114,1,20,97
2025-01-20,WH_B,Central,SKU0091,Electronics,118,1,43,49
2025-01-20,WH_B,Central,SKU0092,Housewares,76,2,24,85
2025-01-20,WH_B,Central,SKU0093,Sports,79,3,26,59
2025-01-20,WH_B,Central,SKU0094,Hardware,167,5,34,51
2025-01-20,WH_B,Central,SKU0095,Electronics,230,4,19,59
2025-01-20,WH_B,Central,SKU0096,Hardware,44,6,18,103
2025-01-20,WH_B,Central,SKU0097,Office,202,3,26,66
2025-01-20,WH_B,Central,SKU0098,Housewares,173,1,45,84
2025-01-20,WH_B,Central,SKU0099,Office,43,1,30,32
2025-01-20,WH_B,Central,SKU0100,Office,87,0,19,38
2025-01-20,WH_C,West,SKU0001,Housewares,44,3,32,52
2025-01-20,WH_C,West,SKU0002,Electronics,213,2,22,89
2025-01-20,WH_C,West,SKU0003,Hardware,226,1,38,52
2025-01-20,WH_C,West,SKU0004,Hardware,68,3,49,53
2025-01-20,WH_C,West,SKU0005,Sports,92,4,15,71
2025-01-20,WH_C,West,SKU0006,Sports,54,0,32,95
2025-01-20,WH_C,West,SKU0007,Office,22,6,47,94
2025-01-20,WH_C,West,SKU0008,Electronics,54,4,40,47
2025-01-20,WH_C,West,SKU0009,Hardware,95,3,18,90
2025-01-20,WH_C,West,SKU0010,Electronics,83,4,23,60
2025-01-20,WH_C,West,SKU0011,Hardware,239,0,38,103
2025-01-20,WH_C,West,SKU0012,Housewares,98,5,44,61
2025-01-20,WH_C,West,SKU0013,Electronics,179,4,26,120
2025-01-20,WH_C,West,SKU0014,Electronics,84,2,30,50
2025-01-20,WH_C,West,SKU0015,Housewares,174,3,17,38
2025-01-20,WH_C,West,SKU0016,Housewares,110,1,23,30
2025-01-20,WH_C,West,SKU0017,Hardware,134,0,44,97
2025-01-20,WH_C,West,SKU0018,Housewares,130,3,40,100
2025-01-20,WH_C,West,SKU0019,Sports,157,3,40,97
2025-01-20,WH_C,West,SKU0020,Electronics,213,3,48,75
2025-01-20,WH_C,West,SKU0021,Sports,180,1,40,62
2025-01-20,WH_C,West,SKU0022,Sports,161,1,41,51
2025-01-20,WH_C,West,SKU0023,Hardware,207,2,46,46
2025-01-20,WH_C,West,SKU0024,Electronics,50,0,28,39
2025-01-20,WH_C,West,SKU0025,Office,150,2,38,68
2025-01-20,WH_C,West,SKU0026,Hardware,73,3,41,78
2025-01-20,WH_C,West,SKU0027,Electronics,174,3,34,77
2025-01-20,WH_C,West,SKU0028,Electronics,30,0,35,92
2025-01-20,WH_C,West,SKU0029,Sports,67,5,16,57
2025-01-20,WH_C,West,SKU0030,Housewares,127,3,24,87
2025-01-20,WH_C,West,SKU0031,Sports,175,0,23,113
2025-01-20,WH_C,West,SKU0032,Sports,103,6,40,61
2025-01-20,WH_C,West,SKU0033,Housewares,54,0,16,59
2025-01-20,WH_C,West,SKU0034,Office,131,0,31,92
2025-01-20,WH_C,West,SKU0035,Hardware,174,3,44,89
2025-01-20,WH_C,West,SKU0036,Housewares,131,2,28,89
2025-01-20,WH_C,West,SKU0037,Sports,57,1,41,36
2025-01-20,WH_C,West,SKU0038,Housewares,78,0,24,111
2025-01-20,WH_C,West,SKU0039,Office,43,2,33,77
2025-01-20,WH_C,West,SKU0040,Housewares,35,1,37,89
2025-01-20,WH_C,West,SKU0041,Sports,118,2,42,39
2025-01-20,WH_C,West,SKU0042,Electronics,238,3,33,75
2025-01-20,WH_C,West,SKU0043,Hardware,211,4,50,91
2025-01-20,WH_C,West,SKU0044,Hardware,40,2,45,38
2025-01-20,WH_C,West,SKU0045,Electronics,152,1,36,54
2025-01-20,WH_C,West,SKU0046,Hardware,135,7,47,51
2025-01-20,WH_C,West,SKU0047,Electronics,21,2,21,48
2025-01-20,WH_C,West,SKU0048,Hardware,224,2,32,37
2025-01-20,WH_C,West,SKU0049,Housewares,22,3,47,57
2025-01-20,WH_C,West,SKU0050,Hardware,236,5,48,77
2025-01-20,WH_C,West,SKU0051,Hardware,42,0,43,81
2025-01-20,WH_C,West,SKU0052,Hardware,124,1,44,74
2025-01-20,WH_C,West,SKU0053,Hardware,248,8,35,66
2025-01-20,WH_C,West,SKU0054,Office,119,0,18,96
2025-01-20,WH_C,West,SKU0055,Housewares,162,2,22,86
2025-01-20,WH_C,West,SKU0056,Housewares,146,0,42,95
2025-01-20,WH_C,West,SKU0057,Electronics,39,1,50,102
2025-01-20,WH_C,West,SKU0058,Sports,137,3,19,49
2025-01-20,WH_C,West,SKU0059,Electronics,170,4,36,114
2025-01-20,WH_C,West,SKU0060,Hardware,190,2,32,48
2025-01-20,WH_C,West,SKU0061,Office,63,3,27,41
2025-01-20,WH_C,West,SKU0062,Housewares,178,1,39,65
2025-01-20,WH_C,West,SKU0063,Housewares,115,3,29,35
2025-01-20,WH_C,West,SKU0064,Sports,55,3,34,31
2025-01-20,WH_C,West,SKU0065,Sports,47,1,27,83
2025-01-20,WH_C,West,SKU0066,Sports,160,7,27,83
2025-01-20,WH_C,West,SKU0067,Hardware,77,4,42,100
2025-01-20,WH_C,West,SKU0068,Electronics,227,3,31,56
2025-01-20,WH_C,West,SKU0069,Hardware,35,1,19,50
2025-01-20,WH_C,West,SKU0070,Hardware,34,6,31,91
2025-01-20,WH_C,West,SKU0071,Hardware,60,4,29,89
2025-01-20,WH_C,West,SKU0072,Office,69,3,46,44
2025-01-20,WH_C,West,SKU0073,Office,60,3,44,73
2025-01-20,WH_C,West,SKU0074,Hardware,253,0,38,90
2025-01-20,WH_C,West,SKU0075,Sports,77,0,50,100
2025-01-20,WH_C,West,SKU0076,Hardware,158,0,35,97
2025-01-20,WH_C,West,SKU0077,Office,54,0,48,117
2025-01-20,WH_C,West,SKU0078,Housewares,82,2,30,58
2025-01-20,WH_C,West,SKU0079,Hardware,48,3,42,91
2025-01-20,WH_C,West,SKU0080,Hardware,116,5,36,95
2025-01-20,WH_C,West,SKU0081,Housewares,96,3,46,81
2025-01-20,WH_C,West,SKU0082,Hardware,34,1,34,62
2025-01-20,WH_C,West,SKU0083,Housewares,38,3,24,101
2025-01-20,WH_C,West,SKU0084,Office,77,6,29,61
2025-01-20,WH_C,West,SKU0085,Hardware,197,0,24,42
2025-01-20,WH_C,West,SKU0086,Hardware,279,0,49,94
2025-01-20,WH_C,West,SKU0087,Office,102,1,41,81
2025-01-20,WH_C,West,SKU0088,Housewares,120,0,36,68
2025-01-20,WH_C,West,SKU0089,Electronics,58,0,30,50
2025-01-20,WH_C,West,SKU0090,Electronics,254,7,45,114
2025-01-20,WH_C,West,SKU0091,Electronics,37,2,35,37
2025-01-20,WH_C,West,SKU0092,Housewares,105,2,40,85
2025-01-20,WH_C,West,SKU0093,Sports,65,4,41,90
2025-01-20,WH_C,West,SKU0094,Hardware,38,4,36,77
2025-01-20,WH_C,West,SKU0095,Electronics,95,6,34,60
2025-01-20,WH_C,West,SKU0096,Hardware,196,0,46,80
2025-01-20,WH_C,West,SKU0097,Office,165,1,28,81
2025-01-20,WH_C,West,SKU0098,Housewares,134,0,30,66
2025-01-20,WH_C,West,SKU0099,Office,81,4,25,73
2025-01-20,WH_C,West,SKU0100,Office,58,1,35,105
2025-01-21,WH_A,East,SKU0001,Housewares,127,0,20,42
2025-01-21,WH_A,East,SKU0002,Electronics,54,2,20,31
2025-01-21,WH_A,East,SKU0003,Hardware,81,3,49,84
2025-01-21,WH_A,East,SKU0004,Hardware,210,2,20,119
2025-01-21,WH_A,East,SKU0005,Sports,181,2,24,36
2025-01-21,WH_A,East,SKU0006,Sports,13,4,45,52
2025-01-21,WH_A,East,SKU0007,Office,21,4,23,67
2025-01-21,WH_A,East,SKU0008,Electronics,158,1,37,115
2025-01-21,WH_A,East,SKU0009,Hardware,238,1,20,35
2025-01-21,WH_A,East,SKU0010,Electronics,93,3,34,72
2025-01-21,WH_A,East,SKU0011,Hardware,57,4,17,104
2025-01-21,WH_A,East,SKU0012,Housewares,46,5,17,108
2025-01-21,WH_A,East,SKU0013,Electronics,37,3,27,51
2025-01-21,WH_A,East,SKU0014,Electronics,156,7,46,43
2025-01-21,WH_A,East,SKU0015,Housewares,73,4,33,108
2025-01-21,WH_A,East,SKU0016,Housewares,158,0,19,108
2025-01-21,WH_A,East,SKU0017,Hardware,127,2,23,38
2025-01-21,WH_A,East,SKU0018,Housewares,151,1,31,50
2025-01-21,WH_A,East,SKU0019,Sports,181,0,47,42
2025-01-21,WH_A,East,SKU0020,Electronics,223,0,29,118
2025-01-21,WH_A,East,SKU0021,Sports,95,2,17,80
2025-01-21,WH_A,East,SKU0022,Sports,105,4,25,118
2025-01-21,WH_A,East,SKU0023,Hardware,214,3,43,75
2025-01-21,WH_A,East,SKU0024,Electronics,216,3,34,67
2025-01-21,WH_A,East,SKU0025,Office,197,2,40,83
2025-01-21,WH_A,East,SKU0026,Hardware,122,5,34,115
2025-01-21,WH_A,East,SKU0027,Electronics,155,1,28,60
2025-01-21,WH_A,East,SKU0028,Electronics,191,3,24,120
2025-01-21,WH_A,East,SKU0029,Sports,45,6,17,40
2025-01-21,WH_A,East,SKU0030,Housewares,34,3,22,48
2025-01-21,WH_A,East,SKU0031,Sports,41,0,43,46
2025-01-21,WH_A,East,SKU0032,Sports,51,3,19,66
2025-01-21,WH_A,East,SKU0033,Housewares,111,3,35,104
2025-01-21,WH_A,East,SKU0034,Office,84,2,45,85
2025-01-21,WH_A,East,SKU0035,Hardware,178,5,22,112
2025-01-21,WH_A,East,SKU0036,Housewares,198,4,50,105
2025-01-21,WH_A,East,SKU0037,Sports,99,0,28,90
2025-01-21,WH_A,East,SKU0038,Housewares,176,3,17,76
2025-01-21,WH_A,East,SKU0039,Office,59,3,40,54
2025-01-21,WH_A,East,SKU0040,Housewares,124,4,19,36
2025-01-21,WH_A,East,SKU0041,Sports,40,3,31,79
2025-01-21,WH_A,East,SKU0042,Electronics,85,2,46,89
2025-01-21,WH_A,East,SKU0043,Hardware,255,6,40,120
2025-01-21,WH_A,East,SKU0044,Hardware,150,4,43,47
2025-01-21,WH_A,East,SKU0045,Electronics,156,0,42,114
2025-01-21,WH_A,East,SKU0046,Hardware,145,0,26,30
2025-01-21,WH_A,East,SKU0047,Electronics,86,2,31,83
2025-01-21,WH_A,East,SKU0048,Hardware,66,3,46,72
2025-01-21,WH_A,East,SKU0049,Housewares,70,1,17,47
2025-01-21,WH_A,East,SKU0050,Hardware,120,3,47,107
2025-01-21,WH_A,East,SKU0051,Hardware,188,1,32,55
2025-01-21,WH_A,East,SKU0052,Hardware,90,5,41,34
2025-01-21,WH_A,East,SKU0053,Hardware,35,0,38,73
2025-01-21,WH_A,East,SKU0054,Office,175,7,38,73
2025-01-21,WH_A,East,SKU0055,Housewares,21,2,21,91
2025-01-21,WH_A,East,SKU0056,Housewares,152,4,27,57
2025-01-21,WH_A,East,SKU0057,Electronics,75,4,36,117
2025-01-21,WH_A,East,SKU0058,Sports,184,4,47,65
2025-01-21,WH_A,East,SKU0059,Electronics,218,3,40,97
2025-01-21,WH_A,East,SKU0060,Hardware,231,1,27,85
2025-01-21,WH_A,East,SKU0061,Office,39,2,44,105
2025-01-21,WH_A,East,SKU0062,Housewares,162,2,33,98
2025-01-21,WH_A,East,SKU0063,Housewares,144,1,17,66
2025-01-21,WH_A,East,SKU0064,Sports,103,4,16,82
2025-01-21,WH_A,East,SKU0065,Sports,181,1,19,90
2025-01-21,WH_A,East,SKU0066,Sports,145,3,44,107
2025-01-21,WH_A,East,SKU0067,Hardware,221,3,29,70
2025-01-21,WH_A,East,SKU0068,Electronics,235,3,29,87
2025-01-21,WH_A,East,SKU0069,Hardware,121,3,34,113
2025-01-21,WH_A,East,SKU0070,Hardware,31,4,29,115
2025-01-21,WH_A,East,SKU0071,Hardware,223,0,31,80
2025-01-21,WH_A,East,SKU0072,Office,90,6,15,97
2025-01-21,WH_A,East,SKU0073,Office,74,4,17,58
2025-01-21,WH_A,East,SKU0074,Hardware,199,4,30,80
2025-01-21,WH_A,East,SKU0075,Sports,16,0,42,36
2025-01-21,WH_A,East,SKU0076,Hardware,32,2,32,98
2025-01-21,WH_A,East,SKU0077,Office,170,0,41,32
2025-01-21,WH_A,East,SKU0078,Housewares,155,1,34,106
2025-01-21,WH_A,East,SKU0079,Hardware,265,4,18,93
2025-01-21,WH_A,East,SKU0080,Hardware,228,3,28,98
2025-01-21,WH_A,East,SKU0081,Housewares,184,4,50,66
2025-01-21,WH_A,East,SKU0082,Hardware,70,3,30,79
2025-01-21,WH_A,East,SKU0083,Housewares,178,4,36,52
2025-01-21,WH_A,East,SKU0084,Office,152,2,27,31
2025-01-21,WH_A,East,SKU0085,Hardware,272,3,42,40
2025-01-21,WH_A,East,SKU0086,Hardware,170,3,30,91
2025-01-21,WH_A,East,SKU0087,Office,4,1,21,46
2025-01-21,WH_A,East,SKU0088,Housewares,66,2,25,114
2025-01-21,WH_A,East,SKU0089,Electronics,111,1,31,83
2025-01-21,WH_A,East,SKU0090,Electronics,70,3,42,56
2025-01-21,WH_A,East,SKU0091,Electronics,85,3,38,42
2025-01-21,WH_A,East,SKU0092,Housewares,91,0,34,99
2025-01-21,WH_A,East,SKU0093,Sports,202,6,50,111
2025-01-21,WH_A,East,SKU0094,Hardware,55,2,19,49
2025-01-21,WH_A,East,SKU0095,Electronics,57,1,15,60
2025-01-21,WH_A,East,SKU0096,Hardware,54,5,32,52
2025-01-21,WH_A,East,SKU0097,Office,51,4,43,73
2025-01-21,WH_A,East,SKU0098,Housewares,58,4,47,98
2025-01-21,WH_A,East,SKU0099,Office,132,3,47,45
2025-01-21,WH_A,East,SKU0100,Office,134,3,32,40
2025-01-21,WH_B,Central,SKU0001,Housewares,114,6,20,75
2025-01-21,WH_B,Central,SKU0002,Electronics,77,3,39,54
2025-01-21,WH_B,Central,SKU0003,Hardware,237,4,31,32
2025-01-21,WH_B,Central,SKU0004,Hardware,257,4,20,38
2025-01-21,WH_B,Central,SKU0005,Sports,73,0,24,73
2025-01-21,WH_B,Central,SKU0006,Sports,47,2,48,118
2025-01-21,WH_B,Central,SKU0007,Office,134,5,27,91
2025-01-21,WH_B,Central,SKU0008,Electronics,265,2,37,33
2025-01-21,WH_B,Central,SKU0009,Hardware,146,2,39,85
2025-01-21,WH_B,Central,SKU0010,Electronics,64,3,47,81
2025-01-21,WH_B,Central,SKU0011,Hardware,109,2,25,54
2025-01-21,WH_B,Central,SKU0012,Housewares,187,3,45,105
2025-01-21,WH_B,Central,SKU0013,Electronics,271,5,19,59
2025-01-21,WH_B,Central,SKU0014,Electronics,249,2,46,101
2025-01-21,WH_B,Central,SKU0015,Housewares,146,1,39,71
2025-01-21,WH_B,Central,SKU0016,Housewares,187,4,38,55
2025-01-21,WH_B,Central,SKU0017,Hardware,33,2,17,87
2025-01-21,WH_B,Central,SKU0018,Housewares,66,1,15,103
2025-01-21,WH_B,Central,SKU0019,Sports,133,1,16,115
2025-01-21,WH_B,Central,SKU0020,Electronics,171,2,36,83
2025-01-21,WH_B,Central,SKU0021,Sports,10,3,35,89
2025-01-21,WH_B,Central,SKU0022,Sports,47,4,23,42
2025-01-21,WH_B,Central,SKU0023,Hardware,256,8,48,101
2025-01-21,WH_B,Central,SKU0024,Electronics,71,1,23,90
2025-01-21,WH_B,Central,SKU0025,Office,150,2,50,100
2025-01-21,WH_B,Central,SKU0026,Hardware,159,0,22,109
2025-01-21,WH_B,Central,SKU0027,Electronics,62,4,35,61
2025-01-21,WH_B,Central,SKU0028,Electronics,121,1,49,84
2025-01-21,WH_B,Central,SKU0029,Sports,103,5,17,43
2025-01-21,WH_B,Central,SKU0030,Housewares,21,4,34,115
2025-01-21,WH_B,Central,SKU0031,Sports,35,2,31,78
2025-01-21,WH_B,Central,SKU0032,Sports,70,1,32,73
2025-01-21,WH_B,Central,SKU0033,Housewares,109,3,19,97
2025-01-21,WH_B,Central,SKU0034,Office,106,4,19,93
2025-01-21,WH_B,Central,SKU0035,Hardware,128,1,34,82
2025-01-21,WH_B,Central,SKU0036,Housewares,4,3,16,66
2025-01-21,WH_B,Central,SKU0037,Sports,101,0,26,41
2025-01-21,WH_B,Central,SKU0038,Housewares,56,5,48,107
2025-01-21,WH_B,Central,SKU0039,Office,170,3,21,76
2025-01-21,WH_B,Central,SKU0040,Housewares,51,0,21,63
2025-01-21,WH_B,Central,SKU0041,Sports,125,2,35,45
2025-01-21,WH_B,Central,SKU0042,Electronics,98,4,28,104
2025-01-21,WH_B,Central,SKU0043,Hardware,54,4,29,36
2025-01-21,WH_B,Central,SKU0044,Hardware,128,0,34,100
2025-01-21,WH_B,Central,SKU0045,Electronics,217,1,20,100
2025-01-21,WH_B,Central,SKU0046,Hardware,229,0,49,68
2025-01-21,WH_B,Central,SKU0047,Electronics,236,6,34,42
2025-01-21,WH_B,Central,SKU0048,Hardware,181,5,17,69
2025-01-21,WH_B,Central,SKU0049,Housewares,123,1,20,114
2025-01-21,WH_B,Central,SKU0050,Hardware,139,4,32,36
2025-01-21,WH_B,Central,SKU0051,Hardware,79,2,19,42
2025-01-21,WH_B,Central,SKU0052,Hardware,250,3,15,43
2025-01-21,WH_B,Central,SKU0053,Hardware,190,1,17,90
2025-01-21,WH_B,Central,SKU0054,Office,118,5,40,99
2025-01-21,WH_B,Central,SKU0055,Housewares,52,6,31,50
2025-01-21,WH_B,Central,SKU0056,Housewares,187,3,50,61
2025-01-21,WH_B,Central,SKU0057,Electronics,47,0,36,51
2025-01-21,WH_B,Central,SKU0058,Sports,63,4,21,110
2025-01-21,WH_B,Central,SKU0059,Electronics,51,3,45,57
2025-01-21,WH_B,Central,SKU0060,Hardware,84,2,25,117
2025-01-21,WH_B,Central,SKU0061,Office,156,4,30,82
2025-01-21,WH_B,Central,SKU0062,Housewares,1,2,48,64
2025-01-21,WH_B,Central,SKU0063,Housewares,176,3,27,93
2025-01-21,WH_B,Central,SKU0064,Sports,148,0,30,37
2025-01-21,WH_B,Central,SKU0065,Sports,126,2,28,108
2025-01-21,WH_B,Central,SKU0066,Sports,181,3,39,54
2025-01-21,WH_B,Central,SKU0067,Hardware,222,4,33,74
2025-01-21,WH_B,Central,SKU0068,Electronics,52,0,40,105
2025-01-21,WH_B,Central,SKU0069,Hardware,171,4,33,64
2025-01-21,WH_B,Central,SKU0070,Hardware,121,3,22,120
2025-01-21,WH_B,Central,SKU0071,Hardware,173,2,31,112
2025-01-21,WH_B,Central,SKU0072,Office,166,4,46,30
2025-01-21,WH_B,Central,SKU0073,Office,39,4,40,105
2025-01-21,WH_B,Central,SKU0074,Hardware,97,2,31,118
2025-01-21,WH_B,Central,SKU0075,Sports,45,0,26,112
2025-01-21,WH_B,Central,SKU0076,Hardware,228,2,22,115
2025-01-21,WH_B,Central,SKU0077,Office,59,2,23,35
2025-01-21,WH_B,Central,SKU0078,Housewares,88,4,30,35
2025-01-21,WH_B,Central,SKU0079,Hardware,48,3,40,47
2025-01-21,WH_B,Central,SKU0080,Hardware,99,3,32,44
2025-01-21,WH_B,Central,SKU0081,Housewares,182,4,15,113
2025-01-21,WH_B,Central,SKU0082,Hardware,107,2,22,119
2025-01-21,WH_B,Central,SKU0083,Housewares,30,0,41,43
2025-01-21,WH_B,Central,SKU0084,Office,104,4,28,87
2025-01-21,WH_B,Central,SKU0085,Hardware,85,4,24,112
2025-01-21,WH_B,Central,SKU0086,Hardware,74,2,38,71
2025-01-21,WH_B,Central,SKU0087,Office,130,1,39,114
2025-01-21,WH_B,Central,SKU0088,Housewares,143,3,32,86
2025-01-21,WH_B,Central,SKU0089,Electronics,266,0,27,111
2025-01-21,WH_B,Central,SKU0090,Electronics,84,4,28,79
2025-01-21,WH_B,Central,SKU0091,Electronics,153,7,27,115
2025-01-21,WH_B,Central,SKU0092,Housewares,182,2,30,92
2025-01-21,WH_B,Central,SKU0093,Sports,141,2,32,85
2025-01-21,WH_B,Central,SKU0094,Hardware,41,0,31,30
2025-01-21,WH_B,Central,SKU0095,Electronics,176,2,44,50
2025-01-21,WH_B,Central,SKU0096,Hardware,61,7,18,88
2025-01-21,WH_B,Central,SKU0097,Office,167,1,33,56
2025-01-21,WH_B,Central,SKU0098,Housewares,118,2,22,66
2025-01-21,WH_B,Central,SKU0099,Office,73,2,33,65
2025-01-21,WH_B,Central,SKU0100,Office,51,1,42,31
2025-01-21,WH_C,West,SKU0001,Housewares,148,4,48,38
2025-01-21,WH_C,West,SKU0002,Electronics,235,4,44,74
2025-01-21,WH_C,West,SKU0003,Hardware,113,3,29,87
2025-01-21,WH_C,West,SKU0004,Hardware,108,1,32,91
2025-01-21,WH_C,West,SKU0005,Sports,110,0,32,50
2025-01-21,WH_C,West,SKU0006,Sports,157,1,29,86
2025-01-21,WH_C,West,SKU0007,Office,56,4,16,60
2025-01-21,WH_C,West,SKU0008,Electronics,274,2,46,79
2025-01-21,WH_C,West,SKU0009,Hardware,101,3,50,95
2025-01-21,WH_C,West,SKU0010,Electronics,270,2,24,44
2025-01-21,WH_C,West,SKU0011,Hardware,113,0,38,96
2025-01-21,WH_C,West,SKU0012,Housewares,72,4,21,64
2025-01-21,WH_C,West,SKU0013,Electronics,259,1,48,69
2025-01-21,WH_C,West,SKU0014,Electronics,165,3,16,38
2025-01-21,WH_C,West,SKU0015,Housewares,162,2,21,60
2025-01-21,WH_C,West,SKU0016,Housewares,105,6,31,61
2025-01-21,WH_C,West,SKU0017,Hardware,251,3,50,108
2025-01-21,WH_C,West,SKU0018,Housewares,159,2,48,53
2025-01-21,WH_C,West,SKU0019,Sports,183,2,46,97
2025-01-21,WH_C,West,SKU0020,Electronics,30,4,24,32
2025-01-21,WH_C,West,SKU0021,Sports,105,1,50,83
2025-01-21,WH_C,West,SKU0022,Sports,158,0,36,30
2025-01-21,WH_C,West,SKU0023,Hardware,191,6,27,53
2025-01-21,WH_C,West,SKU0024,Electronics,57,0,34,84
2025-01-21,WH_C,West,SKU0025,Office,87,2,32,105
2025-01-21,WH_C,West,SKU0026,Hardware,97,5,40,115
2025-01-21,WH_C,West,SKU0027,Electronics,249,1,37,42
2025-01-21,WH_C,West,SKU0028,Electronics,159,1,45,109
2025-01-21,WH_C,West,SKU0029,Sports,78,2,30,71
2025-01-21,WH_C,West,SKU0030,Housewares,13,2,36,75
2025-01-21,WH_C,West,SKU0031,Sports,124,7,30,98
2025-01-21,WH_C,West,SKU0032,Sports,95,2,46,59
2025-01-21,WH_C,West,SKU0033,Housewares,132,2,50,32
2025-01-21,WH_C,West,SKU0034,Office,193,3,19,43
2025-01-21,WH_C,West,SKU0035,Hardware,244,4,23,59
2025-01-21,WH_C,West,SKU0036,Housewares,139,0,17,56
2025-01-21,WH_C,West,SKU0037,Sports,142,3,41,98
2025-01-21,WH_C,West,SKU0038,Housewares,41,5,21,117
2025-01-21,WH_C,West,SKU0039,Office,157,2,43,47
2025-01-21,WH_C,West,SKU0040,Housewares,81,0,28,57
2025-01-21,WH_C,West,SKU0041,Sports,111,2,21,34
2025-01-21,WH_C,West,SKU0042,Electronics,109,5,15,105
2025-01-21,WH_C,West,SKU0043,Hardware,162,2,22,65
2025-01-21,WH_C,West,SKU0044,Hardware,260,5,43,56
2025-01-21,WH_C,West,SKU0045,Electronics,60,4,36,60
2025-01-21,WH_C,West,SKU0046,Hardware,253,3,22,41
2025-01-21,WH_C,West,SKU0047,Electronics,106,0,49,110
2025-01-21,WH_C,West,SKU0048,Hardware,114,1,17,90
2025-01-21,WH_C,West,SKU0049,Housewares,205,4,32,99
2025-01-21,WH_C,West,SKU0050,Hardware,84,0,15,92
2025-01-21,WH_C,West,SKU0051,Hardware,110,0,41,72
2025-01-21,WH_C,West,SKU0052,Hardware,55,1,20,94
2025-01-21,WH_C,West,SKU0053,Hardware,235,5,29,103
2025-01-21,WH_C,West,SKU0054,Office,90,2,15,84
2025-01-21,WH_C,West,SKU0055,Housewares,182,4,37,75
2025-01-21,WH_C,West,SKU0056,Housewares,127,3,50,119
2025-01-21,WH_C,West,SKU0057,Electronics,83,4,16,42
2025-01-21,WH_C,West,SKU0058,Sports,178,2,16,115
2025-01-21,WH_C,West,SKU0059,Electronics,130,7,27,52
2025-01-21,WH_C,West,SKU0060,Hardware,92,2,29,35
2025-01-21,WH_C,West,SKU0061,Office,65,1,27,56
2025-01-21,WH_C,West,SKU0062,Housewares,60,1,23,67
2025-01-21,WH_C,West,SKU0063,Housewares,129,4,18,114
2025-01-21,WH_C,West,SKU0064,Sports,124,5,29,109
2025-01-21,WH_C,West,SKU0065,Sports,61,3,17,45
2025-01-21,WH_C,West,SKU0066,Sports,72,1,38,110
2025-01-21,WH_C,West,SKU0067,Hardware,137,5,42,49
2025-01-21,WH_C,West,SKU0068,Electronics,267,0,19,50
2025-01-21,WH_C,West,SKU0069,Hardware,204,3,39,30
2025-01-21,WH_C,West,SKU0070,Hardware,76,1,38,34
2025-01-21,WH_C,West,SKU0071,Hardware,209,1,26,117
2025-01-21,WH_C,West,SKU0072,Office,123,2,21,40
2025-01-21,WH_C,West,SKU0073,Office,53,1,28,39
2025-01-21,WH_C,West,SKU0074,Hardware,80,3,41,43
2025-01-21,WH_C,West,SKU0075,Sports,127,5,29,119
2025-01-21,WH_C,West,SKU0076,Hardware,91,0,32,96
2025-01-21,WH_C,West,SKU0077,Office,167,4,48,105
2025-01-21,WH_C,West,SKU0078,Housewares,164,0,36,87
2025-01-21,WH_C,West,SKU0079,Hardware,84,2,49,114
2025-01-21,WH_C,West,SKU0080,Hardware,219,0,28,87
2025-01-21,WH_C,West,SKU0081,Housewares,127,2,26,108
2025-01-21,WH_C,West,SKU0082,Hardware,182,2,32,70
2025-01-21,WH_C,West,SKU0083,Housewares,74,2,28,32
2025-01-21,WH_C,West,SKU0084,Office,75,2,40,67
2025-01-21,WH_C,West,SKU0085,Hardware,145,2,49,89
2025-01-21,WH_C,West,SKU0086,Hardware,49,3,22,118
2025-01-21,WH_C,West,SKU0087,Office,55,0,18,59
2025-01-21,WH_C,West,SKU0088,Housewares,206,0,49,44
2025-01-21,WH_C,West,SKU0089,Electronics,243,2,45,80
2025-01-21,WH_C,West,SKU0090,Electronics,247,0,23,36
2025-01-21,WH_C,West,SKU0091,Electronics,216,2,26,98
2025-01-21,WH_C,West,SKU0092,Housewares,78,6,23,60
2025-01-21,WH_C,West,SKU0093,Sports,25,3,47,107
2025-01-21,WH_C,West,SKU0094,Hardware,236,3,19,60
2025-01-21,WH_C,West,SKU0095,Electronics,203,4,50,40
2025-01-21,WH_C,West,SKU0096,Hardware,136,5,48,98
2025-01-21,WH_C,West,SKU0097,Office,34,8,31,63
2025-01-21,WH_C,West,SKU0098,Housewares,119,1,50,47
2025-01-21,WH_C,West,SKU0099,Office,65,4,17,84
2025-01-21,WH_C,West,SKU0100,Office,152,3,28,47
2025-01-22,WH_A,East,SKU0001,Housewares,88,2,20,96
2025-01-22,WH_A,East,SKU0002,Electronics,76,2,43,39
2025-01-22,WH_A,East,SKU0003,Hardware,187,3,49,40
2025-01-22,WH_A,East,SKU0004,Hardware,145,4,44,51
2025-01-22,WH_A,East,SKU0005,Sports,173,3,32,73
2025-01-22,WH_A,East,SKU0006,Sports,29,6,17,31
2025-01-22,WH_A,East,SKU0007,Office,10,6,16,33
2025-01-22,WH_A,East,SKU0008,Electronics,58,3,35,51
2025-01-22,WH_A,East,SKU0009,Hardware,272,4,20,40
2025-01-22,WH_A,East,SKU0010,Electronics,278,3,27,91
2025-01-22,WH_A,East,SKU0011,Hardware,58,2,43,98
2025-01-22,WH_A,East,SKU0012,Housewares,177,2,38,37
2025-01-22,WH_A,East,SKU0013,Electronics,230,3,16,49
2025-01-22,WH_A,East,SKU0014,Electronics,152,2,35,78
2025-01-22,WH_A,East,SKU0015,Housewares,194,0,22,94
2025-01-22,WH_A,East,SKU0016,Housewares,204,2,33,67
2025-01-22,WH_A,East,SKU0017,Hardware,118,1,25,40
2025-01-22,WH_A,East,SKU0018,Housewares,159,5,24,106
2025-01-22,WH_A,East,SKU0019,Sports,201,4,49,91
2025-01-22,WH_A,East,SKU0020,Electronics,135,2,46,96
2025-01-22,WH_A,East,SKU0021,Sports,24,2,24,52
2025-01-22,WH_A,East,SKU0022,Sports,90,5,47,109
2025-01-22,WH_A,East,SKU0023,Hardware,45,6,35,78
2025-01-22,WH_A,East,SKU0024,Electronics,207,2,17,94
2025-01-22,WH_A,East,SKU0025,Office,113,5,44,33
2025-01-22,WH_A,East,SKU0026,Hardware,56,0,18,30
2025-01-22,WH_A,East,SKU0027,Electronics,279,3,31,61
2025-01-22,WH_A,East,SKU0028,Electronics,164,6,37,111
2025-01-22,WH_A,East,SKU0029,Sports,120,4,20,76
2025-01-22,WH_A,East,SKU0030,Housewares,156,4,32,97
2025-01-22,WH_A,East,SKU0031,Sports,53,2,40,78
2025-01-22,WH_A,East,SKU0032,Sports,154,2,22,60
2025-01-22,WH_A,East,SKU0033,Housewares,121,1,24,64
2025-01-22,WH_A,East,SKU0034,Office,151,2,29,71
2025-01-22,WH_A,East,SKU0035,Hardware,164,0,18,76
2025-01-22,WH_A,East,SKU0036,Housewares,97,3,25,103
2025-01-22,WH_A,East,SKU0037,Sports,112,2,17,100
2025-01-22,WH_A,East,SKU0038,Housewares,14,3,45,36
2025-01-22,WH_A,East,SKU0039,Office,130,3,28,60
2025-01-22,WH_A,East,SKU0040,Housewares,135,3,50,88
2025-01-22,WH_A,East,SKU0041,Sports,182,3,37,32
2025-01-22,WH_A,East,SKU0042,Electronics,257,0,48,53
2025-01-22,WH_A,East,SKU0043,Hardware,63,6,19,37
2025-01-22,WH_A,East,SKU0044,Hardware,98,2,18,45
2025-01-22,WH_A,East,SKU0045,Electronics,179,2,31,97
2025-01-22,WH_A,East,SKU0046,Hardware,67,3,50,97
2025-01-22,WH_A,East,SKU0047,Electronics,25,3,31,110
2025-01-22,WH_A,East,SKU0048,Hardware,113,5,26,100
2025-01-22,WH_A,East,SKU0049,Housewares,155,2,46,61
2025-01-22,WH_A,East,SKU0050,Hardware,198,1,27,78
2025-01-22,WH_A,East,SKU0051,Hardware,93,4,48,112
2025-01-22,WH_A,East,SKU0052,Hardware,40,1,40,64
2025-01-22,WH_A,East,SKU0053,Hardware,119,4,24,116
2025-01-22,WH_A,East,SKU0054,Office,29,0,24,119
2025-01-22,WH_A,East,SKU0055,Housewares,154,4,33,51
2025-01-22,WH_A,East,SKU0056,Housewares,150,4,34,82
2025-01-22,WH_A,East,SKU0057,Electronics,133,4,25,32
2025-01-22,WH_A,East,SKU0058,Sports,83,3,41,46
2025-01-22,WH_A,East,SKU0059,Electronics,158,0,48,85
2025-01-22,WH_A,East,SKU0060,Hardware,122,1,21,69
2025-01-22,WH_A,East,SKU0061,Office,70,2,20,89
2025-01-22,WH_A,East,SKU0062,Housewares,20,2,39,67
2025-01-22,WH_A,East,SKU0063,Housewares,187,4,39,50
2025-01-22,WH_A,East,SKU0064,Sports,118,2,38,67
2025-01-22,WH_A,East,SKU0065,Sports,30,3,26,81
2025-01-22,WH_A,East,SKU0066,Sports,60,4,38,73
2025-01-22,WH_A,East,SKU0067,Hardware,208,7,26,67
2025-01-22,WH_A,East,SKU0068,Electronics,92,2,16,115
2025-01-22,WH_A,East,SKU0069,Hardware,49,1,45,78
2025-01-22,WH_A,East,SKU0070,Hardware,159,4,41,65
2025-01-22,WH_A,East,SKU0071,Hardware,116,6,47,103
2025-01-22,WH_A,East,SKU0072,Office,166,2,47,32
2025-01-22,WH_A,East,SKU0073,Office,80,2,21,77
2025-01-22,WH_A,East,SKU0074,Hardware,133,1,50,119
2025-01-22,WH_A,East,SKU0075,Sports,149,2,48,52
2025-01-22,WH_A,East,SKU0076,Hardware,111,7,36,47
2025-01-22,WH_A,East,SKU0077,Office,127,3,18,116
2025-01-22,WH_A,East,SKU0078,Housewares,178,2,36,34
2025-01-22,WH_A,East,SKU0079,Hardware,135,1,18,67
2025-01-22,WH_A,East,SKU0080,Hardware,119,2,28,57
2025-01-22,WH_A,East,SKU0081,Housewares,84,5,37,54
2025-01-22,WH_A,East,SKU0082,Hardware,209,3,31,105
2025-01-22,WH_A,East,SKU0083,Housewares,101,4,22,80
2025-01-22,WH_A,East,SKU0084,Office,76,3,24,43
2025-01-22,WH_A,East,SKU0085,Hardware,57,3,21,106
2025-01-22,WH_A,East,SKU0086,Hardware,203,4,48,89
2025-01-22,WH_A,East,SKU0087,Office,58,4,49,36
2025-01-22,WH_A,East,SKU0088,Housewares,173,3,27,60
2025-01-22,WH_A,East,SKU0089,Electronics,228,5,20,110
2025-01-22,WH_A,East,SKU0090,Electronics,242,2,27,93
2025-01-22,WH_A,East,SKU0091,Electronics,116,0,23,81
2025-01-22,WH_A,East,SKU0092,Housewares,187,1,35,58
2025-01-22,WH_A,East,SKU0093,Sports,26,4,41,34
2025-01-22,WH_A,East,SKU0094,Hardware,56,0,20,108
2025-01-22,WH_A,East,SKU0095,Electronics,198,4,46,71
2025-01-22,WH_A,East,SKU0096,Hardware,171,6,21,89
2025-01-22,WH_A,East,SKU0097,Office,164,2,41,100
2025-01-22,WH_A,East,SKU0098,Housewares,179,3,15,31
2025-01-22,WH_A,East,SKU0099,Office,57,1,28,33
2025-01-22,WH_A,East,SKU0100,Office,4,6,21,72
2025-01-22,WH_B,Central,SKU0001,Housewares,141,0,22,100
2025-01-22,WH_B,Central,SKU0002,Electronics,70,3,48,31
2025-01-22,WH_B,Central,SKU0003,Hardware,105,0,39,72
2025-01-22,WH_B,Central,SKU0004,Hardware,193,2,46,63
2025-01-22,WH_B,Central,SKU0005,Sports,88,3,22,83
2025-01-22,WH_B,Central,SKU0006,Sports,34,2,28,80
2025-01-22,WH_B,Central,SKU0007,Office,115,4,37,47
2025-01-22,WH_B,Central,SKU0008,Electronics,53,1,19,69
2025-01-22,WH_B,Central,SKU0009,Hardware,244,4,19,45
2025-01-22,WH_B,Central,SKU0010,Electronics,204,5,33,43
2025-01-22,WH_B,Central,SKU0011,Hardware,235,1,33,58
2025-01-22,WH_B,Central,SKU0012,Housewares,80,4,40,97
2025-01-22,WH_B,Central,SKU0013,Electronics,193,3,36,33
2025-01-22,WH_B,Central,SKU0014,Electronics,239,0,23,82
2025-01-22,WH_B,Central,SKU0015,Housewares,73,0,25,50
2025-01-22,WH_B,Central,SKU0016,Housewares,84,1,47,48
2025-01-22,WH_B,Central,SKU0017,Hardware,51,5,30,87
2025-01-22,WH_B,Central,SKU0018,Housewares,94,0,36,73
2025-01-22,WH_B,Central,SKU0019,Sports,116,1,19,41
2025-01-22,WH_B,Central,SKU0020,Electronics,122,3,17,119
2025-01-22,WH_B,Central,SKU0021,Sports,86,0,23,96
2025-01-22,WH_B,Central,SKU0022,Sports,159,2,41,35
2025-01-22,WH_B,Central,SKU0023,Hardware,179,3,16,73
2025-01-22,WH_B,Central,SKU0024,Electronics,130,0,46,80
2025-01-22,WH_B,Central,SKU0025,Office,113,0,42,35
2025-01-22,WH_B,Central,SKU0026,Hardware,224,6,21,44
2025-01-22,WH_B,Central,SKU0027,Electronics,64,2,42,32
2025-01-22,WH_B,Central,SKU0028,Electronics,30,0,27,37
2025-01-22,WH_B,Central,SKU0029,Sports,160,3,28,76
2025-01-22,WH_B,Central,SKU0030,Housewares,119,0,40,107
2025-01-22,WH_B,Central,SKU0031,Sports,58,1,16,79
2025-01-22,WH_B,Central,SKU0032,Sports,64,0,44,39
2025-01-22,WH_B,Central,SKU0033,Housewares,100,3,28,42
2025-01-22,WH_B,Central,SKU0034,Office,67,3,28,62
2025-01-22,WH_B,Central,SKU0035,Hardware,154,0,37,36
2025-01-22,WH_B,Central,SKU0036,Housewares,131,3,47,100
2025-01-22,WH_B,Central,SKU0037,Sports,68,3,42,103
2025-01-22,WH_B,Central,SKU0038,Housewares,34,0,46,110
2025-01-22,WH_B,Central,SKU0039,Office,121,4,42,101
2025-01-22,WH_B,Central,SKU0040,Housewares,192,4,24,109
2025-01-22,WH_B,Central,SKU0041,Sports,76,0,48,63
2025-01-22,WH_B,Central,SKU0042,Electronics,121,3,17,44
2025-01-22,WH_B,Central,SKU0043,Hardware,114,2,34,100
2025-01-22,WH_B,Central,SKU0044,Hardware,33,3,48,87
2025-01-22,WH_B,Central,SKU0045,Electronics,97,1,36,68
2025-01-22,WH_B,Central,SKU0046,Hardware,121,2,45,115
2025-01-22,WH_B,Central,SKU0047,Electronics,210,1,48,47
2025-01-22,WH_B,Central,SKU0048,Hardware,170,4,17,57
2025-01-22,WH_B,Central,SKU0049,Housewares,78,2,38,108
2025-01-22,WH_B,Central,SKU0050,Hardware,58,4,18,43
2025-01-22,WH_B,Central,SKU0051,Hardware,259,2,38,87
2025-01-22,WH_B,Central,SKU0052,Hardware,289,4,16,107
2025-01-22,WH_B,Central,SKU0053,Hardware,28,0,47,77
2025-01-22,WH_B,Central,SKU0054,Office,163,0,19,67
2025-01-22,WH_B,Central,SKU0055,Housewares,99,3,26,32
2025-01-22,WH_B,Central,SKU0056,Housewares,136,1,31,104
2025-01-22,WH_B,Central,SKU0057,Electronics,104,8,40,106
2025-01-22,WH_B,Central,SKU0058,Sports,197,3,41,109
2025-01-22,WH_B,Central,SKU0059,Electronics,233,2,39,114
2025-01-22,WH_B,Central,SKU0060,Hardware,124,0,50,112
2025-01-22,WH_B,Central,SKU0061,Office,162,3,44,41
2025-01-22,WH_B,Central,SKU0062,Housewares,147,0,33,48
2025-01-22,WH_B,Central,SKU0063,Housewares,161,2,38,104
2025-01-22,WH_B,Central,SKU0064,Sports,131,3,30,48
2025-01-22,WH_B,Central,SKU0065,Sports,89,0,21,67
2025-01-22,WH_B,Central,SKU0066,Sports,17,1,47,69
2025-01-22,WH_B,Central,SKU0067,Hardware,240,2,27,52
2025-01-22,WH_B,Central,SKU0068,Electronics,106,0,21,53
2025-01-22,WH_B,Central,SKU0069,Hardware,117,4,33,48
2025-01-22,WH_B,Central,SKU0070,Hardware,161,5,40,102
2025-01-22,WH_B,Central,SKU0071,Hardware,229,3,18,82
2025-01-22,WH_B,Central,SKU0072,Office,170,5,16,101
2025-01-22,WH_B,Central,SKU0073,Office,129,4,24,80
2025-01-22,WH_B,Central,SKU0074,Hardware,264,1,22,88
2025-01-22,WH_B,Central,SKU0075,Sports,145,3,16,112
2025-01-22,WH_B,Central,SKU0076,Hardware,192,0,26,57
2025-01-22,WH_B,Central,SKU0077,Office,120,0,50,59
2025-01-22,WH_B,Central,SKU0078,Housewares,163,1,29,71
2025-01-22,WH_B,Central,SKU0079,Hardware,261,4,38,113
2025-01-22,WH_B,Central,SKU0080,Hardware,125,0,48,47
2025-01-22,WH_B,Central,SKU0081,Housewares,198,5,50,32
2025-01-22,WH_B,Central,SKU0082,Hardware,119,6,15,74
2025-01-22,WH_B,Central,SKU0083,Housewares,109,1,22,48
2025-01-22,WH_B,Central,SKU0084,Office,201,1,42,73
2025-01-22,WH_B,Central,SKU0085,Hardware,40,3,50,48
2025-01-22,WH_B,Central,SKU0086,Hardware,170,4,37,99
2025-01-22,WH_B,Central,SKU0087,Office,190,3,24,85
2025-01-22,WH_B,Central,SKU0088,Housewares,200,4,32,41
2025-01-22,WH_B,Central,SKU0089,Electronics,231,0,39,103
2025-01-22,WH_B,Central,SKU0090,Electronics,167,1,37,82
2025-01-22,WH_B,Central,SKU0091,Electronics,240,2,19,57
2025-01-22,WH_B,Central,SKU0092,Housewares,13,4,50,91
2025-01-22,WH_B,Central,SKU0093,Sports,137,0,21,116
2025-01-22,WH_B,Central,SKU0094,Hardware,264,0,24,54
2025-01-22,WH_B,Central,SKU0095,Electronics,212,3,35,103
2025-01-22,WH_B,Central,SKU0096,Hardware,145,1,22,62
2025-01-22,WH_B,Central,SKU0097,Office,82,0,32,81
2025-01-22,WH_B,Central,SKU0098,Housewares,170,1,24,60
2025-01-22,WH_B,Central,SKU0099,Office,169,1,34,95
2025-01-22,WH_B,Central,SKU0100,Office,104,0,17,33
2025-01-22,WH_C,West,SKU0001,Housewares,62,4,45,58
2025-01-22,WH_C,West,SKU0002,Electronics,11,1,15,115
2025-01-22,WH_C,West,SKU0003,Hardware,209,1,42,106
2025-01-22,WH_C,West,SKU0004,Hardware,159,2,39,38
2025-01-22,WH_C,West,SKU0005,Sports,40,2,22,79
2025-01-22,WH_C,West,SKU0006,Sports,158,1,27,39
2025-01-22,WH_C,West,SKU0007,Office,27,6,27,108
2025-01-22,WH_C,West,SKU0008,Electronics,140,0,16,36
2025-01-22,WH_C,West,SKU0009,Hardware,32,5,39,97
2025-01-22,WH_C,West,SKU0010,Electronics,44,2,32,40
2025-01-22,WH_C,West,SKU0011,Hardware,131,5,19,71
2025-01-22,WH_C,West,SKU0012,Housewares,31,7,44,82
2025-01-22,WH_C,West,SKU0013,Electronics,92,5,48,55
2025-01-22,WH_C,West,SKU0014,Electronics,244,2,43,112
2025-01-22,WH_C,West,SKU0015,Housewares,119,3,24,36
2025-01-22,WH_C,West,SKU0016,Housewares,119,1,29,111
2025-01-22,WH_C,West,SKU0017,Hardware,129,5,32,32
2025-01-22,WH_C,West,SKU0018,Housewares,166,4,43,86
2025-01-22,WH_C,West,SKU0019,Sports,191,1,33,80
2025-01-22,WH_C,West,SKU0020,Electronics,92,5,18,87
2025-01-22,WH_C,West,SKU0021,Sports,46,2,40,82
2025-01-22,WH_C,West,SKU0022,Sports,208,1,23,106
2025-01-22,WH_C,West,SKU0023,Hardware,63,6,37,32
2025-01-22,WH_C,West,SKU0024,Electronics,238,3,20,92
2025-01-22,WH_C,West,SKU0025,Office,179,2,45,79
2025-01-22,WH_C,West,SKU0026,Hardware,47,6,25,102
2025-01-22,WH_C,West,SKU0027,Electronics,280,7,19,63
2025-01-22,WH_C,West,SKU0028,Electronics,26,2,40,97
2025-01-22,WH_C,West,SKU0029,Sports,188,0,49,63
2025-01-22,WH_C,West,SKU0030,Housewares,35,3,27,55
2025-01-22,WH_C,West,SKU0031,Sports,76,7,44,59
2025-01-22,WH_C,West,SKU0032,Sports,46,5,23,70
2025-01-22,WH_C,West,SKU0033,Housewares,111,6,25,55
2025-01-22,WH_C,West,SKU0034,Office,131,4,40,43
2025-01-22,WH_C,West,SKU0035,Hardware,184,1,49,40
2025-01-22,WH_C,West,SKU0036,Housewares,140,3,15,56
2025-01-22,WH_C,West,SKU0037,Sports,68,3,21,40
2025-01-22,WH_C,West,SKU0038,Housewares,174,1,25,30
2025-01-22,WH_C,West,SKU0039,Office,121,6,22,58
2025-01-22,WH_C,West,SKU0040,Housewares,138,4,30,95
2025-01-22,WH_C,West,SKU0041,Sports,201,2,35,46
2025-01-22,WH_C,West,SKU0042,Electronics,189,1,46,99
2025-01-22,WH_C,West,SKU0043,Hardware,231,2,37,78
2025-01-22,WH_C,West,SKU0044,Hardware,83,2,27,57
2025-01-22,WH_C,West,SKU0045,Electronics,179,6,19,115
2025-01-22,WH_C,West,SKU0046,Hardware,218,3,33,69
2025-01-22,WH_C,West,SKU0047,Electronics,126,0,18,51
2025-01-22,WH_C,West,SKU0048,Hardware,247,4,35,36
2025-01-22,WH_C,West,SKU0049,Housewares,71,1,40,67
2025-01-22,WH_C,West,SKU0050,Hardware,210,3,17,42
2025-01-22,WH_C,West,SKU0051,Hardware,184,0,32,66
2025-01-22,WH_C,West,SKU0052,Hardware,47,0,30,87
2025-01-22,WH_C,West,SKU0053,Hardware,104,0,31,43
2025-01-22,WH_C,West,SKU0054,Office,102,4,45,98
2025-01-22,WH_C,West,SKU0055,Housewares,41,1,24,89
2025-01-22,WH_C,West,SKU0056,Housewares,159,3,47,51
2025-01-22,WH_C,West,SKU0057,Electronics,102,2,19,31
2025-01-22,WH_C,West,SKU0058,Sports,87,1,20,92
2025-01-22,WH_C,West,SKU0059,Electronics,255,2,49,53
2025-01-22,WH_C,West,SKU0060,Hardware,47,3,27,63
2025-01-22,WH_C,West,SKU0061,Office,155,0,41,51
2025-01-22,WH_C,West,SKU0062,Housewares,156,2,49,73
2025-01-22,WH_C,West,SKU0063,Housewares,148,0,43,59
2025-01-22,WH_C,West,SKU0064,Sports,139,2,29,99
2025-01-22,WH_C,West,SKU0065,Sports,68,4,22,95
2025-01-22,WH_C,West,SKU0066,Sports,64,5,49,117
2025-01-22,WH_C,West,SKU0067,Hardware,145,2,41,33
2025-01-22,WH_C,West,SKU0068,Electronics,146,3,29,103
2025-01-22,WH_C,West,SKU0069,Hardware,184,1,16,93
2025-01-22,WH_C,West,SKU0070,Hardware,284,2,49,111
2025-01-22,WH_C,West,SKU0071,Hardware,180,5,40,117
2025-01-22,WH_C,West,SKU0072,Office,48,3,44,91
2025-01-22,WH_C,West,SKU0073,Office,193,3,18,81
2025-01-22,WH_C,West,SKU0074,Hardware,209,4,30,81
2025-01-22,WH_C,West,SKU0075,Sports,146,2,24,31
2025-01-22,WH_C,West,SKU0076,Hardware,166,3,15,78
2025-01-22,WH_C,West,SKU0077,Office,148,5,24,40
2025-01-22,WH_C,West,SKU0078,Housewares,171,4,25,53
2025-01-22,WH_C,West,SKU0079,Hardware,95,6,37,71
2025-01-22,WH_C,West,SKU0080,Hardware,253,5,25,41
2025-01-22,WH_C,West,SKU0081,Housewares,119,2,38,31
2025-01-22,WH_C,West,SKU0082,Hardware,148,4,49,87
2025-01-22,WH_C,West,SKU0083,Housewares,36,1,31,81
2025-01-22,WH_C,West,SKU0084,Office,171,0,24,39
2025-01-22,WH_C,West,SKU0085,Hardware,208,9,26,39
2025-01-22,WH_C,West,SKU0086,Hardware,222,5,23,71
2025-01-22,WH_C,West,SKU0087,Office,159,4,40,88
2025-01-22,WH_C,West,SKU0088,Housewares,178,5,17,101
2025-01-22,WH_C,West,SKU0089,Electronics,237,6,49,117
2025-01-22,WH_C,West,SKU0090,Electronics,117,3,30,85
2025-01-22,WH_C,West,SKU0091,Electronics,253,0,49,66
2025-01-22,WH_C,West,SKU0092,Housewares,156,3,16,50
2025-01-22,WH_C,West,SKU0093,Sports,47,7,17,72
2025-01-22,WH_C,West,SKU0094,Hardware,30,5,29,114
2025-01-22,WH_C,West,SKU0095,Electronics,229,2,42,106
2025-01-22,WH_C,West,SKU0096,Hardware,267,1,31,94
2025-01-22,WH_C,West,SKU0097,Office,88,0,23,68
2025-01-22,WH_C,West,SKU0098,Housewares,164,0,36,108
2025-01-22,WH_C,West,SKU0099,Office,164,4,50,110
2025-01-22,WH_C,West,SKU0100,Office,43,4,20,66
2025-01-23,WH_A,East,SKU0001,Housewares,109,5,43,110
2025-01-23,WH_A,East,SKU0002,Electronics,216,3,47,88
2025-01-23,WH_A,East,SKU0003,Hardware,48,0,43,41
2025-01-23,WH_A,East,SKU0004,Hardware,186,3,26,60
2025-01-23,WH_A,East,SKU0005,Sports,160,5,40,87
2025-01-23,WH_A,East,SKU0006,Sports,128,3,45,55
2025-01-23,WH_A,East,SKU0007,Office,159,0,26,33
2025-01-23,WH_A,East,SKU0008,Electronics,242,4,43,65
2025-01-23,WH_A,East,SKU0009,Hardware,168,5,19,108
2025-01-23,WH_A,East,SKU0010,Electronics,49,0,44,93
2025-01-23,WH_A,East,SKU0011,Hardware,256,5,49,93
2025-01-23,WH_A,East,SKU0012,Housewares,126,2,49,49
2025-01-23,WH_A,East,SKU0013,Electronics,261,9,42,94
2025-01-23,WH_A,East,SKU0014,Electronics,206,0,24,46
2025-01-23,WH_A,East,SKU0015,Housewares,95,4,48,103
2025-01-23,WH_A,East,SKU0016,Housewares,53,3,46,34
2025-01-23,WH_A,East,SKU0017,Hardware,261,6,49,70
2025-01-23,WH_A,East,SKU0018,Housewares,207,4,48,30
2025-01-23,WH_A,East,SKU0019,Sports,100,4,26,117
2025-01-23,WH_A,East,SKU0020,Electronics,259,3,30,77
2025-01-23,WH_A,East,SKU0021,Sports,15,1,32,33
2025-01-23,WH_A,East,SKU0022,Sports,177,0,38,79
2025-01-23,WH_A,East,SKU0023,Hardware,163,1,36,117
2025-01-23,WH_A,East,SKU0024,Electronics,216,2,17,33
2025-01-23,WH_A,East,SKU0025,Office,204,0,22,51
2025-01-23,WH_A,East,SKU0026,Hardware,122,3,49,52
2025-01-23,WH_A,East,SKU0027,Electronics,140,2,38,64
2025-01-23,WH_A,East,SKU0028,Electronics,115,2,26,97
2025-01-23,WH_A,East,SKU0029,Sports,138,3,44,105
2025-01-23,WH_A,East,SKU0030,Housewares,124,4,27,47
2025-01-23,WH_A,East,SKU0031,Sports,116,2,33,53
2025-01-23,WH_A,East,SKU0032,Sports,179,3,30,111
2025-01-23,WH_A,East,SKU0033,Housewares,65,5,49,103
2025-01-23,WH_A,East,SKU0034,Office,85,4,40,58
2025-01-23,WH_A,East,SKU0035,Hardware,94,3,49,103
2025-01-23,WH_A,East,SKU0036,Housewares,41,2,36,81
2025-01-23,WH_A,East,SKU0037,Sports,75,3,31,40
2025-01-23,WH_A,East,SKU0038,Housewares,196,0,35,53
2025-01-23,WH_A,East,SKU0039,Office,152,2,36,91
2025-01-23,WH_A,East,SKU0040,Housewares,56,3,36,79
2025-01-23,WH_A,East,SKU0041,Sports,57,3,25,81
2025-01-23,WH_A,East,SKU0042,Electronics,239,1,29,118
2025-01-23,WH_A,East,SKU0043,Hardware,102,3,36,97
2025-01-23,WH_A,East,SKU0044,Hardware,256,3,38,43
2025-01-23,WH_A,East,SKU0045,Electronics,101,3,47,43
2025-01-23,WH_A,East,SKU0046,Hardware,245,4,40,77
2025-01-23,WH_A,East,SKU0047,Electronics,163,4,16,112
2025-01-23,WH_A,East,SKU0048,Hardware,217,5,48,63
2025-01-23,WH_A,East,SKU0049,Housewares,123,5,50,71
2025-01-23,WH_A,East,SKU0050,Hardware,22,0,35,92
2025-01-23,WH_A,East,SKU0051,Hardware,273,3,33,63
2025-01-23,WH_A,East,SKU0052,Hardware,102,4,15,54
2025-01-23,WH_A,East,SKU0053,Hardware,118,1,22,116
2025-01-23,WH_A,East,SKU0054,Office,146,0,19,44
2025-01-23,WH_A,East,SKU0055,Housewares,157,0,45,51
2025-01-23,WH_A,East,SKU0056,Housewares,26,4,27,96
2025-01-23,WH_A,East,SKU0057,Electronics,286,0,36,104
2025-01-23,WH_A,East,SKU0058,Sports,86,3,32,34
2025-01-23,WH_A,East,SKU0059,Electronics,82,3,38,56
2025-01-23,WH_A,East,SKU0060,Hardware,166,1,34,41
2025-01-23,WH_A,East,SKU0061,Office,95,1,33,88
2025-01-23,WH_A,East,SKU0062,Housewares,60,3,35,71
2025-01-23,WH_A,East,SKU0063,Housewares,76,6,21,57
2025-01-23,WH_A,East,SKU0064,Sports,40,5,38,109
2025-01-23,WH_A,East,SKU0065,Sports,74,3,41,90
2025-01-23,WH_A,East,SKU0066,Sports,145,1,21,60
2025-01-23,WH_A,East,SKU0067,Hardware,185,7,43,70
2025-01-23,WH_A,East,SKU0068,Electronics,53,5,16,109
2025-01-23,WH_A,East,SKU0069,Hardware,121,1,24,119
2025-01-23,WH_A,East,SKU0070,Hardware,249,2,21,66
2025-01-23,WH_A,East,SKU0071,Hardware,38,1,17,75
2025-01-23,WH_A,East,SKU0072,Office,59,2,44,79
2025-01-23,WH_A,East,SKU0073,Office,178,3,48,45
2025-01-23,WH_A,East,SKU0074,Hardware,277,1,48,90
2025-01-23,WH_A,East,SKU0075,Sports,143,1,18,107
2025-01-23,WH_A,East,SKU0076,Hardware,64,3,45,30
2025-01-23,WH_A,East,SKU0077,Office,98,4,38,46
2025-01-23,WH_A,East,SKU0078,Housewares,87,2,47,97
2025-01-23,WH_A,East,SKU0079,Hardware,221,1,37,81
2025-01-23,WH_A,East,SKU0080,Hardware,70,4,23,72
2025-01-23,WH_A,East,SKU0081,Housewares,160,0,42,83
2025-01-23,WH_A,East,SKU0082,Hardware,39,1,35,104
2025-01-23,WH_A,East,SKU0083,Housewares,149,5,41,87
2025-01-23,WH_A,East,SKU0084,Office,153,0,43,65
2025-01-23,WH_A,East,SKU0085,Hardware,132,2,25,47
2025-01-23,WH_A,East,SKU0086,Hardware,202,1,36,95
2025-01-23,WH_A,East,SKU0087,Office,108,3,32,99
2025-01-23,WH_A,East,SKU0088,Housewares,180,3,36,105
2025-01-23,WH_A,East,SKU0089,Electronics,174,2,38,70
2025-01-23,WH_A,East,SKU0090,Electronics,261,4,33,52
2025-01-23,WH_A,East,SKU0091,Electronics,215,5,23,68
2025-01-23,WH_A,East,SKU0092,Housewares,182,4,22,40
2025-01-23,WH_A,East,SKU0093,Sports,181,3,42,72
2025-01-23,WH_A,East,SKU0094,Hardware,34,6,23,30
2025-01-23,WH_A,East,SKU0095,Electronics,51,1,17,49
2025-01-23,WH_A,East,SKU0096,Hardware,140,3,38,111
2025-01-23,WH_A,East,SKU0097,Office,82,0,29,39
2025-01-23,WH_A,East,SKU0098,Housewares,83,2,23,112
2025-01-23,WH_A,East,SKU0099,Office,51,1,35,70
2025-01-23,WH_A,East,SKU0100,Office,31,5,28,30
2025-01-23,WH_B,Central,SKU0001,Housewares,91,1,36,91
2025-01-23,WH_B,Central,SKU0002,Electronics,38,1,48,56
2025-01-23,WH_B,Central,SKU0003,Hardware,245,3,42,101
2025-01-23,WH_B,Central,SKU0004,Hardware,77,0,21,66
2025-01-23,WH_B,Central,SKU0005,Sports,117,3,33,96
2025-01-23,WH_B,Central,SKU0006,Sports,146,3,39,79
2025-01-23,WH_B,Central,SKU0007,Office,175,4,46,48
2025-01-23,WH_B,Central,SKU0008,Electronics,204,4,29,84
2025-01-23,WH_B,Central,SKU0009,Hardware,167,0,43,67
2025-01-23,WH_B,Central,SKU0010,Electronics,259,3,41,49
2025-01-23,WH_B,Central,SKU0011,Hardware,20,3,23,76
2025-01-23,WH_B,Central,SKU0012,Housewares,144,2,25,77
2025-01-23,WH_B,Central,SKU0013,Electronics,140,4,28,38
2025-01-23,WH_B,Central,SKU0014,Electronics,205,0,28,52
2025-01-23,WH_B,Central,SKU0015,Housewares,154,2,21,47
2025-01-23,WH_B,Central,SKU0016,Housewares,61,5,19,46
2025-01-23,WH_B,Central,SKU0017,Hardware,102,3,24,112
2025-01-23,WH_B,Central,SKU0018,Housewares,8,5,34,109
2025-01-23,WH_B,Central,SKU0019,Sports,14,4,18,78
2025-01-23,WH_B,Central,SKU0020,Electronics,40,2,20,96
2025-01-23,WH_B,Central,SKU0021,Sports,94,2,41,63
2025-01-23,WH_B,Central,SKU0022,Sports,145,3,25,56
2025-01-23,WH_B,Central,SKU0023,Hardware,257,5,44,74
2025-01-23,WH_B,Central,SKU0024,Electronics,43,1,49,51
2025-01-23,WH_B,Central,SKU0025,Office,141,1,40,96
2025-01-23,WH_B,Central,SKU0026,Hardware,288,3,20,115
2025-01-23,WH_B,Central,SKU0027,Electronics,179,3,26,53
2025-01-23,WH_B,Central,SKU0028,Electronics,144,3,45,89
2025-01-23,WH_B,Central,SKU0029,Sports,93,3,31,76
2025-01-23,WH_B,Central,SKU0030,Housewares,170,2,32,91
2025-01-23,WH_B,Central,SKU0031,Sports,50,3,39,49
2025-01-23,WH_B,Central,SKU0032,Sports,172,0,17,71
2025-01-23,WH_B,Central,SKU0033,Housewares,58,5,20,95
2025-01-23,WH_B,Central,SKU0034,Office,196,3,44,78
2025-01-23,WH_B,Central,SKU0035,Hardware,269,3,50,60
2025-01-23,WH_B,Central,SKU0036,Housewares,53,0,40,36
2025-01-23,WH_B,Central,SKU0037,Sports,144,5,26,86
2025-01-23,WH_B,Central,SKU0038,Housewares,34,3,45,52
2025-01-23,WH_B,Central,SKU0039,Office,32,1,44,117
2025-01-23,WH_B,Central,SKU0040,Housewares,78,3,27,86
2025-01-23,WH_B,Central,SKU0041,Sports,96,1,26,33
2025-01-23,WH_B,Central,SKU0042,Electronics,158,3,26,52
2025-01-23,WH_B,Central,SKU0043,Hardware,75,4,28,82
2025-01-23,WH_B,Central,SKU0044,Hardware,93,3,21,84
2025-01-23,WH_B,Central,SKU0045,Electronics,146,1,19,111
2025-01-23,WH_B,Central,SKU0046,Hardware,127,4,30,100
2025-01-23,WH_B,Central,SKU0047,Electronics,221,2,24,60
2025-01-23,WH_B,Central,SKU0048,Hardware,89,3,35,113
2025-01-23,WH_B,Central,SKU0049,Housewares,98,5,30,103
2025-01-23,WH_B,Central,SKU0050,Hardware,222,2,28,70
2025-01-23,WH_B,Central,SKU0051,Hardware,231,3,34,64
2025-01-23,WH_B,Central,SKU0052,Hardware,184,4,22,92
2025-01-23,WH_B,Central,SKU0053,Hardware,266,5,44,93
2025-01-23,WH_B,Central,SKU0054,Office,84,2,25,80
2025-01-23,WH_B,Central,SKU0055,Housewares,82,6,30,32
2025-01-23,WH_B,Central,SKU0056,Housewares,163,2,36,63
2025-01-23,WH_B,Central,SKU0057,Electronics,100,3,46,108
2025-01-23,WH_B,Central,SKU0058,Sports,50,0,26,87
2025-01-23,WH_B,Central,SKU0059,Electronics,248,2,43,30
2025-01-23,WH_B,Central,SKU0060,Hardware,120,1,26,86
2025-01-23,WH_B,Central,SKU0061,Office,32,1,25,37
2025-01-23,WH_B,Central,SKU0062,Housewares,116,2,30,115
2025-01-23,WH_B,Central,SKU0063,Housewares,164,4,44,97
2025-01-23,WH_B,Central,SKU0064,Sports,133,4,22,57
2025-01-23,WH_B,Central,SKU0065,Sports,162,4,35,47
2025-01-23,WH_B,Central,SKU0066,Sports,174,4,50,96
2025-01-23,WH_B,Central,SKU0067,Hardware,131,5,23,49
2025-01-23,WH_B,Central,SKU0068,Electronics,42,4,21,47
2025-01-23,WH_B,Central,SKU0069,Hardware,149,4,40,36
2025-01-23,WH_B,Central,SKU0070,Hardware,213,2,27,52
2025-01-23,WH_B,Central,SKU0071,Hardware,9,3,17,63
2025-01-23,WH_B,Central,SKU0072,Office,154,5,46,107
2025-01-23,WH_B,Central,SKU0073,Office,198,5,44,96
2025-01-23,WH_B,Central,SKU0074,Hardware,196,5,47,102
2025-01-23,WH_B,Central,SKU0075,Sports,153,4,37,117
2025-01-23,WH_B,Central,SKU0076,Hardware,110,3,38,115
2025-01-23,WH_B,Central,SKU0077,Office,145,4,37,53
2025-01-23,WH_B,Central,SKU0078,Housewares,64,2,49,80
2025-01-23,WH_B,Central,SKU0079,Hardware,31,1,17,55
2025-01-23,WH_B,Central,SKU0080,Hardware,40,4,32,68
2025-01-23,WH_B,Central,SKU0081,Housewares,80,3,39,112
2025-01-23,WH_B,Central,SKU0082,Hardware,37,2,35,44
2025-01-23,WH_B,Central,SKU0083,Housewares,130,1,19,74
2025-01-23,WH_B,Central,SKU0084,Office,66,1,28,103
2025-01-23,WH_B,Central,SKU0085,Hardware,54,0,16,49
2025-01-23,WH_B,Central,SKU0086,Hardware,254,0,25,105
2025-01-23,WH_B,Central,SKU0087,Office,109,1,16,41
2025-01-23,WH_B,Central,SKU0088,Housewares,98,2,27,91
2025-01-23,WH_B,Central,SKU0089,Electronics,142,3,47,54
2025-01-23,WH_B,Central,SKU0090,Electronics,29,0,27,30
2025-01-23,WH_B,Central,SKU0091,Electronics,234,1,41,90
2025-01-23,WH_B,Central,SKU0092,Housewares,11,5,28,117
2025-01-23,WH_B,Central,SKU0093,Sports,178,4,46,41
2025-01-23,WH_B,Central,SKU0094,Hardware,238,3,22,48
2025-01-23,WH_B,Central,SKU0095,Electronics,162,3,18,111
2025-01-23,WH_B,Central,SKU0096,Hardware,71,6,24,44
2025-01-23,WH_B,Central,SKU0097,Office,57,5,25,45
2025-01-23,WH_B,Central,SKU0098,Housewares,195,2,44,82
2025-01-23,WH_B,Central,SKU0099,Office,140,4,23,36
2025-01-23,WH_B,Central,SKU0100,Office,62,3,20,44
2025-01-23,WH_C,West,SKU0001,Housewares,39,3,39,81
2025-01-23,WH_C,West,SKU0002,Electronics,82,5,23,53
2025-01-23,WH_C,West,SKU0003,Hardware,51,4,22,109
2025-01-23,WH_C,West,SKU0004,Hardware,46,5,43,47
2025-01-23,WH_C,West,SKU0005,Sports,102,0,48,86
2025-01-23,WH_C,West,SKU0006,Sports,83,1,27,109
2025-01-23,WH_C,West,SKU0007,Office,63,1,17,67
2025-01-23,WH_C,West,SKU0008,Electronics,257,3,27,85
2025-01-23,WH_C,West,SKU0009,Hardware,167,0,36,56
2025-01-23,WH_C,West,SKU0010,Electronics,201,1,15,114
2025-01-23,WH_C,West,SKU0011,Hardware,105,3,44,113
2025-01-23,WH_C,West,SKU0012,Housewares,195,4,34,96
2025-01-23,WH_C,West,SKU0013,Electronics,58,5,24,66
2025-01-23,WH_C,West,SKU0014,Electronics,84,5,21,41
2025-01-23,WH_C,West,SKU0015,Housewares,96,0,16,101
2025-01-23,WH_C,West,SKU0016,Housewares,186,0,40,110
2025-01-23,WH_C,West,SKU0017,Hardware,227,2,23,73
2025-01-23,WH_C,West,SKU0018,Housewares,0,3,35,47
2025-01-23,WH_C,West,SKU0019,Sports,52,0,33,78
2025-01-23,WH_C,West,SKU0020,Electronics,89,3,16,105
2025-01-23,WH_C,West,SKU0021,Sports,66,2,38,74
2025-01-23,WH_C,West,SKU0022,Sports,101,0,19,113
2025-01-23,WH_C,West,SKU0023,Hardware,40,2,28,115
2025-01-23,WH_C,West,SKU0024,Electronics,231,0,37,46
2025-01-23,WH_C,West,SKU0025,Office,183,4,46,32
2025-01-23,WH_C,West,SKU0026,Hardware,65,6,29,88
2025-01-23,WH_C,West,SKU0027,Electronics,83,2,24,65
2025-01-23,WH_C,West,SKU0028,Electronics,99,2,42,75
2025-01-23,WH_C,West,SKU0029,Sports,180,5,35,99
2025-01-23,WH_C,West,SKU0030,Housewares,114,3,39,69
2025-01-23,WH_C,West,SKU0031,Sports,67,4,28,33
2025-01-23,WH_C,West,SKU0032,Sports,101,0,19,49
2025-01-23,WH_C,West,SKU0033,Housewares,30,1,24,91
2025-01-23,WH_C,West,SKU0034,Office,50,6,42,45
2025-01-23,WH_C,West,SKU0035,Hardware,157,6,25,91
2025-01-23,WH_C,West,SKU0036,Housewares,96,3,50,93
2025-01-23,WH_C,West,SKU0037,Sports,115,2,18,51
2025-01-23,WH_C,West,SKU0038,Housewares,170,4,18,86
2025-01-23,WH_C,West,SKU0039,Office,37,3,42,84
2025-01-23,WH_C,West,SKU0040,Housewares,185,3,16,82
2025-01-23,WH_C,West,SKU0041,Sports,61,3,23,46
2025-01-23,WH_C,West,SKU0042,Electronics,121,4,48,113
2025-01-23,WH_C,West,SKU0043,Hardware,72,5,36,70
2025-01-23,WH_C,West,SKU0044,Hardware,129,5,25,117
2025-01-23,WH_C,West,SKU0045,Electronics,246,4,15,58
2025-01-23,WH_C,West,SKU0046,Hardware,298,1,33,34
2025-01-23,WH_C,West,SKU0047,Electronics,134,1,18,45
2025-01-23,WH_C,West,SKU0048,Hardware,25,3,38,81
2025-01-23,WH_C,West,SKU0049,Housewares,154,4,43,77
2025-01-23,WH_C,West,SKU0050,Hardware,169,3,34,109
2025-01-23,WH_C,West,SKU0051,Hardware,43,0,38,86
2025-01-23,WH_C,West,SKU0052,Hardware,230,1,37,77
2025-01-23,WH_C,West,SKU0053,Hardware,134,5,42,52
2025-01-23,WH_C,West,SKU0054,Office,68,3,31,91
2025-01-23,WH_C,West,SKU0055,Housewares,35,4,23,62
2025-01-23,WH_C,West,SKU0056,Housewares,131,0,42,30
2025-01-23,WH_C,West,SKU0057,Electronics,75,1,17,101
2025-01-23,WH_C,West,SKU0058,Sports,31,0,22,95
2025-01-23,WH_C,West,SKU0059,Electronics,80,4,17,56
2025-01-23,WH_C,West,SKU0060,Hardware,36,0,41,100
2025-01-23,WH_C,West,SKU0061,Office,90,1,21,87
2025-01-23,WH_C,West,SKU0062,Housewares,117,7,32,41
2025-01-23,WH_C,West,SKU0063,Housewares,137,4,25,84
2025-01-23,WH_C,West,SKU0064,Sports,157,3,17,99
2025-01-23,WH_C,West,SKU0065,Sports,25,3,48,42
2025-01-23,WH_C,West,SKU0066,Sports,193,2,38,87
2025-01-23,WH_C,West,SKU0067,Hardware,80,0,24,105
2025-01-23,WH_C,West,SKU0068,Electronics,48,4,21,73
2025-01-23,WH_C,West,SKU0069,Hardware,286,5,18,89
2025-01-23,WH_C,West,SKU0070,Hardware,56,0,27,95
2025-01-23,WH_C,West,SKU0071,Hardware,41,1,41,87
2025-01-23,WH_C,West,SKU0072,Office,38,0,30,36
2025-01-23,WH_C,West,SKU0073,Office,133,1,29,72
2025-01-23,WH_C,West,SKU0074,Hardware,32,4,18,66
2025-01-23,WH_C,West,SKU0075,Sports,134,4,48,65
2025-01-23,WH_C,West,SKU0076,Hardware,200,2,34,55
2025-01-23,WH_C,West,SKU0077,Office,117,3,26,44
2025-01-23,WH_C,West,SKU0078,Housewares,199,1,27,33
2025-01-23,WH_C,West,SKU0079,Hardware,50,0,42,53
2025-01-23,WH_C,West,SKU0080,Hardware,159,2,49,97
2025-01-23,WH_C,West,SKU0081,Housewares,212,3,37,87
2025-01-23,WH_C,West,SKU0082,Hardware,177,2,42,106
2025-01-23,WH_C,West,SKU0083,Housewares,84,0,46,33
2025-01-23,WH_C,West,SKU0084,Office,64,0,22,101
2025-01-23,WH_C,West,SKU0085,Hardware,20,3,36,55
2025-01-23,WH_C,West,SKU0086,Hardware,270,0,27,107
2025-01-23,WH_C,West,SKU0087,Office,121,4,25,86
2025-01-23,WH_C,West,SKU0088,Housewares,83,1,42,80
2025-01-23,WH_C,West,SKU0089,Electronics,179,1,24,40
2025-01-23,WH_C,West,SKU0090,Electronics,147,3,19,97
2025-01-23,WH_C,West,SKU0091,Electronics,136,1,23,119
2025-01-23,WH_C,West,SKU0092,Housewares,137,2,16,34
2025-01-23,WH_C,West,SKU0093,Sports,27,5,32,81
2025-01-23,WH_C,West,SKU0094,Hardware,152,1,42,42
2025-01-23,WH_C,West,SKU0095,Electronics,146,2,36,110
2025-01-23,WH_C,West,SKU0096,Hardware,229,3,16,38
2025-01-23,WH_C,West,SKU0097,Office,58,3,18,87
2025-01-23,WH_C,West,SKU0098,Housewares,161,3,46,115
2025-01-23,WH_C,West,SKU0099,Office,134,4,22,62
2025-01-23,WH_C,West,SKU0100,Office,43,0,16,113
2025-01-24,WH_A,East,SKU0001,Housewares,88,0,30,99
2025-01-24,WH_A,East,SKU0002,Electronics,249,2,19,102
2025-01-24,WH_A,East,SKU0003,Hardware,286,2,32,103
2025-01-24,WH_A,East,SKU0004,Hardware,19,1,35,61
2025-01-24,WH_A,East,SKU0005,Sports,205,4,19,70
2025-01-24,WH_A,East,SKU0006,Sports,83,3,17,62
2025-01-24,WH_A,East,SKU0007,Office,178,2,47,34
2025-01-24,WH_A,East,SKU0008,Electronics,235,0,34,112
2025-01-24,WH_A,East,SKU0009,Hardware,243,1,46,80
2025-01-24,WH_A,East,SKU0010,Electronics,249,3,48,93
2025-01-24,WH_A,East,SKU0011,Hardware,259,6,29,112
2025-01-24,WH_A,East,SKU0012,Housewares,35,4,27,89
2025-01-24,WH_A,East,SKU0013,Electronics,259,5,43,117
2025-01-24,WH_A,East,SKU0014,Electronics,81,2,41,78
2025-01-24,WH_A,East,SKU0015,Housewares,176,0,50,67
2025-01-24,WH_A,East,SKU0016,Housewares,50,3,41,78
2025-01-24,WH_A,East,SKU0017,Hardware,63,5,24,57
2025-01-24,WH_A,East,SKU0018,Housewares,131,6,33,36
2025-01-24,WH_A,East,SKU0019,Sports,153,2,45,103
2025-01-24,WH_A,East,SKU0020,Electronics,121,3,30,59
2025-01-24,WH_A,East,SKU0021,Sports,79,3,35,85
2025-01-24,WH_A,East,SKU0022,Sports,67,3,28,118
2025-01-24,WH_A,East,SKU0023,Hardware,229,2,33,104
2025-01-24,WH_A,East,SKU0024,Electronics,230,5,22,108
2025-01-24,WH_A,East,SKU0025,Office,135,5,15,38
2025-01-24,WH_A,East,SKU0026,Hardware,112,2,25,85
2025-01-24,WH_A,East,SKU0027,Electronics,279,1,23,33
2025-01-24,WH_A,East,SKU0028,Electronics,102,3,44,36
2025-01-24,WH_A,East,SKU0029,Sports,141,2,44,99
2025-01-24,WH_A,East,SKU0030,Housewares,64,3,21,41
2025-01-24,WH_A,East,SKU0031,Sports,137,6,18,50
2025-01-24,WH_A,East,SKU0032,Sports,180,3,16,110
2025-01-24,WH_A,East,SKU0033,Housewares,195,6,31,42
2025-01-24,WH_A,East,SKU0034,Office,166,3,20,60
2025-01-24,WH_A,East,SKU0035,Hardware,166,4,47,106
2025-01-24,WH_A,East,SKU0036,Housewares,139,3,43,48
2025-01-24,WH_A,East,SKU0037,Sports,62,2,20,86
2025-01-24,WH_A,East,SKU0038,Housewares,26,2,49,94
2025-01-24,WH_A,East,SKU0039,Office,156,3,33,114
2025-01-24,WH_A,East,SKU0040,Housewares,153,1,16,39
2025-01-24,WH_A,East,SKU0041,Sports,147,1,40,63
2025-01-24,WH_A,East,SKU0042,Electronics,143,6,49,47
2025-01-24,WH_A,East,SKU0043,Hardware,99,0,22,87
2025-01-24,WH_A,East,SKU0044,Hardware,163,1,48,95
2025-01-24,WH_A,East,SKU0045,Electronics,104,2,43,94
2025-01-24,WH_A,East,SKU0046,Hardware,168,4,43,31
2025-01-24,WH_A,East,SKU0047,Electronics,220,2,26,37
2025-01-24,WH_A,East,SKU0048,Hardware,41,4,31,99
2025-01-24,WH_A,East,SKU0049,Housewares,42,0,41,90
2025-01-24,WH_A,East,SKU0050,Hardware,141,0,45,115
2025-01-24,WH_A,East,SKU0051,Hardware,59,2,26,54
2025-01-24,WH_A,East,SKU0052,Hardware,163,1,20,68
2025-01-24,WH_A,East,SKU0053,Hardware,225,0,40,41
2025-01-24,WH_A,East,SKU0054,Office,183,2,20,50
2025-01-24,WH_A,East,SKU0055,Housewares,143,5,46,116
2025-01-24,WH_A,East,SKU0056,Housewares,162,5,32,51
2025-01-24,WH_A,East,SKU0057,Electronics,258,0,42,101
2025-01-24,WH_A,East,SKU0058,Sports,149,2,24,89
2025-01-24,WH_A,East,SKU0059,Electronics,138,0,45,115
2025-01-24,WH_A,East,SKU0060,Hardware,262,7,18,64
2025-01-24,WH_A,East,SKU0061,Office,40,3,37,59
2025-01-24,WH_A,East,SKU0062,Housewares,49,6,31,41
2025-01-24,WH_A,East,SKU0063,Housewares,189,1,42,44
2025-01-24,WH_A,East,SKU0064,Sports,90,0,42,35
2025-01-24,WH_A,East,SKU0065,Sports,159,2,50,112
2025-01-24,WH_A,East,SKU0066,Sports,84,0,26,92
2025-01-24,WH_A,East,SKU0067,Hardware,121,2,50,101
2025-01-24,WH_A,East,SKU0068,Electronics,109,2,36,78
2025-01-24,WH_A,East,SKU0069,Hardware,143,1,21,88
2025-01-24,WH_A,East,SKU0070,Hardware,247,3,40,53
2025-01-24,WH_A,East,SKU0071,Hardware,137,1,17,107
2025-01-24,WH_A,East,SKU0072,Office,97,1,33,108
2025-01-24,WH_A,East,SKU0073,Office,107,3,39,99
2025-01-24,WH_A,East,SKU0074,Hardware,149,4,31,108
2025-01-24,WH_A,East,SKU0075,Sports,156,4,16,64
2025-01-24,WH_A,East,SKU0076,Hardware,182,3,47,69
2025-01-24,WH_A,East,SKU0077,Office,75,6,19,86
2025-01-24,WH_A,East,SKU0078,Housewares,16,3,24,101
2025-01-24,WH_A,East,SKU0079,Hardware,134,4,21,79
2025-01-24,WH_A,East,SKU0080,Hardware,93,3,25,75
2025-01-24,WH_A,East,SKU0081,Housewares,161,3,30,110
2025-01-24,WH_A,East,SKU0082,Hardware,177,3,32,99
2025-01-24,WH_A,East,SKU0083,Housewares,160,2,23,30
2025-01-24,WH_A,East,SKU0084,Office,157,4,29,64
2025-01-24,WH_A,East,SKU0085,Hardware,208,0,40,98
2025-01-24,WH_A,East,SKU0086,Hardware,274,4,47,59
2025-01-24,WH_A,East,SKU0087,Office,178,1,17,85
2025-01-24,WH_A,East,SKU0088,Housewares,57,2,31,80
2025-01-24,WH_A,East,SKU0089,Electronics,207,3,24,97
2025-01-24,WH_A,East,SKU0090,Electronics,183,3,19,84
2025-01-24,WH_A,East,SKU0091,Electronics,48,1,19,41
2025-01-24,WH_A,East,SKU0092,Housewares,100,2,19,57
2025-01-24,WH_A,East,SKU0093,Sports,52,1,30,75
2025-01-24,WH_A,East,SKU0094,Hardware,265,5,25,56
2025-01-24,WH_A,East,SKU0095,Electronics,164,0,21,59
2025-01-24,WH_A,East,SKU0096,Hardware,90,0,45,82
2025-01-24,WH_A,East,SKU0097,Office,25,0,36,53
2025-01-24,WH_A,East,SKU0098,Housewares,80,4,17,62
2025-01-24,WH_A,East,SKU0099,Office,106,2,50,95
2025-01-24,WH_A,East,SKU0100,Office,45,3,40,72
2025-01-24,WH_B,Central,SKU0001,Housewares,196,2,16,51
2025-01-24,WH_B,Central,SKU0002,Electronics,179,4,32,68
2025-01-24,WH_B,Central,SKU0003,Hardware,229,2,24,63
2025-01-24,WH_B,Central,SKU0004,Hardware,70,0,21,84
2025-01-24,WH_B,Central,SKU0005,Sports,92,6,17,54
2025-01-24,WH_B,Central,SKU0006,Sports,192,6,33,65
2025-01-24,WH_B,Central,SKU0007,Office,14,0,41,81
2025-01-24,WH_B,Central,SKU0008,Electronics,46,2,45,91
2025-01-24,WH_B,Central,SKU0009,Hardware,59,3,48,46
2025-01-24,WH_B,Central,SKU0010,Electronics,274,2,31,106
2025-01-24,WH_B,Central,SKU0011,Hardware,216,1,49,110
2025-01-24,WH_B,Central,SKU0012,Housewares,21,5,49,99
2025-01-24,WH_B,Central,SKU0013,Electronics,9,6,40,89
2025-01-24,WH_B,Central,SKU0014,Electronics,221,1,24,42
2025-01-24,WH_B,Central,SKU0015,Housewares,96,5,20,86
2025-01-24,WH_B,Central,SKU0016,Housewares,100,4,41,96
2025-01-24,WH_B,Central,SKU0017,Hardware,75,0,29,71
2025-01-24,WH_B,Central,SKU0018,Housewares,173,1,26,80
2025-01-24,WH_B,Central,SKU0019,Sports,192,2,39,63
2025-01-24,WH_B,Central,SKU0020,Electronics,231,4,42,108
2025-01-24,WH_B,Central,SKU0021,Sports,180,1,49,109
2025-01-24,WH_B,Central,SKU0022,Sports,95,1,40,119
2025-01-24,WH_B,Central,SKU0023,Hardware,250,1,50,86
2025-01-24,WH_B,Central,SKU0024,Electronics,135,2,47,78
2025-01-24,WH_B,Central,SKU0025,Office,157,1,34,118
2025-01-24,WH_B,Central,SKU0026,Hardware,63,1,35,73
2025-01-24,WH_B,Central,SKU0027,Electronics,229,1,31,70
2025-01-24,WH_B,Central,SKU0028,Electronics,262,4,18,44
2025-01-24,WH_B,Central,SKU0029,Sports,66,1,23,106
2025-01-24,WH_B,Central,SKU0030,Housewares,214,0,26,37
2025-01-24,WH_B,Central,SKU0031,Sports,205,1,45,76
2025-01-24,WH_B,Central,SKU0032,Sports,74,1,39,118
2025-01-24,WH_B,Central,SKU0033,Housewares,30,4,37,44
2025-01-24,WH_B,Central,SKU0034,Office,44,1,45,40
2025-01-24,WH_B,Central,SKU0035,Hardware,169,1,18,59
2025-01-24,WH_B,Central,SKU0036,Housewares,170,2,49,101
2025-01-24,WH_B,Central,SKU0037,Sports,111,3,28,83
2025-01-24,WH_B,Central,SKU0038,Housewares,122,1,30,82
2025-01-24,WH_B,Central,SKU0039,Office,180,4,23,42
2025-01-24,WH_B,Central,SKU0040,Housewares,145,4,31,71
2025-01-24,WH_B,Central,SKU0041,Sports,107,6,18,78
2025-01-24,WH_B,Central,SKU0042,Electronics,205,1,15,36
2025-01-24,WH_B,Central,SKU0043,Hardware,30,1,34,47
2025-01-24,WH_B,Central,SKU0044,Hardware,148,0,48,104
2025-01-24,WH_B,Central,SKU0045,Electronics,110,1,26,36
2025-01-24,WH_B,Central,SKU0046,Hardware,132,2,39,78
2025-01-24,WH_B,Central,SKU0047,Electronics,256,2,32,101
2025-01-24,WH_B,Central,SKU0048,Hardware,246,1,42,85
2025-01-24,WH_B,Central,SKU0049,Housewares,153,4,41,36
2025-01-24,WH_B,Central,SKU0050,Hardware,143,3,42,63
2025-01-24,WH_B,Central,SKU0051,Hardware,63,2,15,69
2025-01-24,WH_B,Central,SKU0052,Hardware,150,2,42,76
2025-01-24,WH_B,Central,SKU0053,Hardware,195,7,43,73
2025-01-24,WH_B,Central,SKU0054,Office,175,3,16,103
2025-01-24,WH_B,Central,SKU0055,Housewares,146,0,34,70
2025-01-24,WH_B,Central,SKU0056,Housewares,68,2,27,94
2025-01-24,WH_B,Central,SKU0057,Electronics,242,2,16,84
2025-01-24,WH_B,Central,SKU0058,Sports,27,3,30,77
2025-01-24,WH_B,Central,SKU0059,Electronics,125,6,40,78
2025-01-24,WH_B,Central,SKU0060,Hardware,66,1,26,83
2025-01-24,WH_B,Central,SKU0061,Office,79,2,33,36
2025-01-24,WH_B,Central,SKU0062,Housewares,56,1,40,110
2025-01-24,WH_B,Central,SKU0063,Housewares,126,2,37,59
2025-01-24,WH_B,Central,SKU0064,Sports,34,0,15,118
2025-01-24,WH_B,Central,SKU0065,Sports,194,0,42,50
2025-01-24,WH_B,Central,SKU0066,Sports,73,4,22,52
2025-01-24,WH_B,Central,SKU0067,Hardware,94,0,33,53
2025-01-24,WH_B,Central,SKU0068,Electronics,190,4,42,91
2025-01-24,WH_B,Central,SKU0069,Hardware,280,1,45,69
2025-01-24,WH_B,Central,SKU0070,Hardware,146,3,23,70
2025-01-24,WH_B,Central,SKU0071,Hardware,244,1,19,79
2025-01-24,WH_B,Central,SKU0072,Office,34,2,21,40
2025-01-24,WH_B,Central,SKU0073,Office,51,0,32,120
2025-01-24,WH_B,Central,SKU0074,Hardware,51,7,20,77
2025-01-24,WH_B,Central,SKU0075,Sports,155,3,31,98
2025-01-24,WH_B,Central,SKU0076,Hardware,210,2,39,37
2025-01-24,WH_B,Central,SKU0077,Office,32,2,49,31
2025-01-24,WH_B,Central,SKU0078,Housewares,52,2,45,105
2025-01-24,WH_B,Central,SKU0079,Hardware,232,4,40,91
2025-01-24,WH_B,Central,SKU0080,Hardware,216,1,50,46
2025-01-24,WH_B,Central,SKU0081,Housewares,80,2,20,52
2025-01-24,WH_B,Central,SKU0082,Hardware,234,6,37,86
2025-01-24,WH_B,Central,SKU0083,Housewares,12,3,32,87
2025-01-24,WH_B,Central,SKU0084,Office,58,4,41,63
2025-01-24,WH_B,Central,SKU0085,Hardware,82,7,42,39
2025-01-24,WH_B,Central,SKU0086,Hardware,66,5,22,51
2025-01-24,WH_B,Central,SKU0087,Office,45,6,28,97
2025-01-24,WH_B,Central,SKU0088,Housewares,68,1,29,91
2025-01-24,WH_B,Central,SKU0089,Electronics,164,0,29,85
2025-01-24,WH_B,Central,SKU0090,Electronics,135,2,39,98
2025-01-24,WH_B,Central,SKU0091,Electronics,46,6,44,100
2025-01-24,WH_B,Central,SKU0092,Housewares,107,1,25,77
2025-01-24,WH_B,Central,SKU0093,Sports,90,3,47,52
2025-01-24,WH_B,Central,SKU0094,Hardware,143,2,23,45
2025-01-24,WH_B,Central,SKU0095,Electronics,247,1,50,118
2025-01-24,WH_B,Central,SKU0096,Hardware,124,3,47,71
2025-01-24,WH_B,Central,SKU0097,Office,80,5,38,64
2025-01-24,WH_B,Central,SKU0098,Housewares,20,2,17,116
2025-01-24,WH_B,Central,SKU0099,Office,130,2,31,69
2025-01-24,WH_B,Central,SKU0100,Office,188,2,38,66
2025-01-24,WH_C,West,SKU0001,Housewares,172,3,44,73
2025-01-24,WH_C,West,SKU0002,Electronics,66,3,27,39
2025-01-24,WH_C,West,SKU0003,Hardware,80,2,23,54
2025-01-24,WH_C,West,SKU0004,Hardware,70,2,43,66
2025-01-24,WH_C,West,SKU0005,Sports,148,4,46,117
2025-01-24,WH_C,West,SKU0006,Sports,176,6,20,87
2025-01-24,WH_C,West,SKU0007,Office,143,2,40,56
2025-01-24,WH_C,West,SKU0008,Electronics,121,2,33,112
2025-01-24,WH_C,West,SKU0009,Hardware,257,2,25,92
2025-01-24,WH_C,West,SKU0010,Electronics,95,5,16,54
2025-01-24,WH_C,West,SKU0011,Hardware,234,4,49,78
2025-01-24,WH_C,West,SKU0012,Housewares,204,4,25,39
2025-01-24,WH_C,West,SKU0013,Electronics,186,6,37,31
2025-01-24,WH_C,West,SKU0014,Electronics,279,2,49,37
2025-01-24,WH_C,West,SKU0015,Housewares,33,4,39,61
2025-01-24,WH_C,West,SKU0016,Housewares,35,2,31,72
2025-01-24,WH_C,West,SKU0017,Hardware,242,3,27,34
2025-01-24,WH_C,West,SKU0018,Housewares,123,4,29,71
2025-01-24,WH_C,West,SKU0019,Sports,162,2,47,48
2025-01-24,WH_C,West,SKU0020,Electronics,133,3,29,72
2025-01-24,WH_C,West,SKU0021,Sports,73,2,34,31
2025-01-24,WH_C,West,SKU0022,Sports,11,2,21,95
2025-01-24,WH_C,West,SKU0023,Hardware,58,3,40,86
2025-01-24,WH_C,West,SKU0024,Electronics,212,2,47,66
2025-01-24,WH_C,West,SKU0025,Office,155,4,19,84
2025-01-24,WH_C,West,SKU0026,Hardware,174,3,26,65
2025-01-24,WH_C,West,SKU0027,Electronics,108,4,31,115
2025-01-24,WH_C,West,SKU0028,Electronics,175,2,31,63
2025-01-24,WH_C,West,SKU0029,Sports,137,5,18,98
2025-01-24,WH_C,West,SKU0030,Housewares,83,3,49,76
2025-01-24,WH_C,West,SKU0031,Sports,189,2,19,90
2025-01-24,WH_C,West,SKU0032,Sports,178,4,28,87
2025-01-24,WH_C,West,SKU0033,Housewares,203,2,50,43
2025-01-24,WH_C,West,SKU0034,Office,28,4,35,60
2025-01-24,WH_C,West,SKU0035,Hardware,261,1,22,48
2025-01-24,WH_C,West,SKU0036,Housewares,155,4,44,94
2025-01-24,WH_C,West,SKU0037,Sports,137,0,31,98
2025-01-24,WH_C,West,SKU0038,Housewares,133,4,42,105
2025-01-24,WH_C,West,SKU0039,Office,161,0,47,49
2025-01-24,WH_C,West,SKU0040,Housewares,203,3,18,69
2025-01-24,WH_C,West,SKU0041,Sports,84,5,45,104
2025-01-24,WH_C,West,SKU0042,Electronics,280,2,23,91
2025-01-24,WH_C,West,SKU0043,Hardware,60,0,32,87
2025-01-24,WH_C,West,SKU0044,Hardware,277,3,23,62
2025-01-24,WH_C,West,SKU0045,Electronics,160,5,29,34
2025-01-24,WH_C,West,SKU0046,Hardware,44,1,49,78
2025-01-24,WH_C,West,SKU0047,Electronics,109,2,26,64
2025-01-24,WH_C,West,SKU0048,Hardware,74,3,28,101
2025-01-24,WH_C,West,SKU0049,Housewares,182,1,29,105
2025-01-24,WH_C,West,SKU0050,Hardware,205,7,25,96
2025-01-24,WH_C,West,SKU0051,Hardware,113,1,30,102
2025-01-24,WH_C,West,SKU0052,Hardware,79,0,24,44
2025-01-24,WH_C,West,SKU0053,Hardware,255,1,50,93
2025-01-24,WH_C,West,SKU0054,Office,15,2,40,50
2025-01-24,WH_C,West,SKU0055,Housewares,156,3,28,52
2025-01-24,WH_C,West,SKU0056,Housewares,152,1,47,36
2025-01-24,WH_C,West,SKU0057,Electronics,230,2,50,57
2025-01-24,WH_C,West,SKU0058,Sports,70,2,24,45
2025-01-24,WH_C,West,SKU0059,Electronics,51,4,22,31
2025-01-24,WH_C,West,SKU0060,Hardware,99,5,29,52
2025-01-24,WH_C,West,SKU0061,Office,8,2,16,38
2025-01-24,WH_C,West,SKU0062,Housewares,214,2,48,79
2025-01-24,WH_C,West,SKU0063,Housewares,109,2,42,78
2025-01-24,WH_C,West,SKU0064,Sports,50,0,17,33
2025-01-24,WH_C,West,SKU0065,Sports,163,1,50,116
2025-01-24,WH_C,West,SKU0066,Sports,146,2,39,45
2025-01-24,WH_C,West,SKU0067,Hardware,17,0,50,40
2025-01-24,WH_C,West,SKU0068,Electronics,123,5,27,77
2025-01-24,WH_C,West,SKU0069,Hardware,163,1,20,66
2025-01-24,WH_C,West,SKU0070,Hardware,39,5,30,100
2025-01-24,WH_C,West,SKU0071,Hardware,146,5,35,113
2025-01-24,WH_C,West,SKU0072,Office,86,3,20,105
2025-01-24,WH_C,West,SKU0073,Office,137,2,18,91
2025-01-24,WH_C,West,SKU0074,Hardware,119,0,41,100
2025-01-24,WH_C,West,SKU0075,Sports,194,1,23,54
2025-01-24,WH_C,West,SKU0076,Hardware,151,4,34,82
2025-01-24,WH_C,West,SKU0077,Office,175,4,35,116
2025-01-24,WH_C,West,SKU0078,Housewares,38,6,17,30
2025-01-24,WH_C,West,SKU0079,Hardware,98,3,16,88
2025-01-24,WH_C,West,SKU0080,Hardware,165,1,26,30
2025-01-24,WH_C,West,SKU0081,Housewares,118,3,32,72
2025-01-24,WH_C,West,SKU0082,Hardware,230,0,39,86
2025-01-24,WH_C,West,SKU0083,Housewares,26,5,36,32
2025-01-24,WH_C,West,SKU0084,Office,189,2,17,85
2025-01-24,WH_C,West,SKU0085,Hardware,196,0,39,84
2025-01-24,WH_C,West,SKU0086,Hardware,115,1,20,39
2025-01-24,WH_C,West,SKU0087,Office,39,6,40,77
2025-01-24,WH_C,West,SKU0088,Housewares,103,4,20,120
2025-01-24,WH_C,West,SKU0089,Electronics,54,6,29,66
2025-01-24,WH_C,West,SKU0090,Electronics,30,4,43,99
2025-01-24,WH_C,West,SKU0091,Electronics,141,2,21,81
2025-01-24,WH_C,West,SKU0092,Housewares,193,4,32,109
2025-01-24,WH_C,West,SKU0093,Sports,154,3,17,96
2025-01-24,WH_C,West,SKU0094,Hardware,239,1,15,77
2025-01-24,WH_C,West,SKU0095,Electronics,229,1,27,85
2025-01-24,WH_C,West,SKU0096,Hardware,166,5,50,55
2025-01-24,WH_C,West,SKU0097,Office,89,3,50,48
2025-01-24,WH_C,West,SKU0098,Housewares,118,1,49,102
2025-01-24,WH_C,West,SKU0099,Office,178,0,40,50
2025-01-24,WH_C,West,SKU0100,Office,121,3,44,31
2025-01-25,WH_A,East,SKU0001,Housewares,154,0,29,99
2025-01-25,WH_A,East,SKU0002,Electronics,190,4,50,101
2025-01-25,WH_A,East,SKU0003,Hardware,207,4,22,90
2025-01-25,WH_A,East,SKU0004,Hardware,220,0,46,108
2025-01-25,WH_A,East,SKU0005,Sports,29,5,38,33
2025-01-25,WH_A,East,SKU0006,Sports,117,1,42,53
2025-01-25,WH_A,East,SKU0007,Office,103,1,44,39
2025-01-25,WH_A,East,SKU0008,Electronics,226,1,44,78
2025-01-25,WH_A,East,SKU0009,Hardware,17,5,30,46
2025-01-25,WH_A,East,SKU0010,Electronics,44,0,20,46
2025-01-25,WH_A,East,SKU0011,Hardware,183,1,37,88
2025-01-25,WH_A,East,SKU0012,Housewares,178,2,48,103
2025-01-25,WH_A,East,SKU0013,Electronics,223,7,26,78
2025-01-25,WH_A,East,SKU0014,Electronics,27,1,34,40
2025-01-25,WH_A,East,SKU0015,Housewares,153,5,15,103
2025-01-25,WH_A,East,SKU0016,Housewares,97,1,23,39
2025-01-25,WH_A,East,SKU0017,Hardware,207,3,38,72
2025-01-25,WH_A,East,SKU0018,Housewares,151,7,35,45
2025-01-25,WH_A,East,SKU0019,Sports,139,1,46,88
2025-01-25,WH_A,East,SKU0020,Electronics,128,0,20,115
2025-01-25,WH_A,East,SKU0021,Sports,67,4,46,67
2025-01-25,WH_A,East,SKU0022,Sports,129,5,26,39
2025-01-25,WH_A,East,SKU0023,Hardware,57,1,49,116
2025-01-25,WH_A,East,SKU0024,Electronics,258,1,50,48
2025-01-25,WH_A,East,SKU0025,Office,92,5,20,107
2025-01-25,WH_A,East,SKU0026,Hardware,237,3,40,47
2025-01-25,WH_A,East,SKU0027,Electronics,182,4,32,52
2025-01-25,WH_A,East,SKU0028,Electronics,78,0,24,107
2025-01-25,WH_A,East,SKU0029,Sports,146,4,36,95
2025-01-25,WH_A,East,SKU0030,Housewares,174,1,19,87
2025-01-25,WH_A,East,SKU0031,Sports,21,3,31,76
2025-01-25,WH_A,East,SKU0032,Sports,89,2,23,43
2025-01-25,WH_A,East,SKU0033,Housewares,179,1,37,117
2025-01-25,WH_A,East,SKU0034,Office,112,3,38,92
2025-01-25,WH_A,East,SKU0035,Hardware,25,2,35,85
2025-01-25,WH_A,East,SKU0036,Housewares,158,2,23,30
2025-01-25,WH_A,East,SKU0037,Sports,152,2,24,46
2025-01-25,WH_A,East,SKU0038,Housewares,104,3,46,30
2025-01-25,WH_A,East,SKU0039,Office,174,0,16,36
2025-01-25,WH_A,East,SKU0040,Housewares,28,4,40,58
2025-01-25,WH_A,East,SKU0041,Sports,191,0,36,82
2025-01-25,WH_A,East,SKU0042,Electronics,114,3,18,88
2025-01-25,WH_A,East,SKU0043,Hardware,91,1,28,47
2025-01-25,WH_A,East,SKU0044,Hardware,127,6,45,52
2025-01-25,WH_A,East,SKU0045,Electronics,197,0,25,101
2025-01-25,WH_A,East,SKU0046,Hardware,250,2,35,65
2025-01-25,WH_A,East,SKU0047,Electronics,22,4,18,41
2025-01-25,WH_A,East,SKU0048,Hardware,209,0,48,113
2025-01-25,WH_A,East,SKU0049,Housewares,145,7,26,50
2025-01-25,WH_A,East,SKU0050,Hardware,280,4,31,87
2025-01-25,WH_A,East,SKU0051,Hardware,125,3,20,47
2025-01-25,WH_A,East,SKU0052,Hardware,185,4,19,79
2025-01-25,WH_A,East,SKU0053,Hardware,226,2,38,30
2025-01-25,WH_A,East,SKU0054,Office,144,1,19,37
2025-01-25,WH_A,East,SKU0055,Housewares,109,0,50,112
2025-01-25,WH_A,East,SKU0056,Housewares,190,2,18,41
2025-01-25,WH_A,East,SKU0057,Electronics,59,1,38,30
2025-01-25,WH_A,East,SKU0058,Sports,174,3,26,89
2025-01-25,WH_A,East,SKU0059,Electronics,75,2,20,70
2025-01-25,WH_A,East,SKU0060,Hardware,107,4,42,40
2025-01-25,WH_A,East,SKU0061,Office,36,3,38,59
2025-01-25,WH_A,East,SKU0062,Housewares,135,5,18,102
2025-01-25,WH_A,East,SKU0063,Housewares,66,5,27,35
2025-01-25,WH_A,East,SKU0064,Sports,28,4,44,39
2025-01-25,WH_A,East,SKU0065,Sports,143,1,35,117
2025-01-25,WH_A,East,SKU0066,Sports,19,3,15,91
2025-01-25,WH_A,East,SKU0067,Hardware,127,4,20,94
2025-01-25,WH_A,East,SKU0068,Electronics,230,0,34,101
2025-01-25,WH_A,East,SKU0069,Hardware,146,1,33,59
2025-01-25,WH_A,East,SKU0070,Hardware,244,0,24,102
2025-01-25,WH_A,East,SKU0071,Hardware,217,5,44,82
2025-01-25,WH_A,East,SKU0072,Office,171,3,50,103
2025-01-25,WH_A,East,SKU0073,Office,85,0,41,74
2025-01-25,WH_A,East,SKU0074,Hardware,79,2,31,65
2025-01-25,WH_A,East,SKU0075,Sports,145,2,22,82
2025-01-25,WH_A,East,SKU0076,Hardware,50,3,47,48
2025-01-25,WH_A,East,SKU0077,Office,157,4,27,69
2025-01-25,WH_A,East,SKU0078,Housewares,151,0,20,57
2025-01-25,WH_A,East,SKU0079,Hardware,36,5,17,63
2025-01-25,WH_A,East,SKU0080,Hardware,137,2,17,49
2025-01-25,WH_A,East,SKU0081,Housewares,123,0,50,114
2025-01-25,WH_A,East,SKU0082,Hardware,261,2,40,58
2025-01-25,WH_A,East,SKU0083,Housewares,183,2,26,38
2025-01-25,WH_A,East,SKU0084,Office,131,3,33,57
2025-01-25,WH_A,East,SKU0085,Hardware,150,0,43,62
2025-01-25,WH_A,East,SKU0086,Hardware,213,0,30,73
2025-01-25,WH_A,East,SKU0087,Office,60,0,41,97
2025-01-25,WH_A,East,SKU0088,Housewares,30,3,40,64
2025-01-25,WH_A,East,SKU0089,Electronics,220,3,42,34
2025-01-25,WH_A,East,SKU0090,Electronics,187,0,43,54
2025-01-25,WH_A,East,SKU0091,Electronics,237,0,50,58
2025-01-25,WH_A,East,SKU0092,Housewares,86,2,34,99
2025-01-25,WH_A,East,SKU0093,Sports,138,3,27,100
2025-01-25,WH_A,East,SKU0094,Hardware,147,2,26,70
2025-01-25,WH_A,East,SKU0095,Electronics,99,3,39,110
2025-01-25,WH_A,East,SKU0096,Hardware,121,1,40,47
2025-01-25,WH_A,East,SKU0097,Office,170,3,18,72
2025-01-25,WH_A,East,SKU0098,Housewares,86,0,18,87
2025-01-25,WH_A,East,SKU0099,Office,134,4,32,120
2025-01-25,WH_A,East,SKU0100,Office,15,3,40,76
2025-01-25,WH_B,Central,SKU0001,Housewares,147,6,36,75
2025-01-25,WH_B,Central,SKU0002,Electronics,59,4,38,80
2025-01-25,WH_B,Central,SKU0003,Hardware,62,7,28,102
2025-01-25,WH_B,Central,SKU0004,Hardware,86,1,15,106
2025-01-25,WH_B,Central,SKU0005,Sports,25,6,49,72
2025-01-25,WH_B,Central,SKU0006,Sports,125,3,21,35
2025-01-25,WH_B,Central,SKU0007,Office,155,3,34,33
2025-01-25,WH_B,Central,SKU0008,Electronics,255,5,21,59
2025-01-25,WH_B,Central,SKU0009,Hardware,56,6,20,42
2025-01-25,WH_B,Central,SKU0010,Electronics,206,4,47,79
2025-01-25,WH_B,Central,SKU0011,Hardware,79,7,16,48
2025-01-25,WH_B,Central,SKU0012,Housewares,102,1,33,120
2025-01-25,WH_B,Central,SKU0013,Electronics,167,7,39,36
2025-01-25,WH_B,Central,SKU0014,Electronics,268,5,26,51
2025-01-25,WH_B,Central,SKU0015,Housewares,174,6,16,81
2025-01-25,WH_B,Central,SKU0016,Housewares,170,0,38,59
2025-01-25,WH_B,Central,SKU0017,Hardware,137,1,32,119
2025-01-25,WH_B,Central,SKU0018,Housewares,46,2,26,30
2025-01-25,WH_B,Central,SKU0019,Sports,47,2,23,53
2025-01-25,WH_B,Central,SKU0020,Electronics,178,1,35,102
2025-01-25,WH_B,Central,SKU0021,Sports,131,3,18,31
2025-01-25,WH_B,Central,SKU0022,Sports,40,1,41,119
2025-01-25,WH_B,Central,SKU0023,Hardware,45,6,20,70
2025-01-25,WH_B,Central,SKU0024,Electronics,77,1,36,57
2025-01-25,WH_B,Central,SKU0025,Office,90,2,37,113
2025-01-25,WH_B,Central,SKU0026,Hardware,285,0,31,86
2025-01-25,WH_B,Central,SKU0027,Electronics,230,0,36,34
2025-01-25,WH_B,Central,SKU0028,Electronics,152,7,33,35
2025-01-25,WH_B,Central,SKU0029,Sports,148,1,21,86
2025-01-25,WH_B,Central,SKU0030,Housewares,204,3,27,46
2025-01-25,WH_B,Central,SKU0031,Sports,144,5,50,36
2025-01-25,WH_B,Central,SKU0032,Sports,107,1,38,112
2025-01-25,WH_B,Central,SKU0033,Housewares,35,4,29,115
2025-01-25,WH_B,Central,SKU0034,Office,37,7,18,31
2025-01-25,WH_B,Central,SKU0035,Hardware,163,1,33,116
2025-01-25,WH_B,Central,SKU0036,Housewares,183,1,28,68
2025-01-25,WH_B,Central,SKU0037,Sports,27,1,28,118
2025-01-25,WH_B,Central,SKU0038,Housewares,163,6,22,30
2025-01-25,WH_B,Central,SKU0039,Office,86,1,37,46
2025-01-25,WH_B,Central,SKU0040,Housewares,39,0,28,84
2025-01-25,WH_B,Central,SKU0041,Sports,24,4,47,108
2025-01-25,WH_B,Central,SKU0042,Electronics,286,5,33,38
2025-01-25,WH_B,Central,SKU0043,Hardware,45,4,49,68
2025-01-25,WH_B,Central,SKU0044,Hardware,247,1,21,58
2025-01-25,WH_B,Central,SKU0045,Electronics,273,1,36,108
2025-01-25,WH_B,Central,SKU0046,Hardware,250,3,26,99
2025-01-25,WH_B,Central,SKU0047,Electronics,144,4,37,61
2025-01-25,WH_B,Central,SKU0048,Hardware,166,0,36,48
2025-01-25,WH_B,Central,SKU0049,Housewares,33,1,38,79
2025-01-25,WH_B,Central,SKU0050,Hardware,64,0,17,37
2025-01-25,WH_B,Central,SKU0051,Hardware,170,3,46,102
2025-01-25,WH_B,Central,SKU0052,Hardware,234,4,15,112
2025-01-25,WH_B,Central,SKU0053,Hardware,18,6,40,103
2025-01-25,WH_B,Central,SKU0054,Office,134,5,50,37
2025-01-25,WH_B,Central,SKU0055,Housewares,46,2,49,79
2025-01-25,WH_B,Central,SKU0056,Housewares,119,1,45,63
2025-01-25,WH_B,Central,SKU0057,Electronics,59,5,30,91
2025-01-25,WH_B,Central,SKU0058,Sports,141,0,32,118
2025-01-25,WH_B,Central,SKU0059,Electronics,269,2,23,57
2025-01-25,WH_B,Central,SKU0060,Hardware,262,4,27,102
2025-01-25,WH_B,Central,SKU0061,Office,101,4,34,104
2025-01-25,WH_B,Central,SKU0062,Housewares,202,0,38,58
2025-01-25,WH_B,Central,SKU0063,Housewares,21,7,15,80
2025-01-25,WH_B,Central,SKU0064,Sports,148,3,44,78
2025-01-25,WH_B,Central,SKU0065,Sports,63,3,36,71
2025-01-25,WH_B,Central,SKU0066,Sports,0,2,28,50
2025-01-25,WH_B,Central,SKU0067,Hardware,254,5,37,31
2025-01-25,WH_B,Central,SKU0068,Electronics,53,0,46,57
2025-01-25,WH_B,Central,SKU0069,Hardware,168,1,35,62
2025-01-25,WH_B,Central,SKU0070,Hardware,62,1,40,53
2025-01-25,WH_B,Central,SKU0071,Hardware,135,5,21,88
2025-01-25,WH_B,Central,SKU0072,Office,161,4,31,53
2025-01-25,WH_B,Central,SKU0073,Office,173,3,18,110
2025-01-25,WH_B,Central,SKU0074,Hardware,100,0,24,58
2025-01-25,WH_B,Central,SKU0075,Sports,77,0,34,72
2025-01-25,WH_B,Central,SKU0076,Hardware,73,2,19,31
2025-01-25,WH_B,Central,SKU0077,Office,28,0,17,112
2025-01-25,WH_B,Central,SKU0078,Housewares,137,4,17,75
2025-01-25,WH_B,Central,SKU0079,Hardware,120,1,15,111
2025-01-25,WH_B,Central,SKU0080,Hardware,213,3,50,82
2025-01-25,WH_B,Central,SKU0081,Housewares,143,3,31,61
2025-01-25,WH_B,Central,SKU0082,Hardware,10,2,24,44
2025-01-25,WH_B,Central,SKU0083,Housewares,59,3,39,80
2025-01-25,WH_B,Central,SKU0084,Office,134,6,29,47
2025-01-25,WH_B,Central,SKU0085,Hardware,224,1,15,66
2025-01-25,WH_B,Central,SKU0086,Hardware,266,4,36,88
2025-01-25,WH_B,Central,SKU0087,Office,113,1,50,99
2025-01-25,WH_B,Central,SKU0088,Housewares,144,2,35,102
2025-01-25,WH_B,Central,SKU0089,Electronics,105,0,20,51
2025-01-25,WH_B,Central,SKU0090,Electronics,238,2,42,69
2025-01-25,WH_B,Central,SKU0091,Electronics,97,1,40,35
2025-01-25,WH_B,Central,SKU0092,Housewares,78,4,30,83
2025-01-25,WH_B,Central,SKU0093,Sports,196,4,26,31
2025-01-25,WH_B,Central,SKU0094,Hardware,277,2,24,88
2025-01-25,WH_B,Central,SKU0095,Electronics,156,3,37,96
2025-01-25,WH_B,Central,SKU0096,Hardware,96,2,19,62
2025-01-25,WH_B,Central,SKU0097,Office,138,0,44,33
2025-01-25,WH_B,Central,SKU0098,Housewares,203,3,23,30
2025-01-25,WH_B,Central,SKU0099,Office,143,3,22,41
2025-01-25,WH_B,Central,SKU0100,Office,90,2,25,58
2025-01-25,WH_C,West,SKU0001,Housewares,158,4,15,53
2025-01-25,WH_C,West,SKU0002,Electronics,74,3,42,119
2025-01-25,WH_C,West,SKU0003,Hardware,93,1,21,112
2025-01-25,WH_C,West,SKU0004,Hardware,245,1,25,38
2025-01-25,WH_C,West,SKU0005,Sports,102,2,48,45
2025-01-25,WH_C,West,SKU0006,Sports,145,4,46,30
2025-01-25,WH_C,West,SKU0007,Office,187,1,38,102
2025-01-25,WH_C,West,SKU0008,Electronics,79,4,42,43
2025-01-25,WH_C,West,SKU0009,Hardware,48,1,47,85
2025-01-25,WH_C,West,SKU0010,Electronics,106,3,49,77
2025-01-25,WH_C,West,SKU0011,Hardware,132,5,50,100
2025-01-25,WH_C,West,SKU0012,Housewares,48,3,35,102
2025-01-25,WH_C,West,SKU0013,Electronics,206,3,45,51
2025-01-25,WH_C,West,SKU0014,Electronics,284,6,21,78
2025-01-25,WH_C,West,SKU0015,Housewares,173,1,48,35
2025-01-25,WH_C,West,SKU0016,Housewares,38,1,36,60
2025-01-25,WH_C,West,SKU0017,Hardware,203,3,49,119
2025-01-25,WH_C,West,SKU0018,Housewares,160,2,28,38
2025-01-25,WH_C,West,SKU0019,Sports,162,2,39,107
2025-01-25,WH_C,West,SKU0020,Electronics,85,4,47,104
2025-01-25,WH_C,West,SKU0021,Sports,141,3,26,95
2025-01-25,WH_C,West,SKU0022,Sports,103,3,36,69
2025-01-25,WH_C,West,SKU0023,Hardware,48,1,21,95
2025-01-25,WH_C,West,SKU0024,Electronics,83,3,25,91
2025-01-25,WH_C,West,SKU0025,Office,73,3,15,36
2025-01-25,WH_C,West,SKU0026,Hardware,72,0,50,57
2025-01-25,WH_C,West,SKU0027,Electronics,255,1,33,98
2025-01-25,WH_C,West,SKU0028,Electronics,77,3,29,47
2025-01-25,WH_C,West,SKU0029,Sports,187,2,24,37
2025-01-25,WH_C,West,SKU0030,Housewares,75,2,20,65
2025-01-25,WH_C,West,SKU0031,Sports,85,2,46,65
2025-01-25,WH_C,West,SKU0032,Sports,183,2,28,46
2025-01-25,WH_C,West,SKU0033,Housewares,163,2,22,38
2025-01-25,WH_C,West,SKU0034,Office,137,6,38,103
2025-01-25,WH_C,West,SKU0035,Hardware,252,4,27,119
2025-01-25,WH_C,West,SKU0036,Housewares,25,4,23,110
2025-01-25,WH_C,West,SKU0037,Sports,23,4,23,34
2025-01-25,WH_C,West,SKU0038,Housewares,188,2,28,36
2025-01-25,WH_C,West,SKU0039,Office,98,3,24,58
2025-01-25,WH_C,West,SKU0040,Housewares,51,2,23,86
2025-01-25,WH_C,West,SKU0041,Sports,148,4,37,46
2025-01-25,WH_C,West,SKU0042,Electronics,286,3,21,61
2025-01-25,WH_C,West,SKU0043,Hardware,166,5,27,35
2025-01-25,WH_C,West,SKU0044,Hardware,72,0,47,41
2025-01-25,WH_C,West,SKU0045,Electronics,189,1,36,36
2025-01-25,WH_C,West,SKU0046,Hardware,166,0,31,80
2025-01-25,WH_C,West,SKU0047,Electronics,103,0,15,117
2025-01-25,WH_C,West,SKU0048,Hardware,40,4,37,106
2025-01-25,WH_C,West,SKU0049,Housewares,86,1,43,88
2025-01-25,WH_C,West,SKU0050,Hardware,190,1,37,80
2025-01-25,WH_C,West,SKU0051,Hardware,231,3,21,108
2025-01-25,WH_C,West,SKU0052,Hardware,214,2,29,46
2025-01-25,WH_C,West,SKU0053,Hardware,38,5,16,113
2025-01-25,WH_C,West,SKU0054,Office,66,4,20,83
2025-01-25,WH_C,West,SKU0055,Housewares,206,1,19,90
2025-01-25,WH_C,West,SKU0056,Housewares,92,0,39,107
2025-01-25,WH_C,West,SKU0057,Electronics,73,2,25,104
2025-01-25,WH_C,West,SKU0058,Sports,165,0,28,45
2025-01-25,WH_C,West,SKU0059,Electronics,47,6,31,61
2025-01-25,WH_C,West,SKU0060,Hardware,220,0,32,38
2025-01-25,WH_C,West,SKU0061,Office,176,0,39,80
2025-01-25,WH_C,West,SKU0062,Housewares,60,4,24,102
2025-01-25,WH_C,West,SKU0063,Housewares,39,2,27,45
2025-01-25,WH_C,West,SKU0064,Sports,132,4,46,31
2025-01-25,WH_C,West,SKU0065,Sports,131,3,18,76
2025-01-25,WH_C,West,SKU0066,Sports,147,0,50,77
2025-01-25,WH_C,West,SKU0067,Hardware,175,6,40,88
2025-01-25,WH_C,West,SKU0068,Electronics,53,1,39,59
2025-01-25,WH_C,West,SKU0069,Hardware,280,2,40,49
2025-01-25,WH_C,West,SKU0070,Hardware,49,2,47,80
2025-01-25,WH_C,West,SKU0071,Hardware,154,3,38,37
2025-01-25,WH_C,West,SKU0072,Office,89,0,33,62
2025-01-25,WH_C,West,SKU0073,Office,95,6,17,86
2025-01-25,WH_C,West,SKU0074,Hardware,182,2,40,55
2025-01-25,WH_C,West,SKU0075,Sports,202,2,34,107
2025-01-25,WH_C,West,SKU0076,Hardware,113,2,29,102
2025-01-25,WH_C,West,SKU0077,Office,133,1,37,31
2025-01-25,WH_C,West,SKU0078,Housewares,102,3,39,51
2025-01-25,WH_C,West,SKU0079,Hardware,189,1,27,46
2025-01-25,WH_C,West,SKU0080,Hardware,81,3,39,47
2025-01-25,WH_C,West,SKU0081,Housewares,137,2,22,41
2025-01-25,WH_C,West,SKU0082,Hardware,135,2,24,62
2025-01-25,WH_C,West,SKU0083,Housewares,75,2,41,115
2025-01-25,WH_C,West,SKU0084,Office,55,8,36,113
2025-01-25,WH_C,West,SKU0085,Hardware,229,4,35,64
2025-01-25,WH_C,West,SKU0086,Hardware,273,2,24,42
2025-01-25,WH_C,West,SKU0087,Office,205,2,47,95
2025-01-25,WH_C,West,SKU0088,Housewares,192,2,17,98
2025-01-25,WH_C,West,SKU0089,Electronics,194,3,21,109
2025-01-25,WH_C,West,SKU0090,Electronics,162,4,24,111
2025-01-25,WH_C,West,SKU0091,Electronics,101,2,34,40
2025-01-25,WH_C,West,SKU0092,Housewares,173,8,39,63
2025-01-25,WH_C,West,SKU0093,Sports,59,3,27,101
2025-01-25,WH_C,West,SKU0094,Hardware,159,5,30,47
2025-01-25,WH_C,West,SKU0095,Electronics,137,2,44,53
2025-01-25,WH_C,West,SKU0096,Hardware,171,4,18,76
2025-01-25,WH_C,West,SKU0097,Office,158,3,30,58
2025-01-25,WH_C,West,SKU0098,Housewares,78,1,31,55
2025-01-25,WH_C,West,SKU0099,Office,40,5,30,39
2025-01-25,WH_C,West,SKU0100,Office,31,2,38,115
2025-01-26,WH_A,East,SKU0001,Housewares,153,2,46,81
2025-01-26,WH_A,East,SKU0002,Electronics,38,4,38,64
2025-01-26,WH_A,East,SKU0003,Hardware,152,1,44,79
2025-01-26,WH_A,East,SKU0004,Hardware,286,2,32,93
2025-01-26,WH_A,East,SKU0005,Sports,91,2,44,81
2025-01-26,WH_A,East,SKU0006,Sports,166,6,32,111
2025-01-26,WH_A,East,SKU0007,Office,114,5,27,76
2025-01-26,WH_A,East,SKU0008,Electronics,121,4,42,77
2025-01-26,WH_A,East,SKU0009,Hardware,222,2,45,64
2025-01-26,WH_A,East,SKU0010,Electronics,158,2,39,106
2025-01-26,WH_A,East,SKU0011,Hardware,214,3,39,38
2025-01-26,WH_A,East,SKU0012,Housewares,143,0,28,65
2025-01-26,WH_A,East,SKU0013,Electronics,77,0,20,52
2025-01-26,WH_A,East,SKU0014,Electronics,150,4,33,77
2025-01-26,WH_A,East,SKU0015,Housewares,22,4,49,119
2025-01-26,WH_A,East,SKU0016,Housewares,12,0,36,109
2025-01-26,WH_A,East,SKU0017,Hardware,142,6,47,41
2025-01-26,WH_A,East,SKU0018,Housewares,97,5,26,81
2025-01-26,WH_A,East,SKU0019,Sports,172,0,24,71
2025-01-26,WH_A,East,SKU0020,Electronics,149,3,39,80
2025-01-26,WH_A,East,SKU0021,Sports,92,0,43,53
2025-01-26,WH_A,East,SKU0022,Sports,31,1,30,31
2025-01-26,WH_A,East,SKU0023,Hardware,192,2,32,47
2025-01-26,WH_A,East,SKU0024,Electronics,108,3,38,105
2025-01-26,WH_A,East,SKU0025,Office,60,3,32,53
2025-01-26,WH_A,East,SKU0026,Hardware,163,4,22,66
2025-01-26,WH_A,East,SKU0027,Electronics,36,2,31,113
2025-01-26,WH_A,East,SKU0028,Electronics,220,0,27,61
2025-01-26,WH_A,East,SKU0029,Sports,55,0,41,44
2025-01-26,WH_A,East,SKU0030,Housewares,116,1,35,69
2025-01-26,WH_A,East,SKU0031,Sports,89,3,18,87
2025-01-26,WH_A,East,SKU0032,Sports,170,2,41,58
2025-01-26,WH_A,East,SKU0033,Housewares,190,4,44,58
2025-01-26,WH_A,East,SKU0034,Office,52,4,16,33
2025-01-26,WH_A,East,SKU0035,Hardware,214,2,22,93
2025-01-26,WH_A,East,SKU0036,Housewares,139,4,37,51
2025-01-26,WH_A,East,SKU0037,Sports,66,6,22,40
2025-01-26,WH_A,East,SKU0038,Housewares,117,1,50,87
2025-01-26,WH_A,East,SKU0039,Office,26,5,50,65
2025-01-26,WH_A,East,SKU0040,Housewares,83,2,25,56
2025-01-26,WH_A,East,SKU0041,Sports,109,2,32,52
2025-01-26,WH_A,East,SKU0042,Electronics,182,3,47,88
2025-01-26,WH_A,East,SKU0043,Hardware,96,3,32,117
2025-01-26,WH_A,East,SKU0044,Hardware,238,4,46,36
2025-01-26,WH_A,East,SKU0045,Electronics,61,0,46,54
2025-01-26,WH_A,East,SKU0046,Hardware,249,1,25,112
2025-01-26,WH_A,East,SKU0047,Electronics,282,3,16,118
2025-01-26,WH_A,East,SKU0048,Hardware,220,5,41,73
2025-01-26,WH_A,East,SKU0049,Housewares,56,4,29,86
2025-01-26,WH_A,East,SKU0050,Hardware,200,0,43,46
2025-01-26,WH_A,East,SKU0051,Hardware,248,0,42,81
2025-01-26,WH_A,East,SKU0052,Hardware,280,0,35,82
2025-01-26,WH_A,East,SKU0053,Hardware,101,6,27,89
2025-01-26,WH_A,East,SKU0054,Office,17,2,22,65
2025-01-26,WH_A,East,SKU0055,Housewares,41,2,17,110
2025-01-26,WH_A,East,SKU0056,Housewares,217,3,37,49
2025-01-26,WH_A,East,SKU0057,Electronics,181,1,49,38
2025-01-26,WH_A,East,SKU0058,Sports,16,1,38,71
2025-01-26,WH_A,East,SKU0059,Electronics,256,2,48,114
2025-01-26,WH_A,East,SKU0060,Hardware,36,7,17,33
2025-01-26,WH_A,East,SKU0061,Office,47,3,45,117
2025-01-26,WH_A,East,SKU0062,Housewares,70,4,23,38
2025-01-26,WH_A,East,SKU0063,Housewares,98,2,26,70
2025-01-26,WH_A,East,SKU0064,Sports,142,3,27,45
2025-01-26,WH_A,East,SKU0065,Sports,125,0,16,107
2025-01-26,WH_A,East,SKU0066,Sports,92,0,29,103
2025-01-26,WH_A,East,SKU0067,Hardware,269,3,22,57
2025-01-26,WH_A,East,SKU0068,Electronics,172,6,48,110
2025-01-26,WH_A,East,SKU0069,Hardware,270,4,20,93
2025-01-26,WH_A,East,SKU0070,Hardware,89,5,17,55
2025-01-26,WH_A,East,SKU0071,Hardware,77,0,27,78
2025-01-26,WH_A,East,SKU0072,Office,161,3,37,74
2025-01-26,WH_A,East,SKU0073,Office,53,1,48,80
2025-01-26,WH_A,East,SKU0074,Hardware,78,3,16,106
2025-01-26,WH_A,East,SKU0075,Sports,200,2,26,103
2025-01-26,WH_A,East,SKU0076,Hardware,259,2,46,61
2025-01-26,WH_A,East,SKU0077,Office,95,4,23,77
2025-01-26,WH_A,East,SKU0078,Housewares,166,3,37,114
2025-01-26,WH_A,East,SKU0079,Hardware,268,4,28,60
2025-01-26,WH_A,East,SKU0080,Hardware,69,3,25,49
2025-01-26,WH_A,East,SKU0081,Housewares,174,1,43,59
2025-01-26,WH_A,East,SKU0082,Hardware,242,7,27,96
2025-01-26,WH_A,East,SKU0083,Housewares,179,1,26,30
2025-01-26,WH_A,East,SKU0084,Office,81,2,38,90
2025-01-26,WH_A,East,SKU0085,Hardware,281,0,29,75
2025-01-26,WH_A,East,SKU0086,Hardware,106,6,23,59
2025-01-26,WH_A,East,SKU0087,Office,116,3,42,41
2025-01-26,WH_A,East,SKU0088,Housewares,171,4,37,34
2025-01-26,WH_A,East,SKU0089,Electronics,197,4,40,41
2025-01-26,WH_A,East,SKU0090,Electronics,40,5,50,88
2025-01-26,WH_A,East,SKU0091,Electronics,39,0,47,53
2025-01-26,WH_A,East,SKU0092,Housewares,115,1,46,45
2025-01-26,WH_A,East,SKU0093,Sports,146,2,25,55
2025-01-26,WH_A,East,SKU0094,Hardware,175,4,17,42
2025-01-26,WH_A,East,SKU0095,Electronics,34,2,46,45
2025-01-26,WH_A,East,SKU0096,Hardware,72,0,40,42
2025-01-26,WH_A,East,SKU0097,Office,111,4,50,58
2025-01-26,WH_A,East,SKU0098,Housewares,160,1,50,110
2025-01-26,WH_A,East,SKU0099,Office,70,2,20,93
2025-01-26,WH_A,East,SKU0100,Office,206,5,42,120
2025-01-26,WH_B,Central,SKU0001,Housewares,96,4,49,63
2025-01-26,WH_B,Central,SKU0002,Electronics,159,4,45,55
2025-01-26,WH_B,Central,SKU0003,Hardware,147,4,43,63
2025-01-26,WH_B,Central,SKU0004,Hardware,79,3,24,56
2025-01-26,WH_B,Central,SKU0005,Sports,102,2,24,48
2025-01-26,WH_B,Central,SKU0006,Sports,70,2,47,32
2025-01-26,WH_B,Central,SKU0007,Office,189,4,21,107
2025-01-26,WH_B,Central,SKU0008,Electronics,135,6,31,49
2025-01-26,WH_B,Central,SKU0009,Hardware,142,2,50,115
2025-01-26,WH_B,Central,SKU0010,Electronics,231,4,24,115
2025-01-26,WH_B,Central,SKU0011,Hardware,274,5,26,52
2025-01-26,WH_B,Central,SKU0012,Housewares,103,0,40,37
2025-01-26,WH_B,Central,SKU0013,Electronics,165,2,26,109
2025-01-26,WH_B,Central,SKU0014,Electronics,153,2,28,77
2025-01-26,WH_B,Central,SKU0015,Housewares,183,2,18,79
2025-01-26,WH_B,Central,SKU0016,Housewares,82,2,45,61
2025-01-26,WH_B,Central,SKU0017,Hardware,49,2,22,98
2025-01-26,WH_B,Central,SKU0018,Housewares,42,3,32,80
2025-01-26,WH_B,Central,SKU0019,Sports,217,3,46,65
2025-01-26,WH_B,Central,SKU0020,Electronics,58,8,30,30
2025-01-26,WH_B,Central,SKU0021,Sports,148,4,35,59
2025-01-26,WH_B,Central,SKU0022,Sports,168,4,34,45
2025-01-26,WH_B,Central,SKU0023,Hardware,267,0,50,71
2025-01-26,WH_B,Central,SKU0024,Electronics,84,0,15,114
2025-01-26,WH_B,Central,SKU0025,Office,36,1,29,79
2025-01-26,WH_B,Central,SKU0026,Hardware,93,3,40,114
2025-01-26,WH_B,Central,SKU0027,Electronics,52,3,47,66
2025-01-26,WH_B,Central,SKU0028,Electronics,258,2,40,59
2025-01-26,WH_B,Central,SKU0029,Sports,175,5,45,114
2025-01-26,WH_B,Central,SKU0030,Housewares,101,0,39,38
2025-01-26,WH_B,Central,SKU0031,Sports,92,5,32,90
2025-01-26,WH_B,Central,SKU0032,Sports,43,1,38,70
2025-01-26,WH_B,Central,SKU0033,Housewares,87,6,19,52
2025-01-26,WH_B,Central,SKU0034,Office,184,5,19,77
2025-01-26,WH_B,Central,SKU0035,Hardware,68,1,42,64
2025-01-26,WH_B,Central,SKU0036,Housewares,36,3,19,102
2025-01-26,WH_B,Central,SKU0037,Sports,193,4,36,72
2025-01-26,WH_B,Central,SKU0038,Housewares,133,0,32,32
2025-01-26,WH_B,Central,SKU0039,Office,151,0,20,103
2025-01-26,WH_B,Central,SKU0040,Housewares,117,3,28,105
2025-01-26,WH_B,Central,SKU0041,Sports,104,1,43,100
2025-01-26,WH_B,Central,SKU0042,Electronics,212,4,37,53
2025-01-26,WH_B,Central,SKU0043,Hardware,36,0,45,30
2025-01-26,WH_B,Central,SKU0044,Hardware,76,6,16,62
2025-01-26,WH_B,Central,SKU0045,Electronics,105,4,42,50
2025-01-26,WH_B,Central,SKU0046,Hardware,258,4,15,39
2025-01-26,WH_B,Central,SKU0047,Electronics,246,1,46,42
2025-01-26,WH_B,Central,SKU0048,Hardware,54,3,20,49
2025-01-26,WH_B,Central,SKU0049,Housewares,91,3,19,55
2025-01-26,WH_B,Central,SKU0050,Hardware,209,3,30,85
2025-01-26,WH_B,Central,SKU0051,Hardware,224,5,40,89
2025-01-26,WH_B,Central,SKU0052,Hardware,223,2,44,81
2025-01-26,WH_B,Central,SKU0053,Hardware,46,1,48,90
2025-01-26,WH_B,Central,SKU0054,Office,75,4,19,51
2025-01-26,WH_B,Central,SKU0055,Housewares,98,2,46,91
2025-01-26,WH_B,Central,SKU0056,Housewares,78,2,20,107
2025-01-26,WH_B,Central,SKU0057,Electronics,108,0,23,86
2025-01-26,WH_B,Central,SKU0058,Sports,179,0,39,116
2025-01-26,WH_B,Central,SKU0059,Electronics,52,2,44,73
2025-01-26,WH_B,Central,SKU0060,Hardware,272,2,48,98
2025-01-26,WH_B,Central,SKU0061,Office,185,3,45,113
2025-01-26,WH_B,Central,SKU0062,Housewares,185,3,41,75
2025-01-26,WH_B,Central,SKU0063,Housewares,75,1,28,110
2025-01-26,WH_B,Central,SKU0064,Sports,191,0,34,55
2025-01-26,WH_B,Central,SKU0065,Sports,49,4,20,110
2025-01-26,WH_B,Central,SKU0066,Sports,110,1,36,69
2025-01-26,WH_B,Central,SKU0067,Hardware,110,0,16,95
2025-01-26,WH_B,Central,SKU0068,Electronics,248,0,36,53
2025-01-26,WH_B,Central,SKU0069,Hardware,95,3,22,48
2025-01-26,WH_B,Central,SKU0070,Hardware,39,2,25,45
2025-01-26,WH_B,Central,SKU0071,Hardware,249,1,19,75
2025-01-26,WH_B,Central,SKU0072,Office,33,6,37,92
2025-01-26,WH_B,Central,SKU0073,Office,111,4,32,66
2025-01-26,WH_B,Central,SKU0074,Hardware,227,4,44,66
2025-01-26,WH_B,Central,SKU0075,Sports,126,0,15,36
2025-01-26,WH_B,Central,SKU0076,Hardware,24,1,23,83
2025-01-26,WH_B,Central,SKU0077,Office,157,2,44,80
2025-01-26,WH_B,Central,SKU0078,Housewares,105,2,34,99
2025-01-26,WH_B,Central,SKU0079,Hardware,257,2,42,93
2025-01-26,WH_B,Central,SKU0080,Hardware,163,1,34,103
2025-01-26,WH_B,Central,SKU0081,Housewares,117,3,43,69
2025-01-26,WH_B,Central,SKU0082,Hardware,53,4,41,55
2025-01-26,WH_B,Central,SKU0083,Housewares,103,1,37,84
2025-01-26,WH_B,Central,SKU0084,Office,214,1,17,62
2025-01-26,WH_B,Central,SKU0085,Hardware,143,0,17,32
2025-01-26,WH_B,Central,SKU0086,Hardware,160,6,30,75
2025-01-26,WH_B,Central,SKU0087,Office,101,3,29,90
2025-01-26,WH_B,Central,SKU0088,Housewares,53,3,17,105
2025-01-26,WH_B,Central,SKU0089,Electronics,176,5,32,102
2025-01-26,WH_B,Central,SKU0090,Electronics,187,0,26,89
2025-01-26,WH_B,Central,SKU0091,Electronics,187,4,20,44
2025-01-26,WH_B,Central,SKU0092,Housewares,164,0,37,47
2025-01-26,WH_B,Central,SKU0093,Sports,173,4,39,58
2025-01-26,WH_B,Central,SKU0094,Hardware,127,4,28,36
2025-01-26,WH_B,Central,SKU0095,Electronics,276,4,38,105
2025-01-26,WH_B,Central,SKU0096,Hardware,188,4,15,52
2025-01-26,WH_B,Central,SKU0097,Office,122,2,37,44
2025-01-26,WH_B,Central,SKU0098,Housewares,61,1,48,50
2025-01-26,WH_B,Central,SKU0099,Office,154,2,41,116
2025-01-26,WH_B,Central,SKU0100,Office,62,1,42,68
2025-01-26,WH_C,West,SKU0001,Housewares,81,4,20,70
2025-01-26,WH_C,West,SKU0002,Electronics,234,6,33,97
2025-01-26,WH_C,West,SKU0003,Hardware,252,3,50,102
2025-01-26,WH_C,West,SKU0004,Hardware,146,3,40,74
2025-01-26,WH_C,West,SKU0005,Sports,90,5,41,114
2025-01-26,WH_C,West,SKU0006,Sports,130,4,30,68
2025-01-26,WH_C,West,SKU0007,Office,99,3,31,67
2025-01-26,WH_C,West,SKU0008,Electronics,98,5,34,120
2025-01-26,WH_C,West,SKU0009,Hardware,110,2,19,69
2025-01-26,WH_C,West,SKU0010,Electronics,243,2,22,80
2025-01-26,WH_C,West,SKU0011,Hardware,238,2,30,107
2025-01-26,WH_C,West,SKU0012,Housewares,95,1,31,65
2025-01-26,WH_C,West,SKU0013,Electronics,236,1,43,66
2025-01-26,WH_C,West,SKU0014,Electronics,112,2,32,82
2025-01-26,WH_C,West,SKU0015,Housewares,85,5,16,97
2025-01-26,WH_C,West,SKU0016,Housewares,186,4,50,51
2025-01-26,WH_C,West,SKU0017,Hardware,72,3,29,36
2025-01-26,WH_C,West,SKU0018,Housewares,159,1,36,94
2025-01-26,WH_C,West,SKU0019,Sports,126,6,23,107
2025-01-26,WH_C,West,SKU0020,Electronics,199,6,28,103
2025-01-26,WH_C,West,SKU0021,Sports,193,2,49,112
2025-01-26,WH_C,West,SKU0022,Sports,168,3,32,42
2025-01-26,WH_C,West,SKU0023,Hardware,109,3,25,43
2025-01-26,WH_C,West,SKU0024,Electronics,27,0,43,46
2025-01-26,WH_C,West,SKU0025,Office,44,5,26,44
2025-01-26,WH_C,West,SKU0026,Hardware,217,3,17,91
2025-01-26,WH_C,West,SKU0027,Electronics,141,4,34,96
2025-01-26,WH_C,West,SKU0028,Electronics,161,6,27,66
2025-01-26,WH_C,West,SKU0029,Sports,180,2,41,77
2025-01-26,WH_C,West,SKU0030,Housewares,98,4,45,104
2025-01-26,WH_C,West,SKU0031,Sports,37,4,23,34
2025-01-26,WH_C,West,SKU0032,Sports,87,4,15,35
2025-01-26,WH_C,West,SKU0033,Housewares,98,6,32,102
2025-01-26,WH_C,West,SKU0034,Office,138,1,34,78
2025-01-26,WH_C,West,SKU0035,Hardware,44,1,24,108
2025-01-26,WH_C,West,SKU0036,Housewares,82,0,18,33
2025-01-26,WH_C,West,SKU0037,Sports,66,5,37,43
2025-01-26,WH_C,West,SKU0038,Housewares,45,2,22,56
2025-01-26,WH_C,West,SKU0039,Office,138,4,36,80
2025-01-26,WH_C,West,SKU0040,Housewares,127,0,48,120
2025-01-26,WH_C,West,SKU0041,Sports,168,2,40,54
2025-01-26,WH_C,West,SKU0042,Electronics,131,2,36,110
2025-01-26,WH_C,West,SKU0043,Hardware,274,2,45,30
2025-01-26,WH_C,West,SKU0044,Hardware,211,8,42,40
2025-01-26,WH_C,West,SKU0045,Electronics,235,3,28,38
2025-01-26,WH_C,West,SKU0046,Hardware,109,3,38,100
2025-01-26,WH_C,West,SKU0047,Electronics,132,0,27,63
2025-01-26,WH_C,West,SKU0048,Hardware,266,4,35,80
2025-01-26,WH_C,West,SKU0049,Housewares,138,3,29,40
2025-01-26,WH_C,West,SKU0050,Hardware,64,2,29,99
2025-01-26,WH_C,West,SKU0051,Hardware,223,5,38,36
2025-01-26,WH_C,West,SKU0052,Hardware,117,5,33,53
2025-01-26,WH_C,West,SKU0053,Hardware,84,2,41,50
2025-01-26,WH_C,West,SKU0054,Office,193,2,23,34
2025-01-26,WH_C,West,SKU0055,Housewares,86,4,27,69
2025-01-26,WH_C,West,SKU0056,Housewares,147,6,33,53
2025-01-26,WH_C,West,SKU0057,Electronics,118,0,41,56
2025-01-26,WH_C,West,SKU0058,Sports,190,6,21,32
2025-01-26,WH_C,West,SKU0059,Electronics,131,4,29,114
2025-01-26,WH_C,West,SKU0060,Hardware,195,3,41,94
2025-01-26,WH_C,West,SKU0061,Office,197,1,40,99
2025-01-26,WH_C,West,SKU0062,Housewares,4,0,17,100
2025-01-26,WH_C,West,SKU0063,Housewares,182,5,35,120
2025-01-26,WH_C,West,SKU0064,Sports,54,1,32,78
2025-01-26,WH_C,West,SKU0065,Sports,160,4,18,49
2025-01-26,WH_C,West,SKU0066,Sports,200,5,20,112
2025-01-26,WH_C,West,SKU0067,Hardware,270,0,46,86
2025-01-26,WH_C,West,SKU0068,Electronics,126,6,19,89
2025-01-26,WH_C,West,SKU0069,Hardware,133,0,27,34
2025-01-26,WH_C,West,SKU0070,Hardware,135,3,28,70
2025-01-26,WH_C,West,SKU0071,Hardware,39,0,24,59
2025-01-26,WH_C,West,SKU0072,Office,157,1,38,36
2025-01-26,WH_C,West,SKU0073,Office,53,2,25,101
2025-01-26,WH_C,West,SKU0074,Hardware,245,2,32,84
2025-01-26,WH_C,West,SKU0075,Sports,111,2,36,53
2025-01-26,WH_C,West,SKU0076,Hardware,170,3,36,50
2025-01-26,WH_C,West,SKU0077,Office,41,2,27,47
2025-01-26,WH_C,West,SKU0078,Housewares,162,0,24,109
2025-01-26,WH_C,West,SKU0079,Hardware,117,5,15,47
2025-01-26,WH_C,West,SKU0080,Hardware,0,2,23,72
2025-01-26,WH_C,West,SKU0081,Housewares,93,2,21,57
2025-01-26,WH_C,West,SKU0082,Hardware,100,0,15,59
2025-01-26,WH_C,West,SKU0083,Housewares,44,3,29,55
2025-01-26,WH_C,West,SKU0084,Office,75,5,41,89
2025-01-26,WH_C,West,SKU0085,Hardware,166,0,19,118
2025-01-26,WH_C,West,SKU0086,Hardware,48,6,42,88
2025-01-26,WH_C,West,SKU0087,Office,116,4,15,86
2025-01-26,WH_C,West,SKU0088,Housewares,132,4,24,91
2025-01-26,WH_C,West,SKU0089,Electronics,247,3,37,70
2025-01-26,WH_C,West,SKU0090,Electronics,117,1,18,52
2025-01-26,WH_C,West,SKU0091,Electronics,126,3,38,56
2025-01-26,WH_C,West,SKU0092,Housewares,35,0,20,52
2025-01-26,WH_C,West,SKU0093,Sports,65,5,50,63
2025-01-26,WH_C,West,SKU0094,Hardware,198,4,25,60
2025-01-26,WH_C,West,SKU0095,Electronics,26,0,28,64
2025-01-26,WH_C,West,SKU0096,Hardware,65,2,17,46
2025-01-26,WH_C,West,SKU0097,Office,151,5,33,88
2025-01-26,WH_C,West,SKU0098,Housewares,38,6,16,41
2025-01-26,WH_C,West,SKU0099,Office,140,0,25,50
2025-01-26,WH_C,West,SKU0100,Office,199,0,23,67
2025-01-27,WH_A,East,SKU0001,Housewares,35,1,38,37
2025-01-27,WH_A,East,SKU0002,Electronics,206,5,41,63
2025-01-27,WH_A,East,SKU0003,Hardware,257,2,49,89
2025-01-27,WH_A,East,SKU0004,Hardware,66,4,45,112
2025-01-27,WH_A,East,SKU0005,Sports,182,0,46,71
2025-01-27,WH_A,East,SKU0006,Sports,78,2,41,43
2025-01-27,WH_A,East,SKU0007,Office,191,3,26,63
2025-01-27,WH_A,East,SKU0008,Electronics,37,4,39,76
2025-01-27,WH_A,East,SKU0009,Hardware,252,4,49,59
2025-01-27,WH_A,East,SKU0010,Electronics,245,2,43,49
2025-01-27,WH_A,East,SKU0011,Hardware,278,1,45,110
2025-01-27,WH_A,East,SKU0012,Housewares,55,3,36,94
2025-01-27,WH_A,East,SKU0013,Electronics,48,7,26,49
2025-01-27,WH_A,East,SKU0014,Electronics,138,4,17,104
2025-01-27,WH_A,East,SKU0015,Housewares,176,3,36,79
2025-01-27,WH_A,East,SKU0016,Housewares,131,1,49,66
2025-01-27,WH_A,East,SKU0017,Hardware,93,2,47,48
2025-01-27,WH_A,East,SKU0018,Housewares,83,4,46,61
2025-01-27,WH_A,East,SKU0019,Sports,200,2,27,87
2025-01-27,WH_A,East,SKU0020,Electronics,223,0,19,53
2025-01-27,WH_A,East,SKU0021,Sports,46,3,23,40
2025-01-27,WH_A,East,SKU0022,Sports,36,4,18,45
2025-01-27,WH_A,East,SKU0023,Hardware,221,3,44,95
2025-01-27,WH_A,East,SKU0024,Electronics,32,2,30,119
2025-01-27,WH_A,East,SKU0025,Office,83,3,50,83
2025-01-27,WH_A,East,SKU0026,Hardware,248,3,18,115
2025-01-27,WH_A,East,SKU0027,Electronics,58,3,44,36
2025-01-27,WH_A,East,SKU0028,Electronics,200,3,33,118
2025-01-27,WH_A,East,SKU0029,Sports,14,1,29,106
2025-01-27,WH_A,East,SKU0030,Housewares,58,1,37,43
2025-01-27,WH_A,East,SKU0031,Sports,178,1,31,118
2025-01-27,WH_A,East,SKU0032,Sports,112,3,26,106
2025-01-27,WH_A,East,SKU0033,Housewares,108,4,22,93
2025-01-27,WH_A,East,SKU0034,Office,52,0,26,52
2025-01-27,WH_A,East,SKU0035,Hardware,90,6,46,79
2025-01-27,WH_A,East,SKU0036,Housewares,80,3,30,58
2025-01-27,WH_A,East,SKU0037,Sports,153,0,44,53
2025-01-27,WH_A,East,SKU0038,Housewares,53,1,16,76
2025-01-27,WH_A,East,SKU0039,Office,90,1,24,48
2025-01-27,WH_A,East,SKU0040,Housewares,40,2,39,52
2025-01-27,WH_A,East,SKU0041,Sports,108,4,35,117
2025-01-27,WH_A,East,SKU0042,Electronics,127,7,39,54
2025-01-27,WH_A,East,SKU0043,Hardware,107,3,15,118
2025-01-27,WH_A,East,SKU0044,Hardware,214,3,27,55
2025-01-27,WH_A,East,SKU0045,Electronics,134,1,33,68
2025-01-27,WH_A,East,SKU0046,Hardware,194,0,16,69
2025-01-27,WH_A,East,SKU0047,Electronics,204,4,48,93
2025-01-27,WH_A,East,SKU0048,Hardware,207,2,36,31
2025-01-27,WH_A,East,SKU0049,Housewares,87,1,44,32
2025-01-27,WH_A,East,SKU0050,Hardware,98,0,15,77
2025-01-27,WH_A,East,SKU0051,Hardware,250,3,39,94
2025-01-27,WH_A,East,SKU0052,Hardware,263,3,37,39
2025-01-27,WH_A,East,SKU0053,Hardware,237,5,35,54
2025-01-27,WH_A,East,SKU0054,Office,182,1,43,93
2025-01-27,WH_A,East,SKU0055,Housewares,72,0,26,80
2025-01-27,WH_A,East,SKU0056,Housewares,144,4,28,50
2025-01-27,WH_A,East,SKU0057,Electronics,243,1,35,83
2025-01-27,WH_A,East,SKU0058,Sports,88,1,32,53
2025-01-27,WH_A,East,SKU0059,Electronics,196,1,46,90
2025-01-27,WH_A,East,SKU0060,Hardware,134,4,25,50
2025-01-27,WH_A,East,SKU0061,Office,119,4,24,32
2025-01-27,WH_A,East,SKU0062,Housewares,116,2,20,81
2025-01-27,WH_A,East,SKU0063,Housewares,110,1,49,40
2025-01-27,WH_A,East,SKU0064,Sports,69,0,23,33
2025-01-27,WH_A,East,SKU0065,Sports,179,1,38,103
2025-01-27,WH_A,East,SKU0066,Sports,31,0,24,105
2025-01-27,WH_A,East,SKU0067,Hardware,136,3,22,39
2025-01-27,WH_A,East,SKU0068,Electronics,158,6,41,57
2025-01-27,WH_A,East,SKU0069,Hardware,46,3,24,105
2025-01-27,WH_A,East,SKU0070,Hardware,142,0,35,115
2025-01-27,WH_A,East,SKU0071,Hardware,264,3,40,59
2025-01-27,WH_A,East,SKU0072,Office,137,3,30,89
2025-01-27,WH_A,East,SKU0073,Office,182,4,24,112
2025-01-27,WH_A,East,SKU0074,Hardware,188,4,26,109
2025-01-27,WH_A,East,SKU0075,Sports,104,1,26,35
2025-01-27,WH_A,East,SKU0076,Hardware,192,3,39,39
2025-01-27,WH_A,East,SKU0077,Office,110,3,31,109
2025-01-27,WH_A,East,SKU0078,Housewares,149,1,16,112
2025-01-27,WH_A,East,SKU0079,Hardware,266,4,50,73
2025-01-27,WH_A,East,SKU0080,Hardware,57,4,27,56
2025-01-27,WH_A,East,SKU0081,Housewares,54,2,29,113
2025-01-27,WH_A,East,SKU0082,Hardware,233,2,17,35
2025-01-27,WH_A,East,SKU0083,Housewares,104,3,49,58
2025-01-27,WH_A,East,SKU0084,Office,199,1,25,38
2025-01-27,WH_A,East,SKU0085,Hardware,256,2,20,52
2025-01-27,WH_A,East,SKU0086,Hardware,68,2,21,52
2025-01-27,WH_A,East,SKU0087,Office,30,4,38,67
2025-01-27,WH_A,East,SKU0088,Housewares,163,0,22,77
2025-01-27,WH_A,East,SKU0089,Electronics,236,2,24,85
2025-01-27,WH_A,East,SKU0090,Electronics,212,4,41,98
2025-01-27,WH_A,East,SKU0091,Electronics,201,2,40,68
2025-01-27,WH_A,East,SKU0092,Housewares,17,1,21,104
2025-01-27,WH_A,East,SKU0093,Sports,55,2,48,71
2025-01-27,WH_A,East,SKU0094,Hardware,107,4,50,98
2025-01-27,WH_A,East,SKU0095,Electronics,35,0,39,69
2025-01-27,WH_A,East,SKU0096,Hardware,149,0,23,116
2025-01-27,WH_A,East,SKU0097,Office,0,4,17,79
2025-01-27,WH_A,East,SKU0098,Housewares,61,2,47,93
2025-01-27,WH_A,East,SKU0099,Office,129,3,48,91
2025-01-27,WH_A,East,SKU0100,Office,74,5,35,96
2025-01-27,WH_B,Central,SKU0001,Housewares,88,3,39,111
2025-01-27,WH_B,Central,SKU0002,Electronics,177,1,33,81
2025-01-27,WH_B,Central,SKU0003,Hardware,128,5,22,106
2025-01-27,WH_B,Central,SKU0004,Hardware,173,1,23,57
2025-01-27,WH_B,Central,SKU0005,Sports,103,3,26,44
2025-01-27,WH_B,Central,SKU0006,Sports,158,6,24,85
2025-01-27,WH_B,Central,SKU0007,Office,51,2,26,39
2025-01-27,WH_B,Central,SKU0008,Electronics,99,4,26,32
2025-01-27,WH_B,Central,SKU0009,Hardware,156,0,19,35
2025-01-27,WH_B,Central,SKU0010,Electronics,137,4,25,108
2025-01-27,WH_B,Central,SKU0011,Hardware,116,4,49,57
2025-01-27,WH_B,Central,SKU0012,Housewares,57,0,33,92
2025-01-27,WH_B,Central,SKU0013,Electronics,227,0,22,41
2025-01-27,WH_B,Central,SKU0014,Electronics,184,2,43,49
2025-01-27,WH_B,Central,SKU0015,Housewares,143,2,32,103
2025-01-27,WH_B,Central,SKU0016,Housewares,195,5,48,42
2025-01-27,WH_B,Central,SKU0017,Hardware,257,0,25,95
2025-01-27,WH_B,Central,SKU0018,Housewares,193,5,27,44
2025-01-27,WH_B,Central,SKU0019,Sports,160,6,16,37
2025-01-27,WH_B,Central,SKU0020,Electronics,113,1,42,84
2025-01-27,WH_B,Central,SKU0021,Sports,124,1,16,118
2025-01-27,WH_B,Central,SKU0022,Sports,56,11,15,37
2025-01-27,WH_B,Central,SKU0023,Hardware,39,4,37,55
2025-01-27,WH_B,Central,SKU0024,Electronics,79,6,49,73
2025-01-27,WH_B,Central,SKU0025,Office,79,6,49,80
2025-01-27,WH_B,Central,SKU0026,Hardware,113,0,21,30
2025-01-27,WH_B,Central,SKU0027,Electronics,131,0,17,71
2025-01-27,WH_B,Central,SKU0028,Electronics,81,3,32,61
2025-01-27,WH_B,Central,SKU0029,Sports,149,7,30,100
2025-01-27,WH_B,Central,SKU0030,Housewares,39,2,37,100
2025-01-27,WH_B,Central,SKU0031,Sports,215,5,25,83
2025-01-27,WH_B,Central,SKU0032,Sports,172,0,25,114
2025-01-27,WH_B,Central,SKU0033,Housewares,161,1,18,37
2025-01-27,WH_B,Central,SKU0034,Office,137,3,40,98
2025-01-27,WH_B,Central,SKU0035,Hardware,277,4,42,50
2025-01-27,WH_B,Central,SKU0036,Housewares,124,3,42,61
2025-01-27,WH_B,Central,SKU0037,Sports,73,3,26,101
2025-01-27,WH_B,Central,SKU0038,Housewares,81,0,47,108
2025-01-27,WH_B,Central,SKU0039,Office,115,2,28,57
2025-01-27,WH_B,Central,SKU0040,Housewares,137,4,41,40
2025-01-27,WH_B,Central,SKU0041,Sports,141,1,36,111
2025-01-27,WH_B,Central,SKU0042,Electronics,61,5,49,81
2025-01-27,WH_B,Central,SKU0043,Hardware,86,3,40,88
2025-01-27,WH_B,Central,SKU0044,Hardware,84,2,30,85
2025-01-27,WH_B,Central,SKU0045,Electronics,236,6,34,43
2025-01-27,WH_B,Central,SKU0046,Hardware,38,2,19,54
2025-01-27,WH_B,Central,SKU0047,Electronics,89,0,47,50
2025-01-27,WH_B,Central,SKU0048,Hardware,91,1,29,107
2025-01-27,WH_B,Central,SKU0049,Housewares,81,1,21,116
2025-01-27,WH_B,Central,SKU0050,Hardware,212,0,47,58
2025-01-27,WH_B,Central,SKU0051,Hardware,158,3,26,89
2025-01-27,WH_B,Central,SKU0052,Hardware,253,4,19,97
2025-01-27,WH_B,Central,SKU0053,Hardware,184,1,35,120
2025-01-27,WH_B,Central,SKU0054,Office,212,2,16,81
2025-01-27,WH_B,Central,SKU0055,Housewares,154,2,46,79
2025-01-27,WH_B,Central,SKU0056,Housewares,34,2,17,84
2025-01-27,WH_B,Central,SKU0057,Electronics,243,1,38,104
2025-01-27,WH_B,Central,SKU0058,Sports,64,4,15,111
2025-01-27,WH_B,Central,SKU0059,Electronics,203,2,48,42
2025-01-27,WH_B,Central,SKU0060,Hardware,255,1,32,61
2025-01-27,WH_B,Central,SKU0061,Office,40,1,23,89
2025-01-27,WH_B,Central,SKU0062,Housewares,188,5,43,82
2025-01-27,WH_B,Central,SKU0063,Housewares,60,2,44,94
2025-01-27,WH_B,Central,SKU0064,Sports,187,3,22,75
2025-01-27,WH_B,Central,SKU0065,Sports,169,1,41,104
2025-01-27,WH_B,Central,SKU0066,Sports,144,2,30,99
2025-01-27,WH_B,Central,SKU0067,Hardware,271,4,34,74
2025-01-27,WH_B,Central,SKU0068,Electronics,271,5,46,52
2025-01-27,WH_B,Central,SKU0069,Hardware,256,3,16,49
2025-01-27,WH_B,Central,SKU0070,Hardware,271,0,40,78
2025-01-27,WH_B,Central,SKU0071,Hardware,155,5,40,98
2025-01-27,WH_B,Central,SKU0072,Office,114,6,25,108
2025-01-27,WH_B,Central,SKU0073,Office,115,2,21,47
2025-01-27,WH_B,Central,SKU0074,Hardware,154,3,43,56
2025-01-27,WH_B,Central,SKU0075,Sports,88,6,47,105
2025-01-27,WH_B,Central,SKU0076,Hardware,232,3,25,73
2025-01-27,WH_B,Central,SKU0077,Office,94,5,29,107
2025-01-27,WH_B,Central,SKU0078,Housewares,94,4,42,110
2025-01-27,WH_B,Central,SKU0079,Hardware,249,4,15,86
2025-01-27,WH_B,Central,SKU0080,Hardware,143,1,23,104
2025-01-27,WH_B,Central,SKU0081,Housewares,160,4,16,86
2025-01-27,WH_B,Central,SKU0082,Hardware,107,3,45,48
2025-01-27,WH_B,Central,SKU0083,Housewares,173,5,41,84
2025-01-27,WH_B,Central,SKU0084,Office,167,5,34,38
2025-01-27,WH_B,Central,SKU0085,Hardware,179,4,40,92
2025-01-27,WH_B,Central,SKU0086,Hardware,55,0,50,30
2025-01-27,WH_B,Central,SKU0087,Office,163,8,44,69
2025-01-27,WH_B,Central,SKU0088,Housewares,195,3,46,62
2025-01-27,WH_B,Central,SKU0089,Electronics,236,3,37,117
2025-01-27,WH_B,Central,SKU0090,Electronics,232,5,33,81
2025-01-27,WH_B,Central,SKU0091,Electronics,105,2,19,95
2025-01-27,WH_B,Central,SKU0092,Housewares,81,2,47,68
2025-01-27,WH_B,Central,SKU0093,Sports,41,4,41,89
2025-01-27,WH_B,Central,SKU0094,Hardware,106,0,33,88
2025-01-27,WH_B,Central,SKU0095,Electronics,215,2,36,56
2025-01-27,WH_B,Central,SKU0096,Hardware,158,4,49,98
2025-01-27,WH_B,Central,SKU0097,Office,51,2,39,67
2025-01-27,WH_B,Central,SKU0098,Housewares,166,3,49,33
2025-01-27,WH_B,Central,SKU0099,Office,98,2,33,70
2025-01-27,WH_B,Central,SKU0100,Office,28,4,25,114
2025-01-27,WH_C,West,SKU0001,Housewares,191,3,47,80
2025-01-27,WH_C,West,SKU0002,Electronics,21,2,35,51
2025-01-27,WH_C,West,SKU0003,Hardware,73,6,17,50
2025-01-27,WH_C,West,SKU0004,Hardware,165,4,23,88
2025-01-27,WH_C,West,SKU0005,Sports,26,3,40,81
2025-01-27,WH_C,West,SKU0006,Sports,109,4,50,107
2025-01-27,WH_C,West,SKU0007,Office,22,1,16,99
2025-01-27,WH_C,West,SKU0008,Electronics,103,3,32,98
2025-01-27,WH_C,West,SKU0009,Hardware,106,1,37,96
2025-01-27,WH_C,West,SKU0010,Electronics,71,4,29,30
2025-01-27,WH_C,West,SKU0011,Hardware,226,7,49,103
2025-01-27,WH_C,West,SKU0012,Housewares,170,2,27,115
2025-01-27,WH_C,West,SKU0013,Electronics,33,1,36,91
2025-01-27,WH_C,West,SKU0014,Electronics,140,2,49,100
2025-01-27,WH_C,West,SKU0015,Housewares,96,5,45,63
2025-01-27,WH_C,West,SKU0016,Housewares,53,0,50,74
2025-01-27,WH_C,West,SKU0017,Hardware,169,5,30,31
2025-01-27,WH_C,West,SKU0018,Housewares,52,5,43,77
2025-01-27,WH_C,West,SKU0019,Sports,27,3,18,30
2025-01-27,WH_C,West,SKU0020,Electronics,96,2,17,116
2025-01-27,WH_C,West,SKU0021,Sports,109,5,39,116
2025-01-27,WH_C,West,SKU0022,Sports,114,2,21,105
2025-01-27,WH_C,West,SKU0023,Hardware,241,4,37,112
2025-01-27,WH_C,West,SKU0024,Electronics,91,0,16,75
2025-01-27,WH_C,West,SKU0025,Office,125,0,33,42
2025-01-27,WH_C,West,SKU0026,Hardware,239,2,31,102
2025-01-27,WH_C,West,SKU0027,Electronics,81,2,43,99
2025-01-27,WH_C,West,SKU0028,Electronics,269,1,33,85
2025-01-27,WH_C,West,SKU0029,Sports,134,4,18,94
2025-01-27,WH_C,West,SKU0030,Housewares,139,1,16,113
2025-01-27,WH_C,West,SKU0031,Sports,47,5,48,90
2025-01-27,WH_C,West,SKU0032,Sports,77,0,41,112
2025-01-27,WH_C,West,SKU0033,Housewares,38,3,16,44
2025-01-27,WH_C,West,SKU0034,Office,190,1,28,84
2025-01-27,WH_C,West,SKU0035,Hardware,143,4,22,36
2025-01-27,WH_C,West,SKU0036,Housewares,69,0,32,67
2025-01-27,WH_C,West,SKU0037,Sports,83,4,31,46
2025-01-27,WH_C,West,SKU0038,Housewares,174,4,17,80
2025-01-27,WH_C,West,SKU0039,Office,149,2,32,115
2025-01-27,WH_C,West,SKU0040,Housewares,106,1,42,101
2025-01-27,WH_C,West,SKU0041,Sports,119,1,38,51
2025-01-27,WH_C,West,SKU0042,Electronics,139,5,17,78
2025-01-27,WH_C,West,SKU0043,Hardware,70,5,23,44
2025-01-27,WH_C,West,SKU0044,Hardware,143,3,37,108
2025-01-27,WH_C,West,SKU0045,Electronics,223,0,42,91
2025-01-27,WH_C,West,SKU0046,Hardware,78,4,35,84
2025-01-27,WH_C,West,SKU0047,Electronics,84,6,26,53
2025-01-27,WH_C,West,SKU0048,Hardware,78,1,15,72
2025-01-27,WH_C,West,SKU0049,Housewares,80,7,28,111
2025-01-27,WH_C,West,SKU0050,Hardware,246,4,33,86
2025-01-27,WH_C,West,SKU0051,Hardware,34,4,31,93
2025-01-27,WH_C,West,SKU0052,Hardware,149,2,45,79
2025-01-27,WH_C,West,SKU0053,Hardware,146,7,49,66
2025-01-27,WH_C,West,SKU0054,Office,195,4,35,77
2025-01-27,WH_C,West,SKU0055,Housewares,166,3,29,106
2025-01-27,WH_C,West,SKU0056,Housewares,129,4,35,51
2025-01-27,WH_C,West,SKU0057,Electronics,73,2,29,98
2025-01-27,WH_C,West,SKU0058,Sports,92,6,35,30
2025-01-27,WH_C,West,SKU0059,Electronics,211,1,20,47
2025-01-27,WH_C,West,SKU0060,Hardware,124,1,36,74
2025-01-27,WH_C,West,SKU0061,Office,84,0,21,51
2025-01-27,WH_C,West,SKU0062,Housewares,205,0,18,30
2025-01-27,WH_C,West,SKU0063,Housewares,91,3,40,46
2025-01-27,WH_C,West,SKU0064,Sports,201,5,26,41
2025-01-27,WH_C,West,SKU0065,Sports,51,5,45,60
2025-01-27,WH_C,West,SKU0066,Sports,184,0,24,111
2025-01-27,WH_C,West,SKU0067,Hardware,182,0,46,50
2025-01-27,WH_C,West,SKU0068,Electronics,168,3,32,98
2025-01-27,WH_C,West,SKU0069,Hardware,252,2,49,61
2025-01-27,WH_C,West,SKU0070,Hardware,254,2,37,101
2025-01-27,WH_C,West,SKU0071,Hardware,131,2,35,100
2025-01-27,WH_C,West,SKU0072,Office,94,2,25,53
2025-01-27,WH_C,West,SKU0073,Office,182,2,34,51
2025-01-27,WH_C,West,SKU0074,Hardware,289,5,37,47
2025-01-27,WH_C,West,SKU0075,Sports,94,0,21,81
2025-01-27,WH_C,West,SKU0076,Hardware,68,5,47,71
2025-01-27,WH_C,West,SKU0077,Office,140,4,38,108
2025-01-27,WH_C,West,SKU0078,Housewares,53,1,43,38
2025-01-27,WH_C,West,SKU0079,Hardware,40,4,36,36
2025-01-27,WH_C,West,SKU0080,Hardware,218,1,18,76
2025-01-27,WH_C,West,SKU0081,Housewares,94,2,20,63
2025-01-27,WH_C,West,SKU0082,Hardware,171,4,44,69
2025-01-27,WH_C,West,SKU0083,Housewares,83,0,45,59
2025-01-27,WH_C,West,SKU0084,Office,112,1,28,75
2025-01-27,WH_C,West,SKU0085,Hardware,95,1,34,86
2025-01-27,WH_C,West,SKU0086,Hardware,206,4,33,44
2025-01-27,WH_C,West,SKU0087,Office,131,1,22,75
2025-01-27,WH_C,West,SKU0088,Housewares,173,0,34,119
2025-01-27,WH_C,West,SKU0089,Electronics,217,6,44,55
2025-01-27,WH_C,West,SKU0090,Electronics,126,2,33,107
2025-01-27,WH_C,West,SKU0091,Electronics,100,4,17,72
2025-01-27,WH_C,West,SKU0092,Housewares,88,1,46,95
2025-01-27,WH_C,West,SKU0093,Sports,159,1,16,58
2025-01-27,WH_C,West,SKU0094,Hardware,94,3,22,97
2025-01-27,WH_C,West,SKU0095,Electronics,104,4,41,40
2025-01-27,WH_C,West,SKU0096,Hardware,56,0,27,60
2025-01-27,WH_C,West,SKU0097,Office,170,2,48,106
2025-01-27,WH_C,West,SKU0098,Housewares,84,1,42,34
2025-01-27,WH_C,West,SKU0099,Office,148,1,45,94
2025-01-27,WH_C,West,SKU0100,Office,150,3,26,101
2025-01-28,WH_A,East,SKU0001,Housewares,51,3,37,52
2025-01-28,WH_A,East,SKU0002,Electronics,190,8,49,90
2025-01-28,WH_A,East,SKU0003,Hardware,98,1,15,66
2025-01-28,WH_A,East,SKU0004,Hardware,240,2,42,53
2025-01-28,WH_A,East,SKU0005,Sports,116,1,19,70
2025-01-28,WH_A,East,SKU0006,Sports,80,3,22,86
2025-01-28,WH_A,East,SKU0007,Office,209,6,34,82
2025-01-28,WH_A,East,SKU0008,Electronics,132,5,28,71
2025-01-28,WH_A,East,SKU0009,Hardware,93,0,45,95
2025-01-28,WH_A,East,SKU0010,Electronics,36,4,21,95
2025-01-28,WH_A,East,SKU0011,Hardware,229,2,21,75
2025-01-28,WH_A,East,SKU0012,Housewares,129,4,45,54
2025-01-28,WH_A,East,SKU0013,Electronics,138,5,32,78
2025-01-28,WH_A,East,SKU0014,Electronics,224,2,20,91
2025-01-28,WH_A,East,SKU0015,Housewares,127,4,39,50
2025-01-28,WH_A,East,SKU0016,Housewares,159,1,40,105
2025-01-28,WH_A,East,SKU0017,Hardware,60,2,34,58
2025-01-28,WH_A,East,SKU0018,Housewares,60,0,40,47
2025-01-28,WH_A,East,SKU0019,Sports,170,5,31,78
2025-01-28,WH_A,East,SKU0020,Electronics,264,3,42,63
2025-01-28,WH_A,East,SKU0021,Sports,127,2,18,108
2025-01-28,WH_A,East,SKU0022,Sports,168,0,16,118
2025-01-28,WH_A,East,SKU0023,Hardware,36,4,22,36
2025-01-28,WH_A,East,SKU0024,Electronics,234,1,50,73
2025-01-28,WH_A,East,SKU0025,Office,146,5,29,103
2025-01-28,WH_A,East,SKU0026,Hardware,33,0,49,59
2025-01-28,WH_A,East,SKU0027,Electronics,275,4,36,50
2025-01-28,WH_A,East,SKU0028,Electronics,52,2,20,99
2025-01-28,WH_A,East,SKU0029,Sports,160,0,41,114
2025-01-28,WH_A,East,SKU0030,Housewares,163,2,33,66
2025-01-28,WH_A,East,SKU0031,Sports,78,4,33,79
2025-01-28,WH_A,East,SKU0032,Sports,86,2,47,96
2025-01-28,WH_A,East,SKU0033,Housewares,101,4,44,104
2025-01-28,WH_A,East,SKU0034,Office,117,5,43,51
2025-01-28,WH_A,East,SKU0035,Hardware,225,1,38,92
2025-01-28,WH_A,East,SKU0036,Housewares,103,3,37,96
2025-01-28,WH_A,East,SKU0037,Sports,39,0,48,44
2025-01-28,WH_A,East,SKU0038,Housewares,175,2,18,52
2025-01-28,WH_A,East,SKU0039,Office,54,2,19,86
2025-01-28,WH_A,East,SKU0040,Housewares,184,5,44,98
2025-01-28,WH_A,East,SKU0041,Sports,162,1,19,47
2025-01-28,WH_A,East,SKU0042,Electronics,142,4,48,99
2025-01-28,WH_A,East,SKU0043,Hardware,94,0,43,40
2025-01-28,WH_A,East,SKU0044,Hardware,186,1,15,72
2025-01-28,WH_A,East,SKU0045,Electronics,237,6,48,68
2025-01-28,WH_A,East,SKU0046,Hardware,114,0,36,42
2025-01-28,WH_A,East,SKU0047,Electronics,122,5,28,84
2025-01-28,WH_A,East,SKU0048,Hardware,191,5,25,96
2025-01-28,WH_A,East,SKU0049,Housewares,118,1,48,43
2025-01-28,WH_A,East,SKU0050,Hardware,41,4,26,57
2025-01-28,WH_A,East,SKU0051,Hardware,254,3,16,56
2025-01-28,WH_A,East,SKU0052,Hardware,207,2,47,73
2025-01-28,WH_A,East,SKU0053,Hardware,178,2,49,44
2025-01-28,WH_A,East,SKU0054,Office,33,0,30,108
2025-01-28,WH_A,East,SKU0055,Housewares,172,0,49,40
2025-01-28,WH_A,East,SKU0056,Housewares,91,0,36,103
2025-01-28,WH_A,East,SKU0057,Electronics,10,3,16,109
2025-01-28,WH_A,East,SKU0058,Sports,189,5,25,43
2025-01-28,WH_A,East,SKU0059,Electronics,190,2,44,103
2025-01-28,WH_A,East,SKU0060,Hardware,35,5,38,70
2025-01-28,WH_A,East,SKU0061,Office,66,0,50,84
2025-01-28,WH_A,East,SKU0062,Housewares,128,3,28,58
2025-01-28,WH_A,East,SKU0063,Housewares,111,4,20,110
2025-01-28,WH_A,East,SKU0064,Sports,196,2,35,94
2025-01-28,WH_A,East,SKU0065,Sports,154,5,16,89
2025-01-28,WH_A,East,SKU0066,Sports,32,3,35,54
2025-01-28,WH_A,East,SKU0067,Hardware,56,3,40,32
2025-01-28,WH_A,East,SKU0068,Electronics,78,0,22,103
2025-01-28,WH_A,East,SKU0069,Hardware,115,2,20,31
2025-01-28,WH_A,East,SKU0070,Hardware,113,1,49,46
2025-01-28,WH_A,East,SKU0071,Hardware,230,5,45,69
2025-01-28,WH_A,East,SKU0072,Office,49,4,35,74
2025-01-28,WH_A,East,SKU0073,Office,42,4,30,84
2025-01-28,WH_A,East,SKU0074,Hardware,42,3,18,118
2025-01-28,WH_A,East,SKU0075,Sports,155,4,35,98
2025-01-28,WH_A,East,SKU0076,Hardware,37,0,47,45
2025-01-28,WH_A,East,SKU0077,Office,34,0,33,71
2025-01-28,WH_A,East,SKU0078,Housewares,29,2,23,68
2025-01-28,WH_A,East,SKU0079,Hardware,95,1,44,56
2025-01-28,WH_A,East,SKU0080,Hardware,173,5,19,73
2025-01-28,WH_A,East,SKU0081,Housewares,188,1,48,93
2025-01-28,WH_A,East,SKU0082,Hardware,93,0,39,81
2025-01-28,WH_A,East,SKU0083,Housewares,56,4,43,40
2025-01-28,WH_A,East,SKU0084,Office,85,1,37,95
2025-01-28,WH_A,East,SKU0085,Hardware,229,3,40,102
2025-01-28,WH_A,East,SKU0086,Hardware,123,3,28,75
2025-01-28,WH_A,East,SKU0087,Office,83,5,18,120
2025-01-28,WH_A,East,SKU0088,Housewares,13,2,36,99
2025-01-28,WH_A,East,SKU0089,Electronics,159,2,42,41
2025-01-28,WH_A,East,SKU0090,Electronics,145,1,33,87
2025-01-28,WH_A,East,SKU0091,Electronics,256,3,30,41
2025-01-28,WH_A,East,SKU0092,Housewares,177,3,36,79
2025-01-28,WH_A,East,SKU0093,Sports,108,0,30,104
2025-01-28,WH_A,East,SKU0094,Hardware,204,3,26,75
2025-01-28,WH_A,East,SKU0095,Electronics,156,1,22,42
2025-01-28,WH_A,East,SKU0096,Hardware,156,3,33,61
2025-01-28,WH_A,East,SKU0097,Office,135,3,17,114
2025-01-28,WH_A,East,SKU0098,Housewares,58,2,47,60
2025-01-28,WH_A,East,SKU0099,Office,124,4,46,53
2025-01-28,WH_A,East,SKU0100,Office,145,4,16,50
2025-01-28,WH_B,Central,SKU0001,Housewares,157,4,41,113
2025-01-28,WH_B,Central,SKU0002,Electronics,171,6,41,30
2025-01-28,WH_B,Central,SKU0003,Hardware,159,3,30,67
2025-01-28,WH_B,Central,SKU0004,Hardware,77,3,48,40
2025-01-28,WH_B,Central,SKU0005,Sports,118,4,31,62
2025-01-28,WH_B,Central,SKU0006,Sports,50,2,41,39
2025-01-28,WH_B,Central,SKU0007,Office,49,0,21,109
2025-01-28,WH_B,Central,SKU0008,Electronics,281,1,44,71
2025-01-28,WH_B,Central,SKU0009,Hardware,235,2,28,72
2025-01-28,WH_B,Central,SKU0010,Electronics,205,2,34,82
2025-01-28,WH_B,Central,SKU0011,Hardware,122,5,17,77
2025-01-28,WH_B,Central,SKU0012,Housewares,35,4,17,54
2025-01-28,WH_B,Central,SKU0013,Electronics,268,5,50,99
2025-01-28,WH_B,Central,SKU0014,Electronics,23,0,23,92
2025-01-28,WH_B,Central,SKU0015,Housewares,61,0,15,63
2025-01-28,WH_B,Central,SKU0016,Housewares,60,5,46,83
2025-01-28,WH_B,Central,SKU0017,Hardware,96,4,42,47
2025-01-28,WH_B,Central,SKU0018,Housewares,134,3,21,63
2025-01-28,WH_B,Central,SKU0019,Sports,188,0,31,116
2025-01-28,WH_B,Central,SKU0020,Electronics,122,4,44,44
2025-01-28,WH_B,Central,SKU0021,Sports,125,5,29,105
2025-01-28,WH_B,Central,SKU0022,Sports,104,4,28,32
2025-01-28,WH_B,Central,SKU0023,Hardware,229,0,41,103
2025-01-28,WH_B,Central,SKU0024,Electronics,48,2,41,93
2025-01-28,WH_B,Central,SKU0025,Office,122,5,31,118
2025-01-28,WH_B,Central,SKU0026,Hardware,270,6,15,102
2025-01-28,WH_B,Central,SKU0027,Electronics,91,1,26,94
2025-01-28,WH_B,Central,SKU0028,Electronics,217,3,32,108
2025-01-28,WH_B,Central,SKU0029,Sports,160,0,44,64
2025-01-28,WH_B,Central,SKU0030,Housewares,101,6,37,44
2025-01-28,WH_B,Central,SKU0031,Sports,197,4,30,72
2025-01-28,WH_B,Central,SKU0032,Sports,161,4,44,47
2025-01-28,WH_B,Central,SKU0033,Housewares,136,1,22,88
2025-01-28,WH_B,Central,SKU0034,Office,88,0,27,32
2025-01-28,WH_B,Central,SKU0035,Hardware,254,3,42,100
2025-01-28,WH_B,Central,SKU0036,Housewares,180,3,22,43
2025-01-28,WH_B,Central,SKU0037,Sports,124,5,32,34
2025-01-28,WH_B,Central,SKU0038,Housewares,61,2,34,56
2025-01-28,WH_B,Central,SKU0039,Office,195,2,47,96
2025-01-28,WH_B,Central,SKU0040,Housewares,47,4,47,93
2025-01-28,WH_B,Central,SKU0041,Sports,57,3,50,90
2025-01-28,WH_B,Central,SKU0042,Electronics,187,3,37,95
2025-01-28,WH_B,Central,SKU0043,Hardware,98,0,29,57
2025-01-28,WH_B,Central,SKU0044,Hardware,167,2,33,90
2025-01-28,WH_B,Central,SKU0045,Electronics,200,6,15,62
2025-01-28,WH_B,Central,SKU0046,Hardware,75,4,29,31
2025-01-28,WH_B,Central,SKU0047,Electronics,233,2,15,109
2025-01-28,WH_B,Central,SKU0048,Hardware,69,1,37,54
2025-01-28,WH_B,Central,SKU0049,Housewares,156,4,41,32
2025-01-28,WH_B,Central,SKU0050,Hardware,99,5,49,46
2025-01-28,WH_B,Central,SKU0051,Hardware,160,4,23,74
2025-01-28,WH_B,Central,SKU0052,Hardware,114,1,25,35
2025-01-28,WH_B,Central,SKU0053,Hardware,127,5,19,113
2025-01-28,WH_B,Central,SKU0054,Office,67,3,29,40
2025-01-28,WH_B,Central,SKU0055,Housewares,179,3,17,113
2025-01-28,WH_B,Central,SKU0056,Housewares,99,0,43,89
2025-01-28,WH_B,Central,SKU0057,Electronics,74,3,15,64
2025-01-28,WH_B,Central,SKU0058,Sports,91,4,19,32
2025-01-28,WH_B,Central,SKU0059,Electronics,45,4,46,118
2025-01-28,WH_B,Central,SKU0060,Hardware,237,6,32,42
2025-01-28,WH_B,Central,SKU0061,Office,164,7,28,50
2025-01-28,WH_B,Central,SKU0062,Housewares,92,2,38,60
2025-01-28,WH_B,Central,SKU0063,Housewares,152,0,19,37
2025-01-28,WH_B,Central,SKU0064,Sports,169,1,45,108
2025-01-28,WH_B,Central,SKU0065,Sports,102,1,21,111
2025-01-28,WH_B,Central,SKU0066,Sports,57,5,24,65
2025-01-28,WH_B,Central,SKU0067,Hardware,221,7,44,33
2025-01-28,WH_B,Central,SKU0068,Electronics,226,2,50,90
2025-01-28,WH_B,Central,SKU0069,Hardware,75,4,39,62
2025-01-28,WH_B,Central,SKU0070,Hardware,211,0,41,56
2025-01-28,WH_B,Central,SKU0071,Hardware,91,6,26,77
2025-01-28,WH_B,Central,SKU0072,Office,42,0,46,68
2025-01-28,WH_B,Central,SKU0073,Office,44,6,26,67
2025-01-28,WH_B,Central,SKU0074,Hardware,25,1,31,118
2025-01-28,WH_B,Central,SKU0075,Sports,199,5,28,52
2025-01-28,WH_B,Central,SKU0076,Hardware,190,1,21,43
2025-01-28,WH_B,Central,SKU0077,Office,140,3,18,34
2025-01-28,WH_B,Central,SKU0078,Housewares,72,3,34,78
2025-01-28,WH_B,Central,SKU0079,Hardware,230,0,42,42
2025-01-28,WH_B,Central,SKU0080,Hardware,282,0,39,57
2025-01-28,WH_B,Central,SKU0081,Housewares,40,2,45,31
2025-01-28,WH_B,Central,SKU0082,Hardware,73,1,49,81
2025-01-28,WH_B,Central,SKU0083,Housewares,119,3,25,37
2025-01-28,WH_B,Central,SKU0084,Office,50,4,17,34
2025-01-28,WH_B,Central,SKU0085,Hardware,247,6,36,60
2025-01-28,WH_B,Central,SKU0086,Hardware,171,4,41,47
2025-01-28,WH_B,Central,SKU0087,Office,51,1,38,55
2025-01-28,WH_B,Central,SKU0088,Housewares,109,3,49,104
2025-01-28,WH_B,Central,SKU0089,Electronics,23,7,15,73
2025-01-28,WH_B,Central,SKU0090,Electronics,209,7,45,107
2025-01-28,WH_B,Central,SKU0091,Electronics,140,4,16,37
2025-01-28,WH_B,Central,SKU0092,Housewares,39,4,46,61
2025-01-28,WH_B,Central,SKU0093,Sports,41,0,36,102
2025-01-28,WH_B,Central,SKU0094,Hardware,24,0,16,89
2025-01-28,WH_B,Central,SKU0095,Electronics,119,6,44,41
2025-01-28,WH_B,Central,SKU0096,Hardware,81,5,17,113
2025-01-28,WH_B,Central,SKU0097,Office,144,0,25,50
2025-01-28,WH_B,Central,SKU0098,Housewares,39,1,21,56
2025-01-28,WH_B,Central,SKU0099,Office,165,0,39,102
2025-01-28,WH_B,Central,SKU0100,Office,29,1,47,90
2025-01-28,WH_C,West,SKU0001,Housewares,43,2,39,93
2025-01-28,WH_C,West,SKU0002,Electronics,73,2,26,45
2025-01-28,WH_C,West,SKU0003,Hardware,56,2,31,70
2025-01-28,WH_C,West,SKU0004,Hardware,116,4,41,44
2025-01-28,WH_C,West,SKU0005,Sports,144,0,22,102
2025-01-28,WH_C,West,SKU0006,Sports,84,2,50,38
2025-01-28,WH_C,West,SKU0007,Office,137,3,15,88
2025-01-28,WH_C,West,SKU0008,Electronics,136,0,34,61
2025-01-28,WH_C,West,SKU0009,Hardware,176,7,18,48
2025-01-28,WH_C,West,SKU0010,Electronics,109,0,34,67
2025-01-28,WH_C,West,SKU0011,Hardware,68,3,26,76
2025-01-28,WH_C,West,SKU0012,Housewares,69,2,20,112
2025-01-28,WH_C,West,SKU0013,Electronics,177,0,15,48
2025-01-28,WH_C,West,SKU0014,Electronics,135,2,26,57
2025-01-28,WH_C,West,SKU0015,Housewares,184,3,32,40
2025-01-28,WH_C,West,SKU0016,Housewares,58,3,16,104
2025-01-28,WH_C,West,SKU0017,Hardware,135,1,34,87
2025-01-28,WH_C,West,SKU0018,Housewares,147,1,26,78
2025-01-28,WH_C,West,SKU0019,Sports,196,1,16,56
2025-01-28,WH_C,West,SKU0020,Electronics,259,4,26,83
2025-01-28,WH_C,West,SKU0021,Sports,184,3,37,70
2025-01-28,WH_C,West,SKU0022,Sports,46,0,29,46
2025-01-28,WH_C,West,SKU0023,Hardware,212,4,41,40
2025-01-28,WH_C,West,SKU0024,Electronics,273,1,44,107
2025-01-28,WH_C,West,SKU0025,Office,100,3,50,33
2025-01-28,WH_C,West,SKU0026,Hardware,281,5,23,64
2025-01-28,WH_C,West,SKU0027,Electronics,153,0,37,104
2025-01-28,WH_C,West,SKU0028,Electronics,238,4,37,44
2025-01-28,WH_C,West,SKU0029,Sports,110,3,17,46
2025-01-28,WH_C,West,SKU0030,Housewares,31,5,21,103
2025-01-28,WH_C,West,SKU0031,Sports,175,2,22,70
2025-01-28,WH_C,West,SKU0032,Sports,159,5,20,51
2025-01-28,WH_C,West,SKU0033,Housewares,131,4,49,81
2025-01-28,WH_C,West,SKU0034,Office,198,2,33,107
2025-01-28,WH_C,West,SKU0035,Hardware,220,2,41,62
2025-01-28,WH_C,West,SKU0036,Housewares,125,1,50,84
2025-01-28,WH_C,West,SKU0037,Sports,153,2,41,46
2025-01-28,WH_C,West,SKU0038,Housewares,72,2,44,78
2025-01-28,WH_C,West,SKU0039,Office,26,2,15,94
2025-01-28,WH_C,West,SKU0040,Housewares,150,3,32,69
2025-01-28,WH_C,West,SKU0041,Sports,139,2,31,33
2025-01-28,WH_C,West,SKU0042,Electronics,199,0,29,86
2025-01-28,WH_C,West,SKU0043,Hardware,289,0,50,41
2025-01-28,WH_C,West,SKU0044,Hardware,224,4,22,103
2025-01-28,WH_C,West,SKU0045,Electronics,42,4,46,67
2025-01-28,WH_C,West,SKU0046,Hardware,244,3,23,40
2025-01-28,WH_C,West,SKU0047,Electronics,184,2,34,35
2025-01-28,WH_C,West,SKU0048,Hardware,47,5,40,103
2025-01-28,WH_C,West,SKU0049,Housewares,154,2,27,80
2025-01-28,WH_C,West,SKU0050,Hardware,255,4,23,55
2025-01-28,WH_C,West,SKU0051,Hardware,160,0,29,65
2025-01-28,WH_C,West,SKU0052,Hardware,230,4,32,95
2025-01-28,WH_C,West,SKU0053,Hardware,174,3,32,87
2025-01-28,WH_C,West,SKU0054,Office,40,1,47,50
2025-01-28,WH_C,West,SKU0055,Housewares,54,4,29,103
2025-01-28,WH_C,West,SKU0056,Housewares,144,2,41,70
2025-01-28,WH_C,West,SKU0057,Electronics,129,1,42,53
2025-01-28,WH_C,West,SKU0058,Sports,48,2,15,51
2025-01-28,WH_C,West,SKU0059,Electronics,58,4,25,55
2025-01-28,WH_C,West,SKU0060,Hardware,194,4,24,31
2025-01-28,WH_C,West,SKU0061,Office,102,0,36,30
2025-01-28,WH_C,West,SKU0062,Housewares,69,5,28,30
2025-01-28,WH_C,West,SKU0063,Housewares,41,2,16,32
2025-01-28,WH_C,West,SKU0064,Sports,155,2,48,78
2025-01-28,WH_C,West,SKU0065,Sports,84,0,33,81
2025-01-28,WH_C,West,SKU0066,Sports,132,2,30,105
2025-01-28,WH_C,West,SKU0067,Hardware,53,1,15,30
2025-01-28,WH_C,West,SKU0068,Electronics,216,3,48,103
2025-01-28,WH_C,West,SKU0069,Hardware,227,1,20,45
2025-01-28,WH_C,West,SKU0070,Hardware,133,1,22,81
2025-01-28,WH_C,West,SKU0071,Hardware,30,2,16,104
2025-01-28,WH_C,West,SKU0072,Office,43,3,39,102
2025-01-28,WH_C,West,SKU0073,Office,166,2,24,60
2025-01-28,WH_C,West,SKU0074,Hardware,88,6,46,55
2025-01-28,WH_C,West,SKU0075,Sports,134,3,49,103
2025-01-28,WH_C,West,SKU0076,Hardware,213,5,17,79
2025-01-28,WH_C,West,SKU0077,Office,15,1,49,73
2025-01-28,WH_C,West,SKU0078,Housewares,105,0,49,40
2025-01-28,WH_C,West,SKU0079,Hardware,234,3,42,91
2025-01-28,WH_C,West,SKU0080,Hardware,125,2,39,61
2025-01-28,WH_C,West,SKU0081,Housewares,23,5,18,32
2025-01-28,WH_C,West,SKU0082,Hardware,238,2,47,65
2025-01-28,WH_C,West,SKU0083,Housewares,194,3,29,61
2025-01-28,WH_C,West,SKU0084,Office,120,1,22,42
2025-01-28,WH_C,West,SKU0085,Hardware,108,4,43,40
2025-01-28,WH_C,West,SKU0086,Hardware,52,0,48,40
2025-01-28,WH_C,West,SKU0087,Office,81,0,20,114
2025-01-28,WH_C,West,SKU0088,Housewares,187,3,50,112
2025-01-28,WH_C,West,SKU0089,Electronics,164,4,31,72
2025-01-28,WH_C,West,SKU0090,Electronics,207,2,24,103
2025-01-28,WH_C,West,SKU0091,Electronics,149,3,24,32
2025-01-28,WH_C,West,SKU0092,Housewares,81,4,31,115
2025-01-28,WH_C,West,SKU0093,Sports,16,2,19,76
2025-01-28,WH_C,West,SKU0094,Hardware,93,5,35,60
2025-01-28,WH_C,West,SKU0095,Electronics,123,1,41,82
2025-01-28,WH_C,West,SKU0096,Hardware,40,2,43,71
2025-01-28,WH_C,West,SKU0097,Office,118,6,31,66
2025-01-28,WH_C,West,SKU0098,Housewares,177,3,32,81
2025-01-28,WH_C,West,SKU0099,Office,115,2,43,48
2025-01-28,WH_C,West,SKU0100,Office,40,0,21,37
2025-01-29,WH_A,East,SKU0001,Housewares,181,3,23,64
2025-01-29,WH_A,East,SKU0002,Electronics,258,1,16,47
2025-01-29,WH_A,East,SKU0003,Hardware,284,0,49,41
2025-01-29,WH_A,East,SKU0004,Hardware,296,5,47,49
2025-01-29,WH_A,East,SKU0005,Sports,64,0,29,95
2025-01-29,WH_A,East,SKU0006,Sports,136,5,33,30
2025-01-29,WH_A,East,SKU0007,Office,63,0,40,48
2025-01-29,WH_A,East,SKU0008,Electronics,32,2,48,74
2025-01-29,WH_A,East,SKU0009,Hardware,201,6,19,93
2025-01-29,WH_A,East,SKU0010,Electronics,102,4,35,47
2025-01-29,WH_A,East,SKU0011,Hardware,181,1,29,75
2025-01-29,WH_A,East,SKU0012,Housewares,162,1,27,82
2025-01-29,WH_A,East,SKU0013,Electronics,153,3,25,58
2025-01-29,WH_A,East,SKU0014,Electronics,139,5,44,32
2025-01-29,WH_A,East,SKU0015,Housewares,34,3,33,41
2025-01-29,WH_A,East,SKU0016,Housewares,80,4,21,101
2025-01-29,WH_A,East,SKU0017,Hardware,83,1,50,119
2025-01-29,WH_A,East,SKU0018,Housewares,110,3,21,100
2025-01-29,WH_A,East,SKU0019,Sports,54,1,41,38
2025-01-29,WH_A,East,SKU0020,Electronics,253,1,26,110
2025-01-29,WH_A,East,SKU0021,Sports,81,4,37,102
2025-01-29,WH_A,East,SKU0022,Sports,8,3,33,115
2025-01-29,WH_A,East,SKU0023,Hardware,172,3,22,34
2025-01-29,WH_A,East,SKU0024,Electronics,46,3,44,107
2025-01-29,WH_A,East,SKU0025,Office,68,4,29,37
2025-01-29,WH_A,East,SKU0026,Hardware,139,3,42,82
2025-01-29,WH_A,East,SKU0027,Electronics,37,1,18,40
2025-01-29,WH_A,East,SKU0028,Electronics,77,4,50,61
2025-01-29,WH_A,East,SKU0029,Sports,151,4,24,88
2025-01-29,WH_A,East,SKU0030,Housewares,39,4,16,41
2025-01-29,WH_A,East,SKU0031,Sports,73,4,27,46
2025-01-29,WH_A,East,SKU0032,Sports,166,0,42,38
2025-01-29,WH_A,East,SKU0033,Housewares,102,4,20,46
2025-01-29,WH_A,East,SKU0034,Office,51,2,31,98
2025-01-29,WH_A,East,SKU0035,Hardware,165,1,15,93
2025-01-29,WH_A,East,SKU0036,Housewares,119,1,42,71
2025-01-29,WH_A,East,SKU0037,Sports,56,5,31,69
2025-01-29,WH_A,East,SKU0038,Housewares,94,2,17,69
2025-01-29,WH_A,East,SKU0039,Office,175,1,26,48
2025-01-29,WH_A,East,SKU0040,Housewares,145,3,41,58
2025-01-29,WH_A,East,SKU0041,Sports,172,1,34,79
2025-01-29,WH_A,East,SKU0042,Electronics,28,2,21,109
2025-01-29,WH_A,East,SKU0043,Hardware,60,6,36,60
2025-01-29,WH_A,East,SKU0044,Hardware,10,2,38,93
2025-01-29,WH_A,East,SKU0045,Electronics,248,4,28,69
2025-01-29,WH_A,East,SKU0046,Hardware,206,4,24,63
2025-01-29,WH_A,East,SKU0047,Electronics,115,1,37,101
2025-01-29,WH_A,East,SKU0048,Hardware,189,4,20,92
2025-01-29,WH_A,East,SKU0049,Housewares,133,5,49,51
2025-01-29,WH_A,East,SKU0050,Hardware,89,5,35,42
2025-01-29,WH_A,East,SKU0051,Hardware,273,2,23,88
2025-01-29,WH_A,East,SKU0052,Hardware,267,2,26,80
2025-01-29,WH_A,East,SKU0053,Hardware,183,6,15,95
2025-01-29,WH_A,East,SKU0054,Office,122,3,41,120
2025-01-29,WH_A,East,SKU0055,Housewares,122,8,37,119
2025-01-29,WH_A,East,SKU0056,Housewares,110,1,24,46
2025-01-29,WH_A,East,SKU0057,Electronics,112,2,19,109
2025-01-29,WH_A,East,SKU0058,Sports,135,2,41,99
2025-01-29,WH_A,East,SKU0059,Electronics,180,3,47,64
2025-01-29,WH_A,East,SKU0060,Hardware,245,3,33,90
2025-01-29,WH_A,East,SKU0061,Office,150,4,20,114
2025-01-29,WH_A,East,SKU0062,Housewares,68,5,18,111
2025-01-29,WH_A,East,SKU0063,Housewares,75,2,38,31
2025-01-29,WH_A,East,SKU0064,Sports,21,2,41,43
2025-01-29,WH_A,East,SKU0065,Sports,144,4,34,94
2025-01-29,WH_A,East,SKU0066,Sports,167,4,45,68
2025-01-29,WH_A,East,SKU0067,Hardware,68,5,23,60
2025-01-29,WH_A,East,SKU0068,Electronics,135,0,32,56
2025-01-29,WH_A,East,SKU0069,Hardware,132,7,18,69
2025-01-29,WH_A,East,SKU0070,Hardware,173,2,39,100
2025-01-29,WH_A,East,SKU0071,Hardware,80,2,22,49
2025-01-29,WH_A,East,SKU0072,Office,34,3,36,111
2025-01-29,WH_A,East,SKU0073,Office,140,3,31,107
2025-01-29,WH_A,East,SKU0074,Hardware,144,2,25,75
2025-01-29,WH_A,East,SKU0075,Sports,79,3,26,32
2025-01-29,WH_A,East,SKU0076,Hardware,184,2,32,66
2025-01-29,WH_A,East,SKU0077,Office,183,6,20,45
2025-01-29,WH_A,East,SKU0078,Housewares,53,4,46,55
2025-01-29,WH_A,East,SKU0079,Hardware,242,3,50,40
2025-01-29,WH_A,East,SKU0080,Hardware,197,4,24,89
2025-01-29,WH_A,East,SKU0081,Housewares,67,3,15,115
2025-01-29,WH_A,East,SKU0082,Hardware,163,2,29,69
2025-01-29,WH_A,East,SKU0083,Housewares,73,1,36,116
2025-01-29,WH_A,East,SKU0084,Office,166,5,33,94
2025-01-29,WH_A,East,SKU0085,Hardware,200,4,26,38
2025-01-29,WH_A,East,SKU0086,Hardware,207,2,48,65
2025-01-29,WH_A,East,SKU0087,Office,173,1,41,98
2025-01-29,WH_A,East,SKU0088,Housewares,11,3,40,81
2025-01-29,WH_A,East,SKU0089,Electronics,131,2,16,74
2025-01-29,WH_A,East,SKU0090,Electronics,58,3,21,35
2025-01-29,WH_A,East,SKU0091,Electronics,92,3,20,50
2025-01-29,WH_A,East,SKU0092,Housewares,88,0,34,55
2025-01-29,WH_A,East,SKU0093,Sports,179,3,32,40
2025-01-29,WH_A,East,SKU0094,Hardware,95,4,30,33
2025-01-29,WH_A,East,SKU0095,Electronics,72,0,40,36
2025-01-29,WH_A,East,SKU0096,Hardware,153,5,48,84
2025-01-29,WH_A,East,SKU0097,Office,8,3,30,93
2025-01-29,WH_A,East,SKU0098,Housewares,50,3,21,112
2025-01-29,WH_A,East,SKU0099,Office,159,7,39,36
2025-01-29,WH_A,East,SKU0100,Office,41,3,27,50
2025-01-29,WH_B,Central,SKU0001,Housewares,31,3,27,43
2025-01-29,WH_B,Central,SKU0002,Electronics,254,2,43,100
2025-01-29,WH_B,Central,SKU0003,Hardware,230,0,18,40
2025-01-29,WH_B,Central,SKU0004,Hardware,63,3,32,34
2025-01-29,WH_B,Central,SKU0005,Sports,16,5,28,68
2025-01-29,WH_B,Central,SKU0006,Sports,136,2,22,60
2025-01-29,WH_B,Central,SKU0007,Office,46,2,46,42
2025-01-29,WH_B,Central,SKU0008,Electronics,240,5,44,113
2025-01-29,WH_B,Central,SKU0009,Hardware,215,3,41,35
2025-01-29,WH_B,Central,SKU0010,Electronics,66,3,39,49
2025-01-29,WH_B,Central,SKU0011,Hardware,162,3,18,94
2025-01-29,WH_B,Central,SKU0012,Housewares,90,4,21,104
2025-01-29,WH_B,Central,SKU0013,Electronics,253,3,33,111
2025-01-29,WH_B,Central,SKU0014,Electronics,192,2,48,72
2025-01-29,WH_B,Central,SKU0015,Housewares,109,3,15,110
2025-01-29,WH_B,Central,SKU0016,Housewares,50,3,19,56
2025-01-29,WH_B,Central,SKU0017,Hardware,184,0,36,58
2025-01-29,WH_B,Central,SKU0018,Housewares,106,3,48,51
2025-01-29,WH_B,Central,SKU0019,Sports,202,1,22,32
2025-01-29,WH_B,Central,SKU0020,Electronics,184,4,25,101
2025-01-29,WH_B,Central,SKU0021,Sports,152,3,43,96
2025-01-29,WH_B,Central,SKU0022,Sports,17,2,45,47
2025-01-29,WH_B,Central,SKU0023,Hardware,190,1,18,59
2025-01-29,WH_B,Central,SKU0024,Electronics,199,1,22,83
2025-01-29,WH_B,Central,SKU0025,Office,48,3,42,33
2025-01-29,WH_B,Central,SKU0026,Hardware,219,0,47,44
2025-01-29,WH_B,Central,SKU0027,Electronics,272,1,45,49
2025-01-29,WH_B,Central,SKU0028,Electronics,80,6,27,116
2025-01-29,WH_B,Central,SKU0029,Sports,179,2,39,62
2025-01-29,WH_B,Central,SKU0030,Housewares,142,1,46,45
2025-01-29,WH_B,Central,SKU0031,Sports,165,4,27,92
2025-01-29,WH_B,Central,SKU0032,Sports,100,0,29,35
2025-01-29,WH_B,Central,SKU0033,Housewares,120,4,41,101
2025-01-29,WH_B,Central,SKU0034,Office,48,3,15,53
2025-01-29,WH_B,Central,SKU0035,Hardware,121,0,50,31
2025-01-29,WH_B,Central,SKU0036,Housewares,201,3,50,76
2025-01-29,WH_B,Central,SKU0037,Sports,119,2,44,94
2025-01-29,WH_B,Central,SKU0038,Housewares,25,4,15,51
2025-01-29,WH_B,Central,SKU0039,Office,193,4,31,115
2025-01-29,WH_B,Central,SKU0040,Housewares,92,4,27,47
2025-01-29,WH_B,Central,SKU0041,Sports,85,2,40,53
2025-01-29,WH_B,Central,SKU0042,Electronics,80,5,22,80
2025-01-29,WH_B,Central,SKU0043,Hardware,230,4,17,79
2025-01-29,WH_B,Central,SKU0044,Hardware,243,0,39,100
2025-01-29,WH_B,Central,SKU0045,Electronics,165,0,44,63
2025-01-29,WH_B,Central,SKU0046,Hardware,149,4,45,32
2025-01-29,WH_B,Central,SKU0047,Electronics,171,1,43,117
2025-01-29,WH_B,Central,SKU0048,Hardware,273,0,37,38
2025-01-29,WH_B,Central,SKU0049,Housewares,138,3,22,61
2025-01-29,WH_B,Central,SKU0050,Hardware,233,3,38,119
2025-01-29,WH_B,Central,SKU0051,Hardware,83,2,20,71
2025-01-29,WH_B,Central,SKU0052,Hardware,28,7,22,82
2025-01-29,WH_B,Central,SKU0053,Hardware,146,0,24,79
2025-01-29,WH_B,Central,SKU0054,Office,34,2,15,91
2025-01-29,WH_B,Central,SKU0055,Housewares,32,0,28,55
2025-01-29,WH_B,Central,SKU0056,Housewares,108,0,17,113
2025-01-29,WH_B,Central,SKU0057,Electronics,211,2,31,50
2025-01-29,WH_B,Central,SKU0058,Sports,92,1,28,119
2025-01-29,WH_B,Central,SKU0059,Electronics,268,4,22,109
2025-01-29,WH_B,Central,SKU0060,Hardware,224,4,29,103
2025-01-29,WH_B,Central,SKU0061,Office,53,1,33,99
2025-01-29,WH_B,Central,SKU0062,Housewares,92,4,47,38
2025-01-29,WH_B,Central,SKU0063,Housewares,54,3,16,31
2025-01-29,WH_B,Central,SKU0064,Sports,100,3,21,84
2025-01-29,WH_B,Central,SKU0065,Sports,171,0,19,31
2025-01-29,WH_B,Central,SKU0066,Sports,95,6,29,35
2025-01-29,WH_B,Central,SKU0067,Hardware,79,2,21,77
2025-01-29,WH_B,Central,SKU0068,Electronics,53,3,39,90
2025-01-29,WH_B,Central,SKU0069,Hardware,164,2,50,79
2025-01-29,WH_B,Central,SKU0070,Hardware,281,6,33,81
2025-01-29,WH_B,Central,SKU0071,Hardware,124,7,29,115
2025-01-29,WH_B,Central,SKU0072,Office,170,6,36,59
2025-01-29,WH_B,Central,SKU0073,Office,91,3,50,41
2025-01-29,WH_B,Central,SKU0074,Hardware,67,1,15,71
2025-01-29,WH_B,Central,SKU0075,Sports,24,4,22,65
2025-01-29,WH_B,Central,SKU0076,Hardware,198,6,41,63
2025-01-29,WH_B,Central,SKU0077,Office,45,6,46,94
2025-01-29,WH_B,Central,SKU0078,Housewares,179,2,42,45
2025-01-29,WH_B,Central,SKU0079,Hardware,137,1,45,61
2025-01-29,WH_B,Central,SKU0080,Hardware,224,2,36,71
2025-01-29,WH_B,Central,SKU0081,Housewares,60,6,23,99
2025-01-29,WH_B,Central,SKU0082,Hardware,56,1,43,93
2025-01-29,WH_B,Central,SKU0083,Housewares,98,2,21,47
2025-01-29,WH_B,Central,SKU0084,Office,68,0,38,102
2025-01-29,WH_B,Central,SKU0085,Hardware,226,3,47,42
2025-01-29,WH_B,Central,SKU0086,Hardware,141,4,38,63
2025-01-29,WH_B,Central,SKU0087,Office,47,0,39,111
2025-01-29,WH_B,Central,SKU0088,Housewares,22,6,44,50
2025-01-29,WH_B,Central,SKU0089,Electronics,106,0,39,32
2025-01-29,WH_B,Central,SKU0090,Electronics,94,2,33,67
2025-01-29,WH_B,Central,SKU0091,Electronics,164,2,38,65
2025-01-29,WH_B,Central,SKU0092,Housewares,133,3,44,89
2025-01-29,WH_B,Central,SKU0093,Sports,73,1,17,75
2025-01-29,WH_B,Central,SKU0094,Hardware,50,1,43,43
2025-01-29,WH_B,Central,SKU0095,Electronics,20,4,44,56
2025-01-29,WH_B,Central,SKU0096,Hardware,53,3,47,89
2025-01-29,WH_B,Central,SKU0097,Office,55,1,38,79
2025-01-29,WH_B,Central,SKU0098,Housewares,76,3,45,98
2025-01-29,WH_B,Central,SKU0099,Office,195,6,29,91
2025-01-29,WH_B,Central,SKU0100,Office,197,3,18,57
2025-01-29,WH_C,West,SKU0001,Housewares,47,3,46,70
2025-01-29,WH_C,West,SKU0002,Electronics,126,3,29,97
2025-01-29,WH_C,West,SKU0003,Hardware,20,2,26,86
2025-01-29,WH_C,West,SKU0004,Hardware,149,4,19,68
2025-01-29,WH_C,West,SKU0005,Sports,138,2,35,120
2025-01-29,WH_C,West,SKU0006,Sports,128,2,26,79
2025-01-29,WH_C,West,SKU0007,Office,42,4,25,102
2025-01-29,WH_C,West,SKU0008,Electronics,114,5,36,63
2025-01-29,WH_C,West,SKU0009,Hardware,170,4,48,81
2025-01-29,WH_C,West,SKU0010,Electronics,77,0,43,53
2025-01-29,WH_C,West,SKU0011,Hardware,239,5,48,68
2025-01-29,WH_C,West,SKU0012,Housewares,28,3,43,83
2025-01-29,WH_C,West,SKU0013,Electronics,193,4,31,47
2025-01-29,WH_C,West,SKU0014,Electronics,16,3,43,113
2025-01-29,WH_C,West,SKU0015,Housewares,114,5,28,48
2025-01-29,WH_C,West,SKU0016,Housewares,152,5,19,120
2025-01-29,WH_C,West,SKU0017,Hardware,89,1,36,56
2025-01-29,WH_C,West,SKU0018,Housewares,171,1,40,90
2025-01-29,WH_C,West,SKU0019,Sports,110,4,23,75
2025-01-29,WH_C,West,SKU0020,Electronics,238,6,23,57
2025-01-29,WH_C,West,SKU0021,Sports,157,3,42,94
2025-01-29,WH_C,West,SKU0022,Sports,137,6,18,82
2025-01-29,WH_C,West,SKU0023,Hardware,270,2,16,63
2025-01-29,WH_C,West,SKU0024,Electronics,204,2,48,80
2025-01-29,WH_C,West,SKU0025,Office,161,5,29,52
2025-01-29,WH_C,West,SKU0026,Hardware,29,2,36,77
2025-01-29,WH_C,West,SKU0027,Electronics,118,3,31,30
2025-01-29,WH_C,West,SKU0028,Electronics,144,4,16,117
2025-01-29,WH_C,West,SKU0029,Sports,145,2,24,90
2025-01-29,WH_C,West,SKU0030,Housewares,77,3,41,40
2025-01-29,WH_C,West,SKU0031,Sports,96,5,43,84
2025-01-29,WH_C,West,SKU0032,Sports,85,4,15,70
2025-01-29,WH_C,West,SKU0033,Housewares,84,5,35,82
2025-01-29,WH_C,West,SKU0034,Office,146,3,18,90
2025-01-29,WH_C,West,SKU0035,Hardware,215,3,44,93
2025-01-29,WH_C,West,SKU0036,Housewares,93,3,37,62
2025-01-29,WH_C,West,SKU0037,Sports,62,4,42,39
2025-01-29,WH_C,West,SKU0038,Housewares,168,1,16,60
2025-01-29,WH_C,West,SKU0039,Office,160,0,31,48
2025-01-29,WH_C,West,SKU0040,Housewares,80,2,45,56
2025-01-29,WH_C,West,SKU0041,Sports,125,4,23,88
2025-01-29,WH_C,West,SKU0042,Electronics,106,0,26,37
2025-01-29,WH_C,West,SKU0043,Hardware,288,3,26,52
2025-01-29,WH_C,West,SKU0044,Hardware,251,1,24,91
2025-01-29,WH_C,West,SKU0045,Electronics,61,0,21,39
2025-01-29,WH_C,West,SKU0046,Hardware,210,5,38,113
2025-01-29,WH_C,West,SKU0047,Electronics,207,2,42,107
2025-01-29,WH_C,West,SKU0048,Hardware,68,4,46,43
2025-01-29,WH_C,West,SKU0049,Housewares,145,1,25,37
2025-01-29,WH_C,West,SKU0050,Hardware,121,6,25,108
2025-01-29,WH_C,West,SKU0051,Hardware,204,0,38,44
2025-01-29,WH_C,West,SKU0052,Hardware,127,0,32,100
2025-01-29,WH_C,West,SKU0053,Hardware,183,4,50,59
2025-01-29,WH_C,West,SKU0054,Office,22,5,38,52
2025-01-29,WH_C,West,SKU0055,Housewares,60,2,42,104
2025-01-29,WH_C,West,SKU0056,Housewares,17,7,28,104
2025-01-29,WH_C,West,SKU0057,Electronics,98,3,26,33
2025-01-29,WH_C,West,SKU0058,Sports,79,3,41,102
2025-01-29,WH_C,West,SKU0059,Electronics,218,3,15,42
2025-01-29,WH_C,West,SKU0060,Hardware,133,0,26,116
2025-01-29,WH_C,West,SKU0061,Office,118,5,32,93
2025-01-29,WH_C,West,SKU0062,Housewares,33,6,18,84
2025-01-29,WH_C,West,SKU0063,Housewares,173,2,16,39
2025-01-29,WH_C,West,SKU0064,Sports,129,2,44,32
2025-01-29,WH_C,West,SKU0065,Sports,101,6,20,81
2025-01-29,WH_C,West,SKU0066,Sports,70,1,43,35
2025-01-29,WH_C,West,SKU0067,Hardware,150,3,15,34
2025-01-29,WH_C,West,SKU0068,Electronics,119,3,27,56
2025-01-29,WH_C,West,SKU0069,Hardware,107,0,41,88
2025-01-29,WH_C,West,SKU0070,Hardware,100,5,31,65
2025-01-29,WH_C,West,SKU0071,Hardware,156,6,29,44
2025-01-29,WH_C,West,SKU0072,Office,125,3,25,102
2025-01-29,WH_C,West,SKU0073,Office,87,2,43,85
2025-01-29,WH_C,West,SKU0074,Hardware,107,4,50,30
2025-01-29,WH_C,West,SKU0075,Sports,166,2,29,102
2025-01-29,WH_C,West,SKU0076,Hardware,25,3,40,71
2025-01-29,WH_C,West,SKU0077,Office,90,2,18,50
2025-01-29,WH_C,West,SKU0078,Housewares,127,0,50,71
2025-01-29,WH_C,West,SKU0079,Hardware,43,1,29,107
2025-01-29,WH_C,West,SKU0080,Hardware,114,0,23,89
2025-01-29,WH_C,West,SKU0081,Housewares,189,4,25,93
2025-01-29,WH_C,West,SKU0082,Hardware,97,3,49,41
2025-01-29,WH_C,West,SKU0083,Housewares,67,2,22,79
2025-01-29,WH_C,West,SKU0084,Office,72,4,37,113
2025-01-29,WH_C,West,SKU0085,Hardware,31,0,34,102
2025-01-29,WH_C,West,SKU0086,Hardware,176,4,18,46
2025-01-29,WH_C,West,SKU0087,Office,132,4,41,87
2025-01-29,WH_C,West,SKU0088,Housewares,100,3,36,51
2025-01-29,WH_C,West,SKU0089,Electronics,196,0,25,100
2025-01-29,WH_C,West,SKU0090,Electronics,266,2,34,75
2025-01-29,WH_C,West,SKU0091,Electronics,131,0,46,63
2025-01-29,WH_C,West,SKU0092,Housewares,192,2,38,32
2025-01-29,WH_C,West,SKU0093,Sports,118,1,15,94
2025-01-29,WH_C,West,SKU0094,Hardware,225,5,42,68
2025-01-29,WH_C,West,SKU0095,Electronics,45,5,41,93
2025-01-29,WH_C,West,SKU0096,Hardware,148,5,41,32
2025-01-29,WH_C,West,SKU0097,Office,66,1,17,99
2025-01-29,WH_C,West,SKU0098,Housewares,19,1,21,102
2025-01-29,WH_C,West,SKU0099,Office,63,1,17,51
2025-01-29,WH_C,West,SKU0100,Office,56,3,19,77
2025-01-30,WH_A,East,SKU0001,Housewares,102,2,30,109
2025-01-30,WH_A,East,SKU0002,Electronics,52,2,32,63
2025-01-30,WH_A,East,SKU0003,Hardware,218,4,17,104
2025-01-30,WH_A,East,SKU0004,Hardware,106,3,26,50
2025-01-30,WH_A,East,SKU0005,Sports,83,3,27,61
2025-01-30,WH_A,East,SKU0006,Sports,53,0,26,30
2025-01-30,WH_A,East,SKU0007,Office,48,0,30,75
2025-01-30,WH_A,East,SKU0008,Electronics,46,2,17,49
2025-01-30,WH_A,East,SKU0009,Hardware,167,3,36,74
2025-01-30,WH_A,East,SKU0010,Electronics,29,3,22,109
2025-01-30,WH_A,East,SKU0011,Hardware,110,2,36,66
2025-01-30,WH_A,East,SKU0012,Housewares,103,3,17,58
2025-01-30,WH_A,East,SKU0013,Electronics,179,0,47,100
2025-01-30,WH_A,East,SKU0014,Electronics,225,6,33,118
2025-01-30,WH_A,East,SKU0015,Housewares,87,4,27,61
2025-01-30,WH_A,East,SKU0016,Housewares,74,6,25,67
2025-01-30,WH_A,East,SKU0017,Hardware,135,2,40,50
2025-01-30,WH_A,East,SKU0018,Housewares,161,2,42,46
2025-01-30,WH_A,East,SKU0019,Sports,51,0,49,33
2025-01-30,WH_A,East,SKU0020,Electronics,146,0,49,112
2025-01-30,WH_A,East,SKU0021,Sports,80,0,22,46
2025-01-30,WH_A,East,SKU0022,Sports,86,0,32,41
2025-01-30,WH_A,East,SKU0023,Hardware,91,5,18,86
2025-01-30,WH_A,East,SKU0024,Electronics,143,2,40,70
2025-01-30,WH_A,East,SKU0025,Office,174,3,23,37
2025-01-30,WH_A,East,SKU0026,Hardware,69,4,24,61
2025-01-30,WH_A,East,SKU0027,Electronics,218,1,40,55
2025-01-30,WH_A,East,SKU0028,Electronics,51,4,45,88
2025-01-30,WH_A,East,SKU0029,Sports,84,0,38,65
2025-01-30,WH_A,East,SKU0030,Housewares,62,3,19,31
2025-01-30,WH_A,East,SKU0031,Sports,110,1,26,106
2025-01-30,WH_A,East,SKU0032,Sports,80,1,20,102
2025-01-30,WH_A,East,SKU0033,Housewares,78,0,43,73
2025-01-30,WH_A,East,SKU0034,Office,176,1,21,105
2025-01-30,WH_A,East,SKU0035,Hardware,59,4,26,80
2025-01-30,WH_A,East,SKU0036,Housewares,128,3,19,119
2025-01-30,WH_A,East,SKU0037,Sports,62,1,21,91
2025-01-30,WH_A,East,SKU0038,Housewares,122,8,29,81
2025-01-30,WH_A,East,SKU0039,Office,32,2,42,65
2025-01-30,WH_A,East,SKU0040,Housewares,145,1,35,49
2025-01-30,WH_A,East,SKU0041,Sports,198,1,47,110
2025-01-30,WH_A,East,SKU0042,Electronics,172,1,31,79
2025-01-30,WH_A,East,SKU0043,Hardware,76,1,24,119
2025-01-30,WH_A,East,SKU0044,Hardware,32,4,42,45
2025-01-30,WH_A,East,SKU0045,Electronics,177,3,29,33
2025-01-30,WH_A,East,SKU0046,Hardware,11,0,25,114
2025-01-30,WH_A,East,SKU0047,Electronics,222,1,32,70
2025-01-30,WH_A,East,SKU0048,Hardware,71,3,32,37
2025-01-30,WH_A,East,SKU0049,Housewares,62,4,25,120
2025-01-30,WH_A,East,SKU0050,Hardware,67,3,19,75
2025-01-30,WH_A,East,SKU0051,Hardware,286,3,29,72
2025-01-30,WH_A,East,SKU0052,Hardware,169,4,15,70
2025-01-30,WH_A,East,SKU0053,Hardware,56,5,32,56
2025-01-30,WH_A,East,SKU0054,Office,57,2,21,104
2025-01-30,WH_A,East,SKU0055,Housewares,185,5,21,68
2025-01-30,WH_A,East,SKU0056,Housewares,84,6,18,96
2025-01-30,WH_A,East,SKU0057,Electronics,197,4,46,105
2025-01-30,WH_A,East,SKU0058,Sports,127,2,23,63
2025-01-30,WH_A,East,SKU0059,Electronics,195,4,23,77
2025-01-30,WH_A,East,SKU0060,Hardware,282,3,31,46
2025-01-30,WH_A,East,SKU0061,Office,60,4,20,94
2025-01-30,WH_A,East,SKU0062,Housewares,150,6,30,120
2025-01-30,WH_A,East,SKU0063,Housewares,64,5,35,119
2025-01-30,WH_A,East,SKU0064,Sports,157,5,22,105
2025-01-30,WH_A,East,SKU0065,Sports,69,3,15,68
2025-01-30,WH_A,East,SKU0066,Sports,163,4,45,93
2025-01-30,WH_A,East,SKU0067,Hardware,38,5,42,93
2025-01-30,WH_A,East,SKU0068,Electronics,243,2,39,103
2025-01-30,WH_A,East,SKU0069,Hardware,106,4,28,60
2025-01-30,WH_A,East,SKU0070,Hardware,92,2,50,85
2025-01-30,WH_A,East,SKU0071,Hardware,162,1,21,75
2025-01-30,WH_A,East,SKU0072,Office,195,2,18,51
2025-01-30,WH_A,East,SKU0073,Office,91,0,44,99
2025-01-30,WH_A,East,SKU0074,Hardware,266,3,33,85
2025-01-30,WH_A,East,SKU0075,Sports,109,0,18,96
2025-01-30,WH_A,East,SKU0076,Hardware,147,0,47,75
2025-01-30,WH_A,East,SKU0077,Office,149,6,48,54
2025-01-30,WH_A,East,SKU0078,Housewares,146,4,25,71
2025-01-30,WH_A,East,SKU0079,Hardware,282,2,42,120
2025-01-30,WH_A,East,SKU0080,Hardware,203,0,23,81
2025-01-30,WH_A,East,SKU0081,Housewares,80,6,16,95
2025-01-30,WH_A,East,SKU0082,Hardware,123,7,40,91
2025-01-30,WH_A,East,SKU0083,Housewares,48,3,25,76
2025-01-30,WH_A,East,SKU0084,Office,112,2,28,111
2025-01-30,WH_A,East,SKU0085,Hardware,127,0,38,40
2025-01-30,WH_A,East,SKU0086,Hardware,257,1,40,51
2025-01-30,WH_A,East,SKU0087,Office,160,0,25,52
2025-01-30,WH_A,East,SKU0088,Housewares,75,1,37,31
2025-01-30,WH_A,East,SKU0089,Electronics,60,3,49,53
2025-01-30,WH_A,East,SKU0090,Electronics,143,2,40,51
2025-01-30,WH_A,East,SKU0091,Electronics,148,3,43,52
2025-01-30,WH_A,East,SKU0092,Housewares,162,3,41,54
2025-01-30,WH_A,East,SKU0093,Sports,166,6,31,53
2025-01-30,WH_A,East,SKU0094,Hardware,250,3,15,41
2025-01-30,WH_A,East,SKU0095,Electronics,89,5,25,61
2025-01-30,WH_A,East,SKU0096,Hardware,137,2,20,66
2025-01-30,WH_A,East,SKU0097,Office,167,3,26,106
2025-01-30,WH_A,East,SKU0098,Housewares,0,0,15,107
2025-01-30,WH_A,East,SKU0099,Office,192,1,41,80
2025-01-30,WH_A,East,SKU0100,Office,51,4,43,35
2025-01-30,WH_B,Central,SKU0001,Housewares,54,2,41,81
2025-01-30,WH_B,Central,SKU0002,Electronics,15,2,31,73
2025-01-30,WH_B,Central,SKU0003,Hardware,19,2,38,85
2025-01-30,WH_B,Central,SKU0004,Hardware,97,3,26,38
2025-01-30,WH_B,Central,SKU0005,Sports,126,3,33,112
2025-01-30,WH_B,Central,SKU0006,Sports,19,1,16,59
2025-01-30,WH_B,Central,SKU0007,Office,184,7,19,36
2025-01-30,WH_B,Central,SKU0008,Electronics,57,1,29,61
2025-01-30,WH_B,Central,SKU0009,Hardware,161,4,27,98
2025-01-30,WH_B,Central,SKU0010,Electronics,255,8,26,47
2025-01-30,WH_B,Central,SKU0011,Hardware,78,3,34,89
2025-01-30,WH_B,Central,SKU0012,Housewares,58,5,20,105
2025-01-30,WH_B,Central,SKU0013,Electronics,86,2,39,30
2025-01-30,WH_B,Central,SKU0014,Electronics,290,8,17,83
2025-01-30,WH_B,Central,SKU0015,Housewares,32,2,48,48
2025-01-30,WH_B,Central,SKU0016,Housewares,127,7,46,114
2025-01-30,WH_B,Central,SKU0017,Hardware,47,1,35,81
2025-01-30,WH_B,Central,SKU0018,Housewares,88,3,40,44
2025-01-30,WH_B,Central,SKU0019,Sports,200,1,41,37
2025-01-30,WH_B,Central,SKU0020,Electronics,191,0,42,46
2025-01-30,WH_B,Central,SKU0021,Sports,130,2,33,57
2025-01-30,WH_B,Central,SKU0022,Sports,158,5,37,31
2025-01-30,WH_B,Central,SKU0023,Hardware,34,2,35,59
2025-01-30,WH_B,Central,SKU0024,Electronics,195,3,26,55
2025-01-30,WH_B,Central,SKU0025,Office,101,3,42,41
2025-01-30,WH_B,Central,SKU0026,Hardware,180,5,42,114
2025-01-30,WH_B,Central,SKU0027,Electronics,92,0,29,116
2025-01-30,WH_B,Central,SKU0028,Electronics,82,3,28,55
2025-01-30,WH_B,Central,SKU0029,Sports,127,5,22,31
2025-01-30,WH_B,Central,SKU0030,Housewares,178,4,31,66
2025-01-30,WH_B,Central,SKU0031,Sports,39,0,42,68
2025-01-30,WH_B,Central,SKU0032,Sports,45,4,27,42
2025-01-30,WH_B,Central,SKU0033,Housewares,109,6,37,65
2025-01-30,WH_B,Central,SKU0034,Office,104,5,22,55
2025-01-30,WH_B,Central,SKU0035,Hardware,193,3,26,89
2025-01-30,WH_B,Central,SKU0036,Housewares,128,4,39,96
2025-01-30,WH_B,Central,SKU0037,Sports,115,4,45,83
2025-01-30,WH_B,Central,SKU0038,Housewares,44,1,42,118
2025-01-30,WH_B,Central,SKU0039,Office,71,3,31,107
2025-01-30,WH_B,Central,SKU0040,Housewares,84,2,26,109
2025-01-30,WH_B,Central,SKU0041,Sports,35,2,32,84
2025-01-30,WH_B,Central,SKU0042,Electronics,64,0,45,71
2025-01-30,WH_B,Central,SKU0043,Hardware,161,4,21,95
2025-01-30,WH_B,Central,SKU0044,Hardware,218,1,43,32
2025-01-30,WH_B,Central,SKU0045,Electronics,37,1,46,109
2025-01-30,WH_B,Central,SKU0046,Hardware,258,2,27,52
2025-01-30,WH_B,Central,SKU0047,Electronics,146,1,26,35
2025-01-30,WH_B,Central,SKU0048,Hardware,95,1,33,101
2025-01-30,WH_B,Central,SKU0049,Housewares,66,2,43,69
2025-01-30,WH_B,Central,SKU0050,Hardware,116,0,32,39
2025-01-30,WH_B,Central,SKU0051,Hardware,203,3,25,58
2025-01-30,WH_B,Central,SKU0052,Hardware,135,4,37,84
2025-01-30,WH_B,Central,SKU0053,Hardware,159,4,27,94
2025-01-30,WH_B,Central,SKU0054,Office,122,0,31,87
2025-01-30,WH_B,Central,SKU0055,Housewares,166,4,15,51
2025-01-30,WH_B,Central,SKU0056,Housewares,125,4,33,98
2025-01-30,WH_B,Central,SKU0057,Electronics,172,0,29,78
2025-01-30,WH_B,Central,SKU0058,Sports,51,3,41,101
2025-01-30,WH_B,Central,SKU0059,Electronics,242,2,17,65
2025-01-30,WH_B,Central,SKU0060,Hardware,273,4,44,52
2025-01-30,WH_B,Central,SKU0061,Office,58,6,48,85
2025-01-30,WH_B,Central,SKU0062,Housewares,191,0,32,38
2025-01-30,WH_B,Central,SKU0063,Housewares,187,6,15,30
2025-01-30,WH_B,Central,SKU0064,Sports,177,4,36,59
2025-01-30,WH_B,Central,SKU0065,Sports,148,2,36,110
2025-01-30,WH_B,Central,SKU0066,Sports,84,0,45,64
2025-01-30,WH_B,Central,SKU0067,Hardware,91,5,20,80
2025-01-30,WH_B,Central,SKU0068,Electronics,130,4,30,71
2025-01-30,WH_B,Central,SKU0069,Hardware,255,3,16,34
2025-01-30,WH_B,Central,SKU0070,Hardware,233,1,29,91
2025-01-30,WH_B,Central,SKU0071,Hardware,238,4,19,63
2025-01-30,WH_B,Central,SKU0072,Office,182,0,42,36
2025-01-30,WH_B,Central,SKU0073,Office,110,0,46,112
2025-01-30,WH_B,Central,SKU0074,Hardware,273,0,41,42
2025-01-30,WH_B,Central,SKU0075,Sports,109,3,29,88
2025-01-30,WH_B,Central,SKU0076,Hardware,209,2,48,63
2025-01-30,WH_B,Central,SKU0077,Office,108,4,28,88
2025-01-30,WH_B,Central,SKU0078,Housewares,23,0,40,78
2025-01-30,WH_B,Central,SKU0079,Hardware,59,2,49,87
2025-01-30,WH_B,Central,SKU0080,Hardware,245,2,37,83
2025-01-30,WH_B,Central,SKU0081,Housewares,79,3,41,89
2025-01-30,WH_B,Central,SKU0082,Hardware,81,5,39,59
2025-01-30,WH_B,Central,SKU0083,Housewares,132,1,50,38
2025-01-30,WH_B,Central,SKU0084,Office,117,3,34,118
2025-01-30,WH_B,Central,SKU0085,Hardware,45,3,48,77
2025-01-30,WH_B,Central,SKU0086,Hardware,231,3,17,37
2025-01-30,WH_B,Central,SKU0087,Office,42,3,43,90
2025-01-30,WH_B,Central,SKU0088,Housewares,185,4,25,103
2025-01-30,WH_B,Central,SKU0089,Electronics,72,2,15,96
2025-01-30,WH_B,Central,SKU0090,Electronics,133,2,36,35
2025-01-30,WH_B,Central,SKU0091,Electronics,277,1,44,113
2025-01-30,WH_B,Central,SKU0092,Housewares,149,5,39,32
2025-01-30,WH_B,Central,SKU0093,Sports,90,3,30,76
2025-01-30,WH_B,Central,SKU0094,Hardware,177,3,42,34
2025-01-30,WH_B,Central,SKU0095,Electronics,136,0,17,59
2025-01-30,WH_B,Central,SKU0096,Hardware,274,3,30,86
2025-01-30,WH_B,Central,SKU0097,Office,80,2,42,105
2025-01-30,WH_B,Central,SKU0098,Housewares,171,0,30,57
2025-01-30,WH_B,Central,SKU0099,Office,18,6,40,91
2025-01-30,WH_B,Central,SKU0100,Office,184,1,43,115
2025-01-30,WH_C,West,SKU0001,Housewares,85,3,16,81
2025-01-30,WH_C,West,SKU0002,Electronics,192,3,22,100
2025-01-30,WH_C,West,SKU0003,Hardware,69,0,26,53
2025-01-30,WH_C,West,SKU0004,Hardware,176,0,41,90
2025-01-30,WH_C,West,SKU0005,Sports,167,3,32,40
2025-01-30,WH_C,West,SKU0006,Sports,185,5,16,95
2025-01-30,WH_C,West,SKU0007,Office,130,3,47,112
2025-01-30,WH_C,West,SKU0008,Electronics,213,3,42,72
2025-01-30,WH_C,West,SKU0009,Hardware,100,0,47,72
2025-01-30,WH_C,West,SKU0010,Electronics,275,0,17,79
2025-01-30,WH_C,West,SKU0011,Hardware,193,0,28,103
2025-01-30,WH_C,West,SKU0012,Housewares,112,1,28,68
2025-01-30,WH_C,West,SKU0013,Electronics,282,4,25,119
2025-01-30,WH_C,West,SKU0014,Electronics,205,4,47,91
2025-01-30,WH_C,West,SKU0015,Housewares,130,2,16,70
2025-01-30,WH_C,West,SKU0016,Housewares,169,2,35,32
2025-01-30,WH_C,West,SKU0017,Hardware,266,0,34,103
2025-01-30,WH_C,West,SKU0018,Housewares,58,3,23,45
2025-01-30,WH_C,West,SKU0019,Sports,201,3,44,37
2025-01-30,WH_C,West,SKU0020,Electronics,129,2,50,84
2025-01-30,WH_C,West,SKU0021,Sports,201,2,19,99
2025-01-30,WH_C,West,SKU0022,Sports,116,5,43,33
2025-01-30,WH_C,West,SKU0023,Hardware,153,4,40,56
2025-01-30,WH_C,West,SKU0024,Electronics,87,1,18,38
2025-01-30,WH_C,West,SKU0025,Office,124,0,25,103
2025-01-30,WH_C,West,SKU0026,Hardware,262,1,15,90
2025-01-30,WH_C,West,SKU0027,Electronics,94,1,26,95
2025-01-30,WH_C,West,SKU0028,Electronics,263,6,20,116
2025-01-30,WH_C,West,SKU0029,Sports,144,4,49,50
2025-01-30,WH_C,West,SKU0030,Housewares,153,4,22,101
2025-01-30,WH_C,West,SKU0031,Sports,52,2,41,119
2025-01-30,WH_C,West,SKU0032,Sports,94,2,28,59
2025-01-30,WH_C,West,SKU0033,Housewares,125,2,20,88
2025-01-30,WH_C,West,SKU0034,Office,5,2,49,84
2025-01-30,WH_C,West,SKU0035,Hardware,124,3,31,51
2025-01-30,WH_C,West,SKU0036,Housewares,116,3,33,50
2025-01-30,WH_C,West,SKU0037,Sports,37,6,28,119
2025-01-30,WH_C,West,SKU0038,Housewares,145,1,49,117
2025-01-30,WH_C,West,SKU0039,Office,186,3,30,41
2025-01-30,WH_C,West,SKU0040,Housewares,175,1,30,71
2025-01-30,WH_C,West,SKU0041,Sports,98,3,16,44
2025-01-30,WH_C,West,SKU0042,Electronics,132,3,37,102
2025-01-30,WH_C,West,SKU0043,Hardware,249,3,41,87
2025-01-30,WH_C,West,SKU0044,Hardware,36,4,39,106
2025-01-30,WH_C,West,SKU0045,Electronics,68,6,19,108
2025-01-30,WH_C,West,SKU0046,Hardware,127,0,49,86
2025-01-30,WH_C,West,SKU0047,Electronics,92,4,15,77
2025-01-30,WH_C,West,SKU0048,Hardware,90,2,48,50
2025-01-30,WH_C,West,SKU0049,Housewares,96,4,29,101
2025-01-30,WH_C,West,SKU0050,Hardware,204,2,32,114
2025-01-30,WH_C,West,SKU0051,Hardware,108,2,18,119
2025-01-30,WH_C,West,SKU0052,Hardware,69,1,19,89
2025-01-30,WH_C,West,SKU0053,Hardware,224,3,22,83
2025-01-30,WH_C,West,SKU0054,Office,144,3,47,30
2025-01-30,WH_C,West,SKU0055,Housewares,125,4,39,112
2025-01-30,WH_C,West,SKU0056,Housewares,71,1,29,116
2025-01-30,WH_C,West,SKU0057,Electronics,66,2,36,112
2025-01-30,WH_C,West,SKU0058,Sports,148,4,18,43
2025-01-30,WH_C,West,SKU0059,Electronics,183,3,31,104
2025-01-30,WH_C,West,SKU0060,Hardware,264,4,24,113
2025-01-30,WH_C,West,SKU0061,Office,131,3,20,72
2025-01-30,WH_C,West,SKU0062,Housewares,29,1,27,87
2025-01-30,WH_C,West,SKU0063,Housewares,18,2,22,90
2025-01-30,WH_C,West,SKU0064,Sports,32,1,24,82
2025-01-30,WH_C,West,SKU0065,Sports,201,2,34,35
2025-01-30,WH_C,West,SKU0066,Sports,122,2,18,56
2025-01-30,WH_C,West,SKU0067,Hardware,46,3,47,110
2025-01-30,WH_C,West,SKU0068,Electronics,226,1,17,96
2025-01-30,WH_C,West,SKU0069,Hardware,271,4,19,88
2025-01-30,WH_C,West,SKU0070,Hardware,94,3,40,49
2025-01-30,WH_C,West,SKU0071,Hardware,225,1,25,106
2025-01-30,WH_C,West,SKU0072,Office,121,5,50,52
2025-01-30,WH_C,West,SKU0073,Office,201,0,33,68
2025-01-30,WH_C,West,SKU0074,Hardware,218,2,35,33
2025-01-30,WH_C,West,SKU0075,Sports,182,3,16,88
2025-01-30,WH_C,West,SKU0076,Hardware,91,3,48,94
2025-01-30,WH_C,West,SKU0077,Office,184,4,36,102
2025-01-30,WH_C,West,SKU0078,Housewares,63,3,44,110
2025-01-30,WH_C,West,SKU0079,Hardware,139,0,20,39
2025-01-30,WH_C,West,SKU0080,Hardware,185,0,49,30
2025-01-30,WH_C,West,SKU0081,Housewares,140,1,22,106
2025-01-30,WH_C,West,SKU0082,Hardware,153,4,22,51
2025-01-30,WH_C,West,SKU0083,Housewares,143,1,40,80
2025-01-30,WH_C,West,SKU0084,Office,40,2,15,101
2025-01-30,WH_C,West,SKU0085,Hardware,27,0,48,47
2025-01-30,WH_C,West,SKU0086,Hardware,34,1,30,109
2025-01-30,WH_C,West,SKU0087,Office,54,5,44,37
2025-01-30,WH_C,West,SKU0088,Housewares,180,3,26,83
2025-01-30,WH_C,West,SKU0089,Electronics,116,0,31,65
2025-01-30,WH_C,West,SKU0090,Electronics,135,5,28,71
2025-01-30,WH_C,West,SKU0091,Electronics,249,5,39,110
2025-01-30,WH_C,West,SKU0092,Housewares,188,1,26,112
2025-01-30,WH_C,West,SKU0093,Sports,94,5,36,96
2025-01-30,WH_C,West,SKU0094,Hardware,282,3,46,30
2025-01-30,WH_C,West,SKU0095,Electronics,48,3,26,31
2025-01-30,WH_C,West,SKU0096,Hardware,142,5,24,68
2025-01-30,WH_C,West,SKU0097,Office,56,3,38,57
2025-01-30,WH_C,West,SKU0098,Housewares,110,4,16,104
2025-01-30,WH_C,West,SKU0099,Office,35,4,24,58
2025-01-30,WH_C,West,SKU0100,Office,125,5,38,61
2025-01-31,WH_A,East,SKU0001,Housewares,25,1,26,100
2025-01-31,WH_A,East,SKU0002,Electronics,130,1,43,81
2025-01-31,WH_A,East,SKU0003,Hardware,287,2,18,61
2025-01-31,WH_A,East,SKU0004,Hardware,229,1,39,113
2025-01-31,WH_A,East,SKU0005,Sports,129,5,15,46
2025-01-31,WH_A,East,SKU0006,Sports,104,6,30,78
2025-01-31,WH_A,East,SKU0007,Office,117,1,23,118
2025-01-31,WH_A,East,SKU0008,Electronics,135,2,17,75
2025-01-31,WH_A,East,SKU0009,Hardware,147,0,29,119
2025-01-31,WH_A,East,SKU0010,Electronics,179,0,31,94
2025-01-31,WH_A,East,SKU0011,Hardware,55,7,49,86
2025-01-31,WH_A,East,SKU0012,Housewares,108,3,32,116
2025-01-31,WH_A,East,SKU0013,Electronics,42,3,30,81
2025-01-31,WH_A,East,SKU0014,Electronics,281,2,32,95
2025-01-31,WH_A,East,SKU0015,Housewares,156,1,24,45
2025-01-31,WH_A,East,SKU0016,Housewares,118,0,43,93
2025-01-31,WH_A,East,SKU0017,Hardware,125,0,48,77
2025-01-31,WH_A,East,SKU0018,Housewares,99,2,40,82
2025-01-31,WH_A,East,SKU0019,Sports,45,4,27,46
2025-01-31,WH_A,East,SKU0020,Electronics,119,2,42,34
2025-01-31,WH_A,East,SKU0021,Sports,124,0,40,89
2025-01-31,WH_A,East,SKU0022,Sports,160,5,48,82
2025-01-31,WH_A,East,SKU0023,Hardware,126,0,19,46
2025-01-31,WH_A,East,SKU0024,Electronics,154,1,34,102
2025-01-31,WH_A,East,SKU0025,Office,142,2,26,47
2025-01-31,WH_A,East,SKU0026,Hardware,46,2,31,53
2025-01-31,WH_A,East,SKU0027,Electronics,257,3,48,79
2025-01-31,WH_A,East,SKU0028,Electronics,98,5,25,82
2025-01-31,WH_A,East,SKU0029,Sports,160,0,23,31
2025-01-31,WH_A,East,SKU0030,Housewares,130,3,41,80
2025-01-31,WH_A,East,SKU0031,Sports,39,1,44,102
2025-01-31,WH_A,East,SKU0032,Sports,162,4,41,52
2025-01-31,WH_A,East,SKU0033,Housewares,77,4,37,78
2025-01-31,WH_A,East,SKU0034,Office,183,4,24,105
2025-01-31,WH_A,East,SKU0035,Hardware,244,2,50,61
2025-01-31,WH_A,East,SKU0036,Housewares,87,2,35,100
2025-01-31,WH_A,East,SKU0037,Sports,145,1,40,101
2025-01-31,WH_A,East,SKU0038,Housewares,144,2,44,120
2025-01-31,WH_A,East,SKU0039,Office,137,4,43,108
2025-01-31,WH_A,East,SKU0040,Housewares,53,3,38,85
2025-01-31,WH_A,East,SKU0041,Sports,24,0,34,45
2025-01-31,WH_A,East,SKU0042,Electronics,111,3,31,97
2025-01-31,WH_A,East,SKU0043,Hardware,93,2,18,96
2025-01-31,WH_A,East,SKU0044,Hardware,124,2,30,42
2025-01-31,WH_A,East,SKU0045,Electronics,144,3,27,107
2025-01-31,WH_A,East,SKU0046,Hardware,226,1,27,106
2025-01-31,WH_A,East,SKU0047,Electronics,52,1,24,46
2025-01-31,WH_A,East,SKU0048,Hardware,168,5,15,33
2025-01-31,WH_A,East,SKU0049,Housewares,26,0,19,67
2025-01-31,WH_A,East,SKU0050,Hardware,128,3,18,113
2025-01-31,WH_A,East,SKU0051,Hardware,254,1,44,81
2025-01-31,WH_A,East,SKU0052,Hardware,93,1,19,69
2025-01-31,WH_A,East,SKU0053,Hardware,269,5,29,34
2025-01-31,WH_A,East,SKU0054,Office,84,1,19,57
2025-01-31,WH_A,East,SKU0055,Housewares,93,0,22,32
2025-01-31,WH_A,East,SKU0056,Housewares,73,2,48,103
2025-01-31,WH_A,East,SKU0057,Electronics,208,5,35,49
2025-01-31,WH_A,East,SKU0058,Sports,190,3,49,90
2025-01-31,WH_A,East,SKU0059,Electronics,54,3,17,105
2025-01-31,WH_A,East,SKU0060,Hardware,263,0,49,85
2025-01-31,WH_A,East,SKU0061,Office,190,2,35,115
2025-01-31,WH_A,East,SKU0062,Housewares,109,4,34,50
2025-01-31,WH_A,East,SKU0063,Housewares,207,4,23,67
2025-01-31,WH_A,East,SKU0064,Sports,18,1,36,109
2025-01-31,WH_A,East,SKU0065,Sports,187,4,24,37
2025-01-31,WH_A,East,SKU0066,Sports,148,2,26,59
2025-01-31,WH_A,East,SKU0067,Hardware,176,5,29,33
2025-01-31,WH_A,East,SKU0068,Electronics,242,0,46,84
2025-01-31,WH_A,East,SKU0069,Hardware,173,3,21,109
2025-01-31,WH_A,East,SKU0070,Hardware,110,6,50,109
2025-01-31,WH_A,East,SKU0071,Hardware,184,1,23,102
2025-01-31,WH_A,East,SKU0072,Office,176,2,17,113
2025-01-31,WH_A,East,SKU0073,Office,139,3,40,98
2025-01-31,WH_A,East,SKU0074,Hardware,79,5,15,40
2025-01-31,WH_A,East,SKU0075,Sports,153,4,38,61
2025-01-31,WH_A,East,SKU0076,Hardware,250,4,15,87
2025-01-31,WH_A,East,SKU0077,Office,168,3,41,82
2025-01-31,WH_A,East,SKU0078,Housewares,33,0,48,85
2025-01-31,WH_A,East,SKU0079,Hardware,232,5,36,91
2025-01-31,WH_A,East,SKU0080,Hardware,91,2,33,30
2025-01-31,WH_A,East,SKU0081,Housewares,116,1,30,69
2025-01-31,WH_A,East,SKU0082,Hardware,183,0,31,45
2025-01-31,WH_A,East,SKU0083,Housewares,49,4,35,58
2025-01-31,WH_A,East,SKU0084,Office,31,3,27,91
2025-01-31,WH_A,East,SKU0085,Hardware,281,0,35,81
2025-01-31,WH_A,East,SKU0086,Hardware,66,4,15,36
2025-01-31,WH_A,East,SKU0087,Office,138,5,46,93
2025-01-31,WH_A,East,SKU0088,Housewares,67,2,25,39
2025-01-31,WH_A,East,SKU0089,Electronics,226,4,37,37
2025-01-31,WH_A,East,SKU0090,Electronics,117,5,41,41
2025-01-31,WH_A,East,SKU0091,Electronics,227,5,26,35
2025-01-31,WH_A,East,SKU0092,Housewares,51,1,36,109
2025-01-31,WH_A,East,SKU0093,Sports,166,1,19,105
2025-01-31,WH_A,East,SKU0094,Hardware,106,3,48,91
2025-01-31,WH_A,East,SKU0095,Electronics,91,4,28,88
2025-01-31,WH_A,East,SKU0096,Hardware,39,2,27,68
2025-01-31,WH_A,East,SKU0097,Office,67,3,33,69
2025-01-31,WH_A,East,SKU0098,Housewares,93,2,43,66
2025-01-31,WH_A,East,SKU0099,Office,168,2,15,64
2025-01-31,WH_A,East,SKU0100,Office,139,0,42,33
2025-01-31,WH_B,Central,SKU0001,Housewares,142,3,49,83
2025-01-31,WH_B,Central,SKU0002,Electronics,74,5,29,70
2025-01-31,WH_B,Central,SKU0003,Hardware,45,0,15,118
2025-01-31,WH_B,Central,SKU0004,Hardware,196,3,41,71
2025-01-31,WH_B,Central,SKU0005,Sports,36,5,19,90
2025-01-31,WH_B,Central,SKU0006,Sports,156,5,17,118
2025-01-31,WH_B,Central,SKU0007,Office,169,3,37,41
2025-01-31,WH_B,Central,SKU0008,Electronics,166,5,30,114
2025-01-31,WH_B,Central,SKU0009,Hardware,76,1,49,105
2025-01-31,WH_B,Central,SKU0010,Electronics,149,3,20,64
2025-01-31,WH_B,Central,SKU0011,Hardware,160,4,39,54
2025-01-31,WH_B,Central,SKU0012,Housewares,93,3,17,107
2025-01-31,WH_B,Central,SKU0013,Electronics,57,0,50,75
2025-01-31,WH_B,Central,SKU0014,Electronics,202,4,15,74
2025-01-31,WH_B,Central,SKU0015,Housewares,116,4,49,40
2025-01-31,WH_B,Central,SKU0016,Housewares,38,4,35,87
2025-01-31,WH_B,Central,SKU0017,Hardware,108,5,32,109
2025-01-31,WH_B,Central,SKU0018,Housewares,117,6,38,61
2025-01-31,WH_B,Central,SKU0019,Sports,158,6,22,80
2025-01-31,WH_B,Central,SKU0020,Electronics,41,2,46,90
2025-01-31,WH_B,Central,SKU0021,Sports,21,1,18,66
2025-01-31,WH_B,Central,SKU0022,Sports,21,1,30,31
2025-01-31,WH_B,Central,SKU0023,Hardware,131,3,35,69
2025-01-31,WH_B,Central,SKU0024,Electronics,60,1,49,65
2025-01-31,WH_B,Central,SKU0025,Office,10,1,30,107
2025-01-31,WH_B,Central,SKU0026,Hardware,235,1,24,52
2025-01-31,WH_B,Central,SKU0027,Electronics,48,3,49,33
2025-01-31,WH_B,Central,SKU0028,Electronics,267,7,28,105
2025-01-31,WH_B,Central,SKU0029,Sports,115,3,40,50
2025-01-31,WH_B,Central,SKU0030,Housewares,39,4,30,95
2025-01-31,WH_B,Central,SKU0031,Sports,117,2,49,100
2025-01-31,WH_B,Central,SKU0032,Sports,142,2,32,110
2025-01-31,WH_B,Central,SKU0033,Housewares,192,1,16,114
2025-01-31,WH_B,Central,SKU0034,Office,115,4,49,99
2025-01-31,WH_B,Central,SKU0035,Hardware,8,2,24,80
2025-01-31,WH_B,Central,SKU0036,Housewares,99,7,25,107
2025-01-31,WH_B,Central,SKU0037,Sports,179,1,36,41
2025-01-31,WH_B,Central,SKU0038,Housewares,115,2,33,118
2025-01-31,WH_B,Central,SKU0039,Office,125,2,28,56
2025-01-31,WH_B,Central,SKU0040,Housewares,67,3,36,83
2025-01-31,WH_B,Central,SKU0041,Sports,29,2,27,37
2025-01-31,WH_B,Central,SKU0042,Electronics,89,5,44,68
2025-01-31,WH_B,Central,SKU0043,Hardware,139,2,16,94
2025-01-31,WH_B,Central,SKU0044,Hardware,222,2,18,85
2025-01-31,WH_B,Central,SKU0045,Electronics,191,6,17,94
2025-01-31,WH_B,Central,SKU0046,Hardware,248,3,50,91
2025-01-31,WH_B,Central,SKU0047,Electronics,48,3,25,35
2025-01-31,WH_B,Central,SKU0048,Hardware,269,0,22,106
2025-01-31,WH_B,Central,SKU0049,Housewares,196,4,20,99
2025-01-31,WH_B,Central,SKU0050,Hardware,274,4,33,58
2025-01-31,WH_B,Central,SKU0051,Hardware,59,1,20,55
2025-01-31,WH_B,Central,SKU0052,Hardware,258,2,24,79
2025-01-31,WH_B,Central,SKU0053,Hardware,157,3,21,42
2025-01-31,WH_B,Central,SKU0054,Office,97,1,49,65
2025-01-31,WH_B,Central,SKU0055,Housewares,171,3,36,101
2025-01-31,WH_B,Central,SKU0056,Housewares,24,3,36,50
2025-01-31,WH_B,Central,SKU0057,Electronics,184,3,30,53
2025-01-31,WH_B,Central,SKU0058,Sports,193,1,22,44
2025-01-31,WH_B,Central,SKU0059,Electronics,251,7,40,34
2025-01-31,WH_B,Central,SKU0060,Hardware,125,0,44,117
2025-01-31,WH_B,Central,SKU0061,Office,193,4,25,48
2025-01-31,WH_B,Central,SKU0062,Housewares,23,0,35,58
2025-01-31,WH_B,Central,SKU0063,Housewares,171,4,45,116
2025-01-31,WH_B,Central,SKU0064,Sports,16,4,45,91
2025-01-31,WH_B,Central,SKU0065,Sports,100,3,38,65
2025-01-31,WH_B,Central,SKU0066,Sports,94,4,45,119
2025-01-31,WH_B,Central,SKU0067,Hardware,39,1,49,116
2025-01-31,WH_B,Central,SKU0068,Electronics,267,2,23,111
2025-01-31,WH_B,Central,SKU0069,Hardware,89,6,20,86
2025-01-31,WH_B,Central,SKU0070,Hardware,72,2,33,79
2025-01-31,WH_B,Central,SKU0071,Hardware,54,2,36,61
2025-01-31,WH_B,Central,SKU0072,Office,178,5,32,83
2025-01-31,WH_B,Central,SKU0073,Office,126,3,39,82
2025-01-31,WH_B,Central,SKU0074,Hardware,61,6,41,53
2025-01-31,WH_B,Central,SKU0075,Sports,87,1,35,119
2025-01-31,WH_B,Central,SKU0076,Hardware,231,2,39,30
2025-01-31,WH_B,Central,SKU0077,Office,118,5,29,31
2025-01-31,WH_B,Central,SKU0078,Housewares,43,6,39,39
2025-01-31,WH_B,Central,SKU0079,Hardware,234,1,34,32
2025-01-31,WH_B,Central,SKU0080,Hardware,74,6,38,92
2025-01-31,WH_B,Central,SKU0081,Housewares,174,2,43,30
2025-01-31,WH_B,Central,SKU0082,Hardware,113,8,39,96
2025-01-31,WH_B,Central,SKU0083,Housewares,123,1,18,72
2025-01-31,WH_B,Central,SKU0084,Office,34,3,40,60
2025-01-31,WH_B,Central,SKU0085,Hardware,36,3,40,80
2025-01-31,WH_B,Central,SKU0086,Hardware,100,1,42,31
2025-01-31,WH_B,Central,SKU0087,Office,121,0,17,46
2025-01-31,WH_B,Central,SKU0088,Housewares,164,0,20,112
2025-01-31,WH_B,Central,SKU0089,Electronics,237,2,42,64
2025-01-31,WH_B,Central,SKU0090,Electronics,33,5,49,105
2025-01-31,WH_B,Central,SKU0091,Electronics,70,2,15,57
2025-01-31,WH_B,Central,SKU0092,Housewares,175,1,17,105
2025-01-31,WH_B,Central,SKU0093,Sports,51,0,25,37
2025-01-31,WH_B,Central,SKU0094,Hardware,112,2,16,48
2025-01-31,WH_B,Central,SKU0095,Electronics,150,3,23,32
2025-01-31,WH_B,Central,SKU0096,Hardware,246,5,31,73
2025-01-31,WH_B,Central,SKU0097,Office,43,2,27,88
2025-01-31,WH_B,Central,SKU0098,Housewares,106,4,44,119
2025-01-31,WH_B,Central,SKU0099,Office,179,4,38,59
2025-01-31,WH_B,Central,SKU0100,Office,40,4,26,80
2025-01-31,WH_C,West,SKU0001,Housewares,14,0,18,109
2025-01-31,WH_C,West,SKU0002,Electronics,205,2,42,35
2025-01-31,WH_C,West,SKU0003,Hardware,82,0,44,74
2025-01-31,WH_C,West,SKU0004,Hardware,217,3,33,114
2025-01-31,WH_C,West,SKU0005,Sports,86,3,31,64
2025-01-31,WH_C,West,SKU0006,Sports,191,4,23,35
2025-01-31,WH_C,West,SKU0007,Office,111,0,33,101
2025-01-31,WH_C,West,SKU0008,Electronics,239,1,33,118
2025-01-31,WH_C,West,SKU0009,Hardware,147,4,36,58
2025-01-31,WH_C,West,SKU0010,Electronics,239,2,20,45
2025-01-31,WH_C,West,SKU0011,Hardware,219,2,16,110
2025-01-31,WH_C,West,SKU0012,Housewares,176,2,22,100
2025-01-31,WH_C,West,SKU0013,Electronics,242,3,39,74
2025-01-31,WH_C,West,SKU0014,Electronics,253,1,37,97
2025-01-31,WH_C,West,SKU0015,Housewares,72,2,33,66
2025-01-31,WH_C,West,SKU0016,Housewares,103,4,40,81
2025-01-31,WH_C,West,SKU0017,Hardware,101,1,25,106
2025-01-31,WH_C,West,SKU0018,Housewares,191,1,38,49
2025-01-31,WH_C,West,SKU0019,Sports,52,1,46,108
2025-01-31,WH_C,West,SKU0020,Electronics,206,5,18,70
2025-01-31,WH_C,West,SKU0021,Sports,173,3,41,78
2025-01-31,WH_C,West,SKU0022,Sports,18,3,30,82
2025-01-31,WH_C,West,SKU0023,Hardware,55,5,41,47
2025-01-31,WH_C,West,SKU0024,Electronics,147,4,49,84
2025-01-31,WH_C,West,SKU0025,Office,34,1,43,31
2025-01-31,WH_C,West,SKU0026,Hardware,126,4,43,111
2025-01-31,WH_C,West,SKU0027,Electronics,74,5,41,81
2025-01-31,WH_C,West,SKU0028,Electronics,30,4,23,55
2025-01-31,WH_C,West,SKU0029,Sports,130,1,19,76
2025-01-31,WH_C,West,SKU0030,Housewares,149,5,38,33
2025-01-31,WH_C,West,SKU0031,Sports,47,2,38,55
2025-01-31,WH_C,West,SKU0032,Sports,188,2,15,38
2025-01-31,WH_C,West,SKU0033,Housewares,146,2,29,116
2025-01-31,WH_C,West,SKU0034,Office,182,2,20,84
2025-01-31,WH_C,West,SKU0035,Hardware,212,3,21,70
2025-01-31,WH_C,West,SKU0036,Housewares,117,1,18,74
2025-01-31,WH_C,West,SKU0037,Sports,134,1,43,103
2025-01-31,WH_C,West,SKU0038,Housewares,42,5,38,46
2025-01-31,WH_C,West,SKU0039,Office,71,4,31,68
2025-01-31,WH_C,West,SKU0040,Housewares,37,4,28,61
2025-01-31,WH_C,West,SKU0041,Sports,173,6,35,69
2025-01-31,WH_C,West,SKU0042,Electronics,185,5,31,37
2025-01-31,WH_C,West,SKU0043,Hardware,171,4,31,76
2025-01-31,WH_C,West,SKU0044,Hardware,83,4,21,117
2025-01-31,WH_C,West,SKU0045,Electronics,140,2,44,104
2025-01-31,WH_C,West,SKU0046,Hardware,31,2,35,88
2025-01-31,WH_C,West,SKU0047,Electronics,71,0,20,112
2025-01-31,WH_C,West,SKU0048,Hardware,200,3,49,80
2025-01-31,WH_C,West,SKU0049,Housewares,139,3,34,81
2025-01-31,WH_C,West,SKU0050,Hardware,246,2,28,84
2025-01-31,WH_C,West,SKU0051,Hardware,145,1,39,45
2025-01-31,WH_C,West,SKU0052,Hardware,209,6,30,54
2025-01-31,WH_C,West,SKU0053,Hardware,154,0,46,63
2025-01-31,WH_C,West,SKU0054,Office,181,2,50,88
2025-01-31,WH_C,West,SKU0055,Housewares,118,2,50,30
2025-01-31,WH_C,West,SKU0056,Housewares,118,4,44,36
2025-01-31,WH_C,West,SKU0057,Electronics,97,2,30,118
2025-01-31,WH_C,West,SKU0058,Sports,140,4,45,41
2025-01-31,WH_C,West,SKU0059,Electronics,225,3,31,61
2025-01-31,WH_C,West,SKU0060,Hardware,29,3,21,102
2025-01-31,WH_C,West,SKU0061,Office,62,4,25,33
2025-01-31,WH_C,West,SKU0062,Housewares,163,2,38,85
2025-01-31,WH_C,West,SKU0063,Housewares,151,0,30,57
2025-01-31,WH_C,West,SKU0064,Sports,52,3,24,118
2025-01-31,WH_C,West,SKU0065,Sports,183,0,45,57
2025-01-31,WH_C,West,SKU0066,Sports,201,2,23,56
2025-01-31,WH_C,West,SKU0067,Hardware,242,0,40,67
2025-01-31,WH_C,West,SKU0068,Electronics,119,3,17,53
2025-01-31,WH_C,West,SKU0069,Hardware,216,5,23,71
2025-01-31,WH_C,West,SKU0070,Hardware,118,0,25,80
2025-01-31,WH_C,West,SKU0071,Hardware,191,3,39,109
2025-01-31,WH_C,West,SKU0072,Office,165,0,26,63
2025-01-31,WH_C,West,SKU0073,Office,64,7,43,90
2025-01-31,WH_C,West,SKU0074,Hardware,108,6,25,58
2025-01-31,WH_C,West,SKU0075,Sports,148,3,36,113
2025-01-31,WH_C,West,SKU0076,Hardware,86,2,17,47
2025-01-31,WH_C,West,SKU0077,Office,78,4,26,32
2025-01-31,WH_C,West,SKU0078,Housewares,185,3,21,62
2025-01-31,WH_C,West,SKU0079,Hardware,269,2,15,38
2025-01-31,WH_C,West,SKU0080,Hardware,204,3,27,59
2025-01-31,WH_C,West,SKU0081,Housewares,58,0,48,65
2025-01-31,WH_C,West,SKU0082,Hardware,114,3,23,57
2025-01-31,WH_C,West,SKU0083,Housewares,102,2,46,114
2025-01-31,WH_C,West,SKU0084,Office,37,0,48,49
2025-01-31,WH_C,West,SKU0085,Hardware,246,3,15,116
2025-01-31,WH_C,West,SKU0086,Hardware,194,6,36,71
2025-01-31,WH_C,West,SKU0087,Office,32,3,36,64
2025-01-31,WH_C,West,SKU0088,Housewares,204,2,36,46
2025-01-31,WH_C,West,SKU0089,Electronics,164,0,18,86
2025-01-31,WH_C,West,SKU0090,Electronics,156,2,42,102
2025-01-31,WH_C,West,SKU0091,Electronics,279,4,19,55
2025-01-31,WH_C,West,SKU0092,Housewares,154,2,29,45
2025-01-31,WH_C,West,SKU0093,Sports,40,0,15,80
2025-01-31,WH_C,West,SKU0094,Hardware,150,1,30,57
2025-01-31,WH_C,West,SKU0095,Electronics,257,3,24,53
2025-01-31,WH_C,West,SKU0096,Hardware,204,0,24,46
2025-01-31,WH_C,West,SKU0097,Office,144,3,43,89
2025-01-31,WH_C,West,SKU0098,Housewares,139,3,28,56
2025-01-31,WH_C,West,SKU0099,Office,31,1,41,94
2025-01-31,WH_C,West,SKU0100,Office,197,0,17,80
2025-02-01,WH_A,East,SKU0001,Housewares,121,2,34,91
2025-02-01,WH_A,East,SKU0002,Electronics,33,3,43,30
2025-02-01,WH_A,East,SKU0003,Hardware,83,2,50,76
2025-02-01,WH_A,East,SKU0004,Hardware,69,0,30,78
2025-02-01,WH_A,East,SKU0005,Sports,40,3,36,108
2025-02-01,WH_A,East,SKU0006,Sports,93,0,25,109
2025-02-01,WH_A,East,SKU0007,Office,149,5,34,47
2025-02-01,WH_A,East,SKU0008,Electronics,249,2,33,40
2025-02-01,WH_A,East,SKU0009,Hardware,50,3,45,120
2025-02-01,WH_A,East,SKU0010,Electronics,118,3,18,46
2025-02-01,WH_A,East,SKU0011,Hardware,219,2,32,32
2025-02-01,WH_A,East,SKU0012,Housewares,164,3,42,90
2025-02-01,WH_A,East,SKU0013,Electronics,156,0,47,51
2025-02-01,WH_A,East,SKU0014,Electronics,163,4,44,83
2025-02-01,WH_A,East,SKU0015,Housewares,47,1,38,102
2025-02-01,WH_A,East,SKU0016,Housewares,19,1,42,50
2025-02-01,WH_A,East,SKU0017,Hardware,33,2,17,61
2025-02-01,WH_A,East,SKU0018,Housewares,188,1,40,54
2025-02-01,WH_A,East,SKU0019,Sports,154,3,37,111
2025-02-01,WH_A,East,SKU0020,Electronics,171,6,31,82
2025-02-01,WH_A,East,SKU0021,Sports,45,4,33,103
2025-02-01,WH_A,East,SKU0022,Sports,132,3,32,70
2025-02-01,WH_A,East,SKU0023,Hardware,236,4,46,112
2025-02-01,WH_A,East,SKU0024,Electronics,236,3,28,43
2025-02-01,WH_A,East,SKU0025,Office,154,2,28,105
2025-02-01,WH_A,East,SKU0026,Hardware,306,1,46,103
2025-02-01,WH_A,East,SKU0027,Electronics,214,4,32,106
2025-02-01,WH_A,East,SKU0028,Electronics,48,2,31,106
2025-02-01,WH_A,East,SKU0029,Sports,189,3,47,84
2025-02-01,WH_A,East,SKU0030,Housewares,33,2,35,70
2025-02-01,WH_A,East,SKU0031,Sports,30,0,33,106
2025-02-01,WH_A,East,SKU0032,Sports,191,2,28,48
2025-02-01,WH_A,East,SKU0033,Housewares,114,0,42,67
2025-02-01,WH_A,East,SKU0034,Office,71,4,23,46
2025-02-01,WH_A,East,SKU0035,Hardware,119,1,31,78
2025-02-01,WH_A,East,SKU0036,Housewares,52,4,23,42
2025-02-01,WH_A,East,SKU0037,Sports,72,2,50,104
2025-02-01,WH_A,East,SKU0038,Housewares,182,3,49,113
2025-02-01,WH_A,East,SKU0039,Office,28,1,21,72
2025-02-01,WH_A,East,SKU0040,Housewares,173,2,33,101
2025-02-01,WH_A,East,SKU0041,Sports,107,4,29,62
2025-02-01,WH_A,East,SKU0042,Electronics,29,3,15,119
2025-02-01,WH_A,East,SKU0043,Hardware,53,4,26,117
2025-02-01,WH_A,East,SKU0044,Hardware,187,2,42,119
2025-02-01,WH_A,East,SKU0045,Electronics,81,2,23,54
2025-02-01,WH_A,East,SKU0046,Hardware,231,1,48,120
2025-02-01,WH_A,East,SKU0047,Electronics,143,0,46,68
2025-02-01,WH_A,East,SKU0048,Hardware,86,5,25,73
2025-02-01,WH_A,East,SKU0049,Housewares,117,4,44,94
2025-02-01,WH_A,East,SKU0050,Hardware,271,0,46,38
2025-02-01,WH_A,East,SKU0051,Hardware,195,5,47,97
2025-02-01,WH_A,East,SKU0052,Hardware,67,4,23,56
2025-02-01,WH_A,East,SKU0053,Hardware,179,5,48,112
2025-02-01,WH_A,East,SKU0054,Office,181,0,45,37
2025-02-01,WH_A,East,SKU0055,Housewares,93,4,49,67
2025-02-01,WH_A,East,SKU0056,Housewares,42,4,39,96
2025-02-01,WH_A,East,SKU0057,Electronics,39,6,39,119
2025-02-01,WH_A,East,SKU0058,Sports,40,0,27,119
2025-02-01,WH_A,East,SKU0059,Electronics,116,0,38,81
2025-02-01,WH_A,East,SKU0060,Hardware,153,1,44,103
2025-02-01,WH_A,East,SKU0061,Office,177,2,49,64
2025-02-01,WH_A,East,SKU0062,Housewares,113,0,16,116
2025-02-01,WH_A,East,SKU0063,Housewares,108,5,47,84
2025-02-01,WH_A,East,SKU0064,Sports,185,0,43,109
2025-02-01,WH_A,East,SKU0065,Sports,96,0,39,54
2025-02-01,WH_A,East,SKU0066,Sports,205,1,49,60
2025-02-01,WH_A,East,SKU0067,Hardware,16,3,43,49
2025-02-01,WH_A,East,SKU0068,Electronics,89,1,40,45
2025-02-01,WH_A,East,SKU0069,Hardware,48,0,49,37
2025-02-01,WH_A,East,SKU0070,Hardware,248,3,24,83
2025-02-01,WH_A,East,SKU0071,Hardware,44,0,39,81
2025-02-01,WH_A,East,SKU0072,Office,62,4,15,42
2025-02-01,WH_A,East,SKU0073,Office,140,1,35,75
2025-02-01,WH_A,East,SKU0074,Hardware,144,3,43,117
2025-02-01,WH_A,East,SKU0075,Sports,155,5,41,65
2025-02-01,WH_A,East,SKU0076,Hardware,138,2,46,115
2025-02-01,WH_A,East,SKU0077,Office,146,2,40,71
2025-02-01,WH_A,East,SKU0078,Housewares,109,0,37,93
2025-02-01,WH_A,East,SKU0079,Hardware,165,0,21,52
2025-02-01,WH_A,East,SKU0080,Hardware,115,5,45,85
2025-02-01,WH_A,East,SKU0081,Housewares,93,3,15,30
2025-02-01,WH_A,East,SKU0082,Hardware,34,0,39,97
2025-02-01,WH_A,East,SKU0083,Housewares,143,1,36,96
2025-02-01,WH_A,East,SKU0084,Office,121,4,48,46
2025-02-01,WH_A,East,SKU0085,Hardware,121,3,18,75
2025-02-01,WH_A,East,SKU0086,Hardware,53,2,41,78
2025-02-01,WH_A,East,SKU0087,Office,104,1,31,71
2025-02-01,WH_A,East,SKU0088,Housewares,36,3,24,52
2025-02-01,WH_A,East,SKU0089,Electronics,112,4,34,63
2025-02-01,WH_A,East,SKU0090,Electronics,49,0,47,105
2025-02-01,WH_A,East,SKU0091,Electronics,244,2,45,67
2025-02-01,WH_A,East,SKU0092,Housewares,31,2,24,55
2025-02-01,WH_A,East,SKU0093,Sports,68,5,48,82
2025-02-01,WH_A,East,SKU0094,Hardware,223,6,42,32
2025-02-01,WH_A,East,SKU0095,Electronics,223,1,29,70
2025-02-01,WH_A,East,SKU0096,Hardware,205,6,17,38
2025-02-01,WH_A,East,SKU0097,Office,150,4,16,61
2025-02-01,WH_A,East,SKU0098,Housewares,133,2,27,35
2025-02-01,WH_A,East,SKU0099,Office,170,2,34,64
2025-02-01,WH_A,East,SKU0100,Office,42,5,28,95
2025-02-01,WH_B,Central,SKU0001,Housewares,181,5,41,37
2025-02-01,WH_B,Central,SKU0002,Electronics,77,5,17,118
2025-02-01,WH_B,Central,SKU0003,Hardware,142,0,18,99
2025-02-01,WH_B,Central,SKU0004,Hardware,262,5,49,58
2025-02-01,WH_B,Central,SKU0005,Sports,29,3,32,38
2025-02-01,WH_B,Central,SKU0006,Sports,78,3,32,115
2025-02-01,WH_B,Central,SKU0007,Office,160,2,15,104
2025-02-01,WH_B,Central,SKU0008,Electronics,201,8,19,107
2025-02-01,WH_B,Central,SKU0009,Hardware,213,3,46,103
2025-02-01,WH_B,Central,SKU0010,Electronics,198,1,23,64
2025-02-01,WH_B,Central,SKU0011,Hardware,141,1,24,101
2025-02-01,WH_B,Central,SKU0012,Housewares,109,6,22,56
2025-02-01,WH_B,Central,SKU0013,Electronics,164,1,39,108
2025-02-01,WH_B,Central,SKU0014,Electronics,133,2,48,31
2025-02-01,WH_B,Central,SKU0015,Housewares,74,3,35,35
2025-02-01,WH_B,Central,SKU0016,Housewares,129,1,28,75
2025-02-01,WH_B,Central,SKU0017,Hardware,159,2,46,68
2025-02-01,WH_B,Central,SKU0018,Housewares,149,2,15,103
2025-02-01,WH_B,Central,SKU0019,Sports,83,6,46,111
2025-02-01,WH_B,Central,SKU0020,Electronics,246,1,29,103
2025-02-01,WH_B,Central,SKU0021,Sports,80,2,16,73
2025-02-01,WH_B,Central,SKU0022,Sports,183,3,50,35
2025-02-01,WH_B,Central,SKU0023,Hardware,82,3,42,30
2025-02-01,WH_B,Central,SKU0024,Electronics,90,3,31,64
2025-02-01,WH_B,Central,SKU0025,Office,37,2,17,59
2025-02-01,WH_B,Central,SKU0026,Hardware,71,10,37,97
2025-02-01,WH_B,Central,SKU0027,Electronics,230,3,23,72
2025-02-01,WH_B,Central,SKU0028,Electronics,208,7,32,108
2025-02-01,WH_B,Central,SKU0029,Sports,10,4,44,54
2025-02-01,WH_B,Central,SKU0030,Housewares,84,2,24,35
2025-02-01,WH_B,Central,SKU0031,Sports,77,5,21,102
2025-02-01,WH_B,Central,SKU0032,Sports,121,4,44,90
2025-02-01,WH_B,Central,SKU0033,Housewares,93,3,49,85
2025-02-01,WH_B,Central,SKU0034,Office,146,0,38,108
2025-02-01,WH_B,Central,SKU0035,Hardware,166,1,22,114
2025-02-01,WH_B,Central,SKU0036,Housewares,109,3,19,95
2025-02-01,WH_B,Central,SKU0037,Sports,125,1,32,117
2025-02-01,WH_B,Central,SKU0038,Housewares,161,5,25,55
2025-02-01,WH_B,Central,SKU0039,Office,14,0,47,96
2025-02-01,WH_B,Central,SKU0040,Housewares,59,0,35,112
2025-02-01,WH_B,Central,SKU0041,Sports,139,0,40,119
2025-02-01,WH_B,Central,SKU0042,Electronics,207,0,32,43
2025-02-01,WH_B,Central,SKU0043,Hardware,213,0,41,50
2025-02-01,WH_B,Central,SKU0044,Hardware,121,0,29,51
2025-02-01,WH_B,Central,SKU0045,Electronics,177,6,16,112
2025-02-01,WH_B,Central,SKU0046,Hardware,156,3,50,78
2025-02-01,WH_B,Central,SKU0047,Electronics,241,7,32,51
2025-02-01,WH_B,Central,SKU0048,Hardware,186,2,41,91
2025-02-01,WH_B,Central,SKU0049,Housewares,107,2,48,56
2025-02-01,WH_B,Central,SKU0050,Hardware,63,2,43,54
2025-02-01,WH_B,Central,SKU0051,Hardware,275,3,15,79
2025-02-01,WH_B,Central,SKU0052,Hardware,177,1,26,105
2025-02-01,WH_B,Central,SKU0053,Hardware,95,1,20,77
2025-02-01,WH_B,Central,SKU0054,Office,28,0,48,41
2025-02-01,WH_B,Central,SKU0055,Housewares,141,4,49,94
2025-02-01,WH_B,Central,SKU0056,Housewares,66,0,33,48
2025-02-01,WH_B,Central,SKU0057,Electronics,161,0,38,73
2025-02-01,WH_B,Central,SKU0058,Sports,165,2,34,83
2025-02-01,WH_B,Central,SKU0059,Electronics,256,2,50,105
2025-02-01,WH_B,Central,SKU0060,Hardware,16,1,41,49
2025-02-01,WH_B,Central,SKU0061,Office,80,3,23,88
2025-02-01,WH_B,Central,SKU0062,Housewares,41,0,29,113
2025-02-01,WH_B,Central,SKU0063,Housewares,141,0,22,87
2025-02-01,WH_B,Central,SKU0064,Sports,162,2,47,104
2025-02-01,WH_B,Central,SKU0065,Sports,21,1,24,51
2025-02-01,WH_B,Central,SKU0066,Sports,70,3,45,116
2025-02-01,WH_B,Central,SKU0067,Hardware,225,3,18,34
2025-02-01,WH_B,Central,SKU0068,Electronics,176,3,35,64
2025-02-01,WH_B,Central,SKU0069,Hardware,229,4,43,37
2025-02-01,WH_B,Central,SKU0070,Hardware,280,4,50,65
2025-02-01,WH_B,Central,SKU0071,Hardware,196,2,43,104
2025-02-01,WH_B,Central,SKU0072,Office,98,1,31,39
2025-02-01,WH_B,Central,SKU0073,Office,180,4,43,83
2025-02-01,WH_B,Central,SKU0074,Hardware,198,2,35,70
2025-02-01,WH_B,Central,SKU0075,Sports,64,3,48,39
2025-02-01,WH_B,Central,SKU0076,Hardware,217,1,49,109
2025-02-01,WH_B,Central,SKU0077,Office,188,4,17,87
2025-02-01,WH_B,Central,SKU0078,Housewares,72,2,44,95
2025-02-01,WH_B,Central,SKU0079,Hardware,53,2,37,104
2025-02-01,WH_B,Central,SKU0080,Hardware,61,1,35,93
2025-02-01,WH_B,Central,SKU0081,Housewares,172,0,18,101
2025-02-01,WH_B,Central,SKU0082,Hardware,231,0,34,77
2025-02-01,WH_B,Central,SKU0083,Housewares,157,4,39,51
2025-02-01,WH_B,Central,SKU0084,Office,130,3,50,56
2025-02-01,WH_B,Central,SKU0085,Hardware,199,1,31,100
2025-02-01,WH_B,Central,SKU0086,Hardware,226,5,43,82
2025-02-01,WH_B,Central,SKU0087,Office,73,1,48,32
2025-02-01,WH_B,Central,SKU0088,Housewares,72,1,16,117
2025-02-01,WH_B,Central,SKU0089,Electronics,201,5,40,40
2025-02-01,WH_B,Central,SKU0090,Electronics,72,4,30,105
2025-02-01,WH_B,Central,SKU0091,Electronics,176,2,21,53
2025-02-01,WH_B,Central,SKU0092,Housewares,39,1,16,110
2025-02-01,WH_B,Central,SKU0093,Sports,107,0,20,100
2025-02-01,WH_B,Central,SKU0094,Hardware,223,4,21,49
2025-02-01,WH_B,Central,SKU0095,Electronics,240,0,49,96
2025-02-01,WH_B,Central,SKU0096,Hardware,270,6,39,113
2025-02-01,WH_B,Central,SKU0097,Office,49,0,47,47
2025-02-01,WH_B,Central,SKU0098,Housewares,22,2,46,30
2025-02-01,WH_B,Central,SKU0099,Office,124,3,39,106
2025-02-01,WH_B,Central,SKU0100,Office,31,2,22,36
2025-02-01,WH_C,West,SKU0001,Housewares,138,2,23,58
2025-02-01,WH_C,West,SKU0002,Electronics,196,1,24,105
2025-02-01,WH_C,West,SKU0003,Hardware,245,5,24,79
2025-02-01,WH_C,West,SKU0004,Hardware,230,5,29,58
2025-02-01,WH_C,West,SKU0005,Sports,97,3,47,114
2025-02-01,WH_C,West,SKU0006,Sports,115,2,34,107
2025-02-01,WH_C,West,SKU0007,Office,132,0,17,61
2025-02-01,WH_C,West,SKU0008,Electronics,125,3,17,83
2025-02-01,WH_C,West,SKU0009,Hardware,206,0,35,88
2025-02-01,WH_C,West,SKU0010,Electronics,202,5,41,96
2025-02-01,WH_C,West,SKU0011,Hardware,99,3,27,73
2025-02-01,WH_C,West,SKU0012,Housewares,108,4,43,31
2025-02-01,WH_C,West,SKU0013,Electronics,193,3,43,60
2025-02-01,WH_C,West,SKU0014,Electronics,64,3,25,114
2025-02-01,WH_C,West,SKU0015,Housewares,75,3,21,71
2025-02-01,WH_C,West,SKU0016,Housewares,125,8,36,110
2025-02-01,WH_C,West,SKU0017,Hardware,35,0,35,86
2025-02-01,WH_C,West,SKU0018,Housewares,198,3,17,75
2025-02-01,WH_C,West,SKU0019,Sports,62,3,20,97
2025-02-01,WH_C,West,SKU0020,Electronics,199,5,29,96
2025-02-01,WH_C,West,SKU0021,Sports,102,0,32,63
2025-02-01,WH_C,West,SKU0022,Sports,22,2,34,77
2025-02-01,WH_C,West,SKU0023,Hardware,210,2,49,56
2025-02-01,WH_C,West,SKU0024,Electronics,68,4,19,69
2025-02-01,WH_C,West,SKU0025,Office,53,4,34,91
2025-02-01,WH_C,West,SKU0026,Hardware,37,2,21,49
2025-02-01,WH_C,West,SKU0027,Electronics,108,4,35,36
2025-02-01,WH_C,West,SKU0028,Electronics,101,7,40,98
2025-02-01,WH_C,West,SKU0029,Sports,128,3,22,71
2025-02-01,WH_C,West,SKU0030,Housewares,203,1,40,98
2025-02-01,WH_C,West,SKU0031,Sports,175,1,19,34
2025-02-01,WH_C,West,SKU0032,Sports,169,1,43,87
2025-02-01,WH_C,West,SKU0033,Housewares,188,3,43,98
2025-02-01,WH_C,West,SKU0034,Office,23,4,24,59
2025-02-01,WH_C,West,SKU0035,Hardware,257,4,34,110
2025-02-01,WH_C,West,SKU0036,Housewares,76,3,37,84
2025-02-01,WH_C,West,SKU0037,Sports,158,2,33,63
2025-02-01,WH_C,West,SKU0038,Housewares,112,2,45,103
2025-02-01,WH_C,West,SKU0039,Office,107,5,16,59
2025-02-01,WH_C,West,SKU0040,Housewares,123,0,42,68
2025-02-01,WH_C,West,SKU0041,Sports,20,2,19,85
2025-02-01,WH_C,West,SKU0042,Electronics,109,2,23,108
2025-02-01,WH_C,West,SKU0043,Hardware,133,5,45,57
2025-02-01,WH_C,West,SKU0044,Hardware,207,3,47,114
2025-02-01,WH_C,West,SKU0045,Electronics,84,0,22,75
2025-02-01,WH_C,West,SKU0046,Hardware,222,2,46,76
2025-02-01,WH_C,West,SKU0047,Electronics,194,0,25,106
2025-02-01,WH_C,West,SKU0048,Hardware,295,3,24,114
2025-02-01,WH_C,West,SKU0049,Housewares,145,1,29,43
2025-02-01,WH_C,West,SKU0050,Hardware,215,3,40,101
2025-02-01,WH_C,West,SKU0051,Hardware,110,2,17,47
2025-02-01,WH_C,West,SKU0052,Hardware,234,5,20,72
2025-02-01,WH_C,West,SKU0053,Hardware,221,3,38,120
2025-02-01,WH_C,West,SKU0054,Office,170,4,34,112
2025-02-01,WH_C,West,SKU0055,Housewares,80,0,29,59
2025-02-01,WH_C,West,SKU0056,Housewares,63,4,34,41
2025-02-01,WH_C,West,SKU0057,Electronics,162,3,38,38
2025-02-01,WH_C,West,SKU0058,Sports,156,2,37,110
2025-02-01,WH_C,West,SKU0059,Electronics,118,3,49,61
2025-02-01,WH_C,West,SKU0060,Hardware,224,2,42,79
2025-02-01,WH_C,West,SKU0061,Office,41,2,44,56
2025-02-01,WH_C,West,SKU0062,Housewares,83,2,33,79
2025-02-01,WH_C,West,SKU0063,Housewares,132,0,31,79
2025-02-01,WH_C,West,SKU0064,Sports,66,1,22,74
2025-02-01,WH_C,West,SKU0065,Sports,174,3,37,99
2025-02-01,WH_C,West,SKU0066,Sports,76,0,20,110
2025-02-01,WH_C,West,SKU0067,Hardware,208,0,32,108
2025-02-01,WH_C,West,SKU0068,Electronics,58,0,42,38
2025-02-01,WH_C,West,SKU0069,Hardware,181,3,15,73
2025-02-01,WH_C,West,SKU0070,Hardware,33,7,25,51
2025-02-01,WH_C,West,SKU0071,Hardware,65,1,47,115
2025-02-01,WH_C,West,SKU0072,Office,32,8,40,102
2025-02-01,WH_C,West,SKU0073,Office,171,4,19,112
2025-02-01,WH_C,West,SKU0074,Hardware,130,3,21,59
2025-02-01,WH_C,West,SKU0075,Sports,81,3,32,115
2025-02-01,WH_C,West,SKU0076,Hardware,199,1,39,119
2025-02-01,WH_C,West,SKU0077,Office,28,6,31,101
2025-02-01,WH_C,West,SKU0078,Housewares,70,7,46,87
2025-02-01,WH_C,West,SKU0079,Hardware,112,1,16,46
2025-02-01,WH_C,West,SKU0080,Hardware,223,0,23,98
2025-02-01,WH_C,West,SKU0081,Housewares,114,3,33,115
2025-02-01,WH_C,West,SKU0082,Hardware,258,1,30,55
2025-02-01,WH_C,West,SKU0083,Housewares,4,5,24,84
2025-02-01,WH_C,West,SKU0084,Office,179,0,37,33
2025-02-01,WH_C,West,SKU0085,Hardware,236,3,39,120
2025-02-01,WH_C,West,SKU0086,Hardware,90,3,22,101
2025-02-01,WH_C,West,SKU0087,Office,56,4,41,78
2025-02-01,WH_C,West,SKU0088,Housewares,125,1,44,45
2025-02-01,WH_C,West,SKU0089,Electronics,248,5,39,83
2025-02-01,WH_C,West,SKU0090,Electronics,190,5,42,39
2025-02-01,WH_C,West,SKU0091,Electronics,24,0,23,70
2025-02-01,WH_C,West,SKU0092,Housewares,134,5,30,65
2025-02-01,WH_C,West,SKU0093,Sports,57,4,17,47
2025-02-01,WH_C,West,SKU0094,Hardware,69,6,23,117
2025-02-01,WH_C,West,SKU0095,Electronics,272,6,29,64
2025-02-01,WH_C,West,SKU0096,Hardware,255,6,49,35
2025-02-01,WH_C,West,SKU0097,Office,33,3,28,86
2025-02-01,WH_C,West,SKU0098,Housewares,118,4,50,58
2025-02-01,WH_C,West,SKU0099,Office,135,7,46,75
2025-02-01,WH_C,West,SKU0100,Office,182,4,16,42
2025-02-02,WH_A,East,SKU0001,Housewares,136,4,43,108
2025-02-02,WH_A,East,SKU0002,Electronics,49,3,35,49
2025-02-02,WH_A,East,SKU0003,Hardware,256,2,34,65
2025-02-02,WH_A,East,SKU0004,Hardware,172,2,22,65
2025-02-02,WH_A,East,SKU0005,Sports,91,5,16,108
2025-02-02,WH_A,East,SKU0006,Sports,63,3,28,61
2025-02-02,WH_A,East,SKU0007,Office,94,3,19,88
2025-02-02,WH_A,East,SKU0008,Electronics,141,2,40,76
2025-02-02,WH_A,East,SKU0009,Hardware,204,0,34,47
2025-02-02,WH_A,East,SKU0010,Electronics,170,4,18,44
2025-02-02,WH_A,East,SKU0011,Hardware,229,3,39,61
2025-02-02,WH_A,East,SKU0012,Housewares,150,4,23,78
2025-02-02,WH_A,East,SKU0013,Electronics,97,3,19,102
2025-02-02,WH_A,East,SKU0014,Electronics,234,0,37,112
2025-02-02,WH_A,East,SKU0015,Housewares,124,1,36,75
2025-02-02,WH_A,East,SKU0016,Housewares,154,1,25,111
2025-02-02,WH_A,East,SKU0017,Hardware,84,5,46,117
2025-02-02,WH_A,East,SKU0018,Housewares,133,5,39,63
2025-02-02,WH_A,East,SKU0019,Sports,36,4,34,107
2025-02-02,WH_A,East,SKU0020,Electronics,71,3,16,57
2025-02-02,WH_A,East,SKU0021,Sports,168,4,35,30
2025-02-02,WH_A,East,SKU0022,Sports,50,4,36,73
2025-02-02,WH_A,East,SKU0023,Hardware,53,2,28,64
2025-02-02,WH_A,East,SKU0024,Electronics,121,4,31,100
2025-02-02,WH_A,East,SKU0025,Office,112,7,45,48
2025-02-02,WH_A,East,SKU0026,Hardware,93,0,49,98
2025-02-02,WH_A,East,SKU0027,Electronics,104,2,15,68
2025-02-02,WH_A,East,SKU0028,Electronics,220,1,30,59
2025-02-02,WH_A,East,SKU0029,Sports,34,1,31,76
2025-02-02,WH_A,East,SKU0030,Housewares,94,1,39,119
2025-02-02,WH_A,East,SKU0031,Sports,29,2,38,117
2025-02-02,WH_A,East,SKU0032,Sports,140,1,33,104
2025-02-02,WH_A,East,SKU0033,Housewares,64,5,24,75
2025-02-02,WH_A,East,SKU0034,Office,39,0,22,63
2025-02-02,WH_A,East,SKU0035,Hardware,272,3,44,97
2025-02-02,WH_A,East,SKU0036,Housewares,138,6,44,105
2025-02-02,WH_A,East,SKU0037,Sports,109,5,28,38
2025-02-02,WH_A,East,SKU0038,Housewares,57,0,15,67
2025-02-02,WH_A,East,SKU0039,Office,38,1,35,66
2025-02-02,WH_A,East,SKU0040,Housewares,74,3,43,93
2025-02-02,WH_A,East,SKU0041,Sports,199,5,42,84
2025-02-02,WH_A,East,SKU0042,Electronics,70,2,47,54
2025-02-02,WH_A,East,SKU0043,Hardware,42,3,48,77
2025-02-02,WH_A,East,SKU0044,Hardware,205,4,18,37
2025-02-02,WH_A,East,SKU0045,Electronics,71,4,49,91
2025-02-02,WH_A,East,SKU0046,Hardware,89,3,20,69
2025-02-02,WH_A,East,SKU0047,Electronics,99,3,20,71
2025-02-02,WH_A,East,SKU0048,Hardware,52,0,19,62
2025-02-02,WH_A,East,SKU0049,Housewares,82,2,42,91
2025-02-02,WH_A,East,SKU0050,Hardware,224,1,41,51
2025-02-02,WH_A,East,SKU0051,Hardware,267,5,21,31
2025-02-02,WH_A,East,SKU0052,Hardware,204,2,50,39
2025-02-02,WH_A,East,SKU0053,Hardware,232,3,44,42
2025-02-02,WH_A,East,SKU0054,Office,33,5,40,110
2025-02-02,WH_A,East,SKU0055,Housewares,168,0,35,84
2025-02-02,WH_A,East,SKU0056,Housewares,86,1,23,72
2025-02-02,WH_A,East,SKU0057,Electronics,175,2,18,82
2025-02-02,WH_A,East,SKU0058,Sports,190,2,50,113
2025-02-02,WH_A,East,SKU0059,Electronics,22,5,24,84
2025-02-02,WH_A,East,SKU0060,Hardware,236,3,27,61
2025-02-02,WH_A,East,SKU0061,Office,49,2,38,63
2025-02-02,WH_A,East,SKU0062,Housewares,85,2,27,31
2025-02-02,WH_A,East,SKU0063,Housewares,142,1,17,36
2025-02-02,WH_A,East,SKU0064,Sports,72,1,27,36
2025-02-02,WH_A,East,SKU0065,Sports,78,2,47,85
2025-02-02,WH_A,East,SKU0066,Sports,107,1,36,119
2025-02-02,WH_A,East,SKU0067,Hardware,42,1,35,47
2025-02-02,WH_A,East,SKU0068,Electronics,105,1,33,42
2025-02-02,WH_A,East,SKU0069,Hardware,48,4,33,49
2025-02-02,WH_A,East,SKU0070,Hardware,30,2,40,82
2025-02-02,WH_A,East,SKU0071,Hardware,195,0,17,43
2025-02-02,WH_A,East,SKU0072,Office,99,5,19,62
2025-02-02,WH_A,East,SKU0073,Office,111,3,24,32
2025-02-02,WH_A,East,SKU0074,Hardware,72,0,40,84
2025-02-02,WH_A,East,SKU0075,Sports,79,3,28,96
2025-02-02,WH_A,East,SKU0076,Hardware,77,2,23,47
2025-02-02,WH_A,East,SKU0077,Office,41,0,32,34
2025-02-02,WH_A,East,SKU0078,Housewares,36,3,35,59
2025-02-02,WH_A,East,SKU0079,Hardware,247,2,23,53
2025-02-02,WH_A,East,SKU0080,Hardware,258,3,26,36
2025-02-02,WH_A,East,SKU0081,Housewares,123,2,39,47
2025-02-02,WH_A,East,SKU0082,Hardware,269,0,16,42
2025-02-02,WH_A,East,SKU0083,Housewares,187,2,17,39
2025-02-02,WH_A,East,SKU0084,Office,61,3,28,62
2025-02-02,WH_A,East,SKU0085,Hardware,235,0,34,56
2025-02-02,WH_A,East,SKU0086,Hardware,109,3,21,54
2025-02-02,WH_A,East,SKU0087,Office,84,1,26,76
2025-02-02,WH_A,East,SKU0088,Housewares,82,3,48,78
2025-02-02,WH_A,East,SKU0089,Electronics,57,2,28,50
2025-02-02,WH_A,East,SKU0090,Electronics,111,8,31,72
2025-02-02,WH_A,East,SKU0091,Electronics,185,3,33,72
2025-02-02,WH_A,East,SKU0092,Housewares,50,4,28,68
2025-02-02,WH_A,East,SKU0093,Sports,76,0,47,81
2025-02-02,WH_A,East,SKU0094,Hardware,140,3,34,108
2025-02-02,WH_A,East,SKU0095,Electronics,173,4,42,30
2025-02-02,WH_A,East,SKU0096,Hardware,112,4,31,104
2025-02-02,WH_A,East,SKU0097,Office,162,6,42,84
2025-02-02,WH_A,East,SKU0098,Housewares,60,0,32,52
2025-02-02,WH_A,East,SKU0099,Office,39,2,37,61
2025-02-02,WH_A,East,SKU0100,Office,117,2,44,111
2025-02-02,WH_B,Central,SKU0001,Housewares,198,2,45,110
2025-02-02,WH_B,Central,SKU0002,Electronics,106,2,32,114
2025-02-02,WH_B,Central,SKU0003,Hardware,232,0,50,111
2025-02-02,WH_B,Central,SKU0004,Hardware,250,0,38,52
2025-02-02,WH_B,Central,SKU0005,Sports,185,0,45,59
2025-02-02,WH_B,Central,SKU0006,Sports,121,2,40,41
2025-02-02,WH_B,Central,SKU0007,Office,99,3,26,79
2025-02-02,WH_B,Central,SKU0008,Electronics,163,3,38,72
2025-02-02,WH_B,Central,SKU0009,Hardware,222,1,19,64
2025-02-02,WH_B,Central,SKU0010,Electronics,205,0,39,50
2025-02-02,WH_B,Central,SKU0011,Hardware,146,3,30,111
2025-02-02,WH_B,Central,SKU0012,Housewares,149,3,18,109
2025-02-02,WH_B,Central,SKU0013,Electronics,179,3,41,68
2025-02-02,WH_B,Central,SKU0014,Electronics,70,3,32,90
2025-02-02,WH_B,Central,SKU0015,Housewares,93,0,29,61
2025-02-02,WH_B,Central,SKU0016,Housewares,142,3,38,50
2025-02-02,WH_B,Central,SKU0017,Hardware,139,2,43,64
2025-02-02,WH_B,Central,SKU0018,Housewares,119,2,42,70
2025-02-02,WH_B,Central,SKU0019,Sports,214,3,29,73
2025-02-02,WH_B,Central,SKU0020,Electronics,96,0,50,104
2025-02-02,WH_B,Central,SKU0021,Sports,217,2,41,46
2025-02-02,WH_B,Central,SKU0022,Sports,189,4,50,73
2025-02-02,WH_B,Central,SKU0023,Hardware,111,4,24,67
2025-02-02,WH_B,Central,SKU0024,Electronics,93,1,39,93
2025-02-02,WH_B,Central,SKU0025,Office,182,2,24,68
2025-02-02,WH_B,Central,SKU0026,Hardware,69,3,36,90
2025-02-02,WH_B,Central,SKU0027,Electronics,62,0,25,112
2025-02-02,WH_B,Central,SKU0028,Electronics,185,2,41,55
2025-02-02,WH_B,Central,SKU0029,Sports,171,3,50,58
2025-02-02,WH_B,Central,SKU0030,Housewares,113,5,32,57
2025-02-02,WH_B,Central,SKU0031,Sports,184,3,33,82
2025-02-02,WH_B,Central,SKU0032,Sports,164,4,36,94
2025-02-02,WH_B,Central,SKU0033,Housewares,120,6,30,115
2025-02-02,WH_B,Central,SKU0034,Office,176,4,16,82
2025-02-02,WH_B,Central,SKU0035,Hardware,75,4,40,98
2025-02-02,WH_B,Central,SKU0036,Housewares,46,2,33,102
2025-02-02,WH_B,Central,SKU0037,Sports,123,3,30,108
2025-02-02,WH_B,Central,SKU0038,Housewares,173,2,49,114
2025-02-02,WH_B,Central,SKU0039,Office,51,2,41,42
2025-02-02,WH_B,Central,SKU0040,Housewares,107,3,29,116
2025-02-02,WH_B,Central,SKU0041,Sports,129,2,20,42
2025-02-02,WH_B,Central,SKU0042,Electronics,143,1,47,113
2025-02-02,WH_B,Central,SKU0043,Hardware,106,3,44,41
2025-02-02,WH_B,Central,SKU0044,Hardware,31,3,30,32
2025-02-02,WH_B,Central,SKU0045,Electronics,195,2,28,90
2025-02-02,WH_B,Central,SKU0046,Hardware,103,6,39,37
2025-02-02,WH_B,Central,SKU0047,Electronics,196,3,25,30
2025-02-02,WH_B,Central,SKU0048,Hardware,51,1,32,98
2025-02-02,WH_B,Central,SKU0049,Housewares,180,1,42,91
2025-02-02,WH_B,Central,SKU0050,Hardware,234,6,16,101
2025-02-02,WH_B,Central,SKU0051,Hardware,80,3,39,65
2025-02-02,WH_B,Central,SKU0052,Hardware,215,4,28,45
2025-02-02,WH_B,Central,SKU0053,Hardware,62,2,22,66
2025-02-02,WH_B,Central,SKU0054,Office,130,5,27,105
2025-02-02,WH_B,Central,SKU0055,Housewares,91,2,43,80
2025-02-02,WH_B,Central,SKU0056,Housewares,60,0,35,112
2025-02-02,WH_B,Central,SKU0057,Electronics,121,0,24,104
2025-02-02,WH_B,Central,SKU0058,Sports,188,3,25,79
2025-02-02,WH_B,Central,SKU0059,Electronics,284,1,33,74
2025-02-02,WH_B,Central,SKU0060,Hardware,160,3,28,54
2025-02-02,WH_B,Central,SKU0061,Office,173,2,21,88
2025-02-02,WH_B,Central,SKU0062,Housewares,52,6,34,31
2025-02-02,WH_B,Central,SKU0063,Housewares,79,6,40,103
2025-02-02,WH_B,Central,SKU0064,Sports,99,6,47,115
2025-02-02,WH_B,Central,SKU0065,Sports,29,4,22,53
2025-02-02,WH_B,Central,SKU0066,Sports,179,0,41,119
2025-02-02,WH_B,Central,SKU0067,Hardware,180,2,33,102
2025-02-02,WH_B,Central,SKU0068,Electronics,181,2,20,109
2025-02-02,WH_B,Central,SKU0069,Hardware,165,1,43,116
2025-02-02,WH_B,Central,SKU0070,Hardware,34,6,41,117
2025-02-02,WH_B,Central,SKU0071,Hardware,217,6,29,57
2025-02-02,WH_B,Central,SKU0072,Office,112,3,29,106
2025-02-02,WH_B,Central,SKU0073,Office,55,3,17,43
2025-02-02,WH_B,Central,SKU0074,Hardware,179,4,21,51
2025-02-02,WH_B,Central,SKU0075,Sports,92,3,16,44
2025-02-02,WH_B,Central,SKU0076,Hardware,178,2,30,102
2025-02-02,WH_B,Central,SKU0077,Office,175,1,32,104
2025-02-02,WH_B,Central,SKU0078,Housewares,14,0,20,54
2025-02-02,WH_B,Central,SKU0079,Hardware,92,4,29,64
2025-02-02,WH_B,Central,SKU0080,Hardware,99,1,28,90
2025-02-02,WH_B,Central,SKU0081,Housewares,182,2,41,91
2025-02-02,WH_B,Central,SKU0082,Hardware,244,3,28,117
2025-02-02,WH_B,Central,SKU0083,Housewares,77,5,49,42
2025-02-02,WH_B,Central,SKU0084,Office,85,2,17,102
2025-02-02,WH_B,Central,SKU0085,Hardware,222,3,31,41
2025-02-02,WH_B,Central,SKU0086,Hardware,49,2,19,85
2025-02-02,WH_B,Central,SKU0087,Office,149,3,28,34
2025-02-02,WH_B,Central,SKU0088,Housewares,30,3,31,99
2025-02-02,WH_B,Central,SKU0089,Electronics,72,4,21,81
2025-02-02,WH_B,Central,SKU0090,Electronics,40,3,33,104
2025-02-02,WH_B,Central,SKU0091,Electronics,252,1,20,33
2025-02-02,WH_B,Central,SKU0092,Housewares,35,4,34,113
2025-02-02,WH_B,Central,SKU0093,Sports,88,4,17,49
2025-02-02,WH_B,Central,SKU0094,Hardware,205,1,50,83
2025-02-02,WH_B,Central,SKU0095,Electronics,199,2,22,81
2025-02-02,WH_B,Central,SKU0096,Hardware,223,1,17,39
2025-02-02,WH_B,Central,SKU0097,Office,193,4,17,61
2025-02-02,WH_B,Central,SKU0098,Housewares,86,1,24,45
2025-02-02,WH_B,Central,SKU0099,Office,74,3,31,94
2025-02-02,WH_B,Central,SKU0100,Office,112,4,34,100
2025-02-02,WH_C,West,SKU0001,Housewares,83,1,24,37
2025-02-02,WH_C,West,SKU0002,Electronics,100,1,35,55
2025-02-02,WH_C,West,SKU0003,Hardware,53,3,42,37
2025-02-02,WH_C,West,SKU0004,Hardware,268,4,45,102
2025-02-02,WH_C,West,SKU0005,Sports,187,1,21,92
2025-02-02,WH_C,West,SKU0006,Sports,167,3,21,56
2025-02-02,WH_C,West,SKU0007,Office,159,3,39,37
2025-02-02,WH_C,West,SKU0008,Electronics,64,5,35,91
2025-02-02,WH_C,West,SKU0009,Hardware,65,0,20,93
2025-02-02,WH_C,West,SKU0010,Electronics,65,0,28,47
2025-02-02,WH_C,West,SKU0011,Hardware,296,6,21,104
2025-02-02,WH_C,West,SKU0012,Housewares,200,4,34,32
2025-02-02,WH_C,West,SKU0013,Electronics,78,3,34,89
2025-02-02,WH_C,West,SKU0014,Electronics,251,2,15,50
2025-02-02,WH_C,West,SKU0015,Housewares,144,3,50,113
2025-02-02,WH_C,West,SKU0016,Housewares,41,6,33,41
2025-02-02,WH_C,West,SKU0017,Hardware,79,3,23,98
2025-02-02,WH_C,West,SKU0018,Housewares,134,6,34,70
2025-02-02,WH_C,West,SKU0019,Sports,53,3,46,119
2025-02-02,WH_C,West,SKU0020,Electronics,55,2,28,85
2025-02-02,WH_C,West,SKU0021,Sports,141,0,47,77
2025-02-02,WH_C,West,SKU0022,Sports,129,3,39,67
2025-02-02,WH_C,West,SKU0023,Hardware,196,3,27,107
2025-02-02,WH_C,West,SKU0024,Electronics,45,0,30,100
2025-02-02,WH_C,West,SKU0025,Office,47,1,17,111
2025-02-02,WH_C,West,SKU0026,Hardware,212,3,34,108
2025-02-02,WH_C,West,SKU0027,Electronics,71,3,39,45
2025-02-02,WH_C,West,SKU0028,Electronics,237,2,33,51
2025-02-02,WH_C,West,SKU0029,Sports,76,1,24,45
2025-02-02,WH_C,West,SKU0030,Housewares,85,2,33,36
2025-02-02,WH_C,West,SKU0031,Sports,54,4,30,40
2025-02-02,WH_C,West,SKU0032,Sports,107,1,28,72
2025-02-02,WH_C,West,SKU0033,Housewares,42,2,41,106
2025-02-02,WH_C,West,SKU0034,Office,204,1,42,114
2025-02-02,WH_C,West,SKU0035,Hardware,86,1,39,38
2025-02-02,WH_C,West,SKU0036,Housewares,109,1,50,62
2025-02-02,WH_C,West,SKU0037,Sports,109,1,36,51
2025-02-02,WH_C,West,SKU0038,Housewares,63,5,26,113
2025-02-02,WH_C,West,SKU0039,Office,130,4,34,39
2025-02-02,WH_C,West,SKU0040,Housewares,20,7,23,111
2025-02-02,WH_C,West,SKU0041,Sports,122,1,33,92
2025-02-02,WH_C,West,SKU0042,Electronics,43,6,44,104
2025-02-02,WH_C,West,SKU0043,Hardware,206,3,32,96
2025-02-02,WH_C,West,SKU0044,Hardware,214,2,37,84
2025-02-02,WH_C,West,SKU0045,Electronics,170,3,33,94
2025-02-02,WH_C,West,SKU0046,Hardware,235,3,29,37
2025-02-02,WH_C,West,SKU0047,Electronics,41,3,38,43
2025-02-02,WH_C,West,SKU0048,Hardware,232,3,36,85
2025-02-02,WH_C,West,SKU0049,Housewares,127,1,37,114
2025-02-02,WH_C,West,SKU0050,Hardware,167,2,28,76
2025-02-02,WH_C,West,SKU0051,Hardware,158,4,47,67
2025-02-02,WH_C,West,SKU0052,Hardware,74,3,26,87
2025-02-02,WH_C,West,SKU0053,Hardware,257,1,20,88
2025-02-02,WH_C,West,SKU0054,Office,59,5,39,81
2025-02-02,WH_C,West,SKU0055,Housewares,55,3,38,81
2025-02-02,WH_C,West,SKU0056,Housewares,105,6,16,63
2025-02-02,WH_C,West,SKU0057,Electronics,157,0,15,90
2025-02-02,WH_C,West,SKU0058,Sports,33,2,17,40
2025-02-02,WH_C,West,SKU0059,Electronics,129,1,32,44
2025-02-02,WH_C,West,SKU0060,Hardware,125,3,15,78
2025-02-02,WH_C,West,SKU0061,Office,155,3,41,53
2025-02-02,WH_C,West,SKU0062,Housewares,88,5,17,119
2025-02-02,WH_C,West,SKU0063,Housewares,148,0,43,43
2025-02-02,WH_C,West,SKU0064,Sports,29,3,15,111
2025-02-02,WH_C,West,SKU0065,Sports,126,3,41,99
2025-02-02,WH_C,West,SKU0066,Sports,169,3,18,116
2025-02-02,WH_C,West,SKU0067,Hardware,123,1,21,92
2025-02-02,WH_C,West,SKU0068,Electronics,87,0,49,48
2025-02-02,WH_C,West,SKU0069,Hardware,53,4,45,82
2025-02-02,WH_C,West,SKU0070,Hardware,70,2,27,94
2025-02-02,WH_C,West,SKU0071,Hardware,65,3,22,74
2025-02-02,WH_C,West,SKU0072,Office,178,3,25,47
2025-02-02,WH_C,West,SKU0073,Office,76,1,24,100
2025-02-02,WH_C,West,SKU0074,Hardware,71,4,26,52
2025-02-02,WH_C,West,SKU0075,Sports,145,3,24,66
2025-02-02,WH_C,West,SKU0076,Hardware,40,2,49,65
2025-02-02,WH_C,West,SKU0077,Office,140,5,35,49
2025-02-02,WH_C,West,SKU0078,Housewares,146,1,27,75
2025-02-02,WH_C,West,SKU0079,Hardware,240,5,34,34
2025-02-02,WH_C,West,SKU0080,Hardware,40,0,32,41
2025-02-02,WH_C,West,SKU0081,Housewares,39,4,50,64
2025-02-02,WH_C,West,SKU0082,Hardware,204,3,22,59
2025-02-02,WH_C,West,SKU0083,Housewares,114,5,21,120
2025-02-02,WH_C,West,SKU0084,Office,55,7,30,74
2025-02-02,WH_C,West,SKU0085,Hardware,275,3,16,70
2025-02-02,WH_C,West,SKU0086,Hardware,84,1,35,86
2025-02-02,WH_C,West,SKU0087,Office,42,2,25,112
2025-02-02,WH_C,West,SKU0088,Housewares,164,2,23,30
2025-02-02,WH_C,West,SKU0089,Electronics,193,3,33,45
2025-02-02,WH_C,West,SKU0090,Electronics,252,3,38,92
2025-02-02,WH_C,West,SKU0091,Electronics,231,3,17,106
2025-02-02,WH_C,West,SKU0092,Housewares,139,1,48,60
2025-02-02,WH_C,West,SKU0093,Sports,22,7,23,99
2025-02-02,WH_C,West,SKU0094,Hardware,45,0,19,33
2025-02-02,WH_C,West,SKU0095,Electronics,110,3,21,109
2025-02-02,WH_C,West,SKU0096,Hardware,139,1,36,61
2025-02-02,WH_C,West,SKU0097,Office,107,3,19,108
2025-02-02,WH_C,West,SKU0098,Housewares,103,4,23,95
2025-02-02,WH_C,West,SKU0099,Office,38,2,31,66
2025-02-02,WH_C,West,SKU0100,Office,146,2,50,82
2025-02-03,WH_A,East,SKU0001,Housewares,155,4,33,110
2025-02-03,WH_A,East,SKU0002,Electronics,79,2,50,34
2025-02-03,WH_A,East,SKU0003,Hardware,98,2,20,112
2025-02-03,WH_A,East,SKU0004,Hardware,212,1,50,108
2025-02-03,WH_A,East,SKU0005,Sports,87,3,16,79
2025-02-03,WH_A,East,SKU0006,Sports,95,7,37,93
2025-02-03,WH_A,East,SKU0007,Office,170,3,16,116
2025-02-03,WH_A,East,SKU0008,Electronics,99,4,44,101
2025-02-03,WH_A,East,SKU0009,Hardware,238,4,22,115
2025-02-03,WH_A,East,SKU0010,Electronics,97,1,21,58
2025-02-03,WH_A,East,SKU0011,Hardware,255,2,43,62
2025-02-03,WH_A,East,SKU0012,Housewares,89,4,40,106
2025-02-03,WH_A,East,SKU0013,Electronics,224,4,15,70
2025-02-03,WH_A,East,SKU0014,Electronics,133,1,50,71
2025-02-03,WH_A,East,SKU0015,Housewares,106,1,46,77
2025-02-03,WH_A,East,SKU0016,Housewares,179,3,34,119
2025-02-03,WH_A,East,SKU0017,Hardware,52,2,49,65
2025-02-03,WH_A,East,SKU0018,Housewares,65,5,15,83
2025-02-03,WH_A,East,SKU0019,Sports,173,5,42,102
2025-02-03,WH_A,East,SKU0020,Electronics,261,0,18,118
2025-02-03,WH_A,East,SKU0021,Sports,107,4,37,49
2025-02-03,WH_A,East,SKU0022,Sports,162,0,49,84
2025-02-03,WH_A,East,SKU0023,Hardware,25,1,39,38
2025-02-03,WH_A,East,SKU0024,Electronics,36,6,39,72
2025-02-03,WH_A,East,SKU0025,Office,126,2,44,60
2025-02-03,WH_A,East,SKU0026,Hardware,116,4,43,64
2025-02-03,WH_A,East,SKU0027,Electronics,127,1,43,35
2025-02-03,WH_A,East,SKU0028,Electronics,43,3,40,70
2025-02-03,WH_A,East,SKU0029,Sports,53,3,43,83
2025-02-03,WH_A,East,SKU0030,Housewares,22,2,29,83
2025-02-03,WH_A,East,SKU0031,Sports,200,5,50,38
2025-02-03,WH_A,East,SKU0032,Sports,103,0,50,37
2025-02-03,WH_A,East,SKU0033,Housewares,67,4,37,58
2025-02-03,WH_A,East,SKU0034,Office,180,0,16,95
2025-02-03,WH_A,East,SKU0035,Hardware,136,1,27,91
2025-02-03,WH_A,East,SKU0036,Housewares,125,3,25,111
2025-02-03,WH_A,East,SKU0037,Sports,191,2,40,67
2025-02-03,WH_A,East,SKU0038,Housewares,87,6,34,88
2025-02-03,WH_A,East,SKU0039,Office,140,4,26,71
2025-02-03,WH_A,East,SKU0040,Housewares,20,0,49,66
2025-02-03,WH_A,East,SKU0041,Sports,192,4,26,60
2025-02-03,WH_A,East,SKU0042,Electronics,91,5,31,52
2025-02-03,WH_A,East,SKU0043,Hardware,100,1,34,95
2025-02-03,WH_A,East,SKU0044,Hardware,26,0,17,65
2025-02-03,WH_A,East,SKU0045,Electronics,53,2,44,120
2025-02-03,WH_A,East,SKU0046,Hardware,80,0,34,44
2025-02-03,WH_A,East,SKU0047,Electronics,138,1,36,61
2025-02-03,WH_A,East,SKU0048,Hardware,181,0,21,71
2025-02-03,WH_A,East,SKU0049,Housewares,158,2,36,70
2025-02-03,WH_A,East,SKU0050,Hardware,202,4,33,104
2025-02-03,WH_A,East,SKU0051,Hardware,39,1,39,52
2025-02-03,WH_A,East,SKU0052,Hardware,187,3,39,31
2025-02-03,WH_A,East,SKU0053,Hardware,90,0,32,51
2025-02-03,WH_A,East,SKU0054,Office,101,3,43,37
2025-02-03,WH_A,East,SKU0055,Housewares,84,1,28,58
2025-02-03,WH_A,East,SKU0056,Housewares,182,0,24,109
2025-02-03,WH_A,East,SKU0057,Electronics,162,0,33,75
2025-02-03,WH_A,East,SKU0058,Sports,71,2,29,40
2025-02-03,WH_A,East,SKU0059,Electronics,155,1,49,47
2025-02-03,WH_A,East,SKU0060,Hardware,216,0,39,58
2025-02-03,WH_A,East,SKU0061,Office,11,4,32,32
2025-02-03,WH_A,East,SKU0062,Housewares,37,2,42,80
2025-02-03,WH_A,East,SKU0063,Housewares,77,4,20,86
2025-02-03,WH_A,East,SKU0064,Sports,53,0,21,92
2025-02-03,WH_A,East,SKU0065,Sports,100,5,25,106
2025-02-03,WH_A,East,SKU0066,Sports,48,1,23,33
2025-02-03,WH_A,East,SKU0067,Hardware,130,4,20,82
2025-02-03,WH_A,East,SKU0068,Electronics,205,0,49,52
2025-02-03,WH_A,East,SKU0069,Hardware,55,7,37,117
2025-02-03,WH_A,East,SKU0070,Hardware,111,3,26,81
2025-02-03,WH_A,East,SKU0071,Hardware,156,3,28,90
2025-02-03,WH_A,East,SKU0072,Office,30,3,40,58
2025-02-03,WH_A,East,SKU0073,Office,69,2,37,34
2025-02-03,WH_A,East,SKU0074,Hardware,102,3,22,59
2025-02-03,WH_A,East,SKU0075,Sports,174,3,25,94
2025-02-03,WH_A,East,SKU0076,Hardware,30,3,34,98
2025-02-03,WH_A,East,SKU0077,Office,107,1,15,53
2025-02-03,WH_A,East,SKU0078,Housewares,58,1,17,83
2025-02-03,WH_A,East,SKU0079,Hardware,50,0,18,43
2025-02-03,WH_A,East,SKU0080,Hardware,251,4,30,112
2025-02-03,WH_A,East,SKU0081,Housewares,80,1,28,77
2025-02-03,WH_A,East,SKU0082,Hardware,220,1,29,92
2025-02-03,WH_A,East,SKU0083,Housewares,181,4,46,40
2025-02-03,WH_A,East,SKU0084,Office,180,3,18,30
2025-02-03,WH_A,East,SKU0085,Hardware,60,2,16,53
2025-02-03,WH_A,East,SKU0086,Hardware,246,2,36,85
2025-02-03,WH_A,East,SKU0087,Office,36,0,39,48
2025-02-03,WH_A,East,SKU0088,Housewares,56,4,36,78
2025-02-03,WH_A,East,SKU0089,Electronics,262,0,32,119
2025-02-03,WH_A,East,SKU0090,Electronics,211,3,19,95
2025-02-03,WH_A,East,SKU0091,Electronics,169,4,37,106
2025-02-03,WH_A,East,SKU0092,Housewares,91,3,15,87
2025-02-03,WH_A,East,SKU0093,Sports,169,1,24,59
2025-02-03,WH_A,East,SKU0094,Hardware,16,1,33,74
2025-02-03,WH_A,East,SKU0095,Electronics,125,2,23,59
2025-02-03,WH_A,East,SKU0096,Hardware,69,2,39,113
2025-02-03,WH_A,East,SKU0097,Office,188,4,44,89
2025-02-03,WH_A,East,SKU0098,Housewares,165,3,19,66
2025-02-03,WH_A,East,SKU0099,Office,117,3,39,67
2025-02-03,WH_A,East,SKU0100,Office,149,0,33,61
2025-02-03,WH_B,Central,SKU0001,Housewares,136,3,15,45
2025-02-03,WH_B,Central,SKU0002,Electronics,238,4,33,75
2025-02-03,WH_B,Central,SKU0003,Hardware,83,1,21,40
2025-02-03,WH_B,Central,SKU0004,Hardware,247,6,43,93
2025-02-03,WH_B,Central,SKU0005,Sports,126,7,41,84
2025-02-03,WH_B,Central,SKU0006,Sports,115,3,18,74
2025-02-03,WH_B,Central,SKU0007,Office,59,0,45,112
2025-02-03,WH_B,Central,SKU0008,Electronics,183,2,19,46
2025-02-03,WH_B,Central,SKU0009,Hardware,23,0,25,100
2025-02-03,WH_B,Central,SKU0010,Electronics,49,6,35,91
2025-02-03,WH_B,Central,SKU0011,Hardware,246,3,18,82
2025-02-03,WH_B,Central,SKU0012,Housewares,190,2,19,109
2025-02-03,WH_B,Central,SKU0013,Electronics,39,5,24,46
2025-02-03,WH_B,Central,SKU0014,Electronics,133,1,19,116
2025-02-03,WH_B,Central,SKU0015,Housewares,48,2,40,91
2025-02-03,WH_B,Central,SKU0016,Housewares,175,5,50,117
2025-02-03,WH_B,Central,SKU0017,Hardware,173,3,16,79
2025-02-03,WH_B,Central,SKU0018,Housewares,188,2,45,110
2025-02-03,WH_B,Central,SKU0019,Sports,137,3,28,72
2025-02-03,WH_B,Central,SKU0020,Electronics,126,0,23,49
2025-02-03,WH_B,Central,SKU0021,Sports,66,2,46,45
2025-02-03,WH_B,Central,SKU0022,Sports,131,0,37,104
2025-02-03,WH_B,Central,SKU0023,Hardware,74,4,19,47
2025-02-03,WH_B,Central,SKU0024,Electronics,155,1,48,66
2025-02-03,WH_B,Central,SKU0025,Office,193,0,47,77
2025-02-03,WH_B,Central,SKU0026,Hardware,155,2,29,93
2025-02-03,WH_B,Central,SKU0027,Electronics,42,0,20,66
2025-02-03,WH_B,Central,SKU0028,Electronics,86,4,34,54
2025-02-03,WH_B,Central,SKU0029,Sports,32,5,17,33
2025-02-03,WH_B,Central,SKU0030,Housewares,94,0,44,73
2025-02-03,WH_B,Central,SKU0031,Sports,86,1,49,102
2025-02-03,WH_B,Central,SKU0032,Sports,190,4,24,61
2025-02-03,WH_B,Central,SKU0033,Housewares,181,0,19,56
2025-02-03,WH_B,Central,SKU0034,Office,62,3,31,85
2025-02-03,WH_B,Central,SKU0035,Hardware,152,1,47,78
2025-02-03,WH_B,Central,SKU0036,Housewares,124,4,28,46
2025-02-03,WH_B,Central,SKU0037,Sports,142,0,49,63
2025-02-03,WH_B,Central,SKU0038,Housewares,41,4,46,114
2025-02-03,WH_B,Central,SKU0039,Office,174,2,27,117
2025-02-03,WH_B,Central,SKU0040,Housewares,144,2,41,73
2025-02-03,WH_B,Central,SKU0041,Sports,167,1,19,73
2025-02-03,WH_B,Central,SKU0042,Electronics,73,5,48,47
2025-02-03,WH_B,Central,SKU0043,Hardware,59,1,21,42
2025-02-03,WH_B,Central,SKU0044,Hardware,115,2,16,79
2025-02-03,WH_B,Central,SKU0045,Electronics,152,4,25,119
2025-02-03,WH_B,Central,SKU0046,Hardware,181,1,40,67
2025-02-03,WH_B,Central,SKU0047,Electronics,80,4,42,86
2025-02-03,WH_B,Central,SKU0048,Hardware,112,5,38,38
2025-02-03,WH_B,Central,SKU0049,Housewares,46,6,46,53
2025-02-03,WH_B,Central,SKU0050,Hardware,109,4,35,74
2025-02-03,WH_B,Central,SKU0051,Hardware,87,1,30,92
2025-02-03,WH_B,Central,SKU0052,Hardware,173,4,40,70
2025-02-03,WH_B,Central,SKU0053,Hardware,159,1,45,82
2025-02-03,WH_B,Central,SKU0054,Office,87,4,48,86
2025-02-03,WH_B,Central,SKU0055,Housewares,162,2,33,105
2025-02-03,WH_B,Central,SKU0056,Housewares,112,3,25,51
2025-02-03,WH_B,Central,SKU0057,Electronics,122,0,33,120
2025-02-03,WH_B,Central,SKU0058,Sports,116,2,22,32
2025-02-03,WH_B,Central,SKU0059,Electronics,140,1,41,110
2025-02-03,WH_B,Central,SKU0060,Hardware,81,0,35,30
2025-02-03,WH_B,Central,SKU0061,Office,116,2,23,102
2025-02-03,WH_B,Central,SKU0062,Housewares,144,4,35,79
2025-02-03,WH_B,Central,SKU0063,Housewares,166,5,36,44
2025-02-03,WH_B,Central,SKU0064,Sports,92,3,18,83
2025-02-03,WH_B,Central,SKU0065,Sports,66,5,43,83
2025-02-03,WH_B,Central,SKU0066,Sports,155,6,26,106
2025-02-03,WH_B,Central,SKU0067,Hardware,106,2,35,119
2025-02-03,WH_B,Central,SKU0068,Electronics,38,2,43,104
2025-02-03,WH_B,Central,SKU0069,Hardware,108,6,31,117
2025-02-03,WH_B,Central,SKU0070,Hardware,118,2,23,39
2025-02-03,WH_B,Central,SKU0071,Hardware,75,2,22,68
2025-02-03,WH_B,Central,SKU0072,Office,111,1,38,30
2025-02-03,WH_B,Central,SKU0073,Office,73,5,24,55
2025-02-03,WH_B,Central,SKU0074,Hardware,120,0,46,89
2025-02-03,WH_B,Central,SKU0075,Sports,160,0,15,66
2025-02-03,WH_B,Central,SKU0076,Hardware,146,0,46,102
2025-02-03,WH_B,Central,SKU0077,Office,151,1,23,77
2025-02-03,WH_B,Central,SKU0078,Housewares,65,5,48,67
2025-02-03,WH_B,Central,SKU0079,Hardware,270,0,18,88
2025-02-03,WH_B,Central,SKU0080,Hardware,34,2,28,59
2025-02-03,WH_B,Central,SKU0081,Housewares,189,1,48,47
2025-02-03,WH_B,Central,SKU0082,Hardware,67,3,33,87
2025-02-03,WH_B,Central,SKU0083,Housewares,158,1,24,61
2025-02-03,WH_B,Central,SKU0084,Office,67,1,43,112
2025-02-03,WH_B,Central,SKU0085,Hardware,83,3,18,102
2025-02-03,WH_B,Central,SKU0086,Hardware,279,6,32,70
2025-02-03,WH_B,Central,SKU0087,Office,34,5,40,92
2025-02-03,WH_B,Central,SKU0088,Housewares,124,2,43,31
2025-02-03,WH_B,Central,SKU0089,Electronics,168,2,27,82
2025-02-03,WH_B,Central,SKU0090,Electronics,256,1,29,115
2025-02-03,WH_B,Central,SKU0091,Electronics,62,4,48,84
2025-02-03,WH_B,Central,SKU0092,Housewares,79,4,15,44
2025-02-03,WH_B,Central,SKU0093,Sports,38,4,23,49
2025-02-03,WH_B,Central,SKU0094,Hardware,43,4,18,116
2025-02-03,WH_B,Central,SKU0095,Electronics,204,0,33,94
2025-02-03,WH_B,Central,SKU0096,Hardware,119,2,23,79
2025-02-03,WH_B,Central,SKU0097,Office,81,0,49,56
2025-02-03,WH_B,Central,SKU0098,Housewares,89,2,28,84
2025-02-03,WH_B,Central,SKU0099,Office,136,5,39,32
2025-02-03,WH_B,Central,SKU0100,Office,126,1,25,118
2025-02-03,WH_C,West,SKU0001,Housewares,154,2,40,93
2025-02-03,WH_C,West,SKU0002,Electronics,254,5,20,119
2025-02-03,WH_C,West,SKU0003,Hardware,107,4,39,31
2025-02-03,WH_C,West,SKU0004,Hardware,147,0,31,107
2025-02-03,WH_C,West,SKU0005,Sports,72,0,42,106
2025-02-03,WH_C,West,SKU0006,Sports,57,3,16,101
2025-02-03,WH_C,West,SKU0007,Office,111,2,41,65
2025-02-03,WH_C,West,SKU0008,Electronics,251,1,18,44
2025-02-03,WH_C,West,SKU0009,Hardware,104,3,24,63
2025-02-03,WH_C,West,SKU0010,Electronics,249,5,38,41
2025-02-03,WH_C,West,SKU0011,Hardware,244,2,28,77
2025-02-03,WH_C,West,SKU0012,Housewares,39,3,15,39
2025-02-03,WH_C,West,SKU0013,Electronics,65,3,36,67
2025-02-03,WH_C,West,SKU0014,Electronics,161,2,22,90
2025-02-03,WH_C,West,SKU0015,Housewares,102,4,48,118
2025-02-03,WH_C,West,SKU0016,Housewares,183,0,18,99
2025-02-03,WH_C,West,SKU0017,Hardware,37,0,28,97
2025-02-03,WH_C,West,SKU0018,Housewares,145,3,17,66
2025-02-03,WH_C,West,SKU0019,Sports,83,6,19,37
2025-02-03,WH_C,West,SKU0020,Electronics,134,4,18,64
2025-02-03,WH_C,West,SKU0021,Sports,64,2,19,74
2025-02-03,WH_C,West,SKU0022,Sports,118,1,39,95
2025-02-03,WH_C,West,SKU0023,Hardware,141,0,19,117
2025-02-03,WH_C,West,SKU0024,Electronics,90,4,36,54
2025-02-03,WH_C,West,SKU0025,Office,151,1,21,65
2025-02-03,WH_C,West,SKU0026,Hardware,211,5,28,91
2025-02-03,WH_C,West,SKU0027,Electronics,138,4,44,70
2025-02-03,WH_C,West,SKU0028,Electronics,145,1,47,36
2025-02-03,WH_C,West,SKU0029,Sports,73,6,17,109
2025-02-03,WH_C,West,SKU0030,Housewares,197,4,15,43
2025-02-03,WH_C,West,SKU0031,Sports,124,5,48,70
2025-02-03,WH_C,West,SKU0032,Sports,124,0,33,87
2025-02-03,WH_C,West,SKU0033,Housewares,37,3,46,87
2025-02-03,WH_C,West,SKU0034,Office,142,1,31,34
2025-02-03,WH_C,West,SKU0035,Hardware,53,2,17,49
2025-02-03,WH_C,West,SKU0036,Housewares,135,2,21,81
2025-02-03,WH_C,West,SKU0037,Sports,183,2,48,118
2025-02-03,WH_C,West,SKU0038,Housewares,159,0,28,91
2025-02-03,WH_C,West,SKU0039,Office,209,1,21,85
2025-02-03,WH_C,West,SKU0040,Housewares,32,3,21,76
2025-02-03,WH_C,West,SKU0041,Sports,144,1,39,84
2025-02-03,WH_C,West,SKU0042,Electronics,215,2,42,44
2025-02-03,WH_C,West,SKU0043,Hardware,80,2,45,79
2025-02-03,WH_C,West,SKU0044,Hardware,190,0,37,104
2025-02-03,WH_C,West,SKU0045,Electronics,205,0,27,114
2025-02-03,WH_C,West,SKU0046,Hardware,88,3,25,82
2025-02-03,WH_C,West,SKU0047,Electronics,60,3,45,35
2025-02-03,WH_C,West,SKU0048,Hardware,140,1,16,72
2025-02-03,WH_C,West,SKU0049,Housewares,168,7,28,77
2025-02-03,WH_C,West,SKU0050,Hardware,96,4,31,75
2025-02-03,WH_C,West,SKU0051,Hardware,261,4,49,38
2025-02-03,WH_C,West,SKU0052,Hardware,226,2,37,84
2025-02-03,WH_C,West,SKU0053,Hardware,148,5,43,120
2025-02-03,WH_C,West,SKU0054,Office,49,0,49,77
2025-02-03,WH_C,West,SKU0055,Housewares,78,5,38,60
2025-02-03,WH_C,West,SKU0056,Housewares,67,0,47,50
2025-02-03,WH_C,West,SKU0057,Electronics,130,2,25,79
2025-02-03,WH_C,West,SKU0058,Sports,127,0,24,42
2025-02-03,WH_C,West,SKU0059,Electronics,191,5,45,72
2025-02-03,WH_C,West,SKU0060,Hardware,216,5,17,38
2025-02-03,WH_C,West,SKU0061,Office,183,4,36,99
2025-02-03,WH_C,West,SKU0062,Housewares,84,0,42,84
2025-02-03,WH_C,West,SKU0063,Housewares,155,4,46,107
2025-02-03,WH_C,West,SKU0064,Sports,72,5,15,55
2025-02-03,WH_C,West,SKU0065,Sports,35,0,24,95
2025-02-03,WH_C,West,SKU0066,Sports,94,0,28,50
2025-02-03,WH_C,West,SKU0067,Hardware,184,5,26,91
2025-02-03,WH_C,West,SKU0068,Electronics,170,1,42,105
2025-02-03,WH_C,West,SKU0069,Hardware,228,5,29,62
2025-02-03,WH_C,West,SKU0070,Hardware,160,3,19,111
2025-02-03,WH_C,West,SKU0071,Hardware,133,3,18,51
2025-02-03,WH_C,West,SKU0072,Office,110,3,23,96
2025-02-03,WH_C,West,SKU0073,Office,121,3,34,84
2025-02-03,WH_C,West,SKU0074,Hardware,53,1,30,30
2025-02-03,WH_C,West,SKU0075,Sports,155,5,44,54
2025-02-03,WH_C,West,SKU0076,Hardware,21,3,49,102
2025-02-03,WH_C,West,SKU0077,Office,143,6,23,31
2025-02-03,WH_C,West,SKU0078,Housewares,182,0,44,58
2025-02-03,WH_C,West,SKU0079,Hardware,233,7,25,91
2025-02-03,WH_C,West,SKU0080,Hardware,204,1,45,88
2025-02-03,WH_C,West,SKU0081,Housewares,38,1,22,94
2025-02-03,WH_C,West,SKU0082,Hardware,151,2,23,70
2025-02-03,WH_C,West,SKU0083,Housewares,45,2,45,113
2025-02-03,WH_C,West,SKU0084,Office,145,6,39,55
2025-02-03,WH_C,West,SKU0085,Hardware,17,5,18,31
2025-02-03,WH_C,West,SKU0086,Hardware,187,5,20,48
2025-02-03,WH_C,West,SKU0087,Office,53,3,18,48
2025-02-03,WH_C,West,SKU0088,Housewares,87,3,24,54
2025-02-03,WH_C,West,SKU0089,Electronics,132,0,33,92
2025-02-03,WH_C,West,SKU0090,Electronics,120,3,18,74
2025-02-03,WH_C,West,SKU0091,Electronics,251,0,45,118
2025-02-03,WH_C,West,SKU0092,Housewares,165,4,43,90
2025-02-03,WH_C,West,SKU0093,Sports,37,2,42,45
2025-02-03,WH_C,West,SKU0094,Hardware,275,1,45,43
2025-02-03,WH_C,West,SKU0095,Electronics,167,3,38,120
2025-02-03,WH_C,West,SKU0096,Hardware,245,0,42,74
2025-02-03,WH_C,West,SKU0097,Office,113,4,40,88
2025-02-03,WH_C,West,SKU0098,Housewares,117,5,33,35
2025-02-03,WH_C,West,SKU0099,Office,198,4,39,97
2025-02-03,WH_C,West,SKU0100,Office,94,4,27,66
2025-02-04,WH_A,East,SKU0001,Housewares,82,3,16,32
2025-02-04,WH_A,East,SKU0002,Electronics,267,1,38,49
2025-02-04,WH_A,East,SKU0003,Hardware,75,0,33,47
2025-02-04,WH_A,East,SKU0004,Hardware,266,0,39,117
2025-02-04,WH_A,East,SKU0005,Sports,129,3,27,88
2025-02-04,WH_A,East,SKU0006,Sports,188,2,27,118
2025-02-04,WH_A,East,SKU0007,Office,54,0,23,41
2025-02-04,WH_A,East,SKU0008,Electronics,226,3,19,63
2025-02-04,WH_A,East,SKU0009,Hardware,119,4,15,88
2025-02-04,WH_A,East,SKU0010,Electronics,20,2,38,118
2025-02-04,WH_A,East,SKU0011,Hardware,118,3,45,115
2025-02-04,WH_A,East,SKU0012,Housewares,86,0,41,36
2025-02-04,WH_A,East,SKU0013,Electronics,78,7,36,93
2025-02-04,WH_A,East,SKU0014,Electronics,264,2,22,40
2025-02-04,WH_A,East,SKU0015,Housewares,100,2,17,119
2025-02-04,WH_A,East,SKU0016,Housewares,36,3,17,38
2025-02-04,WH_A,East,SKU0017,Hardware,158,0,24,83
2025-02-04,WH_A,East,SKU0018,Housewares,24,3,16,94
2025-02-04,WH_A,East,SKU0019,Sports,22,0,23,81
2025-02-04,WH_A,East,SKU0020,Electronics,155,1,50,103
2025-02-04,WH_A,East,SKU0021,Sports,71,6,31,89
2025-02-04,WH_A,East,SKU0022,Sports,112,0,44,101
2025-02-04,WH_A,East,SKU0023,Hardware,88,3,29,70
2025-02-04,WH_A,East,SKU0024,Electronics,116,0,47,94
2025-02-04,WH_A,East,SKU0025,Office,77,3,37,92
2025-02-04,WH_A,East,SKU0026,Hardware,63,3,26,43
2025-02-04,WH_A,East,SKU0027,Electronics,128,1,40,90
2025-02-04,WH_A,East,SKU0028,Electronics,236,6,20,62
2025-02-04,WH_A,East,SKU0029,Sports,112,0,30,120
2025-02-04,WH_A,East,SKU0030,Housewares,137,1,41,111
2025-02-04,WH_A,East,SKU0031,Sports,121,0,33,116
2025-02-04,WH_A,East,SKU0032,Sports,85,4,24,32
2025-02-04,WH_A,East,SKU0033,Housewares,55,1,20,93
2025-02-04,WH_A,East,SKU0034,Office,197,2,23,114
2025-02-04,WH_A,East,SKU0035,Hardware,178,2,42,76
2025-02-04,WH_A,East,SKU0036,Housewares,69,2,48,48
2025-02-04,WH_A,East,SKU0037,Sports,89,0,40,98
2025-02-04,WH_A,East,SKU0038,Housewares,112,3,31,105
2025-02-04,WH_A,East,SKU0039,Office,68,4,46,115
2025-02-04,WH_A,East,SKU0040,Housewares,31,0,33,30
2025-02-04,WH_A,East,SKU0041,Sports,19,1,17,118
2025-02-04,WH_A,East,SKU0042,Electronics,264,4,24,32
2025-02-04,WH_A,East,SKU0043,Hardware,234,2,40,115
2025-02-04,WH_A,East,SKU0044,Hardware,42,1,20,68
2025-02-04,WH_A,East,SKU0045,Electronics,266,3,39,32
2025-02-04,WH_A,East,SKU0046,Hardware,149,4,20,105
2025-02-04,WH_A,East,SKU0047,Electronics,13,2,50,73
2025-02-04,WH_A,East,SKU0048,Hardware,141,2,28,48
2025-02-04,WH_A,East,SKU0049,Housewares,157,2,22,81
2025-02-04,WH_A,East,SKU0050,Hardware,262,0,27,37
2025-02-04,WH_A,East,SKU0051,Hardware,248,4,27,60
2025-02-04,WH_A,East,SKU0052,Hardware,150,3,41,113
2025-02-04,WH_A,East,SKU0053,Hardware,92,3,39,106
2025-02-04,WH_A,East,SKU0054,Office,83,6,15,41
2025-02-04,WH_A,East,SKU0055,Housewares,30,0,18,34
2025-02-04,WH_A,East,SKU0056,Housewares,178,2,18,97
2025-02-04,WH_A,East,SKU0057,Electronics,250,3,30,38
2025-02-04,WH_A,East,SKU0058,Sports,152,3,43,96
2025-02-04,WH_A,East,SKU0059,Electronics,81,2,15,69
2025-02-04,WH_A,East,SKU0060,Hardware,208,0,17,52
2025-02-04,WH_A,East,SKU0061,Office,146,2,29,72
2025-02-04,WH_A,East,SKU0062,Housewares,206,0,32,38
2025-02-04,WH_A,East,SKU0063,Housewares,120,0,49,106
2025-02-04,WH_A,East,SKU0064,Sports,89,6,18,109
2025-02-04,WH_A,East,SKU0065,Sports,79,0,18,63
2025-02-04,WH_A,East,SKU0066,Sports,199,2,29,111
2025-02-04,WH_A,East,SKU0067,Hardware,173,3,41,84
2025-02-04,WH_A,East,SKU0068,Electronics,50,1,30,83
2025-02-04,WH_A,East,SKU0069,Hardware,165,1,25,98
2025-02-04,WH_A,East,SKU0070,Hardware,278,1,16,95
2025-02-04,WH_A,East,SKU0071,Hardware,61,3,23,47
2025-02-04,WH_A,East,SKU0072,Office,195,3,42,96
2025-02-04,WH_A,East,SKU0073,Office,45,3,37,103
2025-02-04,WH_A,East,SKU0074,Hardware,138,3,44,119
2025-02-04,WH_A,East,SKU0075,Sports,83,1,44,30
2025-02-04,WH_A,East,SKU0076,Hardware,150,3,29,39
2025-02-04,WH_A,East,SKU0077,Office,46,3,17,74
2025-02-04,WH_A,East,SKU0078,Housewares,191,2,50,57
2025-02-04,WH_A,East,SKU0079,Hardware,263,3,30,31
2025-02-04,WH_A,East,SKU0080,Hardware,244,3,42,93
2025-02-04,WH_A,East,SKU0081,Housewares,81,1,43,109
2025-02-04,WH_A,East,SKU0082,Hardware,213,3,33,47
2025-02-04,WH_A,East,SKU0083,Housewares,64,2,50,104
2025-02-04,WH_A,East,SKU0084,Office,57,3,34,47
2025-02-04,WH_A,East,SKU0085,Hardware,252,1,42,107
2025-02-04,WH_A,East,SKU0086,Hardware,119,2,45,82
2025-02-04,WH_A,East,SKU0087,Office,88,2,16,43
2025-02-04,WH_A,East,SKU0088,Housewares,112,3,46,84
2025-02-04,WH_A,East,SKU0089,Electronics,214,4,21,95
2025-02-04,WH_A,East,SKU0090,Electronics,219,1,45,80
2025-02-04,WH_A,East,SKU0091,Electronics,71,0,48,99
2025-02-04,WH_A,East,SKU0092,Housewares,68,1,41,60
2025-02-04,WH_A,East,SKU0093,Sports,116,5,49,97
2025-02-04,WH_A,East,SKU0094,Hardware,245,5,37,33
2025-02-04,WH_A,East,SKU0095,Electronics,71,3,40,111
2025-02-04,WH_A,East,SKU0096,Hardware,74,0,44,81
2025-02-04,WH_A,East,SKU0097,Office,58,4,25,53
2025-02-04,WH_A,East,SKU0098,Housewares,128,0,42,85
2025-02-04,WH_A,East,SKU0099,Office,144,6,47,118
2025-02-04,WH_A,East,SKU0100,Office,148,3,15,102
2025-02-04,WH_B,Central,SKU0001,Housewares,183,2,27,87
2025-02-04,WH_B,Central,SKU0002,Electronics,262,3,40,40
2025-02-04,WH_B,Central,SKU0003,Hardware,164,2,35,51
2025-02-04,WH_B,Central,SKU0004,Hardware,89,2,50,112
2025-02-04,WH_B,Central,SKU0005,Sports,178,0,49,107
2025-02-04,WH_B,Central,SKU0006,Sports,19,3,44,67
2025-02-04,WH_B,Central,SKU0007,Office,162,2,30,70
2025-02-04,WH_B,Central,SKU0008,Electronics,225,2,49,43
2025-02-04,WH_B,Central,SKU0009,Hardware,75,3,35,73
2025-02-04,WH_B,Central,SKU0010,Electronics,229,4,45,91
2025-02-04,WH_B,Central,SKU0011,Hardware,191,6,24,85
2025-02-04,WH_B,Central,SKU0012,Housewares,90,1,46,78
2025-02-04,WH_B,Central,SKU0013,Electronics,130,3,16,100
2025-02-04,WH_B,Central,SKU0014,Electronics,75,1,50,77
2025-02-04,WH_B,Central,SKU0015,Housewares,161,1,16,70
2025-02-04,WH_B,Central,SKU0016,Housewares,40,2,19,120
2025-02-04,WH_B,Central,SKU0017,Hardware,122,4,22,86
2025-02-04,WH_B,Central,SKU0018,Housewares,63,3,39,72
2025-02-04,WH_B,Central,SKU0019,Sports,155,6,50,104
2025-02-04,WH_B,Central,SKU0020,Electronics,85,4,19,47
2025-02-04,WH_B,Central,SKU0021,Sports,155,3,37,80
2025-02-04,WH_B,Central,SKU0022,Sports,108,5,20,98
2025-02-04,WH_B,Central,SKU0023,Hardware,230,4,43,40
2025-02-04,WH_B,Central,SKU0024,Electronics,261,4,22,69
2025-02-04,WH_B,Central,SKU0025,Office,154,2,42,35
2025-02-04,WH_B,Central,SKU0026,Hardware,62,6,38,35
2025-02-04,WH_B,Central,SKU0027,Electronics,27,3,26,63
2025-02-04,WH_B,Central,SKU0028,Electronics,125,0,26,96
2025-02-04,WH_B,Central,SKU0029,Sports,130,6,50,92
2025-02-04,WH_B,Central,SKU0030,Housewares,101,7,44,36
2025-02-04,WH_B,Central,SKU0031,Sports,191,3,29,112
2025-02-04,WH_B,Central,SKU0032,Sports,29,1,24,105
2025-02-04,WH_B,Central,SKU0033,Housewares,67,5,16,45
2025-02-04,WH_B,Central,SKU0034,Office,39,5,24,73
2025-02-04,WH_B,Central,SKU0035,Hardware,241,0,15,38
2025-02-04,WH_B,Central,SKU0036,Housewares,203,2,47,80
2025-02-04,WH_B,Central,SKU0037,Sports,174,5,17,93
2025-02-04,WH_B,Central,SKU0038,Housewares,102,4,25,103
2025-02-04,WH_B,Central,SKU0039,Office,19,2,40,114
2025-02-04,WH_B,Central,SKU0040,Housewares,187,4,37,49
2025-02-04,WH_B,Central,SKU0041,Sports,60,3,25,59
2025-02-04,WH_B,Central,SKU0042,Electronics,97,5,41,107
2025-02-04,WH_B,Central,SKU0043,Hardware,109,0,22,111
2025-02-04,WH_B,Central,SKU0044,Hardware,226,1,16,79
2025-02-04,WH_B,Central,SKU0045,Electronics,93,4,17,31
2025-02-04,WH_B,Central,SKU0046,Hardware,206,2,27,32
2025-02-04,WH_B,Central,SKU0047,Electronics,76,3,31,52
2025-02-04,WH_B,Central,SKU0048,Hardware,158,0,42,47
2025-02-04,WH_B,Central,SKU0049,Housewares,65,5,43,76
2025-02-04,WH_B,Central,SKU0050,Hardware,118,3,45,111
2025-02-04,WH_B,Central,SKU0051,Hardware,142,0,16,119
2025-02-04,WH_B,Central,SKU0052,Hardware,126,3,46,118
2025-02-04,WH_B,Central,SKU0053,Hardware,63,0,32,69
2025-02-04,WH_B,Central,SKU0054,Office,123,2,38,82
2025-02-04,WH_B,Central,SKU0055,Housewares,184,2,46,62
2025-02-04,WH_B,Central,SKU0056,Housewares,7,1,39,99
2025-02-04,WH_B,Central,SKU0057,Electronics,197,4,28,76
2025-02-04,WH_B,Central,SKU0058,Sports,183,4,34,62
2025-02-04,WH_B,Central,SKU0059,Electronics,135,1,29,62
2025-02-04,WH_B,Central,SKU0060,Hardware,151,2,19,65
2025-02-04,WH_B,Central,SKU0061,Office,125,0,42,100
2025-02-04,WH_B,Central,SKU0062,Housewares,164,1,41,75
2025-02-04,WH_B,Central,SKU0063,Housewares,143,4,27,115
2025-02-04,WH_B,Central,SKU0064,Sports,99,5,47,55
2025-02-04,WH_B,Central,SKU0065,Sports,115,5,50,59
2025-02-04,WH_B,Central,SKU0066,Sports,181,3,37,113
2025-02-04,WH_B,Central,SKU0067,Hardware,220,7,42,110
2025-02-04,WH_B,Central,SKU0068,Electronics,95,2,41,93
2025-02-04,WH_B,Central,SKU0069,Hardware,113,0,42,80
2025-02-04,WH_B,Central,SKU0070,Hardware,136,1,48,70
2025-02-04,WH_B,Central,SKU0071,Hardware,96,4,24,33
2025-02-04,WH_B,Central,SKU0072,Office,198,3,44,90
2025-02-04,WH_B,Central,SKU0073,Office,111,0,48,90
2025-02-04,WH_B,Central,SKU0074,Hardware,17,1,47,107
2025-02-04,WH_B,Central,SKU0075,Sports,91,5,30,50
2025-02-04,WH_B,Central,SKU0076,Hardware,271,0,41,108
2025-02-04,WH_B,Central,SKU0077,Office,156,1,28,114
2025-02-04,WH_B,Central,SKU0078,Housewares,160,4,31,68
2025-02-04,WH_B,Central,SKU0079,Hardware,112,2,42,106
2025-02-04,WH_B,Central,SKU0080,Hardware,287,3,36,98
2025-02-04,WH_B,Central,SKU0081,Housewares,23,4,37,33
2025-02-04,WH_B,Central,SKU0082,Hardware,147,3,35,37
2025-02-04,WH_B,Central,SKU0083,Housewares,118,2,17,106
2025-02-04,WH_B,Central,SKU0084,Office,63,3,49,64
2025-02-04,WH_B,Central,SKU0085,Hardware,163,1,44,51
2025-02-04,WH_B,Central,SKU0086,Hardware,44,7,18,88
2025-02-04,WH_B,Central,SKU0087,Office,85,0,32,52
2025-02-04,WH_B,Central,SKU0088,Housewares,159,0,27,102
2025-02-04,WH_B,Central,SKU0089,Electronics,44,0,44,87
2025-02-04,WH_B,Central,SKU0090,Electronics,103,5,46,48
2025-02-04,WH_B,Central,SKU0091,Electronics,249,1,35,64
2025-02-04,WH_B,Central,SKU0092,Housewares,177,4,37,115
2025-02-04,WH_B,Central,SKU0093,Sports,189,1,15,60
2025-02-04,WH_B,Central,SKU0094,Hardware,225,1,16,38
2025-02-04,WH_B,Central,SKU0095,Electronics,164,2,23,72
2025-02-04,WH_B,Central,SKU0096,Hardware,225,0,37,44
2025-02-04,WH_B,Central,SKU0097,Office,116,3,17,116
2025-02-04,WH_B,Central,SKU0098,Housewares,59,1,15,68
2025-02-04,WH_B,Central,SKU0099,Office,87,3,16,114
2025-02-04,WH_B,Central,SKU0100,Office,60,1,50,42
2025-02-04,WH_C,West,SKU0001,Housewares,86,2,28,73
2025-02-04,WH_C,West,SKU0002,Electronics,124,1,19,47
2025-02-04,WH_C,West,SKU0003,Hardware,182,4,31,117
2025-02-04,WH_C,West,SKU0004,Hardware,274,0,29,58
2025-02-04,WH_C,West,SKU0005,Sports,151,7,36,54
2025-02-04,WH_C,West,SKU0006,Sports,13,0,21,44
2025-02-04,WH_C,West,SKU0007,Office,27,2,30,114
2025-02-04,WH_C,West,SKU0008,Electronics,163,3,16,65
2025-02-04,WH_C,West,SKU0009,Hardware,100,4,40,75
2025-02-04,WH_C,West,SKU0010,Electronics,110,5,44,63
2025-02-04,WH_C,West,SKU0011,Hardware,77,3,50,85
2025-02-04,WH_C,West,SKU0012,Housewares,183,2,39,53
2025-02-04,WH_C,West,SKU0013,Electronics,266,2,37,44
2025-02-04,WH_C,West,SKU0014,Electronics,289,2,18,97
2025-02-04,WH_C,West,SKU0015,Housewares,103,1,46,58
2025-02-04,WH_C,West,SKU0016,Housewares,161,0,27,100
2025-02-04,WH_C,West,SKU0017,Hardware,268,5,37,74
2025-02-04,WH_C,West,SKU0018,Housewares,96,2,36,40
2025-02-04,WH_C,West,SKU0019,Sports,85,0,42,35
2025-02-04,WH_C,West,SKU0020,Electronics,235,2,20,104
2025-02-04,WH_C,West,SKU0021,Sports,81,4,35,42
2025-02-04,WH_C,West,SKU0022,Sports,40,5,45,115
2025-02-04,WH_C,West,SKU0023,Hardware,151,4,37,75
2025-02-04,WH_C,West,SKU0024,Electronics,152,1,29,118
2025-02-04,WH_C,West,SKU0025,Office,124,4,17,83
2025-02-04,WH_C,West,SKU0026,Hardware,62,2,45,53
2025-02-04,WH_C,West,SKU0027,Electronics,230,5,21,83
2025-02-04,WH_C,West,SKU0028,Electronics,187,1,27,61
2025-02-04,WH_C,West,SKU0029,Sports,136,0,31,79
2025-02-04,WH_C,West,SKU0030,Housewares,42,2,23,41
2025-02-04,WH_C,West,SKU0031,Sports,189,3,35,90
2025-02-04,WH_C,West,SKU0032,Sports,106,1,42,51
2025-02-04,WH_C,West,SKU0033,Housewares,120,0,31,42
2025-02-04,WH_C,West,SKU0034,Office,67,4,42,33
2025-02-04,WH_C,West,SKU0035,Hardware,219,2,31,97
2025-02-04,WH_C,West,SKU0036,Housewares,41,4,47,113
2025-02-04,WH_C,West,SKU0037,Sports,139,3,40,50
2025-02-04,WH_C,West,SKU0038,Housewares,40,2,18,84
2025-02-04,WH_C,West,SKU0039,Office,163,2,29,40
2025-02-04,WH_C,West,SKU0040,Housewares,158,4,42,60
2025-02-04,WH_C,West,SKU0041,Sports,23,4,30,109
2025-02-04,WH_C,West,SKU0042,Electronics,260,2,36,39
2025-02-04,WH_C,West,SKU0043,Hardware,160,3,46,37
2025-02-04,WH_C,West,SKU0044,Hardware,140,1,36,34
2025-02-04,WH_C,West,SKU0045,Electronics,149,4,49,48
2025-02-04,WH_C,West,SKU0046,Hardware,63,2,41,86
2025-02-04,WH_C,West,SKU0047,Electronics,123,1,21,52
2025-02-04,WH_C,West,SKU0048,Hardware,105,0,32,59
2025-02-04,WH_C,West,SKU0049,Housewares,140,3,50,97
2025-02-04,WH_C,West,SKU0050,Hardware,52,0,34,94
2025-02-04,WH_C,West,SKU0051,Hardware,151,2,20,114
2025-02-04,WH_C,West,SKU0052,Hardware,141,0,24,37
2025-02-04,WH_C,West,SKU0053,Hardware,84,1,38,107
2025-02-04,WH_C,West,SKU0054,Office,84,3,40,68
2025-02-04,WH_C,West,SKU0055,Housewares,110,3,17,116
2025-02-04,WH_C,West,SKU0056,Housewares,57,2,50,52
2025-02-04,WH_C,West,SKU0057,Electronics,108,3,21,61
2025-02-04,WH_C,West,SKU0058,Sports,87,1,23,90
2025-02-04,WH_C,West,SKU0059,Electronics,153,0,38,86
2025-02-04,WH_C,West,SKU0060,Hardware,162,1,44,53
2025-02-04,WH_C,West,SKU0061,Office,182,4,19,44
2025-02-04,WH_C,West,SKU0062,Housewares,94,2,33,105
2025-02-04,WH_C,West,SKU0063,Housewares,32,2,33,110
2025-02-04,WH_C,West,SKU0064,Sports,78,0,27,40
2025-02-04,WH_C,West,SKU0065,Sports,161,4,27,112
2025-02-04,WH_C,West,SKU0066,Sports,93,4,30,85
2025-02-04,WH_C,West,SKU0067,Hardware,218,5,38,58
2025-02-04,WH_C,West,SKU0068,Electronics,55,3,17,117
2025-02-04,WH_C,West,SKU0069,Hardware,258,5,25,115
2025-02-04,WH_C,West,SKU0070,Hardware,225,5,45,91
2025-02-04,WH_C,West,SKU0071,Hardware,73,4,21,71
2025-02-04,WH_C,West,SKU0072,Office,20,0,41,48
2025-02-04,WH_C,West,SKU0073,Office,203,3,22,116
2025-02-04,WH_C,West,SKU0074,Hardware,208,2,23,79
2025-02-04,WH_C,West,SKU0075,Sports,101,5,19,87
2025-02-04,WH_C,West,SKU0076,Hardware,122,3,25,95
2025-02-04,WH_C,West,SKU0077,Office,40,4,42,48
2025-02-04,WH_C,West,SKU0078,Housewares,192,4,20,36
2025-02-04,WH_C,West,SKU0079,Hardware,204,6,46,59
2025-02-04,WH_C,West,SKU0080,Hardware,242,3,24,50
2025-02-04,WH_C,West,SKU0081,Housewares,40,2,50,61
2025-02-04,WH_C,West,SKU0082,Hardware,165,4,19,71
2025-02-04,WH_C,West,SKU0083,Housewares,142,4,28,116
2025-02-04,WH_C,West,SKU0084,Office,135,3,42,91
2025-02-04,WH_C,West,SKU0085,Hardware,77,4,16,75
2025-02-04,WH_C,West,SKU0086,Hardware,50,2,47,117
2025-02-04,WH_C,West,SKU0087,Office,132,4,46,30
2025-02-04,WH_C,West,SKU0088,Housewares,132,4,33,74
2025-02-04,WH_C,West,SKU0089,Electronics,230,3,20,77
2025-02-04,WH_C,West,SKU0090,Electronics,107,0,18,62
2025-02-04,WH_C,West,SKU0091,Electronics,151,5,35,36
2025-02-04,WH_C,West,SKU0092,Housewares,22,1,26,30
2025-02-04,WH_C,West,SKU0093,Sports,51,3,39,96
2025-02-04,WH_C,West,SKU0094,Hardware,119,6,50,93
2025-02-04,WH_C,West,SKU0095,Electronics,222,4,17,57
2025-02-04,WH_C,West,SKU0096,Hardware,125,2,37,37
2025-02-04,WH_C,West,SKU0097,Office,66,4,35,94
2025-02-04,WH_C,West,SKU0098,Housewares,114,2,43,80
2025-02-04,WH_C,West,SKU0099,Office,46,5,30,113
2025-02-04,WH_C,West,SKU0100,Office,34,0,32,31
2025-02-05,WH_A,East,SKU0001,Housewares,199,2,28,64
2025-02-05,WH_A,East,SKU0002,Electronics,170,1,44,116
2025-02-05,WH_A,East,SKU0003,Hardware,156,3,34,110
2025-02-05,WH_A,East,SKU0004,Hardware,61,1,49,48
2025-02-05,WH_A,East,SKU0005,Sports,77,7,42,99
2025-02-05,WH_A,East,SKU0006,Sports,151,2,21,35
2025-02-05,WH_A,East,SKU0007,Office,29,4,30,100
2025-02-05,WH_A,East,SKU0008,Electronics,276,4,23,87
2025-02-05,WH_A,East,SKU0009,Hardware,87,3,19,36
2025-02-05,WH_A,East,SKU0010,Electronics,156,5,21,61
2025-02-05,WH_A,East,SKU0011,Hardware,106,0,32,78
2025-02-05,WH_A,East,SKU0012,Housewares,37,4,21,99
2025-02-05,WH_A,East,SKU0013,Electronics,127,2,25,49
2025-02-05,WH_A,East,SKU0014,Electronics,25,3,21,60
2025-02-05,WH_A,East,SKU0015,Housewares,151,5,50,51
2025-02-05,WH_A,East,SKU0016,Housewares,113,1,30,52
2025-02-05,WH_A,East,SKU0017,Hardware,48,0,50,55
2025-02-05,WH_A,East,SKU0018,Housewares,207,4,19,116
2025-02-05,WH_A,East,SKU0019,Sports,132,2,48,45
2025-02-05,WH_A,East,SKU0020,Electronics,251,3,41,58
2025-02-05,WH_A,East,SKU0021,Sports,125,1,15,60
2025-02-05,WH_A,East,SKU0022,Sports,151,2,20,113
2025-02-05,WH_A,East,SKU0023,Hardware,266,4,45,61
2025-02-05,WH_A,East,SKU0024,Electronics,163,2,15,89
2025-02-05,WH_A,East,SKU0025,Office,138,0,34,112
2025-02-05,WH_A,East,SKU0026,Hardware,220,1,42,91
2025-02-05,WH_A,East,SKU0027,Electronics,99,3,17,35
2025-02-05,WH_A,East,SKU0028,Electronics,7,6,37,46
2025-02-05,WH_A,East,SKU0029,Sports,46,1,31,119
2025-02-05,WH_A,East,SKU0030,Housewares,44,0,18,90
2025-02-05,WH_A,East,SKU0031,Sports,40,1,44,44
2025-02-05,WH_A,East,SKU0032,Sports,125,1,30,64
2025-02-05,WH_A,East,SKU0033,Housewares,163,5,38,33
2025-02-05,WH_A,East,SKU0034,Office,204,2,49,107
2025-02-05,WH_A,East,SKU0035,Hardware,146,3,21,53
2025-02-05,WH_A,East,SKU0036,Housewares,65,7,44,30
2025-02-05,WH_A,East,SKU0037,Sports,168,3,38,40
2025-02-05,WH_A,East,SKU0038,Housewares,63,5,20,109
2025-02-05,WH_A,East,SKU0039,Office,87,3,34,76
2025-02-05,WH_A,East,SKU0040,Housewares,101,1,38,83
2025-02-05,WH_A,East,SKU0041,Sports,191,2,45,48
2025-02-05,WH_A,East,SKU0042,Electronics,263,2,40,74
2025-02-05,WH_A,East,SKU0043,Hardware,151,2,39,44
2025-02-05,WH_A,East,SKU0044,Hardware,236,2,26,88
2025-02-05,WH_A,East,SKU0045,Electronics,194,0,46,40
2025-02-05,WH_A,East,SKU0046,Hardware,99,1,43,87
2025-02-05,WH_A,East,SKU0047,Electronics,262,6,22,118
2025-02-05,WH_A,East,SKU0048,Hardware,281,4,47,94
2025-02-05,WH_A,East,SKU0049,Housewares,119,5,24,84
2025-02-05,WH_A,East,SKU0050,Hardware,97,7,37,81
2025-02-05,WH_A,East,SKU0051,Hardware,58,2,23,81
2025-02-05,WH_A,East,SKU0052,Hardware,159,0,43,99
2025-02-05,WH_A,East,SKU0053,Hardware,125,4,16,77
2025-02-05,WH_A,East,SKU0054,Office,125,0,46,56
2025-02-05,WH_A,East,SKU0055,Housewares,138,4,21,55
2025-02-05,WH_A,East,SKU0056,Housewares,161,0,48,91
2025-02-05,WH_A,East,SKU0057,Electronics,140,3,17,51
2025-02-05,WH_A,East,SKU0058,Sports,45,0,28,117
2025-02-05,WH_A,East,SKU0059,Electronics,267,7,33,115
2025-02-05,WH_A,East,SKU0060,Hardware,153,3,19,68
2025-02-05,WH_A,East,SKU0061,Office,107,0,40,78
2025-02-05,WH_A,East,SKU0062,Housewares,60,1,46,84
2025-02-05,WH_A,East,SKU0063,Housewares,81,5,28,30
2025-02-05,WH_A,East,SKU0064,Sports,96,1,22,39
2025-02-05,WH_A,East,SKU0065,Sports,132,1,41,42
2025-02-05,WH_A,East,SKU0066,Sports,185,2,34,52
2025-02-05,WH_A,East,SKU0067,Hardware,257,3,21,77
2025-02-05,WH_A,East,SKU0068,Electronics,93,3,33,95
2025-02-05,WH_A,East,SKU0069,Hardware,108,0,22,106
2025-02-05,WH_A,East,SKU0070,Hardware,171,1,49,83
2025-02-05,WH_A,East,SKU0071,Hardware,88,3,41,63
2025-02-05,WH_A,East,SKU0072,Office,135,3,16,62
2025-02-05,WH_A,East,SKU0073,Office,127,1,35,78
2025-02-05,WH_A,East,SKU0074,Hardware,220,0,39,105
2025-02-05,WH_A,East,SKU0075,Sports,165,0,45,32
2025-02-05,WH_A,East,SKU0076,Hardware,99,5,39,100
2025-02-05,WH_A,East,SKU0077,Office,160,0,29,30
2025-02-05,WH_A,East,SKU0078,Housewares,34,4,32,99
2025-02-05,WH_A,East,SKU0079,Hardware,100,1,46,117
2025-02-05,WH_A,East,SKU0080,Hardware,239,2,29,81
2025-02-05,WH_A,East,SKU0081,Housewares,59,2,20,74
2025-02-05,WH_A,East,SKU0082,Hardware,251,1,26,48
2025-02-05,WH_A,East,SKU0083,Housewares,194,0,22,114
2025-02-05,WH_A,East,SKU0084,Office,190,5,25,91
2025-02-05,WH_A,East,SKU0085,Hardware,59,0,39,72
2025-02-05,WH_A,East,SKU0086,Hardware,247,5,29,65
2025-02-05,WH_A,East,SKU0087,Office,41,3,17,63
2025-02-05,WH_A,East,SKU0088,Housewares,27,3,39,117
2025-02-05,WH_A,East,SKU0089,Electronics,92,3,21,40
2025-02-05,WH_A,East,SKU0090,Electronics,210,2,43,51
2025-02-05,WH_A,East,SKU0091,Electronics,84,3,47,50
2025-02-05,WH_A,East,SKU0092,Housewares,92,1,45,45
2025-02-05,WH_A,East,SKU0093,Sports,163,6,27,32
2025-02-05,WH_A,East,SKU0094,Hardware,71,5,49,44
2025-02-05,WH_A,East,SKU0095,Electronics,184,1,40,113
2025-02-05,WH_A,East,SKU0096,Hardware,44,3,45,72
2025-02-05,WH_A,East,SKU0097,Office,207,5,43,97
2025-02-05,WH_A,East,SKU0098,Housewares,181,0,48,113
2025-02-05,WH_A,East,SKU0099,Office,67,3,45,66
2025-02-05,WH_A,East,SKU0100,Office,176,2,43,109
2025-02-05,WH_B,Central,SKU0001,Housewares,192,0,18,70
2025-02-05,WH_B,Central,SKU0002,Electronics,73,1,23,43
2025-02-05,WH_B,Central,SKU0003,Hardware,195,4,22,44
2025-02-05,WH_B,Central,SKU0004,Hardware,123,0,49,82
2025-02-05,WH_B,Central,SKU0005,Sports,113,0,41,75
2025-02-05,WH_B,Central,SKU0006,Sports,141,0,21,100
2025-02-05,WH_B,Central,SKU0007,Office,180,3,49,114
2025-02-05,WH_B,Central,SKU0008,Electronics,83,4,15,85
2025-02-05,WH_B,Central,SKU0009,Hardware,69,3,46,57
2025-02-05,WH_B,Central,SKU0010,Electronics,243,3,35,82
2025-02-05,WH_B,Central,SKU0011,Hardware,120,4,21,82
2025-02-05,WH_B,Central,SKU0012,Housewares,66,3,21,51
2025-02-05,WH_B,Central,SKU0013,Electronics,231,0,44,76
2025-02-05,WH_B,Central,SKU0014,Electronics,142,3,43,52
2025-02-05,WH_B,Central,SKU0015,Housewares,114,2,21,83
2025-02-05,WH_B,Central,SKU0016,Housewares,181,0,34,107
2025-02-05,WH_B,Central,SKU0017,Hardware,169,3,28,92
2025-02-05,WH_B,Central,SKU0018,Housewares,165,2,47,39
2025-02-05,WH_B,Central,SKU0019,Sports,49,4,28,97
2025-02-05,WH_B,Central,SKU0020,Electronics,285,2,18,80
2025-02-05,WH_B,Central,SKU0021,Sports,149,1,25,119
2025-02-05,WH_B,Central,SKU0022,Sports,35,2,22,56
2025-02-05,WH_B,Central,SKU0023,Hardware,251,2,15,93
2025-02-05,WH_B,Central,SKU0024,Electronics,47,3,42,93
2025-02-05,WH_B,Central,SKU0025,Office,94,3,27,117
2025-02-05,WH_B,Central,SKU0026,Hardware,283,1,25,44
2025-02-05,WH_B,Central,SKU0027,Electronics,185,3,29,118
2025-02-05,WH_B,Central,SKU0028,Electronics,80,2,41,45
2025-02-05,WH_B,Central,SKU0029,Sports,81,3,19,90
2025-02-05,WH_B,Central,SKU0030,Housewares,174,0,48,72
2025-02-05,WH_B,Central,SKU0031,Sports,77,1,17,35
2025-02-05,WH_B,Central,SKU0032,Sports,93,0,18,61
2025-02-05,WH_B,Central,SKU0033,Housewares,133,4,25,106
2025-02-05,WH_B,Central,SKU0034,Office,127,4,33,77
2025-02-05,WH_B,Central,SKU0035,Hardware,225,4,36,94
2025-02-05,WH_B,Central,SKU0036,Housewares,85,2,36,118
2025-02-05,WH_B,Central,SKU0037,Sports,128,2,30,117
2025-02-05,WH_B,Central,SKU0038,Housewares,170,3,50,45
2025-02-05,WH_B,Central,SKU0039,Office,66,3,45,65
2025-02-05,WH_B,Central,SKU0040,Housewares,73,3,24,48
2025-02-05,WH_B,Central,SKU0041,Sports,106,4,36,43
2025-02-05,WH_B,Central,SKU0042,Electronics,169,0,32,38
2025-02-05,WH_B,Central,SKU0043,Hardware,253,2,26,71
2025-02-05,WH_B,Central,SKU0044,Hardware,222,2,19,110
2025-02-05,WH_B,Central,SKU0045,Electronics,116,4,46,83
2025-02-05,WH_B,Central,SKU0046,Hardware,79,3,21,120
2025-02-05,WH_B,Central,SKU0047,Electronics,94,3,27,81
2025-02-05,WH_B,Central,SKU0048,Hardware,42,4,22,119
2025-02-05,WH_B,Central,SKU0049,Housewares,152,1,40,59
2025-02-05,WH_B,Central,SKU0050,Hardware,256,2,31,75
2025-02-05,WH_B,Central,SKU0051,Hardware,118,4,21,56
2025-02-05,WH_B,Central,SKU0052,Hardware,242,1,31,70
2025-02-05,WH_B,Central,SKU0053,Hardware,100,0,21,70
2025-02-05,WH_B,Central,SKU0054,Office,134,0,28,36
2025-02-05,WH_B,Central,SKU0055,Housewares,173,1,30,31
2025-02-05,WH_B,Central,SKU0056,Housewares,125,2,40,96
2025-02-05,WH_B,Central,SKU0057,Electronics,255,1,36,109
2025-02-05,WH_B,Central,SKU0058,Sports,51,3,42,119
2025-02-05,WH_B,Central,SKU0059,Electronics,273,4,34,76
2025-02-05,WH_B,Central,SKU0060,Hardware,234,2,49,89
2025-02-05,WH_B,Central,SKU0061,Office,56,3,32,34
2025-02-05,WH_B,Central,SKU0062,Housewares,157,3,26,119
2025-02-05,WH_B,Central,SKU0063,Housewares,39,2,44,91
2025-02-05,WH_B,Central,SKU0064,Sports,178,0,27,72
2025-02-05,WH_B,Central,SKU0065,Sports,162,1,20,83
2025-02-05,WH_B,Central,SKU0066,Sports,140,2,47,38
2025-02-05,WH_B,Central,SKU0067,Hardware,59,0,28,57
2025-02-05,WH_B,Central,SKU0068,Electronics,240,0,45,54
2025-02-05,WH_B,Central,SKU0069,Hardware,178,7,43,33
2025-02-05,WH_B,Central,SKU0070,Hardware,203,6,23,45
2025-02-05,WH_B,Central,SKU0071,Hardware,196,5,29,120
2025-02-05,WH_B,Central,SKU0072,Office,115,2,15,120
2025-02-05,WH_B,Central,SKU0073,Office,60,0,34,46
2025-02-05,WH_B,Central,SKU0074,Hardware,257,3,25,112
2025-02-05,WH_B,Central,SKU0075,Sports,83,0,32,42
2025-02-05,WH_B,Central,SKU0076,Hardware,274,0,48,59
2025-02-05,WH_B,Central,SKU0077,Office,30,3,41,116
2025-02-05,WH_B,Central,SKU0078,Housewares,87,4,26,60
2025-02-05,WH_B,Central,SKU0079,Hardware,187,4,35,69
2025-02-05,WH_B,Central,SKU0080,Hardware,32,0,21,99
2025-02-05,WH_B,Central,SKU0081,Housewares,26,1,34,67
2025-02-05,WH_B,Central,SKU0082,Hardware,121,5,25,67
2025-02-05,WH_B,Central,SKU0083,Housewares,159,2,32,49
2025-02-05,WH_B,Central,SKU0084,Office,194,2,16,50
2025-02-05,WH_B,Central,SKU0085,Hardware,283,6,32,61
2025-02-05,WH_B,Central,SKU0086,Hardware,181,3,15,119
2025-02-05,WH_B,Central,SKU0087,Office,176,6,34,86
2025-02-05,WH_B,Central,SKU0088,Housewares,123,4,37,119
2025-02-05,WH_B,Central,SKU0089,Electronics,48,2,22,115
2025-02-05,WH_B,Central,SKU0090,Electronics,222,1,42,114
2025-02-05,WH_B,Central,SKU0091,Electronics,49,0,36,83
2025-02-05,WH_B,Central,SKU0092,Housewares,110,5,15,108
2025-02-05,WH_B,Central,SKU0093,Sports,168,4,33,43
2025-02-05,WH_B,Central,SKU0094,Hardware,142,5,46,74
2025-02-05,WH_B,Central,SKU0095,Electronics,91,4,49,109
2025-02-05,WH_B,Central,SKU0096,Hardware,290,5,19,54
2025-02-05,WH_B,Central,SKU0097,Office,116,1,17,70
2025-02-05,WH_B,Central,SKU0098,Housewares,88,3,23,68
2025-02-05,WH_B,Central,SKU0099,Office,82,0,20,117
2025-02-05,WH_B,Central,SKU0100,Office,203,4,18,95
2025-02-05,WH_C,West,SKU0001,Housewares,66,3,39,39
2025-02-05,WH_C,West,SKU0002,Electronics,267,4,19,33
2025-02-05,WH_C,West,SKU0003,Hardware,251,3,27,70
2025-02-05,WH_C,West,SKU0004,Hardware,167,0,35,108
2025-02-05,WH_C,West,SKU0005,Sports,100,2,26,103
2025-02-05,WH_C,West,SKU0006,Sports,181,3,26,34
2025-02-05,WH_C,West,SKU0007,Office,198,0,26,60
2025-02-05,WH_C,West,SKU0008,Electronics,187,1,39,78
2025-02-05,WH_C,West,SKU0009,Hardware,183,6,42,106
2025-02-05,WH_C,West,SKU0010,Electronics,105,0,25,102
2025-02-05,WH_C,West,SKU0011,Hardware,153,0,29,59
2025-02-05,WH_C,West,SKU0012,Housewares,164,5,39,41
2025-02-05,WH_C,West,SKU0013,Electronics,230,3,31,41
2025-02-05,WH_C,West,SKU0014,Electronics,51,1,49,54
2025-02-05,WH_C,West,SKU0015,Housewares,179,2,16,109
2025-02-05,WH_C,West,SKU0016,Housewares,88,2,34,46
2025-02-05,WH_C,West,SKU0017,Hardware,118,0,24,67
2025-02-05,WH_C,West,SKU0018,Housewares,1,5,39,84
2025-02-05,WH_C,West,SKU0019,Sports,187,3,26,95
2025-02-05,WH_C,West,SKU0020,Electronics,113,1,32,82
2025-02-05,WH_C,West,SKU0021,Sports,61,2,27,68
2025-02-05,WH_C,West,SKU0022,Sports,192,6,48,98
2025-02-05,WH_C,West,SKU0023,Hardware,259,4,29,60
2025-02-05,WH_C,West,SKU0024,Electronics,133,2,28,90
2025-02-05,WH_C,West,SKU0025,Office,116,2,21,97
2025-02-05,WH_C,West,SKU0026,Hardware,150,5,42,108
2025-02-05,WH_C,West,SKU0027,Electronics,124,3,17,94
2025-02-05,WH_C,West,SKU0028,Electronics,183,0,38,66
2025-02-05,WH_C,West,SKU0029,Sports,54,3,33,61
2025-02-05,WH_C,West,SKU0030,Housewares,157,2,26,79
2025-02-05,WH_C,West,SKU0031,Sports,176,1,23,100
2025-02-05,WH_C,West,SKU0032,Sports,94,0,36,32
2025-02-05,WH_C,West,SKU0033,Housewares,133,4,32,56
2025-02-05,WH_C,West,SKU0034,Office,90,2,16,103
2025-02-05,WH_C,West,SKU0035,Hardware,154,1,25,101
2025-02-05,WH_C,West,SKU0036,Housewares,196,2,48,109
2025-02-05,WH_C,West,SKU0037,Sports,113,2,32,91
2025-02-05,WH_C,West,SKU0038,Housewares,163,5,15,61
2025-02-05,WH_C,West,SKU0039,Office,155,2,42,107
2025-02-05,WH_C,West,SKU0040,Housewares,133,5,33,71
2025-02-05,WH_C,West,SKU0041,Sports,62,2,35,106
2025-02-05,WH_C,West,SKU0042,Electronics,75,3,45,81
2025-02-05,WH_C,West,SKU0043,Hardware,152,0,17,63
2025-02-05,WH_C,West,SKU0044,Hardware,188,2,22,100
2025-02-05,WH_C,West,SKU0045,Electronics,205,0,27,30
2025-02-05,WH_C,West,SKU0046,Hardware,35,5,36,65
2025-02-05,WH_C,West,SKU0047,Electronics,76,5,50,95
2025-02-05,WH_C,West,SKU0048,Hardware,192,1,28,65
2025-02-05,WH_C,West,SKU0049,Housewares,104,3,40,115
2025-02-05,WH_C,West,SKU0050,Hardware,172,0,48,85
2025-02-05,WH_C,West,SKU0051,Hardware,192,5,43,105
2025-02-05,WH_C,West,SKU0052,Hardware,222,1,31,88
2025-02-05,WH_C,West,SKU0053,Hardware,33,4,41,119
2025-02-05,WH_C,West,SKU0054,Office,49,4,44,119
2025-02-05,WH_C,West,SKU0055,Housewares,194,1,16,85
2025-02-05,WH_C,West,SKU0056,Housewares,157,2,18,40
2025-02-05,WH_C,West,SKU0057,Electronics,117,4,43,40
2025-02-05,WH_C,West,SKU0058,Sports,29,5,16,57
2025-02-05,WH_C,West,SKU0059,Electronics,229,3,31,87
2025-02-05,WH_C,West,SKU0060,Hardware,65,1,36,80
2025-02-05,WH_C,West,SKU0061,Office,136,2,37,83
2025-02-05,WH_C,West,SKU0062,Housewares,144,2,35,30
2025-02-05,WH_C,West,SKU0063,Housewares,173,3,36,39
2025-02-05,WH_C,West,SKU0064,Sports,166,2,47,84
2025-02-05,WH_C,West,SKU0065,Sports,39,4,21,79
2025-02-05,WH_C,West,SKU0066,Sports,134,1,33,63
2025-02-05,WH_C,West,SKU0067,Hardware,231,0,26,56
2025-02-05,WH_C,West,SKU0068,Electronics,132,0,28,77
2025-02-05,WH_C,West,SKU0069,Hardware,256,4,42,103
2025-02-05,WH_C,West,SKU0070,Hardware,217,1,35,32
2025-02-05,WH_C,West,SKU0071,Hardware,129,1,35,32
2025-02-05,WH_C,West,SKU0072,Office,174,2,36,82
2025-02-05,WH_C,West,SKU0073,Office,130,3,29,92
2025-02-05,WH_C,West,SKU0074,Hardware,164,4,34,35
2025-02-05,WH_C,West,SKU0075,Sports,60,0,31,52
2025-02-05,WH_C,West,SKU0076,Hardware,225,0,42,39
2025-02-05,WH_C,West,SKU0077,Office,138,1,49,105
2025-02-05,WH_C,West,SKU0078,Housewares,58,5,36,87
2025-02-05,WH_C,West,SKU0079,Hardware,76,5,34,34
2025-02-05,WH_C,West,SKU0080,Hardware,58,3,36,37
2025-02-05,WH_C,West,SKU0081,Housewares,203,6,30,98
2025-02-05,WH_C,West,SKU0082,Hardware,127,2,46,84
2025-02-05,WH_C,West,SKU0083,Housewares,74,2,39,68
2025-02-05,WH_C,West,SKU0084,Office,141,0,19,110
2025-02-05,WH_C,West,SKU0085,Hardware,165,0,30,96
2025-02-05,WH_C,West,SKU0086,Hardware,259,4,33,103
2025-02-05,WH_C,West,SKU0087,Office,69,3,41,101
2025-02-05,WH_C,West,SKU0088,Housewares,41,2,39,55
2025-02-05,WH_C,West,SKU0089,Electronics,126,3,47,74
2025-02-05,WH_C,West,SKU0090,Electronics,105,2,16,40
2025-02-05,WH_C,West,SKU0091,Electronics,29,3,20,48
2025-02-05,WH_C,West,SKU0092,Housewares,137,7,50,103
2025-02-05,WH_C,West,SKU0093,Sports,117,6,36,40
2025-02-05,WH_C,West,SKU0094,Hardware,249,2,28,30
2025-02-05,WH_C,West,SKU0095,Electronics,134,0,47,77
2025-02-05,WH_C,West,SKU0096,Hardware,82,0,46,88
2025-02-05,WH_C,West,SKU0097,Office,100,3,48,78
2025-02-05,WH_C,West,SKU0098,Housewares,152,5,18,57
2025-02-05,WH_C,West,SKU0099,Office,116,3,35,83
2025-02-05,WH_C,West,SKU0100,Office,66,0,18,54
2025-02-06,WH_A,East,SKU0001,Housewares,132,1,28,62
2025-02-06,WH_A,East,SKU0002,Electronics,134,2,33,57
2025-02-06,WH_A,East,SKU0003,Hardware,256,4,31,81
2025-02-06,WH_A,East,SKU0004,Hardware,218,3,39,61
2025-02-06,WH_A,East,SKU0005,Sports,80,6,21,98
2025-02-06,WH_A,East,SKU0006,Sports,22,6,24,55
2025-02-06,WH_A,East,SKU0007,Office,73,4,38,86
2025-02-06,WH_A,East,SKU0008,Electronics,266,1,41,41
2025-02-06,WH_A,East,SKU0009,Hardware,203,5,18,87
2025-02-06,WH_A,East,SKU0010,Electronics,111,1,22,87
2025-02-06,WH_A,East,SKU0011,Hardware,171,5,32,75
2025-02-06,WH_A,East,SKU0012,Housewares,147,2,44,84
2025-02-06,WH_A,East,SKU0013,Electronics,83,2,41,47
2025-02-06,WH_A,East,SKU0014,Electronics,177,1,30,80
2025-02-06,WH_A,East,SKU0015,Housewares,122,4,49,70
2025-02-06,WH_A,East,SKU0016,Housewares,201,1,17,95
2025-02-06,WH_A,East,SKU0017,Hardware,236,5,50,107
2025-02-06,WH_A,East,SKU0018,Housewares,148,0,46,63
2025-02-06,WH_A,East,SKU0019,Sports,133,2,38,108
2025-02-06,WH_A,East,SKU0020,Electronics,131,4,33,113
2025-02-06,WH_A,East,SKU0021,Sports,92,0,33,94
2025-02-06,WH_A,East,SKU0022,Sports,107,5,23,105
2025-02-06,WH_A,East,SKU0023,Hardware,167,3,27,87
2025-02-06,WH_A,East,SKU0024,Electronics,215,4,31,33
2025-02-06,WH_A,East,SKU0025,Office,91,3,45,79
2025-02-06,WH_A,East,SKU0026,Hardware,186,1,41,101
2025-02-06,WH_A,East,SKU0027,Electronics,199,2,33,33
2025-02-06,WH_A,East,SKU0028,Electronics,104,0,24,32
2025-02-06,WH_A,East,SKU0029,Sports,138,4,41,89
2025-02-06,WH_A,East,SKU0030,Housewares,109,2,20,69
2025-02-06,WH_A,East,SKU0031,Sports,162,3,43,74
2025-02-06,WH_A,East,SKU0032,Sports,84,3,34,41
2025-02-06,WH_A,East,SKU0033,Housewares,23,0,35,90
2025-02-06,WH_A,East,SKU0034,Office,78,2,28,37
2025-02-06,WH_A,East,SKU0035,Hardware,249,1,18,34
2025-02-06,WH_A,East,SKU0036,Housewares,189,2,17,103
2025-02-06,WH_A,East,SKU0037,Sports,89,1,17,82
2025-02-06,WH_A,East,SKU0038,Housewares,124,2,40,75
2025-02-06,WH_A,East,SKU0039,Office,155,0,24,60
2025-02-06,WH_A,East,SKU0040,Housewares,111,5,31,73
2025-02-06,WH_A,East,SKU0041,Sports,62,1,48,72
2025-02-06,WH_A,East,SKU0042,Electronics,266,0,42,76
2025-02-06,WH_A,East,SKU0043,Hardware,113,3,36,53
2025-02-06,WH_A,East,SKU0044,Hardware,97,4,23,82
2025-02-06,WH_A,East,SKU0045,Electronics,175,0,17,110
2025-02-06,WH_A,East,SKU0046,Hardware,281,4,15,34
2025-02-06,WH_A,East,SKU0047,Electronics,145,0,44,33
2025-02-06,WH_A,East,SKU0048,Hardware,239,0,20,38
2025-02-06,WH_A,East,SKU0049,Housewares,52,3,30,69
2025-02-06,WH_A,East,SKU0050,Hardware,227,4,38,83
2025-02-06,WH_A,East,SKU0051,Hardware,49,3,20,106
2025-02-06,WH_A,East,SKU0052,Hardware,276,6,47,102
2025-02-06,WH_A,East,SKU0053,Hardware,257,1,40,70
2025-02-06,WH_A,East,SKU0054,Office,50,3,20,100
2025-02-06,WH_A,East,SKU0055,Housewares,31,1,35,94
2025-02-06,WH_A,East,SKU0056,Housewares,98,3,43,65
2025-02-06,WH_A,East,SKU0057,Electronics,180,2,42,39
2025-02-06,WH_A,East,SKU0058,Sports,93,3,34,90
2025-02-06,WH_A,East,SKU0059,Electronics,184,0,42,41
2025-02-06,WH_A,East,SKU0060,Hardware,199,4,41,95
2025-02-06,WH_A,East,SKU0061,Office,140,3,15,65
2025-02-06,WH_A,East,SKU0062,Housewares,140,3,41,81
2025-02-06,WH_A,East,SKU0063,Housewares,202,0,39,100
2025-02-06,WH_A,East,SKU0064,Sports,62,4,16,77
2025-02-06,WH_A,East,SKU0065,Sports,63,0,38,81
2025-02-06,WH_A,East,SKU0066,Sports,109,6,38,32
2025-02-06,WH_A,East,SKU0067,Hardware,214,3,19,65
2025-02-06,WH_A,East,SKU0068,Electronics,94,0,29,118
2025-02-06,WH_A,East,SKU0069,Hardware,128,3,15,53
2025-02-06,WH_A,East,SKU0070,Hardware,238,0,26,93
2025-02-06,WH_A,East,SKU0071,Hardware,187,4,33,32
2025-02-06,WH_A,East,SKU0072,Office,116,2,32,91
2025-02-06,WH_A,East,SKU0073,Office,184,1,30,109
2025-02-06,WH_A,East,SKU0074,Hardware,213,0,42,52
2025-02-06,WH_A,East,SKU0075,Sports,71,5,19,62
2025-02-06,WH_A,East,SKU0076,Hardware,45,2,37,38
2025-02-06,WH_A,East,SKU0077,Office,56,4,20,98
2025-02-06,WH_A,East,SKU0078,Housewares,135,1,39,34
2025-02-06,WH_A,East,SKU0079,Hardware,136,3,46,69
2025-02-06,WH_A,East,SKU0080,Hardware,206,3,30,57
2025-02-06,WH_A,East,SKU0081,Housewares,162,3,20,62
2025-02-06,WH_A,East,SKU0082,Hardware,176,0,47,73
2025-02-06,WH_A,East,SKU0083,Housewares,53,5,31,88
2025-02-06,WH_A,East,SKU0084,Office,92,1,34,46
2025-02-06,WH_A,East,SKU0085,Hardware,22,2,27,71
2025-02-06,WH_A,East,SKU0086,Hardware,262,2,31,66
2025-02-06,WH_A,East,SKU0087,Office,38,3,16,116
2025-02-06,WH_A,East,SKU0088,Housewares,79,1,29,94
2025-02-06,WH_A,East,SKU0089,Electronics,188,1,29,75
2025-02-06,WH_A,East,SKU0090,Electronics,58,4,49,117
2025-02-06,WH_A,East,SKU0091,Electronics,288,0,41,82
2025-02-06,WH_A,East,SKU0092,Housewares,89,2,46,91
2025-02-06,WH_A,East,SKU0093,Sports,103,0,21,56
2025-02-06,WH_A,East,SKU0094,Hardware,54,1,28,76
2025-02-06,WH_A,East,SKU0095,Electronics,64,4,47,116
2025-02-06,WH_A,East,SKU0096,Hardware,104,5,15,48
2025-02-06,WH_A,East,SKU0097,Office,106,0,47,77
2025-02-06,WH_A,East,SKU0098,Housewares,58,0,32,83
2025-02-06,WH_A,East,SKU0099,Office,96,2,49,40
2025-02-06,WH_A,East,SKU0100,Office,116,3,28,109
2025-02-06,WH_B,Central,SKU0001,Housewares,149,2,49,76
2025-02-06,WH_B,Central,SKU0002,Electronics,245,5,25,118
2025-02-06,WH_B,Central,SKU0003,Hardware,62,0,46,100
2025-02-06,WH_B,Central,SKU0004,Hardware,251,4,35,73
2025-02-06,WH_B,Central,SKU0005,Sports,161,4,18,103
2025-02-06,WH_B,Central,SKU0006,Sports,145,2,34,120
2025-02-06,WH_B,Central,SKU0007,Office,194,4,19,51
2025-02-06,WH_B,Central,SKU0008,Electronics,229,2,39,72
2025-02-06,WH_B,Central,SKU0009,Hardware,152,3,48,44
2025-02-06,WH_B,Central,SKU0010,Electronics,161,6,44,74
2025-02-06,WH_B,Central,SKU0011,Hardware,255,1,26,57
2025-02-06,WH_B,Central,SKU0012,Housewares,152,3,28,42
2025-02-06,WH_B,Central,SKU0013,Electronics,250,5,29,69
2025-02-06,WH_B,Central,SKU0014,Electronics,214,1,20,100
2025-02-06,WH_B,Central,SKU0015,Housewares,19,3,18,55
2025-02-06,WH_B,Central,SKU0016,Housewares,179,4,19,63
2025-02-06,WH_B,Central,SKU0017,Hardware,149,1,27,63
2025-02-06,WH_B,Central,SKU0018,Housewares,45,1,26,69
2025-02-06,WH_B,Central,SKU0019,Sports,56,3,21,118
2025-02-06,WH_B,Central,SKU0020,Electronics,251,5,38,103
2025-02-06,WH_B,Central,SKU0021,Sports,143,0,30,36
2025-02-06,WH_B,Central,SKU0022,Sports,159,2,21,52
2025-02-06,WH_B,Central,SKU0023,Hardware,51,4,47,70
2025-02-06,WH_B,Central,SKU0024,Electronics,83,3,45,54
2025-02-06,WH_B,Central,SKU0025,Office,97,2,20,41
2025-02-06,WH_B,Central,SKU0026,Hardware,133,5,40,41
2025-02-06,WH_B,Central,SKU0027,Electronics,97,2,30,40
2025-02-06,WH_B,Central,SKU0028,Electronics,146,5,37,76
2025-02-06,WH_B,Central,SKU0029,Sports,58,6,18,38
2025-02-06,WH_B,Central,SKU0030,Housewares,90,1,29,34
2025-02-06,WH_B,Central,SKU0031,Sports,75,5,18,69
2025-02-06,WH_B,Central,SKU0032,Sports,80,0,15,87
2025-02-06,WH_B,Central,SKU0033,Housewares,134,7,49,41
2025-02-06,WH_B,Central,SKU0034,Office,203,2,21,36
2025-02-06,WH_B,Central,SKU0035,Hardware,223,3,41,76
2025-02-06,WH_B,Central,SKU0036,Housewares,180,2,50,68
2025-02-06,WH_B,Central,SKU0037,Sports,180,3,35,70
2025-02-06,WH_B,Central,SKU0038,Housewares,126,6,41,120
2025-02-06,WH_B,Central,SKU0039,Office,145,4,30,69
2025-02-06,WH_B,Central,SKU0040,Housewares,103,1,34,45
2025-02-06,WH_B,Central,SKU0041,Sports,161,6,26,106
2025-02-06,WH_B,Central,SKU0042,Electronics,248,3,21,48
2025-02-06,WH_B,Central,SKU0043,Hardware,182,4,32,73
2025-02-06,WH_B,Central,SKU0044,Hardware,86,4,18,83
2025-02-06,WH_B,Central,SKU0045,Electronics,142,4,20,109
2025-02-06,WH_B,Central,SKU0046,Hardware,66,2,16,83
2025-02-06,WH_B,Central,SKU0047,Electronics,58,1,39,112
2025-02-06,WH_B,Central,SKU0048,Hardware,147,1,20,32
2025-02-06,WH_B,Central,SKU0049,Housewares,25,1,48,111
2025-02-06,WH_B,Central,SKU0050,Hardware,89,2,25,115
2025-02-06,WH_B,Central,SKU0051,Hardware,120,3,23,45
2025-02-06,WH_B,Central,SKU0052,Hardware,188,1,49,48
2025-02-06,WH_B,Central,SKU0053,Hardware,174,2,47,46
2025-02-06,WH_B,Central,SKU0054,Office,69,5,20,111
2025-02-06,WH_B,Central,SKU0055,Housewares,151,5,37,111
2025-02-06,WH_B,Central,SKU0056,Housewares,123,2,25,113
2025-02-06,WH_B,Central,SKU0057,Electronics,175,3,39,48
2025-02-06,WH_B,Central,SKU0058,Sports,19,4,48,54
2025-02-06,WH_B,Central,SKU0059,Electronics,251,2,32,93
2025-02-06,WH_B,Central,SKU0060,Hardware,241,2,20,30
2025-02-06,WH_B,Central,SKU0061,Office,25,4,37,102
2025-02-06,WH_B,Central,SKU0062,Housewares,70,3,23,114
2025-02-06,WH_B,Central,SKU0063,Housewares,195,1,37,93
2025-02-06,WH_B,Central,SKU0064,Sports,57,1,23,100
2025-02-06,WH_B,Central,SKU0065,Sports,190,5,44,36
2025-02-06,WH_B,Central,SKU0066,Sports,196,7,27,50
2025-02-06,WH_B,Central,SKU0067,Hardware,90,4,16,35
2025-02-06,WH_B,Central,SKU0068,Electronics,265,4,44,64
2025-02-06,WH_B,Central,SKU0069,Hardware,218,3,36,108
2025-02-06,WH_B,Central,SKU0070,Hardware,208,2,23,62
2025-02-06,WH_B,Central,SKU0071,Hardware,99,5,50,89
2025-02-06,WH_B,Central,SKU0072,Office,46,2,24,108
2025-02-06,WH_B,Central,SKU0073,Office,100,0,20,67
2025-02-06,WH_B,Central,SKU0074,Hardware,154,2,26,35
2025-02-06,WH_B,Central,SKU0075,Sports,104,1,47,112
2025-02-06,WH_B,Central,SKU0076,Hardware,33,5,24,110
2025-02-06,WH_B,Central,SKU0077,Office,152,3,40,32
2025-02-06,WH_B,Central,SKU0078,Housewares,119,0,17,66
2025-02-06,WH_B,Central,SKU0079,Hardware,231,0,16,52
2025-02-06,WH_B,Central,SKU0080,Hardware,83,0,31,31
2025-02-06,WH_B,Central,SKU0081,Housewares,125,2,37,68
2025-02-06,WH_B,Central,SKU0082,Hardware,198,1,31,87
2025-02-06,WH_B,Central,SKU0083,Housewares,132,4,36,35
2025-02-06,WH_B,Central,SKU0084,Office,166,2,16,62
2025-02-06,WH_B,Central,SKU0085,Hardware,51,2,47,104
2025-02-06,WH_B,Central,SKU0086,Hardware,194,1,36,85
2025-02-06,WH_B,Central,SKU0087,Office,128,3,31,56
2025-02-06,WH_B,Central,SKU0088,Housewares,45,2,21,79
2025-02-06,WH_B,Central,SKU0089,Electronics,141,2,37,85
2025-02-06,WH_B,Central,SKU0090,Electronics,72,1,29,95
2025-02-06,WH_B,Central,SKU0091,Electronics,230,3,46,97
2025-02-06,WH_B,Central,SKU0092,Housewares,144,5,47,86
2025-02-06,WH_B,Central,SKU0093,Sports,135,5,37,84
2025-02-06,WH_B,Central,SKU0094,Hardware,282,4,30,39
2025-02-06,WH_B,Central,SKU0095,Electronics,119,4,39,114
2025-02-06,WH_B,Central,SKU0096,Hardware,40,3,41,112
2025-02-06,WH_B,Central,SKU0097,Office,58,1,23,105
2025-02-06,WH_B,Central,SKU0098,Housewares,22,5,20,42
2025-02-06,WH_B,Central,SKU0099,Office,50,0,50,78
2025-02-06,WH_B,Central,SKU0100,Office,20,3,32,91
2025-02-06,WH_C,West,SKU0001,Housewares,156,2,32,115
2025-02-06,WH_C,West,SKU0002,Electronics,199,3,20,103
2025-02-06,WH_C,West,SKU0003,Hardware,257,1,15,57
2025-02-06,WH_C,West,SKU0004,Hardware,201,4,16,56
2025-02-06,WH_C,West,SKU0005,Sports,107,0,22,62
2025-02-06,WH_C,West,SKU0006,Sports,144,6,35,61
2025-02-06,WH_C,West,SKU0007,Office,153,4,25,102
2025-02-06,WH_C,West,SKU0008,Electronics,126,2,34,39
2025-02-06,WH_C,West,SKU0009,Hardware,240,0,22,63
2025-02-06,WH_C,West,SKU0010,Electronics,177,3,18,76
2025-02-06,WH_C,West,SKU0011,Hardware,103,4,34,86
2025-02-06,WH_C,West,SKU0012,Housewares,35,4,50,60
2025-02-06,WH_C,West,SKU0013,Electronics,224,2,37,41
2025-02-06,WH_C,West,SKU0014,Electronics,162,6,45,57
2025-02-06,WH_C,West,SKU0015,Housewares,169,2,18,102
2025-02-06,WH_C,West,SKU0016,Housewares,86,6,29,46
2025-02-06,WH_C,West,SKU0017,Hardware,267,3,40,93
2025-02-06,WH_C,West,SKU0018,Housewares,36,3,50,62
2025-02-06,WH_C,West,SKU0019,Sports,152,3,48,81
2025-02-06,WH_C,West,SKU0020,Electronics,257,2,48,82
2025-02-06,WH_C,West,SKU0021,Sports,101,4,39,118
2025-02-06,WH_C,West,SKU0022,Sports,191,2,24,105
2025-02-06,WH_C,West,SKU0023,Hardware,72,5,38,114
2025-02-06,WH_C,West,SKU0024,Electronics,257,4,49,114
2025-02-06,WH_C,West,SKU0025,Office,68,0,25,97
2025-02-06,WH_C,West,SKU0026,Hardware,99,3,49,30
2025-02-06,WH_C,West,SKU0027,Electronics,80,2,48,57
2025-02-06,WH_C,West,SKU0028,Electronics,89,0,30,77
2025-02-06,WH_C,West,SKU0029,Sports,67,0,17,85
2025-02-06,WH_C,West,SKU0030,Housewares,146,3,47,73
2025-02-06,WH_C,West,SKU0031,Sports,122,4,49,68
2025-02-06,WH_C,West,SKU0032,Sports,185,4,42,92
2025-02-06,WH_C,West,SKU0033,Housewares,137,5,46,94
2025-02-06,WH_C,West,SKU0034,Office,20,0,40,65
2025-02-06,WH_C,West,SKU0035,Hardware,148,2,50,58
2025-02-06,WH_C,West,SKU0036,Housewares,132,1,32,65
2025-02-06,WH_C,West,SKU0037,Sports,181,0,35,103
2025-02-06,WH_C,West,SKU0038,Housewares,145,3,36,48
2025-02-06,WH_C,West,SKU0039,Office,36,4,29,75
2025-02-06,WH_C,West,SKU0040,Housewares,198,2,27,40
2025-02-06,WH_C,West,SKU0041,Sports,139,4,35,74
2025-02-06,WH_C,West,SKU0042,Electronics,282,2,36,106
2025-02-06,WH_C,West,SKU0043,Hardware,248,0,25,94
2025-02-06,WH_C,West,SKU0044,Hardware,270,0,46,65
2025-02-06,WH_C,West,SKU0045,Electronics,226,2,44,65
2025-02-06,WH_C,West,SKU0046,Hardware,55,2,19,120
2025-02-06,WH_C,West,SKU0047,Electronics,246,6,33,97
2025-02-06,WH_C,West,SKU0048,Hardware,178,6,25,84
2025-02-06,WH_C,West,SKU0049,Housewares,139,2,35,45
2025-02-06,WH_C,West,SKU0050,Hardware,276,1,22,108
2025-02-06,WH_C,West,SKU0051,Hardware,240,1,46,84
2025-02-06,WH_C,West,SKU0052,Hardware,124,1,36,58
2025-02-06,WH_C,West,SKU0053,Hardware,121,0,41,75
2025-02-06,WH_C,West,SKU0054,Office,105,0,19,75
2025-02-06,WH_C,West,SKU0055,Housewares,174,5,42,69
2025-02-06,WH_C,West,SKU0056,Housewares,59,3,40,86
2025-02-06,WH_C,West,SKU0057,Electronics,219,1,42,60
2025-02-06,WH_C,West,SKU0058,Sports,14,2,18,102
2025-02-06,WH_C,West,SKU0059,Electronics,85,3,37,94
2025-02-06,WH_C,West,SKU0060,Hardware,94,1,18,44
2025-02-06,WH_C,West,SKU0061,Office,136,4,27,34
2025-02-06,WH_C,West,SKU0062,Housewares,47,2,35,103
2025-02-06,WH_C,West,SKU0063,Housewares,140,4,24,52
2025-02-06,WH_C,West,SKU0064,Sports,92,6,24,46
2025-02-06,WH_C,West,SKU0065,Sports,151,1,32,99
2025-02-06,WH_C,West,SKU0066,Sports,81,0,34,114
2025-02-06,WH_C,West,SKU0067,Hardware,251,0,25,91
2025-02-06,WH_C,West,SKU0068,Electronics,170,1,41,100
2025-02-06,WH_C,West,SKU0069,Hardware,49,4,48,62
2025-02-06,WH_C,West,SKU0070,Hardware,184,0,18,40
2025-02-06,WH_C,West,SKU0071,Hardware,245,1,47,34
2025-02-06,WH_C,West,SKU0072,Office,71,5,15,56
2025-02-06,WH_C,West,SKU0073,Office,71,0,34,100
2025-02-06,WH_C,West,SKU0074,Hardware,43,1,19,72
2025-02-06,WH_C,West,SKU0075,Sports,78,1,43,60
2025-02-06,WH_C,West,SKU0076,Hardware,140,0,48,81
2025-02-06,WH_C,West,SKU0077,Office,117,4,46,43
2025-02-06,WH_C,West,SKU0078,Housewares,111,3,35,63
2025-02-06,WH_C,West,SKU0079,Hardware,104,5,41,32
2025-02-06,WH_C,West,SKU0080,Hardware,153,2,30,104
2025-02-06,WH_C,West,SKU0081,Housewares,70,5,40,35
2025-02-06,WH_C,West,SKU0082,Hardware,259,2,42,92
2025-02-06,WH_C,West,SKU0083,Housewares,77,4,40,111
2025-02-06,WH_C,West,SKU0084,Office,185,6,23,93
2025-02-06,WH_C,West,SKU0085,Hardware,75,0,18,110
2025-02-06,WH_C,West,SKU0086,Hardware,134,0,28,80
2025-02-06,WH_C,West,SKU0087,Office,199,2,34,109
2025-02-06,WH_C,West,SKU0088,Housewares,153,2,19,43
2025-02-06,WH_C,West,SKU0089,Electronics,228,4,24,120
2025-02-06,WH_C,West,SKU0090,Electronics,216,2,37,82
2025-02-06,WH_C,West,SKU0091,Electronics,173,2,24,94
2025-02-06,WH_C,West,SKU0092,Housewares,108,3,17,51
2025-02-06,WH_C,West,SKU0093,Sports,42,4,37,71
2025-02-06,WH_C,West,SKU0094,Hardware,255,0,28,101
2025-02-06,WH_C,West,SKU0095,Electronics,124,1,16,116
2025-02-06,WH_C,West,SKU0096,Hardware,194,2,44,73
2025-02-06,WH_C,West,SKU0097,Office,104,1,50,47
2025-02-06,WH_C,West,SKU0098,Housewares,36,2,25,79
2025-02-06,WH_C,West,SKU0099,Office,80,2,41,63
2025-02-06,WH_C,West,SKU0100,Office,65,1,38,80
2025-02-07,WH_A,East,SKU0001,Housewares,139,3,47,64
2025-02-07,WH_A,East,SKU0002,Electronics,135,3,40,30
2025-02-07,WH_A,East,SKU0003,Hardware,179,2,50,108
2025-02-07,WH_A,East,SKU0004,Hardware,42,0,45,73
2025-02-07,WH_A,East,SKU0005,Sports,36,4,21,107
2025-02-07,WH_A,East,SKU0006,Sports,157,2,19,88
2025-02-07,WH_A,East,SKU0007,Office,138,0,38,77
2025-02-07,WH_A,East,SKU0008,Electronics,57,5,24,103
2025-02-07,WH_A,East,SKU0009,Hardware,295,3,32,68
2025-02-07,WH_A,East,SKU0010,Electronics,61,1,34,107
2025-02-07,WH_A,East,SKU0011,Hardware,68,3,36,56
2025-02-07,WH_A,East,SKU0012,Housewares,215,5,21,84
2025-02-07,WH_A,East,SKU0013,Electronics,137,3,49,52
2025-02-07,WH_A,East,SKU0014,Electronics,217,0,30,96
2025-02-07,WH_A,East,SKU0015,Housewares,191,1,36,114
2025-02-07,WH_A,East,SKU0016,Housewares,158,2,45,64
2025-02-07,WH_A,East,SKU0017,Hardware,181,1,43,85
2025-02-07,WH_A,East,SKU0018,Housewares,109,1,39,70
2025-02-07,WH_A,East,SKU0019,Sports,170,0,17,91
2025-02-07,WH_A,East,SKU0020,Electronics,31,0,38,71
2025-02-07,WH_A,East,SKU0021,Sports,90,3,31,113
2025-02-07,WH_A,East,SKU0022,Sports,56,1,34,58
2025-02-07,WH_A,East,SKU0023,Hardware,187,0,49,90
2025-02-07,WH_A,East,SKU0024,Electronics,280,5,46,43
2025-02-07,WH_A,East,SKU0025,Office,101,1,41,102
2025-02-07,WH_A,East,SKU0026,Hardware,91,0,24,30
2025-02-07,WH_A,East,SKU0027,Electronics,216,2,32,108
2025-02-07,WH_A,East,SKU0028,Electronics,44,3,46,81
2025-02-07,WH_A,East,SKU0029,Sports,190,5,30,68
2025-02-07,WH_A,East,SKU0030,Housewares,33,0,37,56
2025-02-07,WH_A,East,SKU0031,Sports,116,0,44,89
2025-02-07,WH_A,East,SKU0032,Sports,38,3,18,114
2025-02-07,WH_A,East,SKU0033,Housewares,21,2,22,45
2025-02-07,WH_A,East,SKU0034,Office,98,1,31,89
2025-02-07,WH_A,East,SKU0035,Hardware,169,3,29,66
2025-02-07,WH_A,East,SKU0036,Housewares,164,2,31,60
2025-02-07,WH_A,East,SKU0037,Sports,183,2,19,114
2025-02-07,WH_A,East,SKU0038,Housewares,85,3,49,91
2025-02-07,WH_A,East,SKU0039,Office,46,5,26,75
2025-02-07,WH_A,East,SKU0040,Housewares,94,2,44,94
2025-02-07,WH_A,East,SKU0041,Sports,114,3,40,62
2025-02-07,WH_A,East,SKU0042,Electronics,54,1,29,73
2025-02-07,WH_A,East,SKU0043,Hardware,114,4,46,69
2025-02-07,WH_A,East,SKU0044,Hardware,54,3,40,98
2025-02-07,WH_A,East,SKU0045,Electronics,148,7,38,89
2025-02-07,WH_A,East,SKU0046,Hardware,106,1,35,49
2025-02-07,WH_A,East,SKU0047,Electronics,97,2,24,98
2025-02-07,WH_A,East,SKU0048,Hardware,157,0,38,74
2025-02-07,WH_A,East,SKU0049,Housewares,153,3,16,116
2025-02-07,WH_A,East,SKU0050,Hardware,231,4,37,92
2025-02-07,WH_A,East,SKU0051,Hardware,226,4,34,92
2025-02-07,WH_A,East,SKU0052,Hardware,165,4,47,42
2025-02-07,WH_A,East,SKU0053,Hardware,246,3,41,81
2025-02-07,WH_A,East,SKU0054,Office,24,0,24,97
2025-02-07,WH_A,East,SKU0055,Housewares,82,1,22,54
2025-02-07,WH_A,East,SKU0056,Housewares,134,4,25,60
2025-02-07,WH_A,East,SKU0057,Electronics,92,1,34,86
2025-02-07,WH_A,East,SKU0058,Sports,16,2,34,32
2025-02-07,WH_A,East,SKU0059,Electronics,204,4,21,62
2025-02-07,WH_A,East,SKU0060,Hardware,171,2,43,111
2025-02-07,WH_A,East,SKU0061,Office,26,5,31,93
2025-02-07,WH_A,East,SKU0062,Housewares,186,6,46,118
2025-02-07,WH_A,East,SKU0063,Housewares,83,7,33,45
2025-02-07,WH_A,East,SKU0064,Sports,168,0,37,70
2025-02-07,WH_A,East,SKU0065,Sports,159,2,36,35
2025-02-07,WH_A,East,SKU0066,Sports,143,2,28,93
2025-02-07,WH_A,East,SKU0067,Hardware,115,3,38,81
2025-02-07,WH_A,East,SKU0068,Electronics,42,0,22,89
2025-02-07,WH_A,East,SKU0069,Hardware,55,3,27,107
2025-02-07,WH_A,East,SKU0070,Hardware,158,0,21,32
2025-02-07,WH_A,East,SKU0071,Hardware,55,2,44,74
2025-02-07,WH_A,East,SKU0072,Office,184,2,16,114
2025-02-07,WH_A,East,SKU0073,Office,18,6,21,86
2025-02-07,WH_A,East,SKU0074,Hardware,44,2,39,88
2025-02-07,WH_A,East,SKU0075,Sports,167,3,32,103
2025-02-07,WH_A,East,SKU0076,Hardware,24,3,46,99
2025-02-07,WH_A,East,SKU0077,Office,125,4,26,97
2025-02-07,WH_A,East,SKU0078,Housewares,92,1,35,117
2025-02-07,WH_A,East,SKU0079,Hardware,79,5,40,120
2025-02-07,WH_A,East,SKU0080,Hardware,49,5,22,76
2025-02-07,WH_A,East,SKU0081,Housewares,167,1,30,115
2025-02-07,WH_A,East,SKU0082,Hardware,213,1,42,86
2025-02-07,WH_A,East,SKU0083,Housewares,115,0,30,75
2025-02-07,WH_A,East,SKU0084,Office,56,0,42,92
2025-02-07,WH_A,East,SKU0085,Hardware,116,3,38,116
2025-02-07,WH_A,East,SKU0086,Hardware,160,2,48,106
2025-02-07,WH_A,East,SKU0087,Office,110,3,17,92
2025-02-07,WH_A,East,SKU0088,Housewares,23,4,44,46
2025-02-07,WH_A,East,SKU0089,Electronics,63,1,49,98
2025-02-07,WH_A,East,SKU0090,Electronics,99,4,32,40
2025-02-07,WH_A,East,SKU0091,Electronics,105,3,29,74
2025-02-07,WH_A,East,SKU0092,Housewares,65,0,27,108
2025-02-07,WH_A,East,SKU0093,Sports,10,0,19,64
2025-02-07,WH_A,East,SKU0094,Hardware,77,1,18,107
2025-02-07,WH_A,East,SKU0095,Electronics,201,1,34,51
2025-02-07,WH_A,East,SKU0096,Hardware,201,0,34,108
2025-02-07,WH_A,East,SKU0097,Office,70,2,42,81
2025-02-07,WH_A,East,SKU0098,Housewares,198,0,29,70
2025-02-07,WH_A,East,SKU0099,Office,137,5,41,86
2025-02-07,WH_A,East,SKU0100,Office,31,0,32,96
2025-02-07,WH_B,Central,SKU0001,Housewares,37,4,27,120
2025-02-07,WH_B,Central,SKU0002,Electronics,274,0,15,115
2025-02-07,WH_B,Central,SKU0003,Hardware,61,1,44,116
2025-02-07,WH_B,Central,SKU0004,Hardware,104,1,38,110
2025-02-07,WH_B,Central,SKU0005,Sports,140,2,38,101
2025-02-07,WH_B,Central,SKU0006,Sports,63,3,39,33
2025-02-07,WH_B,Central,SKU0007,Office,150,1,26,73
2025-02-07,WH_B,Central,SKU0008,Electronics,110,0,41,60
2025-02-07,WH_B,Central,SKU0009,Hardware,200,3,31,120
2025-02-07,WH_B,Central,SKU0010,Electronics,63,5,24,94
2025-02-07,WH_B,Central,SKU0011,Hardware,212,4,39,84
2025-02-07,WH_B,Central,SKU0012,Housewares,186,2,21,41
2025-02-07,WH_B,Central,SKU0013,Electronics,62,2,23,55
2025-02-07,WH_B,Central,SKU0014,Electronics,73,3,19,63
2025-02-07,WH_B,Central,SKU0015,Housewares,190,2,25,71
2025-02-07,WH_B,Central,SKU0016,Housewares,43,5,39,40
2025-02-07,WH_B,Central,SKU0017,Hardware,48,0,46,112
2025-02-07,WH_B,Central,SKU0018,Housewares,157,3,24,72
2025-02-07,WH_B,Central,SKU0019,Sports,182,2,34,80
2025-02-07,WH_B,Central,SKU0020,Electronics,159,3,43,63
2025-02-07,WH_B,Central,SKU0021,Sports,191,4,32,78
2025-02-07,WH_B,Central,SKU0022,Sports,102,2,28,53
2025-02-07,WH_B,Central,SKU0023,Hardware,182,1,35,65
2025-02-07,WH_B,Central,SKU0024,Electronics,123,3,19,44
2025-02-07,WH_B,Central,SKU0025,Office,148,1,21,118
2025-02-07,WH_B,Central,SKU0026,Hardware,213,5,36,40
2025-02-07,WH_B,Central,SKU0027,Electronics,102,0,39,87
2025-02-07,WH_B,Central,SKU0028,Electronics,80,7,47,32
2025-02-07,WH_B,Central,SKU0029,Sports,192,3,36,48
2025-02-07,WH_B,Central,SKU0030,Housewares,26,3,28,100
2025-02-07,WH_B,Central,SKU0031,Sports,199,1,49,42
2025-02-07,WH_B,Central,SKU0032,Sports,200,0,28,86
2025-02-07,WH_B,Central,SKU0033,Housewares,149,3,47,68
2025-02-07,WH_B,Central,SKU0034,Office,40,2,49,65
2025-02-07,WH_B,Central,SKU0035,Hardware,200,2,20,63
2025-02-07,WH_B,Central,SKU0036,Housewares,92,2,23,51
2025-02-07,WH_B,Central,SKU0037,Sports,25,3,19,63
2025-02-07,WH_B,Central,SKU0038,Housewares,183,1,48,61
2025-02-07,WH_B,Central,SKU0039,Office,69,0,30,71
2025-02-07,WH_B,Central,SKU0040,Housewares,89,0,18,42
2025-02-07,WH_B,Central,SKU0041,Sports,59,4,26,86
2025-02-07,WH_B,Central,SKU0042,Electronics,78,4,49,56
2025-02-07,WH_B,Central,SKU0043,Hardware,167,0,15,55
2025-02-07,WH_B,Central,SKU0044,Hardware,7,3,47,91
2025-02-07,WH_B,Central,SKU0045,Electronics,161,5,33,89
2025-02-07,WH_B,Central,SKU0046,Hardware,200,1,17,103
2025-02-07,WH_B,Central,SKU0047,Electronics,48,4,41,114
2025-02-07,WH_B,Central,SKU0048,Hardware,229,2,45,85
2025-02-07,WH_B,Central,SKU0049,Housewares,33,1,49,60
2025-02-07,WH_B,Central,SKU0050,Hardware,193,3,39,48
2025-02-07,WH_B,Central,SKU0051,Hardware,246,5,38,30
2025-02-07,WH_B,Central,SKU0052,Hardware,206,4,41,113
2025-02-07,WH_B,Central,SKU0053,Hardware,202,5,19,111
2025-02-07,WH_B,Central,SKU0054,Office,122,2,26,42
2025-02-07,WH_B,Central,SKU0055,Housewares,127,5,24,35
2025-02-07,WH_B,Central,SKU0056,Housewares,91,8,49,97
2025-02-07,WH_B,Central,SKU0057,Electronics,208,3,40,101
2025-02-07,WH_B,Central,SKU0058,Sports,37,0,34,43
2025-02-07,WH_B,Central,SKU0059,Electronics,210,3,39,103
2025-02-07,WH_B,Central,SKU0060,Hardware,103,5,17,58
2025-02-07,WH_B,Central,SKU0061,Office,181,3,25,79
2025-02-07,WH_B,Central,SKU0062,Housewares,110,1,36,81
2025-02-07,WH_B,Central,SKU0063,Housewares,82,7,42,89
2025-02-07,WH_B,Central,SKU0064,Sports,100,1,21,105
2025-02-07,WH_B,Central,SKU0065,Sports,184,1,20,81
2025-02-07,WH_B,Central,SKU0066,Sports,13,5,35,117
2025-02-07,WH_B,Central,SKU0067,Hardware,99,7,16,79
2025-02-07,WH_B,Central,SKU0068,Electronics,112,7,17,102
2025-02-07,WH_B,Central,SKU0069,Hardware,187,5,15,59
2025-02-07,WH_B,Central,SKU0070,Hardware,139,4,23,73
2025-02-07,WH_B,Central,SKU0071,Hardware,274,2,22,120
2025-02-07,WH_B,Central,SKU0072,Office,158,2,43,117
2025-02-07,WH_B,Central,SKU0073,Office,35,2,22,100
2025-02-07,WH_B,Central,SKU0074,Hardware,54,3,38,101
2025-02-07,WH_B,Central,SKU0075,Sports,156,3,21,54
2025-02-07,WH_B,Central,SKU0076,Hardware,166,1,49,48
2025-02-07,WH_B,Central,SKU0077,Office,175,1,40,89
2025-02-07,WH_B,Central,SKU0078,Housewares,17,3,44,65
2025-02-07,WH_B,Central,SKU0079,Hardware,103,3,22,72
2025-02-07,WH_B,Central,SKU0080,Hardware,121,2,19,106
2025-02-07,WH_B,Central,SKU0081,Housewares,82,2,40,47
2025-02-07,WH_B,Central,SKU0082,Hardware,152,2,25,81
2025-02-07,WH_B,Central,SKU0083,Housewares,33,2,23,52
2025-02-07,WH_B,Central,SKU0084,Office,30,8,42,103
2025-02-07,WH_B,Central,SKU0085,Hardware,33,5,50,120
2025-02-07,WH_B,Central,SKU0086,Hardware,224,4,44,76
2025-02-07,WH_B,Central,SKU0087,Office,88,3,47,31
2025-02-07,WH_B,Central,SKU0088,Housewares,43,6,29,55
2025-02-07,WH_B,Central,SKU0089,Electronics,151,2,49,59
2025-02-07,WH_B,Central,SKU0090,Electronics,208,2,34,54
2025-02-07,WH_B,Central,SKU0091,Electronics,265,5,20,30
2025-02-07,WH_B,Central,SKU0092,Housewares,133,3,38,87
2025-02-07,WH_B,Central,SKU0093,Sports,77,5,35,40
2025-02-07,WH_B,Central,SKU0094,Hardware,194,6,34,73
2025-02-07,WH_B,Central,SKU0095,Electronics,118,5,39,103
2025-02-07,WH_B,Central,SKU0096,Hardware,103,3,37,45
2025-02-07,WH_B,Central,SKU0097,Office,38,7,25,40
2025-02-07,WH_B,Central,SKU0098,Housewares,112,4,18,41
2025-02-07,WH_B,Central,SKU0099,Office,63,1,49,61
2025-02-07,WH_B,Central,SKU0100,Office,70,1,20,103
2025-02-07,WH_C,West,SKU0001,Housewares,107,3,38,95
2025-02-07,WH_C,West,SKU0002,Electronics,235,3,45,102
2025-02-07,WH_C,West,SKU0003,Hardware,239,2,15,58
2025-02-07,WH_C,West,SKU0004,Hardware,151,0,44,42
2025-02-07,WH_C,West,SKU0005,Sports,138,5,46,40
2025-02-07,WH_C,West,SKU0006,Sports,144,3,16,54
2025-02-07,WH_C,West,SKU0007,Office,22,3,37,82
2025-02-07,WH_C,West,SKU0008,Electronics,184,4,43,37
2025-02-07,WH_C,West,SKU0009,Hardware,250,0,34,39
2025-02-07,WH_C,West,SKU0010,Electronics,64,3,31,119
2025-02-07,WH_C,West,SKU0011,Hardware,178,2,15,72
2025-02-07,WH_C,West,SKU0012,Housewares,30,2,40,62
2025-02-07,WH_C,West,SKU0013,Electronics,210,1,29,111
2025-02-07,WH_C,West,SKU0014,Electronics,250,1,50,105
2025-02-07,WH_C,West,SKU0015,Housewares,94,3,28,60
2025-02-07,WH_C,West,SKU0016,Housewares,136,0,39,101
2025-02-07,WH_C,West,SKU0017,Hardware,124,2,22,101
2025-02-07,WH_C,West,SKU0018,Housewares,143,4,40,88
2025-02-07,WH_C,West,SKU0019,Sports,132,4,42,37
2025-02-07,WH_C,West,SKU0020,Electronics,22,5,39,65
2025-02-07,WH_C,West,SKU0021,Sports,69,3,34,71
2025-02-07,WH_C,West,SKU0022,Sports,185,0,44,116
2025-02-07,WH_C,West,SKU0023,Hardware,263,1,29,40
2025-02-07,WH_C,West,SKU0024,Electronics,239,0,45,60
2025-02-07,WH_C,West,SKU0025,Office,22,5,29,58
2025-02-07,WH_C,West,SKU0026,Hardware,103,1,31,104
2025-02-07,WH_C,West,SKU0027,Electronics,174,2,43,72
2025-02-07,WH_C,West,SKU0028,Electronics,192,1,31,73
2025-02-07,WH_C,West,SKU0029,Sports,58,4,15,68
2025-02-07,WH_C,West,SKU0030,Housewares,160,0,32,98
2025-02-07,WH_C,West,SKU0031,Sports,32,0,34,119
2025-02-07,WH_C,West,SKU0032,Sports,140,3,28,44
2025-02-07,WH_C,West,SKU0033,Housewares,144,6,20,74
2025-02-07,WH_C,West,SKU0034,Office,101,4,16,73
2025-02-07,WH_C,West,SKU0035,Hardware,137,0,25,91
2025-02-07,WH_C,West,SKU0036,Housewares,32,0,44,106
2025-02-07,WH_C,West,SKU0037,Sports,140,0,38,104
2025-02-07,WH_C,West,SKU0038,Housewares,89,4,45,82
2025-02-07,WH_C,West,SKU0039,Office,50,3,21,43
2025-02-07,WH_C,West,SKU0040,Housewares,22,1,45,103
2025-02-07,WH_C,West,SKU0041,Sports,131,0,40,69
2025-02-07,WH_C,West,SKU0042,Electronics,183,3,38,67
2025-02-07,WH_C,West,SKU0043,Hardware,263,2,37,83
2025-02-07,WH_C,West,SKU0044,Hardware,156,1,44,49
2025-02-07,WH_C,West,SKU0045,Electronics,198,4,44,49
2025-02-07,WH_C,West,SKU0046,Hardware,89,3,39,117
2025-02-07,WH_C,West,SKU0047,Electronics,240,3,28,67
2025-02-07,WH_C,West,SKU0048,Hardware,208,7,36,64
2025-02-07,WH_C,West,SKU0049,Housewares,181,1,16,56
2025-02-07,WH_C,West,SKU0050,Hardware,244,3,15,107
2025-02-07,WH_C,West,SKU0051,Hardware,216,3,31,117
2025-02-07,WH_C,West,SKU0052,Hardware,177,0,48,74
2025-02-07,WH_C,West,SKU0053,Hardware,189,5,15,85
2025-02-07,WH_C,West,SKU0054,Office,104,4,26,113
2025-02-07,WH_C,West,SKU0055,Housewares,123,1,19,57
2025-02-07,WH_C,West,SKU0056,Housewares,133,0,23,82
2025-02-07,WH_C,West,SKU0057,Electronics,231,4,45,34
2025-02-07,WH_C,West,SKU0058,Sports,176,4,43,86
2025-02-07,WH_C,West,SKU0059,Electronics,199,3,43,106
2025-02-07,WH_C,West,SKU0060,Hardware,153,3,44,35
2025-02-07,WH_C,West,SKU0061,Office,191,4,28,102
2025-02-07,WH_C,West,SKU0062,Housewares,172,0,41,48
2025-02-07,WH_C,West,SKU0063,Housewares,110,0,29,93
2025-02-07,WH_C,West,SKU0064,Sports,146,2,26,86
2025-02-07,WH_C,West,SKU0065,Sports,41,0,20,37
2025-02-07,WH_C,West,SKU0066,Sports,146,0,30,75
2025-02-07,WH_C,West,SKU0067,Hardware,79,3,23,100
2025-02-07,WH_C,West,SKU0068,Electronics,238,2,41,52
2025-02-07,WH_C,West,SKU0069,Hardware,87,5,17,82
2025-02-07,WH_C,West,SKU0070,Hardware,221,0,25,66
2025-02-07,WH_C,West,SKU0071,Hardware,95,3,25,59
2025-02-07,WH_C,West,SKU0072,Office,77,1,30,36
2025-02-07,WH_C,West,SKU0073,Office,50,3,28,108
2025-02-07,WH_C,West,SKU0074,Hardware,246,0,29,62
2025-02-07,WH_C,West,SKU0075,Sports,96,2,39,32
2025-02-07,WH_C,West,SKU0076,Hardware,167,7,16,78
2025-02-07,WH_C,West,SKU0077,Office,162,4,31,120
2025-02-07,WH_C,West,SKU0078,Housewares,85,0,15,81
2025-02-07,WH_C,West,SKU0079,Hardware,227,4,37,113
2025-02-07,WH_C,West,SKU0080,Hardware,63,0,27,73
2025-02-07,WH_C,West,SKU0081,Housewares,142,0,49,80
2025-02-07,WH_C,West,SKU0082,Hardware,135,6,23,106
2025-02-07,WH_C,West,SKU0083,Housewares,81,0,20,47
2025-02-07,WH_C,West,SKU0084,Office,144,2,36,61
2025-02-07,WH_C,West,SKU0085,Hardware,191,0,18,34
2025-02-07,WH_C,West,SKU0086,Hardware,178,3,31,62
2025-02-07,WH_C,West,SKU0087,Office,160,2,50,73
2025-02-07,WH_C,West,SKU0088,Housewares,95,4,49,91
2025-02-07,WH_C,West,SKU0089,Electronics,139,3,30,43
2025-02-07,WH_C,West,SKU0090,Electronics,75,6,48,31
2025-02-07,WH_C,West,SKU0091,Electronics,138,3,25,76
2025-02-07,WH_C,West,SKU0092,Housewares,120,0,34,48
2025-02-07,WH_C,West,SKU0093,Sports,170,1,15,71
2025-02-07,WH_C,West,SKU0094,Hardware,113,3,43,82
2025-02-07,WH_C,West,SKU0095,Electronics,134,3,23,76
2025-02-07,WH_C,West,SKU0096,Hardware,162,2,16,91
2025-02-07,WH_C,West,SKU0097,Office,151,6,42,100
2025-02-07,WH_C,West,SKU0098,Housewares,160,6,43,99
2025-02-07,WH_C,West,SKU0099,Office,129,0,16,116
2025-02-07,WH_C,West,SKU0100,Office,72,1,17,59
2025-02-08,WH_A,East,SKU0001,Housewares,171,2,23,51
2025-02-08,WH_A,East,SKU0002,Electronics,55,1,30,39
2025-02-08,WH_A,East,SKU0003,Hardware,222,3,17,41
2025-02-08,WH_A,East,SKU0004,Hardware,248,6,35,101
2025-02-08,WH_A,East,SKU0005,Sports,118,2,41,56
2025-02-08,WH_A,East,SKU0006,Sports,180,2,23,99
2025-02-08,WH_A,East,SKU0007,Office,132,0,48,91
2025-02-08,WH_A,East,SKU0008,Electronics,74,1,48,93
2025-02-08,WH_A,East,SKU0009,Hardware,100,1,19,62
2025-02-08,WH_A,East,SKU0010,Electronics,105,0,34,102
2025-02-08,WH_A,East,SKU0011,Hardware,170,3,41,52
2025-02-08,WH_A,East,SKU0012,Housewares,175,4,22,90
2025-02-08,WH_A,East,SKU0013,Electronics,243,2,40,69
2025-02-08,WH_A,East,SKU0014,Electronics,131,0,22,84
2025-02-08,WH_A,East,SKU0015,Housewares,26,6,30,54
2025-02-08,WH_A,East,SKU0016,Housewares,39,1,49,101
2025-02-08,WH_A,East,SKU0017,Hardware,196,3,15,90
2025-02-08,WH_A,East,SKU0018,Housewares,17,1,16,71
2025-02-08,WH_A,East,SKU0019,Sports,46,6,17,52
2025-02-08,WH_A,East,SKU0020,Electronics,242,1,46,69
2025-02-08,WH_A,East,SKU0021,Sports,87,4,20,49
2025-02-08,WH_A,East,SKU0022,Sports,41,4,24,117
2025-02-08,WH_A,East,SKU0023,Hardware,100,2,15,40
2025-02-08,WH_A,East,SKU0024,Electronics,196,3,38,68
2025-02-08,WH_A,East,SKU0025,Office,109,4,32,38
2025-02-08,WH_A,East,SKU0026,Hardware,179,5,32,97
2025-02-08,WH_A,East,SKU0027,Electronics,210,3,23,114
2025-02-08,WH_A,East,SKU0028,Electronics,285,0,19,37
2025-02-08,WH_A,East,SKU0029,Sports,90,3,40,83
2025-02-08,WH_A,East,SKU0030,Housewares,55,2,44,70
2025-02-08,WH_A,East,SKU0031,Sports,190,1,16,42
2025-02-08,WH_A,East,SKU0032,Sports,122,3,25,81
2025-02-08,WH_A,East,SKU0033,Housewares,195,1,43,62
2025-02-08,WH_A,East,SKU0034,Office,98,3,25,36
2025-02-08,WH_A,East,SKU0035,Hardware,101,2,40,37
2025-02-08,WH_A,East,SKU0036,Housewares,149,4,49,73
2025-02-08,WH_A,East,SKU0037,Sports,98,3,49,54
2025-02-08,WH_A,East,SKU0038,Housewares,81,5,15,103
2025-02-08,WH_A,East,SKU0039,Office,122,1,47,93
2025-02-08,WH_A,East,SKU0040,Housewares,45,1,30,118
2025-02-08,WH_A,East,SKU0041,Sports,181,3,28,80
2025-02-08,WH_A,East,SKU0042,Electronics,239,2,15,84
2025-02-08,WH_A,East,SKU0043,Hardware,42,2,20,63
2025-02-08,WH_A,East,SKU0044,Hardware,146,1,43,106
2025-02-08,WH_A,East,SKU0045,Electronics,71,4,29,47
2025-02-08,WH_A,East,SKU0046,Hardware,181,7,46,39
2025-02-08,WH_A,East,SKU0047,Electronics,118,2,49,73
2025-02-08,WH_A,East,SKU0048,Hardware,199,5,21,109
2025-02-08,WH_A,East,SKU0049,Housewares,190,1,44,30
2025-02-08,WH_A,East,SKU0050,Hardware,52,4,38,35
2025-02-08,WH_A,East,SKU0051,Hardware,69,4,42,93
2025-02-08,WH_A,East,SKU0052,Hardware,236,0,45,115
2025-02-08,WH_A,East,SKU0053,Hardware,65,4,16,109
2025-02-08,WH_A,East,SKU0054,Office,74,2,37,39
2025-02-08,WH_A,East,SKU0055,Housewares,188,4,23,35
2025-02-08,WH_A,East,SKU0056,Housewares,36,3,50,49
2025-02-08,WH_A,East,SKU0057,Electronics,232,0,37,46
2025-02-08,WH_A,East,SKU0058,Sports,86,5,29,120
2025-02-08,WH_A,East,SKU0059,Electronics,85,2,43,30
2025-02-08,WH_A,East,SKU0060,Hardware,121,2,27,91
2025-02-08,WH_A,East,SKU0061,Office,157,1,36,94
2025-02-08,WH_A,East,SKU0062,Housewares,56,3,21,73
2025-02-08,WH_A,East,SKU0063,Housewares,151,1,38,71
2025-02-08,WH_A,East,SKU0064,Sports,58,3,19,84
2025-02-08,WH_A,East,SKU0065,Sports,68,4,43,40
2025-02-08,WH_A,East,SKU0066,Sports,87,3,25,32
2025-02-08,WH_A,East,SKU0067,Hardware,204,1,36,88
2025-02-08,WH_A,East,SKU0068,Electronics,124,2,22,69
2025-02-08,WH_A,East,SKU0069,Hardware,78,2,34,101
2025-02-08,WH_A,East,SKU0070,Hardware,191,0,30,104
2025-02-08,WH_A,East,SKU0071,Hardware,180,2,25,79
2025-02-08,WH_A,East,SKU0072,Office,64,3,37,106
2025-02-08,WH_A,East,SKU0073,Office,47,5,48,99
2025-02-08,WH_A,East,SKU0074,Hardware,110,2,19,52
2025-02-08,WH_A,East,SKU0075,Sports,80,5,45,87
2025-02-08,WH_A,East,SKU0076,Hardware,110,0,42,120
2025-02-08,WH_A,East,SKU0077,Office,145,0,45,51
2025-02-08,WH_A,East,SKU0078,Housewares,81,4,34,54
2025-02-08,WH_A,East,SKU0079,Hardware,250,1,34,55
2025-02-08,WH_A,East,SKU0080,Hardware,249,0,36,68
2025-02-08,WH_A,East,SKU0081,Housewares,186,2,44,96
2025-02-08,WH_A,East,SKU0082,Hardware,201,2,25,107
2025-02-08,WH_A,East,SKU0083,Housewares,116,4,38,90
2025-02-08,WH_A,East,SKU0084,Office,47,0,36,81
2025-02-08,WH_A,East,SKU0085,Hardware,142,3,29,96
2025-02-08,WH_A,East,SKU0086,Hardware,272,5,17,50
2025-02-08,WH_A,East,SKU0087,Office,177,5,18,58
2025-02-08,WH_A,East,SKU0088,Housewares,103,4,49,112
2025-02-08,WH_A,East,SKU0089,Electronics,26,2,33,46
2025-02-08,WH_A,East,SKU0090,Electronics,145,0,45,104
2025-02-08,WH_A,East,SKU0091,Electronics,173,2,18,110
2025-02-08,WH_A,East,SKU0092,Housewares,18,4,18,102
2025-02-08,WH_A,East,SKU0093,Sports,96,1,15,106
2025-02-08,WH_A,East,SKU0094,Hardware,56,2,41,119
2025-02-08,WH_A,East,SKU0095,Electronics,145,1,45,59
2025-02-08,WH_A,East,SKU0096,Hardware,203,4,41,46
2025-02-08,WH_A,East,SKU0097,Office,88,4,25,81
2025-02-08,WH_A,East,SKU0098,Housewares,132,0,23,46
2025-02-08,WH_A,East,SKU0099,Office,116,4,31,106
2025-02-08,WH_A,East,SKU0100,Office,58,5,17,58
2025-02-08,WH_B,Central,SKU0001,Housewares,146,3,29,36
2025-02-08,WH_B,Central,SKU0002,Electronics,238,4,20,64
2025-02-08,WH_B,Central,SKU0003,Hardware,261,0,18,42
2025-02-08,WH_B,Central,SKU0004,Hardware,270,2,36,48
2025-02-08,WH_B,Central,SKU0005,Sports,142,2,30,43
2025-02-08,WH_B,Central,SKU0006,Sports,48,1,44,53
2025-02-08,WH_B,Central,SKU0007,Office,73,6,40,69
2025-02-08,WH_B,Central,SKU0008,Electronics,41,0,31,92
2025-02-08,WH_B,Central,SKU0009,Hardware,145,2,41,103
2025-02-08,WH_B,Central,SKU0010,Electronics,43,0,15,111
2025-02-08,WH_B,Central,SKU0011,Hardware,45,0,48,64
2025-02-08,WH_B,Central,SKU0012,Housewares,65,3,29,57
2025-02-08,WH_B,Central,SKU0013,Electronics,140,0,48,64
2025-02-08,WH_B,Central,SKU0014,Electronics,175,3,34,50
2025-02-08,WH_B,Central,SKU0015,Housewares,48,3,49,111
2025-02-08,WH_B,Central,SKU0016,Housewares,102,2,35,108
2025-02-08,WH_B,Central,SKU0017,Hardware,166,3,41,118
2025-02-08,WH_B,Central,SKU0018,Housewares,130,6,45,40
2025-02-08,WH_B,Central,SKU0019,Sports,124,2,30,106
2025-02-08,WH_B,Central,SKU0020,Electronics,26,2,25,51
2025-02-08,WH_B,Central,SKU0021,Sports,127,3,25,68
2025-02-08,WH_B,Central,SKU0022,Sports,149,0,30,81
2025-02-08,WH_B,Central,SKU0023,Hardware,154,4,15,35
2025-02-08,WH_B,Central,SKU0024,Electronics,94,0,24,107
2025-02-08,WH_B,Central,SKU0025,Office,165,0,16,103
2025-02-08,WH_B,Central,SKU0026,Hardware,50,0,18,85
2025-02-08,WH_B,Central,SKU0027,Electronics,139,2,44,82
2025-02-08,WH_B,Central,SKU0028,Electronics,46,2,34,68
2025-02-08,WH_B,Central,SKU0029,Sports,67,0,43,94
2025-02-08,WH_B,Central,SKU0030,Housewares,140,1,30,120
2025-02-08,WH_B,Central,SKU0031,Sports,102,1,35,63
2025-02-08,WH_B,Central,SKU0032,Sports,170,0,18,66
2025-02-08,WH_B,Central,SKU0033,Housewares,81,3,30,45
2025-02-08,WH_B,Central,SKU0034,Office,124,2,46,106
2025-02-08,WH_B,Central,SKU0035,Hardware,77,2,18,85
2025-02-08,WH_B,Central,SKU0036,Housewares,138,3,38,64
2025-02-08,WH_B,Central,SKU0037,Sports,154,3,29,109
2025-02-08,WH_B,Central,SKU0038,Housewares,45,3,34,59
2025-02-08,WH_B,Central,SKU0039,Office,180,2,40,105
2025-02-08,WH_B,Central,SKU0040,Housewares,12,3,32,70
2025-02-08,WH_B,Central,SKU0041,Sports,79,6,26,118
2025-02-08,WH_B,Central,SKU0042,Electronics,135,4,26,95
2025-02-08,WH_B,Central,SKU0043,Hardware,197,2,50,118
2025-02-08,WH_B,Central,SKU0044,Hardware,113,2,36,88
2025-02-08,WH_B,Central,SKU0045,Electronics,105,1,30,95
2025-02-08,WH_B,Central,SKU0046,Hardware,56,4,29,61
2025-02-08,WH_B,Central,SKU0047,Electronics,49,2,45,59
2025-02-08,WH_B,Central,SKU0048,Hardware,98,2,36,61
2025-02-08,WH_B,Central,SKU0049,Housewares,181,2,28,36
2025-02-08,WH_B,Central,SKU0050,Hardware,95,2,29,84
2025-02-08,WH_B,Central,SKU0051,Hardware,146,0,21,52
2025-02-08,WH_B,Central,SKU0052,Hardware,94,6,33,90
2025-02-08,WH_B,Central,SKU0053,Hardware,108,1,16,111
2025-02-08,WH_B,Central,SKU0054,Office,169,0,49,77
2025-02-08,WH_B,Central,SKU0055,Housewares,63,5,44,50
2025-02-08,WH_B,Central,SKU0056,Housewares,41,6,30,59
2025-02-08,WH_B,Central,SKU0057,Electronics,152,1,17,71
2025-02-08,WH_B,Central,SKU0058,Sports,38,2,40,36
2025-02-08,WH_B,Central,SKU0059,Electronics,71,2,30,46
2025-02-08,WH_B,Central,SKU0060,Hardware,134,3,21,33
2025-02-08,WH_B,Central,SKU0061,Office,129,1,20,76
2025-02-08,WH_B,Central,SKU0062,Housewares,109,0,35,98
2025-02-08,WH_B,Central,SKU0063,Housewares,154,0,18,105
2025-02-08,WH_B,Central,SKU0064,Sports,94,0,18,64
2025-02-08,WH_B,Central,SKU0065,Sports,53,4,24,112
2025-02-08,WH_B,Central,SKU0066,Sports,216,3,34,73
2025-02-08,WH_B,Central,SKU0067,Hardware,148,4,34,39
2025-02-08,WH_B,Central,SKU0068,Electronics,53,3,25,77
2025-02-08,WH_B,Central,SKU0069,Hardware,166,0,20,46
2025-02-08,WH_B,Central,SKU0070,Hardware,142,2,29,95
2025-02-08,WH_B,Central,SKU0071,Hardware,52,4,46,96
2025-02-08,WH_B,Central,SKU0072,Office,22,5,20,61
2025-02-08,WH_B,Central,SKU0073,Office,112,0,16,74
2025-02-08,WH_B,Central,SKU0074,Hardware,108,5,34,108
2025-02-08,WH_B,Central,SKU0075,Sports,72,5,19,108
2025-02-08,WH_B,Central,SKU0076,Hardware,180,1,22,72
2025-02-08,WH_B,Central,SKU0077,Office,187,5,46,70
2025-02-08,WH_B,Central,SKU0078,Housewares,106,0,46,45
2025-02-08,WH_B,Central,SKU0079,Hardware,172,4,42,59
2025-02-08,WH_B,Central,SKU0080,Hardware,96,2,47,110
2025-02-08,WH_B,Central,SKU0081,Housewares,188,1,23,65
2025-02-08,WH_B,Central,SKU0082,Hardware,190,5,30,32
2025-02-08,WH_B,Central,SKU0083,Housewares,140,4,22,82
2025-02-08,WH_B,Central,SKU0084,Office,59,0,19,115
2025-02-08,WH_B,Central,SKU0085,Hardware,273,3,49,114
2025-02-08,WH_B,Central,SKU0086,Hardware,170,4,42,60
2025-02-08,WH_B,Central,SKU0087,Office,105,0,23,31
2025-02-08,WH_B,Central,SKU0088,Housewares,19,1,44,85
2025-02-08,WH_B,Central,SKU0089,Electronics,55,2,35,35
2025-02-08,WH_B,Central,SKU0090,Electronics,128,3,24,37
2025-02-08,WH_B,Central,SKU0091,Electronics,135,3,50,114
2025-02-08,WH_B,Central,SKU0092,Housewares,102,1,47,75
2025-02-08,WH_B,Central,SKU0093,Sports,196,0,41,106
2025-02-08,WH_B,Central,SKU0094,Hardware,200,4,44,39
2025-02-08,WH_B,Central,SKU0095,Electronics,134,8,27,117
2025-02-08,WH_B,Central,SKU0096,Hardware,117,1,42,33
2025-02-08,WH_B,Central,SKU0097,Office,156,3,17,105
2025-02-08,WH_B,Central,SKU0098,Housewares,21,0,21,35
2025-02-08,WH_B,Central,SKU0099,Office,49,1,33,83
2025-02-08,WH_B,Central,SKU0100,Office,42,1,18,57
2025-02-08,WH_C,West,SKU0001,Housewares,165,2,24,92
2025-02-08,WH_C,West,SKU0002,Electronics,215,0,48,94
2025-02-08,WH_C,West,SKU0003,Hardware,226,1,21,98
2025-02-08,WH_C,West,SKU0004,Hardware,254,8,28,34
2025-02-08,WH_C,West,SKU0005,Sports,87,0,40,114
2025-02-08,WH_C,West,SKU0006,Sports,50,2,39,61
2025-02-08,WH_C,West,SKU0007,Office,181,6,48,44
2025-02-08,WH_C,West,SKU0008,Electronics,182,1,47,90
2025-02-08,WH_C,West,SKU0009,Hardware,226,3,37,41
2025-02-08,WH_C,West,SKU0010,Electronics,219,0,37,83
2025-02-08,WH_C,West,SKU0011,Hardware,251,3,17,74
2025-02-08,WH_C,West,SKU0012,Housewares,178,1,17,114
2025-02-08,WH_C,West,SKU0013,Electronics,231,3,39,72
2025-02-08,WH_C,West,SKU0014,Electronics,153,4,50,98
2025-02-08,WH_C,West,SKU0015,Housewares,50,0,39,91
2025-02-08,WH_C,West,SKU0016,Housewares,83,1,48,34
2025-02-08,WH_C,West,SKU0017,Hardware,24,5,45,49
2025-02-08,WH_C,West,SKU0018,Housewares,162,0,25,30
2025-02-08,WH_C,West,SKU0019,Sports,173,1,50,44
2025-02-08,WH_C,West,SKU0020,Electronics,278,6,33,87
2025-02-08,WH_C,West,SKU0021,Sports,48,5,27,88
2025-02-08,WH_C,West,SKU0022,Sports,65,3,37,83
2025-02-08,WH_C,West,SKU0023,Hardware,116,2,16,89
2025-02-08,WH_C,West,SKU0024,Electronics,211,2,29,33
2025-02-08,WH_C,West,SKU0025,Office,159,0,29,36
2025-02-08,WH_C,West,SKU0026,Hardware,161,3,43,96
2025-02-08,WH_C,West,SKU0027,Electronics,255,2,38,43
2025-02-08,WH_C,West,SKU0028,Electronics,262,4,31,74
2025-02-08,WH_C,West,SKU0029,Sports,100,1,50,56
2025-02-08,WH_C,West,SKU0030,Housewares,117,1,44,40
2025-02-08,WH_C,West,SKU0031,Sports,105,4,39,91
2025-02-08,WH_C,West,SKU0032,Sports,91,3,17,85
2025-02-08,WH_C,West,SKU0033,Housewares,103,6,48,95
2025-02-08,WH_C,West,SKU0034,Office,130,4,43,77
2025-02-08,WH_C,West,SKU0035,Hardware,34,4,50,73
2025-02-08,WH_C,West,SKU0036,Housewares,141,0,21,40
2025-02-08,WH_C,West,SKU0037,Sports,118,0,34,75
2025-02-08,WH_C,West,SKU0038,Housewares,117,3,17,74
2025-02-08,WH_C,West,SKU0039,Office,187,3,38,81
2025-02-08,WH_C,West,SKU0040,Housewares,89,2,34,61
2025-02-08,WH_C,West,SKU0041,Sports,19,2,47,36
2025-02-08,WH_C,West,SKU0042,Electronics,263,2,43,56
2025-02-08,WH_C,West,SKU0043,Hardware,253,3,24,32
2025-02-08,WH_C,West,SKU0044,Hardware,20,3,23,74
2025-02-08,WH_C,West,SKU0045,Electronics,219,5,37,84
2025-02-08,WH_C,West,SKU0046,Hardware,163,4,28,60
2025-02-08,WH_C,West,SKU0047,Electronics,200,4,45,91
2025-02-08,WH_C,West,SKU0048,Hardware,111,0,16,116
2025-02-08,WH_C,West,SKU0049,Housewares,71,3,21,78
2025-02-08,WH_C,West,SKU0050,Hardware,192,5,50,91
2025-02-08,WH_C,West,SKU0051,Hardware,75,0,25,83
2025-02-08,WH_C,West,SKU0052,Hardware,79,2,38,66
2025-02-08,WH_C,West,SKU0053,Hardware,216,5,45,116
2025-02-08,WH_C,West,SKU0054,Office,58,6,15,43
2025-02-08,WH_C,West,SKU0055,Housewares,47,0,31,115
2025-02-08,WH_C,West,SKU0056,Housewares,31,4,23,77
2025-02-08,WH_C,West,SKU0057,Electronics,122,0,36,71
2025-02-08,WH_C,West,SKU0058,Sports,28,0,18,73
2025-02-08,WH_C,West,SKU0059,Electronics,136,2,17,94
2025-02-08,WH_C,West,SKU0060,Hardware,45,0,50,56
2025-02-08,WH_C,West,SKU0061,Office,177,2,46,81
2025-02-08,WH_C,West,SKU0062,Housewares,188,4,44,60
2025-02-08,WH_C,West,SKU0063,Housewares,141,4,47,91
2025-02-08,WH_C,West,SKU0064,Sports,39,0,34,78
2025-02-08,WH_C,West,SKU0065,Sports,63,5,40,57
2025-02-08,WH_C,West,SKU0066,Sports,43,2,27,66
2025-02-08,WH_C,West,SKU0067,Hardware,117,4,48,58
2025-02-08,WH_C,West,SKU0068,Electronics,267,1,18,33
2025-02-08,WH_C,West,SKU0069,Hardware,28,3,20,67
2025-02-08,WH_C,West,SKU0070,Hardware,97,0,35,50
2025-02-08,WH_C,West,SKU0071,Hardware,251,2,34,109
2025-02-08,WH_C,West,SKU0072,Office,86,2,16,92
2025-02-08,WH_C,West,SKU0073,Office,191,3,32,43
2025-02-08,WH_C,West,SKU0074,Hardware,176,1,41,70
2025-02-08,WH_C,West,SKU0075,Sports,82,2,41,79
2025-02-08,WH_C,West,SKU0076,Hardware,100,0,47,109
2025-02-08,WH_C,West,SKU0077,Office,159,4,27,75
2025-02-08,WH_C,West,SKU0078,Housewares,60,9,48,107
2025-02-08,WH_C,West,SKU0079,Hardware,176,4,25,48
2025-02-08,WH_C,West,SKU0080,Hardware,135,0,24,87
2025-02-08,WH_C,West,SKU0081,Housewares,106,0,40,37
2025-02-08,WH_C,West,SKU0082,Hardware,35,0,25,46
2025-02-08,WH_C,West,SKU0083,Housewares,94,2,17,46
2025-02-08,WH_C,West,SKU0084,Office,78,1,33,34
2025-02-08,WH_C,West,SKU0085,Hardware,142,5,39,89
2025-02-08,WH_C,West,SKU0086,Hardware,202,2,21,53
2025-02-08,WH_C,West,SKU0087,Office,118,2,20,114
2025-02-08,WH_C,West,SKU0088,Housewares,116,4,48,102
2025-02-08,WH_C,West,SKU0089,Electronics,48,5,31,43
2025-02-08,WH_C,West,SKU0090,Electronics,217,3,25,94
2025-02-08,WH_C,West,SKU0091,Electronics,24,2,36,38
2025-02-08,WH_C,West,SKU0092,Housewares,133,0,40,85
2025-02-08,WH_C,West,SKU0093,Sports,42,2,49,44
2025-02-08,WH_C,West,SKU0094,Hardware,84,0,28,104
2025-02-08,WH_C,West,SKU0095,Electronics,79,2,46,97
2025-02-08,WH_C,West,SKU0096,Hardware,241,0,33,65
2025-02-08,WH_C,West,SKU0097,Office,138,2,17,104
2025-02-08,WH_C,West,SKU0098,Housewares,154,3,39,54
2025-02-08,WH_C,West,SKU0099,Office,129,3,20,71
2025-02-08,WH_C,West,SKU0100,Office,70,0,45,80
2025-02-09,WH_A,East,SKU0001,Housewares,179,1,35,100
2025-02-09,WH_A,East,SKU0002,Electronics,133,3,34,68
2025-02-09,WH_A,East,SKU0003,Hardware,72,1,15,48
2025-02-09,WH_A,East,SKU0004,Hardware,89,3,31,118
2025-02-09,WH_A,East,SKU0005,Sports,159,4,24,62
2025-02-09,WH_A,East,SKU0006,Sports,164,1,49,80
2025-02-09,WH_A,East,SKU0007,Office,59,0,19,61
2025-02-09,WH_A,East,SKU0008,Electronics,193,0,30,89
2025-02-09,WH_A,East,SKU0009,Hardware,55,5,34,76
2025-02-09,WH_A,East,SKU0010,Electronics,38,1,29,39
2025-02-09,WH_A,East,SKU0011,Hardware,87,6,49,34
2025-02-09,WH_A,East,SKU0012,Housewares,190,3,24,78
2025-02-09,WH_A,East,SKU0013,Electronics,273,3,39,110
2025-02-09,WH_A,East,SKU0014,Electronics,256,3,22,63
2025-02-09,WH_A,East,SKU0015,Housewares,53,4,30,115
2025-02-09,WH_A,East,SKU0016,Housewares,177,4,41,30
2025-02-09,WH_A,East,SKU0017,Hardware,170,0,20,33
2025-02-09,WH_A,East,SKU0018,Housewares,82,4,44,41
2025-02-09,WH_A,East,SKU0019,Sports,150,4,22,43
2025-02-09,WH_A,East,SKU0020,Electronics,254,0,23,70
2025-02-09,WH_A,East,SKU0021,Sports,127,2,24,68
2025-02-09,WH_A,East,SKU0022,Sports,153,2,41,101
2025-02-09,WH_A,East,SKU0023,Hardware,246,3,28,67
2025-02-09,WH_A,East,SKU0024,Electronics,43,3,17,58
2025-02-09,WH_A,East,SKU0025,Office,90,5,20,65
2025-02-09,WH_A,East,SKU0026,Hardware,64,7,27,38
2025-02-09,WH_A,East,SKU0027,Electronics,211,2,21,44
2025-02-09,WH_A,East,SKU0028,Electronics,222,3,21,69
2025-02-09,WH_A,East,SKU0029,Sports,24,3,36,40
2025-02-09,WH_A,East,SKU0030,Housewares,198,1,29,50
2025-02-09,WH_A,East,SKU0031,Sports,91,2,22,86
2025-02-09,WH_A,East,SKU0032,Sports,181,5,15,69
2025-02-09,WH_A,East,SKU0033,Housewares,98,1,43,34
2025-02-09,WH_A,East,SKU0034,Office,147,7,38,83
2025-02-09,WH_A,East,SKU0035,Hardware,37,4,32,36
2025-02-09,WH_A,East,SKU0036,Housewares,127,6,44,42
2025-02-09,WH_A,East,SKU0037,Sports,83,2,47,88
2025-02-09,WH_A,East,SKU0038,Housewares,148,4,28,38
2025-02-09,WH_A,East,SKU0039,Office,26,4,27,43
2025-02-09,WH_A,East,SKU0040,Housewares,81,5,37,79
2025-02-09,WH_A,East,SKU0041,Sports,88,4,35,90
2025-02-09,WH_A,East,SKU0042,Electronics,84,5,24,88
2025-02-09,WH_A,East,SKU0043,Hardware,147,4,45,106
2025-02-09,WH_A,East,SKU0044,Hardware,140,4,18,88
2025-02-09,WH_A,East,SKU0045,Electronics,115,4,16,58
2025-02-09,WH_A,East,SKU0046,Hardware,103,0,43,63
2025-02-09,WH_A,East,SKU0047,Electronics,125,3,48,87
2025-02-09,WH_A,East,SKU0048,Hardware,39,1,29,61
2025-02-09,WH_A,East,SKU0049,Housewares,159,3,21,120
2025-02-09,WH_A,East,SKU0050,Hardware,113,3,40,108
2025-02-09,WH_A,East,SKU0051,Hardware,130,0,20,53
2025-02-09,WH_A,East,SKU0052,Hardware,252,2,40,68
2025-02-09,WH_A,East,SKU0053,Hardware,63,3,15,79
2025-02-09,WH_A,East,SKU0054,Office,21,6,29,51
2025-02-09,WH_A,East,SKU0055,Housewares,126,4,43,74
2025-02-09,WH_A,East,SKU0056,Housewares,77,6,19,119
2025-02-09,WH_A,East,SKU0057,Electronics,259,3,50,35
2025-02-09,WH_A,East,SKU0058,Sports,107,3,46,80
2025-02-09,WH_A,East,SKU0059,Electronics,125,4,20,117
2025-02-09,WH_A,East,SKU0060,Hardware,40,6,20,33
2025-02-09,WH_A,East,SKU0061,Office,164,2,40,112
2025-02-09,WH_A,East,SKU0062,Housewares,91,2,33,82
2025-02-09,WH_A,East,SKU0063,Housewares,48,4,25,71
2025-02-09,WH_A,East,SKU0064,Sports,90,0,40,34
2025-02-09,WH_A,East,SKU0065,Sports,114,0,33,32
2025-02-09,WH_A,East,SKU0066,Sports,21,1,32,86
2025-02-09,WH_A,East,SKU0067,Hardware,135,4,48,81
2025-02-09,WH_A,East,SKU0068,Electronics,183,1,34,101
2025-02-09,WH_A,East,SKU0069,Hardware,144,3,48,105
2025-02-09,WH_A,East,SKU0070,Hardware,117,6,47,62
2025-02-09,WH_A,East,SKU0071,Hardware,216,2,19,89
2025-02-09,WH_A,East,SKU0072,Office,16,0,30,81
2025-02-09,WH_A,East,SKU0073,Office,33,1,16,36
2025-02-09,WH_A,East,SKU0074,Hardware,183,1,44,30
2025-02-09,WH_A,East,SKU0075,Sports,41,4,43,92
2025-02-09,WH_A,East,SKU0076,Hardware,101,6,45,70
2025-02-09,WH_A,East,SKU0077,Office,148,3,34,106
2025-02-09,WH_A,East,SKU0078,Housewares,67,1,27,34
2025-02-09,WH_A,East,SKU0079,Hardware,179,2,48,43
2025-02-09,WH_A,East,SKU0080,Hardware,64,2,19,86
2025-02-09,WH_A,East,SKU0081,Housewares,34,0,42,36
2025-02-09,WH_A,East,SKU0082,Hardware,37,2,32,108
2025-02-09,WH_A,East,SKU0083,Housewares,24,2,25,41
2025-02-09,WH_A,East,SKU0084,Office,82,2,33,67
2025-02-09,WH_A,East,SKU0085,Hardware,50,6,37,72
2025-02-09,WH_A,East,SKU0086,Hardware,231,2,42,87
2025-02-09,WH_A,East,SKU0087,Office,83,1,29,59
2025-02-09,WH_A,East,SKU0088,Housewares,79,2,48,68
2025-02-09,WH_A,East,SKU0089,Electronics,260,2,41,119
2025-02-09,WH_A,East,SKU0090,Electronics,142,3,38,50
2025-02-09,WH_A,East,SKU0091,Electronics,129,1,21,91
2025-02-09,WH_A,East,SKU0092,Housewares,197,3,16,57
2025-02-09,WH_A,East,SKU0093,Sports,85,4,38,61
2025-02-09,WH_A,East,SKU0094,Hardware,30,2,18,69
2025-02-09,WH_A,East,SKU0095,Electronics,244,1,26,79
2025-02-09,WH_A,East,SKU0096,Hardware,251,0,40,74
2025-02-09,WH_A,East,SKU0097,Office,68,5,39,44
2025-02-09,WH_A,East,SKU0098,Housewares,177,4,45,112
2025-02-09,WH_A,East,SKU0099,Office,150,2,30,43
2025-02-09,WH_A,East,SKU0100,Office,138,2,28,102
2025-02-09,WH_B,Central,SKU0001,Housewares,88,1,42,118
2025-02-09,WH_B,Central,SKU0002,Electronics,91,3,32,94
2025-02-09,WH_B,Central,SKU0003,Hardware,222,4,24,55
2025-02-09,WH_B,Central,SKU0004,Hardware,220,4,37,97
2025-02-09,WH_B,Central,SKU0005,Sports,112,5,36,114
2025-02-09,WH_B,Central,SKU0006,Sports,77,0,24,91
2025-02-09,WH_B,Central,SKU0007,Office,180,1,39,100
2025-02-09,WH_B,Central,SKU0008,Electronics,181,1,20,63
2025-02-09,WH_B,Central,SKU0009,Hardware,287,6,20,60
2025-02-09,WH_B,Central,SKU0010,Electronics,112,5,27,45
2025-02-09,WH_B,Central,SKU0011,Hardware,195,3,39,86
2025-02-09,WH_B,Central,SKU0012,Housewares,11,4,42,30
2025-02-09,WH_B,Central,SKU0013,Electronics,138,3,38,101
2025-02-09,WH_B,Central,SKU0014,Electronics,260,3,21,91
2025-02-09,WH_B,Central,SKU0015,Housewares,70,4,35,89
2025-02-09,WH_B,Central,SKU0016,Housewares,178,2,23,45
2025-02-09,WH_B,Central,SKU0017,Hardware,78,2,39,47
2025-02-09,WH_B,Central,SKU0018,Housewares,111,2,16,80
2025-02-09,WH_B,Central,SKU0019,Sports,200,4,50,108
2025-02-09,WH_B,Central,SKU0020,Electronics,91,0,38,63
2025-02-09,WH_B,Central,SKU0021,Sports,122,5,34,81
2025-02-09,WH_B,Central,SKU0022,Sports,75,3,49,118
2025-02-09,WH_B,Central,SKU0023,Hardware,240,4,43,31
2025-02-09,WH_B,Central,SKU0024,Electronics,62,2,33,114
2025-02-09,WH_B,Central,SKU0025,Office,191,1,35,76
2025-02-09,WH_B,Central,SKU0026,Hardware,210,5,15,59
2025-02-09,WH_B,Central,SKU0027,Electronics,247,0,30,62
2025-02-09,WH_B,Central,SKU0028,Electronics,264,2,23,90
2025-02-09,WH_B,Central,SKU0029,Sports,193,3,21,99
2025-02-09,WH_B,Central,SKU0030,Housewares,128,2,40,104
2025-02-09,WH_B,Central,SKU0031,Sports,56,2,38,71
2025-02-09,WH_B,Central,SKU0032,Sports,63,2,18,72
2025-02-09,WH_B,Central,SKU0033,Housewares,13,0,26,79
2025-02-09,WH_B,Central,SKU0034,Office,36,1,15,36
2025-02-09,WH_B,Central,SKU0035,Hardware,272,0,20,44
2025-02-09,WH_B,Central,SKU0036,Housewares,184,0,18,40
2025-02-09,WH_B,Central,SKU0037,Sports,107,4,42,39
2025-02-09,WH_B,Central,SKU0038,Housewares,129,0,19,104
2025-02-09,WH_B,Central,SKU0039,Office,129,3,27,101
2025-02-09,WH_B,Central,SKU0040,Housewares,69,2,31,109
2025-02-09,WH_B,Central,SKU0041,Sports,195,2,47,40
2025-02-09,WH_B,Central,SKU0042,Electronics,62,1,20,59
2025-02-09,WH_B,Central,SKU0043,Hardware,21,7,18,116
2025-02-09,WH_B,Central,SKU0044,Hardware,243,4,47,47
2025-02-09,WH_B,Central,SKU0045,Electronics,258,5,27,97
2025-02-09,WH_B,Central,SKU0046,Hardware,124,5,39,103
2025-02-09,WH_B,Central,SKU0047,Electronics,259,2,18,117
2025-02-09,WH_B,Central,SKU0048,Hardware,284,2,50,81
2025-02-09,WH_B,Central,SKU0049,Housewares,129,4,23,55
2025-02-09,WH_B,Central,SKU0050,Hardware,267,4,28,39
2025-02-09,WH_B,Central,SKU0051,Hardware,67,1,31,115
2025-02-09,WH_B,Central,SKU0052,Hardware,120,6,48,45
2025-02-09,WH_B,Central,SKU0053,Hardware,211,1,44,110
2025-02-09,WH_B,Central,SKU0054,Office,72,1,41,76
2025-02-09,WH_B,Central,SKU0055,Housewares,93,3,41,38
2025-02-09,WH_B,Central,SKU0056,Housewares,175,3,23,46
2025-02-09,WH_B,Central,SKU0057,Electronics,44,2,48,100
2025-02-09,WH_B,Central,SKU0058,Sports,33,3,23,32
2025-02-09,WH_B,Central,SKU0059,Electronics,186,0,28,40
2025-02-09,WH_B,Central,SKU0060,Hardware,220,1,40,66
2025-02-09,WH_B,Central,SKU0061,Office,59,3,45,79
2025-02-09,WH_B,Central,SKU0062,Housewares,40,3,29,33
2025-02-09,WH_B,Central,SKU0063,Housewares,72,3,27,82
2025-02-09,WH_B,Central,SKU0064,Sports,79,3,22,118
2025-02-09,WH_B,Central,SKU0065,Sports,176,3,42,107
2025-02-09,WH_B,Central,SKU0066,Sports,76,1,42,94
2025-02-09,WH_B,Central,SKU0067,Hardware,97,3,35,110
2025-02-09,WH_B,Central,SKU0068,Electronics,257,2,19,82
2025-02-09,WH_B,Central,SKU0069,Hardware,173,2,42,65
2025-02-09,WH_B,Central,SKU0070,Hardware,15,3,30,48
2025-02-09,WH_B,Central,SKU0071,Hardware,91,1,19,103
2025-02-09,WH_B,Central,SKU0072,Office,74,6,26,73
2025-02-09,WH_B,Central,SKU0073,Office,44,3,49,49
2025-02-09,WH_B,Central,SKU0074,Hardware,260,5,40,88
2025-02-09,WH_B,Central,SKU0075,Sports,53,5,26,78
2025-02-09,WH_B,Central,SKU0076,Hardware,252,0,30,89
2025-02-09,WH_B,Central,SKU0077,Office,172,4,31,107
2025-02-09,WH_B,Central,SKU0078,Housewares,169,1,35,51
2025-02-09,WH_B,Central,SKU0079,Hardware,85,4,35,53
2025-02-09,WH_B,Central,SKU0080,Hardware,247,2,41,62
2025-02-09,WH_B,Central,SKU0081,Housewares,73,2,34,117
2025-02-09,WH_B,Central,SKU0082,Hardware,208,3,32,61
2025-02-09,WH_B,Central,SKU0083,Housewares,169,3,42,120
2025-02-09,WH_B,Central,SKU0084,Office,153,0,42,94
2025-02-09,WH_B,Central,SKU0085,Hardware,53,0,22,39
2025-02-09,WH_B,Central,SKU0086,Hardware,136,3,29,58
2025-02-09,WH_B,Central,SKU0087,Office,33,3,42,62
2025-02-09,WH_B,Central,SKU0088,Housewares,18,5,48,33
2025-02-09,WH_B,Central,SKU0089,Electronics,138,3,50,93
2025-02-09,WH_B,Central,SKU0090,Electronics,197,3,20,72
2025-02-09,WH_B,Central,SKU0091,Electronics,139,3,37,106
2025-02-09,WH_B,Central,SKU0092,Housewares,191,4,18,111
2025-02-09,WH_B,Central,SKU0093,Sports,110,0,25,91
2025-02-09,WH_B,Central,SKU0094,Hardware,207,5,45,108
2025-02-09,WH_B,Central,SKU0095,Electronics,44,3,25,75
2025-02-09,WH_B,Central,SKU0096,Hardware,223,3,21,118
2025-02-09,WH_B,Central,SKU0097,Office,47,1,16,64
2025-02-09,WH_B,Central,SKU0098,Housewares,114,3,30,89
2025-02-09,WH_B,Central,SKU0099,Office,68,4,22,82
2025-02-09,WH_B,Central,SKU0100,Office,49,2,40,80
2025-02-09,WH_C,West,SKU0001,Housewares,23,0,28,48
2025-02-09,WH_C,West,SKU0002,Electronics,95,2,35,95
2025-02-09,WH_C,West,SKU0003,Hardware,139,3,19,98
2025-02-09,WH_C,West,SKU0004,Hardware,23,4,26,109
2025-02-09,WH_C,West,SKU0005,Sports,78,2,37,114
2025-02-09,WH_C,West,SKU0006,Sports,160,1,46,89
2025-02-09,WH_C,West,SKU0007,Office,83,0,44,103
2025-02-09,WH_C,West,SKU0008,Electronics,83,7,37,92
2025-02-09,WH_C,West,SKU0009,Hardware,221,6,35,74
2025-02-09,WH_C,West,SKU0010,Electronics,50,1,24,62
2025-02-09,WH_C,West,SKU0011,Hardware,194,5,32,117
2025-02-09,WH_C,West,SKU0012,Housewares,29,1,19,38
2025-02-09,WH_C,West,SKU0013,Electronics,207,3,28,80
2025-02-09,WH_C,West,SKU0014,Electronics,201,4,15,57
2025-02-09,WH_C,West,SKU0015,Housewares,173,3,42,48
2025-02-09,WH_C,West,SKU0016,Housewares,112,3,40,113
2025-02-09,WH_C,West,SKU0017,Hardware,191,4,42,43
2025-02-09,WH_C,West,SKU0018,Housewares,48,4,25,76
2025-02-09,WH_C,West,SKU0019,Sports,171,3,33,50
2025-02-09,WH_C,West,SKU0020,Electronics,105,0,28,33
2025-02-09,WH_C,West,SKU0021,Sports,17,4,49,35
2025-02-09,WH_C,West,SKU0022,Sports,126,0,40,61
2025-02-09,WH_C,West,SKU0023,Hardware,33,3,47,119
2025-02-09,WH_C,West,SKU0024,Electronics,71,1,25,110
2025-02-09,WH_C,West,SKU0025,Office,88,6,50,47
2025-02-09,WH_C,West,SKU0026,Hardware,189,2,44,58
2025-02-09,WH_C,West,SKU0027,Electronics,92,4,22,35
2025-02-09,WH_C,West,SKU0028,Electronics,199,6,48,97
2025-02-09,WH_C,West,SKU0029,Sports,71,5,20,51
2025-02-09,WH_C,West,SKU0030,Housewares,175,3,43,59
2025-02-09,WH_C,West,SKU0031,Sports,116,4,37,67
2025-02-09,WH_C,West,SKU0032,Sports,157,3,37,49
2025-02-09,WH_C,West,SKU0033,Housewares,63,4,15,90
2025-02-09,WH_C,West,SKU0034,Office,57,1,15,38
2025-02-09,WH_C,West,SKU0035,Hardware,238,2,43,32
2025-02-09,WH_C,West,SKU0036,Housewares,166,6,33,47
2025-02-09,WH_C,West,SKU0037,Sports,162,5,45,62
2025-02-09,WH_C,West,SKU0038,Housewares,175,7,19,85
2025-02-09,WH_C,West,SKU0039,Office,200,2,25,92
2025-02-09,WH_C,West,SKU0040,Housewares,174,0,42,56
2025-02-09,WH_C,West,SKU0041,Sports,172,6,40,71
2025-02-09,WH_C,West,SKU0042,Electronics,40,0,25,109
2025-02-09,WH_C,West,SKU0043,Hardware,137,0,37,72
2025-02-09,WH_C,West,SKU0044,Hardware,60,5,16,32
2025-02-09,WH_C,West,SKU0045,Electronics,152,0,20,34
2025-02-09,WH_C,West,SKU0046,Hardware,214,2,22,109
2025-02-09,WH_C,West,SKU0047,Electronics,145,2,49,62
2025-02-09,WH_C,West,SKU0048,Hardware,70,2,23,84
2025-02-09,WH_C,West,SKU0049,Housewares,64,2,28,118
2025-02-09,WH_C,West,SKU0050,Hardware,39,0,15,56
2025-02-09,WH_C,West,SKU0051,Hardware,172,4,15,87
2025-02-09,WH_C,West,SKU0052,Hardware,84,2,23,60
2025-02-09,WH_C,West,SKU0053,Hardware,155,2,17,49
2025-02-09,WH_C,West,SKU0054,Office,173,0,48,59
2025-02-09,WH_C,West,SKU0055,Housewares,32,2,27,115
2025-02-09,WH_C,West,SKU0056,Housewares,76,0,24,111
2025-02-09,WH_C,West,SKU0057,Electronics,122,3,27,88
2025-02-09,WH_C,West,SKU0058,Sports,97,0,28,103
2025-02-09,WH_C,West,SKU0059,Electronics,63,5,42,103
2025-02-09,WH_C,West,SKU0060,Hardware,64,1,50,33
2025-02-09,WH_C,West,SKU0061,Office,187,3,22,83
2025-02-09,WH_C,West,SKU0062,Housewares,122,1,29,45
2025-02-09,WH_C,West,SKU0063,Housewares,128,1,42,108
2025-02-09,WH_C,West,SKU0064,Sports,109,0,50,90
2025-02-09,WH_C,West,SKU0065,Sports,200,2,34,31
2025-02-09,WH_C,West,SKU0066,Sports,86,3,28,30
2025-02-09,WH_C,West,SKU0067,Hardware,123,2,38,65
2025-02-09,WH_C,West,SKU0068,Electronics,112,1,19,32
2025-02-09,WH_C,West,SKU0069,Hardware,152,0,21,85
2025-02-09,WH_C,West,SKU0070,Hardware,164,0,31,104
2025-02-09,WH_C,West,SKU0071,Hardware,179,5,15,33
2025-02-09,WH_C,West,SKU0072,Office,197,2,49,66
2025-02-09,WH_C,West,SKU0073,Office,116,0,36,100
2025-02-09,WH_C,West,SKU0074,Hardware,47,2,21,72
2025-02-09,WH_C,West,SKU0075,Sports,194,3,21,92
2025-02-09,WH_C,West,SKU0076,Hardware,154,3,34,48
2025-02-09,WH_C,West,SKU0077,Office,171,0,41,118
2025-02-09,WH_C,West,SKU0078,Housewares,82,3,48,30
2025-02-09,WH_C,West,SKU0079,Hardware,244,0,23,67
2025-02-09,WH_C,West,SKU0080,Hardware,68,5,22,75
2025-02-09,WH_C,West,SKU0081,Housewares,23,2,35,32
2025-02-09,WH_C,West,SKU0082,Hardware,252,2,41,108
2025-02-09,WH_C,West,SKU0083,Housewares,160,4,41,42
2025-02-09,WH_C,West,SKU0084,Office,60,4,22,72
2025-02-09,WH_C,West,SKU0085,Hardware,77,2,36,77
2025-02-09,WH_C,West,SKU0086,Hardware,90,1,30,119
2025-02-09,WH_C,West,SKU0087,Office,67,4,23,114
2025-02-09,WH_C,West,SKU0088,Housewares,158,5,18,71
2025-02-09,WH_C,West,SKU0089,Electronics,207,5,50,54
2025-02-09,WH_C,West,SKU0090,Electronics,208,2,43,111
2025-02-09,WH_C,West,SKU0091,Electronics,142,1,30,74
2025-02-09,WH_C,West,SKU0092,Housewares,78,2,18,119
2025-02-09,WH_C,West,SKU0093,Sports,84,1,46,81
2025-02-09,WH_C,West,SKU0094,Hardware,95,1,36,116
2025-02-09,WH_C,West,SKU0095,Electronics,105,3,38,35
2025-02-09,WH_C,West,SKU0096,Hardware,84,4,20,44
2025-02-09,WH_C,West,SKU0097,Office,115,3,25,71
2025-02-09,WH_C,West,SKU0098,Housewares,104,5,47,117
2025-02-09,WH_C,West,SKU0099,Office,137,3,26,89
2025-02-09,WH_C,West,SKU0100,Office,136,4,49,100
2025-02-10,WH_A,East,SKU0001,Housewares,150,1,26,81
2025-02-10,WH_A,East,SKU0002,Electronics,56,6,29,40
2025-02-10,WH_A,East,SKU0003,Hardware,176,1,32,98
2025-02-10,WH_A,East,SKU0004,Hardware,249,4,16,60
2025-02-10,WH_A,East,SKU0005,Sports,31,4,31,75
2025-02-10,WH_A,East,SKU0006,Sports,153,3,47,30
2025-02-10,WH_A,East,SKU0007,Office,202,1,45,45
2025-02-10,WH_A,East,SKU0008,Electronics,225,5,42,38
2025-02-10,WH_A,East,SKU0009,Hardware,135,3,23,52
2025-02-10,WH_A,East,SKU0010,Electronics,247,2,29,77
2025-02-10,WH_A,East,SKU0011,Hardware,285,1,36,118
2025-02-10,WH_A,East,SKU0012,Housewares,108,4,38,106
2025-02-10,WH_A,East,SKU0013,Electronics,83,6,17,71
2025-02-10,WH_A,East,SKU0014,Electronics,155,1,41,86
2025-02-10,WH_A,East,SKU0015,Housewares,113,3,43,93
2025-02-10,WH_A,East,SKU0016,Housewares,155,1,20,43
2025-02-10,WH_A,East,SKU0017,Hardware,274,0,27,87
2025-02-10,WH_A,East,SKU0018,Housewares,171,3,50,58
2025-02-10,WH_A,East,SKU0019,Sports,12,3,34,72
2025-02-10,WH_A,East,SKU0020,Electronics,194,0,41,48
2025-02-10,WH_A,East,SKU0021,Sports,142,4,31,71
2025-02-10,WH_A,East,SKU0022,Sports,191,2,21,41
2025-02-10,WH_A,East,SKU0023,Hardware,173,2,15,100
2025-02-10,WH_A,East,SKU0024,Electronics,211,3,37,97
2025-02-10,WH_A,East,SKU0025,Office,157,2,44,34
2025-02-10,WH_A,East,SKU0026,Hardware,80,2,37,114
2025-02-10,WH_A,East,SKU0027,Electronics,86,4,26,44
2025-02-10,WH_A,East,SKU0028,Electronics,105,1,27,78
2025-02-10,WH_A,East,SKU0029,Sports,152,3,39,37
2025-02-10,WH_A,East,SKU0030,Housewares,23,3,47,55
2025-02-10,WH_A,East,SKU0031,Sports,114,0,44,85
2025-02-10,WH_A,East,SKU0032,Sports,203,5,19,46
2025-02-10,WH_A,East,SKU0033,Housewares,195,1,47,111
2025-02-10,WH_A,East,SKU0034,Office,183,0,48,105
2025-02-10,WH_A,East,SKU0035,Hardware,242,5,29,30
2025-02-10,WH_A,East,SKU0036,Housewares,191,6,46,65
2025-02-10,WH_A,East,SKU0037,Sports,103,0,21,44
2025-02-10,WH_A,East,SKU0038,Housewares,77,3,45,103
2025-02-10,WH_A,East,SKU0039,Office,169,2,23,89
2025-02-10,WH_A,East,SKU0040,Housewares,60,6,36,119
2025-02-10,WH_A,East,SKU0041,Sports,115,0,18,58
2025-02-10,WH_A,East,SKU0042,Electronics,82,3,48,116
2025-02-10,WH_A,East,SKU0043,Hardware,208,3,49,96
2025-02-10,WH_A,East,SKU0044,Hardware,269,1,37,48
2025-02-10,WH_A,East,SKU0045,Electronics,217,6,38,112
2025-02-10,WH_A,East,SKU0046,Hardware,206,2,47,80
2025-02-10,WH_A,East,SKU0047,Electronics,201,0,21,99
2025-02-10,WH_A,East,SKU0048,Hardware,109,3,30,103
2025-02-10,WH_A,East,SKU0049,Housewares,143,5,40,119
2025-02-10,WH_A,East,SKU0050,Hardware,114,0,18,102
2025-02-10,WH_A,East,SKU0051,Hardware,28,0,15,90
2025-02-10,WH_A,East,SKU0052,Hardware,99,4,46,105
2025-02-10,WH_A,East,SKU0053,Hardware,130,4,34,65
2025-02-10,WH_A,East,SKU0054,Office,96,4,44,117
2025-02-10,WH_A,East,SKU0055,Housewares,179,5,31,69
2025-02-10,WH_A,East,SKU0056,Housewares,93,2,22,35
2025-02-10,WH_A,East,SKU0057,Electronics,191,2,40,104
2025-02-10,WH_A,East,SKU0058,Sports,78,3,42,47
2025-02-10,WH_A,East,SKU0059,Electronics,165,2,36,66
2025-02-10,WH_A,East,SKU0060,Hardware,270,4,29,68
2025-02-10,WH_A,East,SKU0061,Office,132,0,37,102
2025-02-10,WH_A,East,SKU0062,Housewares,37,2,40,33
2025-02-10,WH_A,East,SKU0063,Housewares,99,2,30,73
2025-02-10,WH_A,East,SKU0064,Sports,162,0,47,56
2025-02-10,WH_A,East,SKU0065,Sports,191,4,48,72
2025-02-10,WH_A,East,SKU0066,Sports,187,4,18,89
2025-02-10,WH_A,East,SKU0067,Hardware,243,3,42,76
2025-02-10,WH_A,East,SKU0068,Electronics,223,3,35,87
2025-02-10,WH_A,East,SKU0069,Hardware,214,4,29,116
2025-02-10,WH_A,East,SKU0070,Hardware,212,2,36,83
2025-02-10,WH_A,East,SKU0071,Hardware,265,4,50,39
2025-02-10,WH_A,East,SKU0072,Office,123,5,45,97
2025-02-10,WH_A,East,SKU0073,Office,104,4,28,69
2025-02-10,WH_A,East,SKU0074,Hardware,265,1,17,92
2025-02-10,WH_A,East,SKU0075,Sports,204,1,28,37
2025-02-10,WH_A,East,SKU0076,Hardware,185,5,21,117
2025-02-10,WH_A,East,SKU0077,Office,151,3,44,79
2025-02-10,WH_A,East,SKU0078,Housewares,41,2,27,70
2025-02-10,WH_A,East,SKU0079,Hardware,271,2,16,112
2025-02-10,WH_A,East,SKU0080,Hardware,246,5,15,92
2025-02-10,WH_A,East,SKU0081,Housewares,151,1,49,57
2025-02-10,WH_A,East,SKU0082,Hardware,171,4,25,49
2025-02-10,WH_A,East,SKU0083,Housewares,57,2,27,94
2025-02-10,WH_A,East,SKU0084,Office,99,3,33,31
2025-02-10,WH_A,East,SKU0085,Hardware,118,1,27,82
2025-02-10,WH_A,East,SKU0086,Hardware,220,5,36,46
2025-02-10,WH_A,East,SKU0087,Office,149,3,36,117
2025-02-10,WH_A,East,SKU0088,Housewares,29,3,26,58
2025-02-10,WH_A,East,SKU0089,Electronics,75,9,23,117
2025-02-10,WH_A,East,SKU0090,Electronics,151,4,35,55
2025-02-10,WH_A,East,SKU0091,Electronics,82,5,44,60
2025-02-10,WH_A,East,SKU0092,Housewares,109,5,36,45
2025-02-10,WH_A,East,SKU0093,Sports,94,1,43,49
2025-02-10,WH_A,East,SKU0094,Hardware,131,3,18,54
2025-02-10,WH_A,East,SKU0095,Electronics,74,2,23,61
2025-02-10,WH_A,East,SKU0096,Hardware,133,6,45,92
2025-02-10,WH_A,East,SKU0097,Office,27,4,33,84
2025-02-10,WH_A,East,SKU0098,Housewares,172,0,36,34
2025-02-10,WH_A,East,SKU0099,Office,170,1,30,120
2025-02-10,WH_A,East,SKU0100,Office,95,1,35,77
2025-02-10,WH_B,Central,SKU0001,Housewares,97,1,43,35
2025-02-10,WH_B,Central,SKU0002,Electronics,67,2,17,35
2025-02-10,WH_B,Central,SKU0003,Hardware,167,3,22,90
2025-02-10,WH_B,Central,SKU0004,Hardware,123,3,19,54
2025-02-10,WH_B,Central,SKU0005,Sports,124,2,34,63
2025-02-10,WH_B,Central,SKU0006,Sports,103,1,32,90
2025-02-10,WH_B,Central,SKU0007,Office,127,0,22,50
2025-02-10,WH_B,Central,SKU0008,Electronics,64,2,50,102
2025-02-10,WH_B,Central,SKU0009,Hardware,122,0,20,111
2025-02-10,WH_B,Central,SKU0010,Electronics,79,3,45,116
2025-02-10,WH_B,Central,SKU0011,Hardware,13,0,41,71
2025-02-10,WH_B,Central,SKU0012,Housewares,26,4,43,81
2025-02-10,WH_B,Central,SKU0013,Electronics,66,4,24,51
2025-02-10,WH_B,Central,SKU0014,Electronics,70,0,49,113
2025-02-10,WH_B,Central,SKU0015,Housewares,80,0,16,76
2025-02-10,WH_B,Central,SKU0016,Housewares,109,4,33,66
2025-02-10,WH_B,Central,SKU0017,Hardware,179,1,50,118
2025-02-10,WH_B,Central,SKU0018,Housewares,103,4,30,115
2025-02-10,WH_B,Central,SKU0019,Sports,23,0,31,77
2025-02-10,WH_B,Central,SKU0020,Electronics,140,6,35,73
2025-02-10,WH_B,Central,SKU0021,Sports,155,4,36,36
2025-02-10,WH_B,Central,SKU0022,Sports,67,3,41,57
2025-02-10,WH_B,Central,SKU0023,Hardware,273,0,36,84
2025-02-10,WH_B,Central,SKU0024,Electronics,14,3,46,93
2025-02-10,WH_B,Central,SKU0025,Office,158,2,49,107
2025-02-10,WH_B,Central,SKU0026,Hardware,263,4,34,57
2025-02-10,WH_B,Central,SKU0027,Electronics,103,3,23,92
2025-02-10,WH_B,Central,SKU0028,Electronics,174,2,27,103
2025-02-10,WH_B,Central,SKU0029,Sports,172,6,18,63
2025-02-10,WH_B,Central,SKU0030,Housewares,199,5,41,34
2025-02-10,WH_B,Central,SKU0031,Sports,17,5,48,52
2025-02-10,WH_B,Central,SKU0032,Sports,203,0,30,81
2025-02-10,WH_B,Central,SKU0033,Housewares,169,1,39,114
2025-02-10,WH_B,Central,SKU0034,Office,40,3,42,102
2025-02-10,WH_B,Central,SKU0035,Hardware,38,3,26,117
2025-02-10,WH_B,Central,SKU0036,Housewares,65,2,24,37
2025-02-10,WH_B,Central,SKU0037,Sports,188,0,43,77
2025-02-10,WH_B,Central,SKU0038,Housewares,114,3,16,81
2025-02-10,WH_B,Central,SKU0039,Office,37,2,44,107
2025-02-10,WH_B,Central,SKU0040,Housewares,15,1,42,112
2025-02-10,WH_B,Central,SKU0041,Sports,137,0,16,38
2025-02-10,WH_B,Central,SKU0042,Electronics,154,1,21,52
2025-02-10,WH_B,Central,SKU0043,Hardware,26,0,18,56
2025-02-10,WH_B,Central,SKU0044,Hardware,258,0,28,62
2025-02-10,WH_B,Central,SKU0045,Electronics,142,1,17,88
2025-02-10,WH_B,Central,SKU0046,Hardware,179,4,45,50
2025-02-10,WH_B,Central,SKU0047,Electronics,74,1,39,53
2025-02-10,WH_B,Central,SKU0048,Hardware,39,4,50,113
2025-02-10,WH_B,Central,SKU0049,Housewares,74,2,30,117
2025-02-10,WH_B,Central,SKU0050,Hardware,115,2,19,106
2025-02-10,WH_B,Central,SKU0051,Hardware,75,3,39,113
2025-02-10,WH_B,Central,SKU0052,Hardware,251,3,24,44
2025-02-10,WH_B,Central,SKU0053,Hardware,33,1,36,58
2025-02-10,WH_B,Central,SKU0054,Office,41,2,45,40
2025-02-10,WH_B,Central,SKU0055,Housewares,58,0,26,83
2025-02-10,WH_B,Central,SKU0056,Housewares,28,4,18,101
2025-02-10,WH_B,Central,SKU0057,Electronics,80,6,24,95
2025-02-10,WH_B,Central,SKU0058,Sports,84,3,44,86
2025-02-10,WH_B,Central,SKU0059,Electronics,122,1,26,88
2025-02-10,WH_B,Central,SKU0060,Hardware,55,4,35,66
2025-02-10,WH_B,Central,SKU0061,Office,167,4,50,71
2025-02-10,WH_B,Central,SKU0062,Housewares,151,0,49,98
2025-02-10,WH_B,Central,SKU0063,Housewares,138,0,25,100
2025-02-10,WH_B,Central,SKU0064,Sports,32,2,18,81
2025-02-10,WH_B,Central,SKU0065,Sports,71,2,24,50
2025-02-10,WH_B,Central,SKU0066,Sports,225,3,48,118
2025-02-10,WH_B,Central,SKU0067,Hardware,37,3,20,51
2025-02-10,WH_B,Central,SKU0068,Electronics,173,4,50,36
2025-02-10,WH_B,Central,SKU0069,Hardware,135,3,31,83
2025-02-10,WH_B,Central,SKU0070,Hardware,273,0,41,76
2025-02-10,WH_B,Central,SKU0071,Hardware,202,3,35,47
2025-02-10,WH_B,Central,SKU0072,Office,84,3,46,82
2025-02-10,WH_B,Central,SKU0073,Office,20,3,41,118
2025-02-10,WH_B,Central,SKU0074,Hardware,23,3,42,63
2025-02-10,WH_B,Central,SKU0075,Sports,125,0,24,118
2025-02-10,WH_B,Central,SKU0076,Hardware,250,6,31,73
2025-02-10,WH_B,Central,SKU0077,Office,50,3,38,89
2025-02-10,WH_B,Central,SKU0078,Housewares,82,7,43,100
2025-02-10,WH_B,Central,SKU0079,Hardware,189,1,31,90
2025-02-10,WH_B,Central,SKU0080,Hardware,192,5,50,98
2025-02-10,WH_B,Central,SKU0081,Housewares,77,2,15,86
2025-02-10,WH_B,Central,SKU0082,Hardware,9,4,32,83
2025-02-10,WH_B,Central,SKU0083,Housewares,112,4,45,89
2025-02-10,WH_B,Central,SKU0084,Office,120,4,18,85
2025-02-10,WH_B,Central,SKU0085,Hardware,42,3,24,108
2025-02-10,WH_B,Central,SKU0086,Hardware,213,3,47,107
2025-02-10,WH_B,Central,SKU0087,Office,141,2,24,99
2025-02-10,WH_B,Central,SKU0088,Housewares,78,4,24,81
2025-02-10,WH_B,Central,SKU0089,Electronics,215,1,18,106
2025-02-10,WH_B,Central,SKU0090,Electronics,59,6,47,48
2025-02-10,WH_B,Central,SKU0091,Electronics,183,4,19,120
2025-02-10,WH_B,Central,SKU0092,Housewares,177,0,39,62
2025-02-10,WH_B,Central,SKU0093,Sports,57,3,43,33
2025-02-10,WH_B,Central,SKU0094,Hardware,24,5,36,55
2025-02-10,WH_B,Central,SKU0095,Electronics,212,3,19,112
2025-02-10,WH_B,Central,SKU0096,Hardware,213,3,42,34
2025-02-10,WH_B,Central,SKU0097,Office,111,1,39,80
2025-02-10,WH_B,Central,SKU0098,Housewares,162,1,47,31
2025-02-10,WH_B,Central,SKU0099,Office,84,4,19,118
2025-02-10,WH_B,Central,SKU0100,Office,177,3,40,78
2025-02-10,WH_C,West,SKU0001,Housewares,89,6,45,103
2025-02-10,WH_C,West,SKU0002,Electronics,175,4,19,48
2025-02-10,WH_C,West,SKU0003,Hardware,210,3,48,54
2025-02-10,WH_C,West,SKU0004,Hardware,79,5,26,63
2025-02-10,WH_C,West,SKU0005,Sports,53,3,50,117
2025-02-10,WH_C,West,SKU0006,Sports,121,4,30,77
2025-02-10,WH_C,West,SKU0007,Office,184,0,32,40
2025-02-10,WH_C,West,SKU0008,Electronics,169,0,16,40
2025-02-10,WH_C,West,SKU0009,Hardware,223,1,20,108
2025-02-10,WH_C,West,SKU0010,Electronics,221,4,31,101
2025-02-10,WH_C,West,SKU0011,Hardware,45,4,48,86
2025-02-10,WH_C,West,SKU0012,Housewares,26,4,22,90
2025-02-10,WH_C,West,SKU0013,Electronics,3,3,47,117
2025-02-10,WH_C,West,SKU0014,Electronics,152,4,46,43
2025-02-10,WH_C,West,SKU0015,Housewares,92,2,25,35
2025-02-10,WH_C,West,SKU0016,Housewares,147,0,44,113
2025-02-10,WH_C,West,SKU0017,Hardware,74,4,18,90
2025-02-10,WH_C,West,SKU0018,Housewares,96,4,18,66
2025-02-10,WH_C,West,SKU0019,Sports,73,3,29,84
2025-02-10,WH_C,West,SKU0020,Electronics,224,2,38,86
2025-02-10,WH_C,West,SKU0021,Sports,165,0,39,87
2025-02-10,WH_C,West,SKU0022,Sports,195,2,24,112
2025-02-10,WH_C,West,SKU0023,Hardware,125,4,41,40
2025-02-10,WH_C,West,SKU0024,Electronics,255,2,18,71
2025-02-10,WH_C,West,SKU0025,Office,48,4,20,34
2025-02-10,WH_C,West,SKU0026,Hardware,244,1,15,36
2025-02-10,WH_C,West,SKU0027,Electronics,278,0,45,36
2025-02-10,WH_C,West,SKU0028,Electronics,63,2,46,101
2025-02-10,WH_C,West,SKU0029,Sports,106,2,16,52
2025-02-10,WH_C,West,SKU0030,Housewares,18,1,38,36
2025-02-10,WH_C,West,SKU0031,Sports,66,2,37,115
2025-02-10,WH_C,West,SKU0032,Sports,95,3,45,50
2025-02-10,WH_C,West,SKU0033,Housewares,195,3,29,120
2025-02-10,WH_C,West,SKU0034,Office,190,5,26,34
2025-02-10,WH_C,West,SKU0035,Hardware,63,3,15,116
2025-02-10,WH_C,West,SKU0036,Housewares,59,2,45,76
2025-02-10,WH_C,West,SKU0037,Sports,183,5,45,64
2025-02-10,WH_C,West,SKU0038,Housewares,171,4,44,116
2025-02-10,WH_C,West,SKU0039,Office,208,0,36,111
2025-02-10,WH_C,West,SKU0040,Housewares,76,0,42,71
2025-02-10,WH_C,West,SKU0041,Sports,176,2,43,69
2025-02-10,WH_C,West,SKU0042,Electronics,117,2,25,74
2025-02-10,WH_C,West,SKU0043,Hardware,88,3,39,114
2025-02-10,WH_C,West,SKU0044,Hardware,272,3,31,115
2025-02-10,WH_C,West,SKU0045,Electronics,266,2,25,37
2025-02-10,WH_C,West,SKU0046,Hardware,145,0,20,81
2025-02-10,WH_C,West,SKU0047,Electronics,111,0,22,74
2025-02-10,WH_C,West,SKU0048,Hardware,82,4,43,67
2025-02-10,WH_C,West,SKU0049,Housewares,35,5,38,41
2025-02-10,WH_C,West,SKU0050,Hardware,84,4,30,88
2025-02-10,WH_C,West,SKU0051,Hardware,246,3,29,86
2025-02-10,WH_C,West,SKU0052,Hardware,185,1,40,103
2025-02-10,WH_C,West,SKU0053,Hardware,298,5,43,78
2025-02-10,WH_C,West,SKU0054,Office,150,0,22,116
2025-02-10,WH_C,West,SKU0055,Housewares,115,3,15,97
2025-02-10,WH_C,West,SKU0056,Housewares,111,0,36,93
2025-02-10,WH_C,West,SKU0057,Electronics,61,0,44,68
2025-02-10,WH_C,West,SKU0058,Sports,177,2,17,76
2025-02-10,WH_C,West,SKU0059,Electronics,233,0,34,108
2025-02-10,WH_C,West,SKU0060,Hardware,181,0,48,95
2025-02-10,WH_C,West,SKU0061,Office,26,0,32,64
2025-02-10,WH_C,West,SKU0062,Housewares,172,0,17,95
2025-02-10,WH_C,West,SKU0063,Housewares,20,3,28,73
2025-02-10,WH_C,West,SKU0064,Sports,152,3,40,51
2025-02-10,WH_C,West,SKU0065,Sports,90,6,17,116
2025-02-10,WH_C,West,SKU0066,Sports,112,4,43,62
2025-02-10,WH_C,West,SKU0067,Hardware,123,0,36,33
2025-02-10,WH_C,West,SKU0068,Electronics,235,1,50,85
2025-02-10,WH_C,West,SKU0069,Hardware,101,3,26,63
2025-02-10,WH_C,West,SKU0070,Hardware,141,0,30,70
2025-02-10,WH_C,West,SKU0071,Hardware,88,1,43,105
2025-02-10,WH_C,West,SKU0072,Office,40,3,21,44
2025-02-10,WH_C,West,SKU0073,Office,39,3,18,119
2025-02-10,WH_C,West,SKU0074,Hardware,212,3,38,118
2025-02-10,WH_C,West,SKU0075,Sports,30,3,49,62
2025-02-10,WH_C,West,SKU0076,Hardware,186,1,42,95
2025-02-10,WH_C,West,SKU0077,Office,185,2,50,115
2025-02-10,WH_C,West,SKU0078,Housewares,109,3,29,51
2025-02-10,WH_C,West,SKU0079,Hardware,54,3,30,75
2025-02-10,WH_C,West,SKU0080,Hardware,245,3,41,45
2025-02-10,WH_C,West,SKU0081,Housewares,152,2,28,36
2025-02-10,WH_C,West,SKU0082,Hardware,278,4,44,118
2025-02-10,WH_C,West,SKU0083,Housewares,70,2,32,118
2025-02-10,WH_C,West,SKU0084,Office,165,1,15,35
2025-02-10,WH_C,West,SKU0085,Hardware,64,3,24,114
2025-02-10,WH_C,West,SKU0086,Hardware,189,6,31,49
2025-02-10,WH_C,West,SKU0087,Office,106,3,46,114
2025-02-10,WH_C,West,SKU0088,Housewares,59,2,15,72
2025-02-10,WH_C,West,SKU0089,Electronics,150,2,33,99
2025-02-10,WH_C,West,SKU0090,Electronics,95,4,48,91
2025-02-10,WH_C,West,SKU0091,Electronics,232,2,21,108
2025-02-10,WH_C,West,SKU0092,Housewares,75,3,19,66
2025-02-10,WH_C,West,SKU0093,Sports,142,1,31,107
2025-02-10,WH_C,West,SKU0094,Hardware,220,3,32,87
2025-02-10,WH_C,West,SKU0095,Electronics,129,2,39,30
2025-02-10,WH_C,West,SKU0096,Hardware,131,3,26,104
2025-02-10,WH_C,West,SKU0097,Office,65,2,44,43
2025-02-10,WH_C,West,SKU0098,Housewares,139,2,50,62
2025-02-10,WH_C,West,SKU0099,Office,204,7,45,53
2025-02-10,WH_C,West,SKU0100,Office,46,0,31,85
2025-02-11,WH_A,East,SKU0001,Housewares,36,4,44,53
2025-02-11,WH_A,East,SKU0002,Electronics,210,4,36,98
2025-02-11,WH_A,East,SKU0003,Hardware,43,2,32,74
2025-02-11,WH_A,East,SKU0004,Hardware,95,3,26,84
2025-02-11,WH_A,East,SKU0005,Sports,123,5,42,109
2025-02-11,WH_A,East,SKU0006,Sports,133,0,48,113
2025-02-11,WH_A,East,SKU0007,Office,185,4,44,105
2025-02-11,WH_A,East,SKU0008,Electronics,225,0,48,89
2025-02-11,WH_A,East,SKU0009,Hardware,195,2,36,67
2025-02-11,WH_A,East,SKU0010,Electronics,122,5,36,95
2025-02-11,WH_A,East,SKU0011,Hardware,109,3,43,67
2025-02-11,WH_A,East,SKU0012,Housewares,48,3,30,65
2025-02-11,WH_A,East,SKU0013,Electronics,41,4,22,108
2025-02-11,WH_A,East,SKU0014,Electronics,79,3,28,83
2025-02-11,WH_A,East,SKU0015,Housewares,26,2,36,107
2025-02-11,WH_A,East,SKU0016,Housewares,117,4,26,119
2025-02-11,WH_A,East,SKU0017,Hardware,202,3,36,114
2025-02-11,WH_A,East,SKU0018,Housewares,30,0,28,62
2025-02-11,WH_A,East,SKU0019,Sports,116,0,30,96
2025-02-11,WH_A,East,SKU0020,Electronics,228,2,16,44
2025-02-11,WH_A,East,SKU0021,Sports,51,3,32,97
2025-02-11,WH_A,East,SKU0022,Sports,91,1,33,91
2025-02-11,WH_A,East,SKU0023,Hardware,226,1,30,84
2025-02-11,WH_A,East,SKU0024,Electronics,259,0,37,82
2025-02-11,WH_A,East,SKU0025,Office,46,0,19,76
2025-02-11,WH_A,East,SKU0026,Hardware,171,3,50,81
2025-02-11,WH_A,East,SKU0027,Electronics,67,3,23,119
2025-02-11,WH_A,East,SKU0028,Electronics,99,0,18,89
2025-02-11,WH_A,East,SKU0029,Sports,25,4,41,72
2025-02-11,WH_A,East,SKU0030,Housewares,185,6,31,96
2025-02-11,WH_A,East,SKU0031,Sports,23,2,35,59
2025-02-11,WH_A,East,SKU0032,Sports,35,0,39,34
2025-02-11,WH_A,East,SKU0033,Housewares,55,1,23,87
2025-02-11,WH_A,East,SKU0034,Office,194,0,34,60
2025-02-11,WH_A,East,SKU0035,Hardware,121,0,18,57
2025-02-11,WH_A,East,SKU0036,Housewares,123,4,26,113
2025-02-11,WH_A,East,SKU0037,Sports,138,1,19,98
2025-02-11,WH_A,East,SKU0038,Housewares,116,6,25,66
2025-02-11,WH_A,East,SKU0039,Office,89,3,44,75
2025-02-11,WH_A,East,SKU0040,Housewares,124,3,27,38
2025-02-11,WH_A,East,SKU0041,Sports,39,2,23,110
2025-02-11,WH_A,East,SKU0042,Electronics,58,1,28,99
2025-02-11,WH_A,East,SKU0043,Hardware,288,5,15,92
2025-02-11,WH_A,East,SKU0044,Hardware,228,3,26,101
2025-02-11,WH_A,East,SKU0045,Electronics,171,3,49,36
2025-02-11,WH_A,East,SKU0046,Hardware,165,2,41,39
2025-02-11,WH_A,East,SKU0047,Electronics,122,3,34,74
2025-02-11,WH_A,East,SKU0048,Hardware,236,3,47,72
2025-02-11,WH_A,East,SKU0049,Housewares,160,2,40,78
2025-02-11,WH_A,East,SKU0050,Hardware,122,1,37,85
2025-02-11,WH_A,East,SKU0051,Hardware,150,0,33,40
2025-02-11,WH_A,East,SKU0052,Hardware,224,4,16,51
2025-02-11,WH_A,East,SKU0053,Hardware,256,2,50,117
2025-02-11,WH_A,East,SKU0054,Office,138,2,26,73
2025-02-11,WH_A,East,SKU0055,Housewares,66,3,19,51
2025-02-11,WH_A,East,SKU0056,Housewares,173,0,48,120
2025-02-11,WH_A,East,SKU0057,Electronics,233,3,39,85
2025-02-11,WH_A,East,SKU0058,Sports,156,0,17,70
2025-02-11,WH_A,East,SKU0059,Electronics,241,0,32,79
2025-02-11,WH_A,East,SKU0060,Hardware,236,7,48,69
2025-02-11,WH_A,East,SKU0061,Office,48,2,49,94
2025-02-11,WH_A,East,SKU0062,Housewares,73,4,49,66
2025-02-11,WH_A,East,SKU0063,Housewares,132,2,17,72
2025-02-11,WH_A,East,SKU0064,Sports,47,2,17,61
2025-02-11,WH_A,East,SKU0065,Sports,42,5,29,116
2025-02-11,WH_A,East,SKU0066,Sports,55,2,49,101
2025-02-11,WH_A,East,SKU0067,Hardware,182,3,20,51
2025-02-11,WH_A,East,SKU0068,Electronics,110,4,25,32
2025-02-11,WH_A,East,SKU0069,Hardware,90,3,42,78
2025-02-11,WH_A,East,SKU0070,Hardware,207,5,42,67
2025-02-11,WH_A,East,SKU0071,Hardware,71,0,43,91
2025-02-11,WH_A,East,SKU0072,Office,156,3,39,47
2025-02-11,WH_A,East,SKU0073,Office,131,1,49,119
2025-02-11,WH_A,East,SKU0074,Hardware,258,1,36,53
2025-02-11,WH_A,East,SKU0075,Sports,136,1,24,97
2025-02-11,WH_A,East,SKU0076,Hardware,202,1,39,33
2025-02-11,WH_A,East,SKU0077,Office,83,3,24,30
2025-02-11,WH_A,East,SKU0078,Housewares,158,5,45,87
2025-02-11,WH_A,East,SKU0079,Hardware,235,3,29,64
2025-02-11,WH_A,East,SKU0080,Hardware,174,0,20,30
2025-02-11,WH_A,East,SKU0081,Housewares,115,4,26,115
2025-02-11,WH_A,East,SKU0082,Hardware,220,4,29,58
2025-02-11,WH_A,East,SKU0083,Housewares,98,1,37,111
2025-02-11,WH_A,East,SKU0084,Office,200,2,38,91
2025-02-11,WH_A,East,SKU0085,Hardware,111,1,36,84
2025-02-11,WH_A,East,SKU0086,Hardware,101,3,27,113
2025-02-11,WH_A,East,SKU0087,Office,53,1,43,93
2025-02-11,WH_A,East,SKU0088,Housewares,190,0,17,37
2025-02-11,WH_A,East,SKU0089,Electronics,123,3,36,57
2025-02-11,WH_A,East,SKU0090,Electronics,144,3,48,75
2025-02-11,WH_A,East,SKU0091,Electronics,281,2,45,57
2025-02-11,WH_A,East,SKU0092,Housewares,35,3,23,89
2025-02-11,WH_A,East,SKU0093,Sports,77,3,23,51
2025-02-11,WH_A,East,SKU0094,Hardware,212,2,37,87
2025-02-11,WH_A,East,SKU0095,Electronics,37,3,34,120
2025-02-11,WH_A,East,SKU0096,Hardware,94,4,31,35
2025-02-11,WH_A,East,SKU0097,Office,50,2,36,73
2025-02-11,WH_A,East,SKU0098,Housewares,102,2,33,82
2025-02-11,WH_A,East,SKU0099,Office,152,4,29,104
2025-02-11,WH_A,East,SKU0100,Office,136,5,44,113
2025-02-11,WH_B,Central,SKU0001,Housewares,31,1,33,43
2025-02-11,WH_B,Central,SKU0002,Electronics,59,4,41,91
2025-02-11,WH_B,Central,SKU0003,Hardware,210,0,49,38
2025-02-11,WH_B,Central,SKU0004,Hardware,156,4,41,111
2025-02-11,WH_B,Central,SKU0005,Sports,106,2,40,112
2025-02-11,WH_B,Central,SKU0006,Sports,147,3,29,97
2025-02-11,WH_B,Central,SKU0007,Office,104,2,36,78
2025-02-11,WH_B,Central,SKU0008,Electronics,238,4,15,68
2025-02-11,WH_B,Central,SKU0009,Hardware,127,0,47,115
2025-02-11,WH_B,Central,SKU0010,Electronics,106,2,42,93
2025-02-11,WH_B,Central,SKU0011,Hardware,84,1,28,53
2025-02-11,WH_B,Central,SKU0012,Housewares,67,0,19,118
2025-02-11,WH_B,Central,SKU0013,Electronics,95,5,33,99
2025-02-11,WH_B,Central,SKU0014,Electronics,233,2,36,75
2025-02-11,WH_B,Central,SKU0015,Housewares,165,2,44,118
2025-02-11,WH_B,Central,SKU0016,Housewares,118,2,16,31
2025-02-11,WH_B,Central,SKU0017,Hardware,254,5,42,50
2025-02-11,WH_B,Central,SKU0018,Housewares,87,2,31,70
2025-02-11,WH_B,Central,SKU0019,Sports,170,0,32,50
2025-02-11,WH_B,Central,SKU0020,Electronics,170,6,32,34
2025-02-11,WH_B,Central,SKU0021,Sports,144,4,41,33
2025-02-11,WH_B,Central,SKU0022,Sports,184,5,50,106
2025-02-11,WH_B,Central,SKU0023,Hardware,122,2,28,37
2025-02-11,WH_B,Central,SKU0024,Electronics,73,4,23,36
2025-02-11,WH_B,Central,SKU0025,Office,90,2,30,103
2025-02-11,WH_B,Central,SKU0026,Hardware,204,0,16,118
2025-02-11,WH_B,Central,SKU0027,Electronics,59,4,30,94
2025-02-11,WH_B,Central,SKU0028,Electronics,210,2,20,78
2025-02-11,WH_B,Central,SKU0029,Sports,61,3,49,58
2025-02-11,WH_B,Central,SKU0030,Housewares,92,4,37,84
2025-02-11,WH_B,Central,SKU0031,Sports,149,3,18,71
2025-02-11,WH_B,Central,SKU0032,Sports,143,3,19,34
2025-02-11,WH_B,Central,SKU0033,Housewares,164,0,16,44
2025-02-11,WH_B,Central,SKU0034,Office,108,3,28,56
2025-02-11,WH_B,Central,SKU0035,Hardware,194,2,32,55
2025-02-11,WH_B,Central,SKU0036,Housewares,91,2,40,88
2025-02-11,WH_B,Central,SKU0037,Sports,8,2,23,111
2025-02-11,WH_B,Central,SKU0038,Housewares,182,2,43,92
2025-02-11,WH_B,Central,SKU0039,Office,56,0,47,88
2025-02-11,WH_B,Central,SKU0040,Housewares,34,4,35,78
2025-02-11,WH_B,Central,SKU0041,Sports,125,7,42,114
2025-02-11,WH_B,Central,SKU0042,Electronics,266,0,38,89
2025-02-11,WH_B,Central,SKU0043,Hardware,273,2,33,75
2025-02-11,WH_B,Central,SKU0044,Hardware,203,3,36,102
2025-02-11,WH_B,Central,SKU0045,Electronics,173,0,38,77
2025-02-11,WH_B,Central,SKU0046,Hardware,29,6,36,71
2025-02-11,WH_B,Central,SKU0047,Electronics,254,3,30,118
2025-02-11,WH_B,Central,SKU0048,Hardware,263,3,39,47
2025-02-11,WH_B,Central,SKU0049,Housewares,165,4,20,86
2025-02-11,WH_B,Central,SKU0050,Hardware,59,2,34,95
2025-02-11,WH_B,Central,SKU0051,Hardware,163,0,33,39
2025-02-11,WH_B,Central,SKU0052,Hardware,242,3,29,109
2025-02-11,WH_B,Central,SKU0053,Hardware,152,0,25,118
2025-02-11,WH_B,Central,SKU0054,Office,87,2,23,114
2025-02-11,WH_B,Central,SKU0055,Housewares,121,0,24,37
2025-02-11,WH_B,Central,SKU0056,Housewares,143,2,48,112
2025-02-11,WH_B,Central,SKU0057,Electronics,204,3,25,39
2025-02-11,WH_B,Central,SKU0058,Sports,122,1,35,42
2025-02-11,WH_B,Central,SKU0059,Electronics,58,0,26,41
2025-02-11,WH_B,Central,SKU0060,Hardware,129,3,38,92
2025-02-11,WH_B,Central,SKU0061,Office,91,0,33,70
2025-02-11,WH_B,Central,SKU0062,Housewares,65,0,18,56
2025-02-11,WH_B,Central,SKU0063,Housewares,29,3,23,90
2025-02-11,WH_B,Central,SKU0064,Sports,181,5,39,109
2025-02-11,WH_B,Central,SKU0065,Sports,86,3,44,55
2025-02-11,WH_B,Central,SKU0066,Sports,25,4,47,100
2025-02-11,WH_B,Central,SKU0067,Hardware,92,3,34,37
2025-02-11,WH_B,Central,SKU0068,Electronics,103,5,38,117
2025-02-11,WH_B,Central,SKU0069,Hardware,126,2,26,41
2025-02-11,WH_B,Central,SKU0070,Hardware,98,3,33,66
2025-02-11,WH_B,Central,SKU0071,Hardware,41,4,26,104
2025-02-11,WH_B,Central,SKU0072,Office,73,3,42,59
2025-02-11,WH_B,Central,SKU0073,Office,96,3,16,103
2025-02-11,WH_B,Central,SKU0074,Hardware,116,2,20,52
2025-02-11,WH_B,Central,SKU0075,Sports,59,3,50,34
2025-02-11,WH_B,Central,SKU0076,Hardware,151,2,25,75
2025-02-11,WH_B,Central,SKU0077,Office,152,1,35,104
2025-02-11,WH_B,Central,SKU0078,Housewares,150,0,18,120
2025-02-11,WH_B,Central,SKU0079,Hardware,19,0,33,91
2025-02-11,WH_B,Central,SKU0080,Hardware,233,5,31,41
2025-02-11,WH_B,Central,SKU0081,Housewares,53,2,30,49
2025-02-11,WH_B,Central,SKU0082,Hardware,129,2,34,82
2025-02-11,WH_B,Central,SKU0083,Housewares,4,2,20,100
2025-02-11,WH_B,Central,SKU0084,Office,192,4,20,44
2025-02-11,WH_B,Central,SKU0085,Hardware,98,4,34,59
2025-02-11,WH_B,Central,SKU0086,Hardware,116,1,47,120
2025-02-11,WH_B,Central,SKU0087,Office,130,0,45,38
2025-02-11,WH_B,Central,SKU0088,Housewares,67,3,28,106
2025-02-11,WH_B,Central,SKU0089,Electronics,263,4,42,118
2025-02-11,WH_B,Central,SKU0090,Electronics,87,4,44,84
2025-02-11,WH_B,Central,SKU0091,Electronics,228,2,41,41
2025-02-11,WH_B,Central,SKU0092,Housewares,84,1,46,60
2025-02-11,WH_B,Central,SKU0093,Sports,107,5,23,44
2025-02-11,WH_B,Central,SKU0094,Hardware,86,3,24,33
2025-02-11,WH_B,Central,SKU0095,Electronics,78,7,20,119
2025-02-11,WH_B,Central,SKU0096,Hardware,97,1,47,40
2025-02-11,WH_B,Central,SKU0097,Office,75,1,17,41
2025-02-11,WH_B,Central,SKU0098,Housewares,99,1,34,101
2025-02-11,WH_B,Central,SKU0099,Office,25,4,25,109
2025-02-11,WH_B,Central,SKU0100,Office,160,3,18,101
2025-02-11,WH_C,West,SKU0001,Housewares,160,3,48,38
2025-02-11,WH_C,West,SKU0002,Electronics,230,2,39,116
2025-02-11,WH_C,West,SKU0003,Hardware,179,2,34,76
2025-02-11,WH_C,West,SKU0004,Hardware,88,1,27,44
2025-02-11,WH_C,West,SKU0005,Sports,159,1,21,116
2025-02-11,WH_C,West,SKU0006,Sports,161,5,17,95
2025-02-11,WH_C,West,SKU0007,Office,66,0,19,115
2025-02-11,WH_C,West,SKU0008,Electronics,109,2,27,71
2025-02-11,WH_C,West,SKU0009,Hardware,161,0,50,119
2025-02-11,WH_C,West,SKU0010,Electronics,110,0,21,86
2025-02-11,WH_C,West,SKU0011,Hardware,80,1,29,85
2025-02-11,WH_C,West,SKU0012,Housewares,187,2,40,92
2025-02-11,WH_C,West,SKU0013,Electronics,44,2,34,119
2025-02-11,WH_C,West,SKU0014,Electronics,54,3,45,40
2025-02-11,WH_C,West,SKU0015,Housewares,21,1,28,118
2025-02-11,WH_C,West,SKU0016,Housewares,144,0,20,109
2025-02-11,WH_C,West,SKU0017,Hardware,75,2,47,91
2025-02-11,WH_C,West,SKU0018,Housewares,87,0,17,71
2025-02-11,WH_C,West,SKU0019,Sports,9,1,22,60
2025-02-11,WH_C,West,SKU0020,Electronics,109,1,25,32
2025-02-11,WH_C,West,SKU0021,Sports,87,1,32,63
2025-02-11,WH_C,West,SKU0022,Sports,177,2,38,85
2025-02-11,WH_C,West,SKU0023,Hardware,25,2,46,39
2025-02-11,WH_C,West,SKU0024,Electronics,137,6,48,90
2025-02-11,WH_C,West,SKU0025,Office,124,2,37,37
2025-02-11,WH_C,West,SKU0026,Hardware,207,3,44,74
2025-02-11,WH_C,West,SKU0027,Electronics,279,3,24,75
2025-02-11,WH_C,West,SKU0028,Electronics,263,2,44,49
2025-02-11,WH_C,West,SKU0029,Sports,65,2,19,78
2025-02-11,WH_C,West,SKU0030,Housewares,80,2,22,80
2025-02-11,WH_C,West,SKU0031,Sports,29,2,27,114
2025-02-11,WH_C,West,SKU0032,Sports,136,2,47,39
2025-02-11,WH_C,West,SKU0033,Housewares,32,0,18,70
2025-02-11,WH_C,West,SKU0034,Office,208,2,43,33
2025-02-11,WH_C,West,SKU0035,Hardware,87,6,39,56
2025-02-11,WH_C,West,SKU0036,Housewares,43,2,42,81
2025-02-11,WH_C,West,SKU0037,Sports,142,2,16,31
2025-02-11,WH_C,West,SKU0038,Housewares,101,3,32,81
2025-02-11,WH_C,West,SKU0039,Office,168,3,40,80
2025-02-11,WH_C,West,SKU0040,Housewares,205,4,30,47
2025-02-11,WH_C,West,SKU0041,Sports,77,3,28,118
2025-02-11,WH_C,West,SKU0042,Electronics,181,3,18,33
2025-02-11,WH_C,West,SKU0043,Hardware,205,3,21,117
2025-02-11,WH_C,West,SKU0044,Hardware,138,7,48,31
2025-02-11,WH_C,West,SKU0045,Electronics,27,4,46,38
2025-02-11,WH_C,West,SKU0046,Hardware,115,4,18,101
2025-02-11,WH_C,West,SKU0047,Electronics,183,3,27,61
2025-02-11,WH_C,West,SKU0048,Hardware,87,3,28,68
2025-02-11,WH_C,West,SKU0049,Housewares,77,6,16,81
2025-02-11,WH_C,West,SKU0050,Hardware,139,1,49,92
2025-02-11,WH_C,West,SKU0051,Hardware,135,2,33,119
2025-02-11,WH_C,West,SKU0052,Hardware,220,5,48,100
2025-02-11,WH_C,West,SKU0053,Hardware,68,1,25,61
2025-02-11,WH_C,West,SKU0054,Office,121,0,36,106
2025-02-11,WH_C,West,SKU0055,Housewares,45,4,46,53
2025-02-11,WH_C,West,SKU0056,Housewares,65,2,48,71
2025-02-11,WH_C,West,SKU0057,Electronics,228,0,24,117
2025-02-11,WH_C,West,SKU0058,Sports,125,1,50,73
2025-02-11,WH_C,West,SKU0059,Electronics,120,4,37,70
2025-02-11,WH_C,West,SKU0060,Hardware,70,3,28,109
2025-02-11,WH_C,West,SKU0061,Office,35,3,41,33
2025-02-11,WH_C,West,SKU0062,Housewares,83,1,34,96
2025-02-11,WH_C,West,SKU0063,Housewares,75,1,30,84
2025-02-11,WH_C,West,SKU0064,Sports,146,6,49,101
2025-02-11,WH_C,West,SKU0065,Sports,65,5,50,120
2025-02-11,WH_C,West,SKU0066,Sports,164,3,27,80
2025-02-11,WH_C,West,SKU0067,Hardware,224,1,27,48
2025-02-11,WH_C,West,SKU0068,Electronics,126,5,49,32
2025-02-11,WH_C,West,SKU0069,Hardware,53,2,31,118
2025-02-11,WH_C,West,SKU0070,Hardware,122,2,41,62
2025-02-11,WH_C,West,SKU0071,Hardware,175,5,38,96
2025-02-11,WH_C,West,SKU0072,Office,115,0,41,83
2025-02-11,WH_C,West,SKU0073,Office,79,3,48,85
2025-02-11,WH_C,West,SKU0074,Hardware,208,0,32,42
2025-02-11,WH_C,West,SKU0075,Sports,122,1,29,92
2025-02-11,WH_C,West,SKU0076,Hardware,65,1,23,34
2025-02-11,WH_C,West,SKU0077,Office,129,2,29,43
2025-02-11,WH_C,West,SKU0078,Housewares,127,3,36,74
2025-02-11,WH_C,West,SKU0079,Hardware,68,1,43,91
2025-02-11,WH_C,West,SKU0080,Hardware,174,0,17,45
2025-02-11,WH_C,West,SKU0081,Housewares,60,0,37,95
2025-02-11,WH_C,West,SKU0082,Hardware,149,2,15,95
2025-02-11,WH_C,West,SKU0083,Housewares,40,4,22,64
2025-02-11,WH_C,West,SKU0084,Office,79,3,20,77
2025-02-11,WH_C,West,SKU0085,Hardware,185,2,26,99
2025-02-11,WH_C,West,SKU0086,Hardware,70,4,34,57
2025-02-11,WH_C,West,SKU0087,Office,197,2,39,38
2025-02-11,WH_C,West,SKU0088,Housewares,34,0,41,98
2025-02-11,WH_C,West,SKU0089,Electronics,166,0,22,43
2025-02-11,WH_C,West,SKU0090,Electronics,143,2,39,33
2025-02-11,WH_C,West,SKU0091,Electronics,99,4,39,39
2025-02-11,WH_C,West,SKU0092,Housewares,32,3,48,107
2025-02-11,WH_C,West,SKU0093,Sports,64,2,40,32
2025-02-11,WH_C,West,SKU0094,Hardware,137,4,36,73
2025-02-11,WH_C,West,SKU0095,Electronics,260,3,32,78
2025-02-11,WH_C,West,SKU0096,Hardware,141,1,31,52
2025-02-11,WH_C,West,SKU0097,Office,120,4,47,61
2025-02-11,WH_C,West,SKU0098,Housewares,101,1,47,62
2025-02-11,WH_C,West,SKU0099,Office,74,2,46,87
2025-02-11,WH_C,West,SKU0100,Office,28,2,32,33
2025-02-12,WH_A,East,SKU0001,Housewares,66,0,33,116
2025-02-12,WH_A,East,SKU0002,Electronics,123,1,35,65
2025-02-12,WH_A,East,SKU0003,Hardware,153,1,37,116
2025-02-12,WH_A,East,SKU0004,Hardware,175,1,42,33
2025-02-12,WH_A,East,SKU0005,Sports,16,3,29,30
2025-02-12,WH_A,East,SKU0006,Sports,44,2,20,106
2025-02-12,WH_A,East,SKU0007,Office,122,0,23,49
2025-02-12,WH_A,East,SKU0008,Electronics,219,4,24,58
2025-02-12,WH_A,East,SKU0009,Hardware,220,0,39,105
2025-02-12,WH_A,East,SKU0010,Electronics,190,2,32,117
2025-02-12,WH_A,East,SKU0011,Hardware,53,4,21,113
2025-02-12,WH_A,East,SKU0012,Housewares,147,7,28,79
2025-02-12,WH_A,East,SKU0013,Electronics,206,3,29,98
2025-02-12,WH_A,East,SKU0014,Electronics,172,2,18,104
2025-02-12,WH_A,East,SKU0015,Housewares,97,0,43,32
2025-02-12,WH_A,East,SKU0016,Housewares,180,2,27,63
2025-02-12,WH_A,East,SKU0017,Hardware,30,3,20,82
2025-02-12,WH_A,East,SKU0018,Housewares,195,3,38,34
2025-02-12,WH_A,East,SKU0019,Sports,156,6,22,38
2025-02-12,WH_A,East,SKU0020,Electronics,93,6,41,118
2025-02-12,WH_A,East,SKU0021,Sports,91,3,16,60
2025-02-12,WH_A,East,SKU0022,Sports,88,4,48,110
2025-02-12,WH_A,East,SKU0023,Hardware,118,1,50,64
2025-02-12,WH_A,East,SKU0024,Electronics,85,3,45,89
2025-02-12,WH_A,East,SKU0025,Office,18,2,15,118
2025-02-12,WH_A,East,SKU0026,Hardware,188,3,26,92
2025-02-12,WH_A,East,SKU0027,Electronics,225,5,36,114
2025-02-12,WH_A,East,SKU0028,Electronics,239,5,36,120
2025-02-12,WH_A,East,SKU0029,Sports,28,3,34,53
2025-02-12,WH_A,East,SKU0030,Housewares,180,6,37,62
2025-02-12,WH_A,East,SKU0031,Sports,77,5,39,84
2025-02-12,WH_A,East,SKU0032,Sports,183,0,36,67
2025-02-12,WH_A,East,SKU0033,Housewares,59,4,20,119
2025-02-12,WH_A,East,SKU0034,Office,137,2,37,85
2025-02-12,WH_A,East,SKU0035,Hardware,80,1,45,73
2025-02-12,WH_A,East,SKU0036,Housewares,60,4,47,30
2025-02-12,WH_A,East,SKU0037,Sports,40,4,22,83
2025-02-12,WH_A,East,SKU0038,Housewares,38,1,43,56
2025-02-12,WH_A,East,SKU0039,Office,78,5,34,89
2025-02-12,WH_A,East,SKU0040,Housewares,166,5,33,119
2025-02-12,WH_A,East,SKU0041,Sports,97,1,26,59
2025-02-12,WH_A,East,SKU0042,Electronics,144,2,22,82
2025-02-12,WH_A,East,SKU0043,Hardware,91,6,50,59
2025-02-12,WH_A,East,SKU0044,Hardware,79,4,42,65
2025-02-12,WH_A,East,SKU0045,Electronics,219,0,46,41
2025-02-12,WH_A,East,SKU0046,Hardware,262,2,17,36
2025-02-12,WH_A,East,SKU0047,Electronics,51,6,43,31
2025-02-12,WH_A,East,SKU0048,Hardware,192,4,50,43
2025-02-12,WH_A,East,SKU0049,Housewares,57,3,33,111
2025-02-12,WH_A,East,SKU0050,Hardware,262,5,36,87
2025-02-12,WH_A,East,SKU0051,Hardware,163,6,19,60
2025-02-12,WH_A,East,SKU0052,Hardware,29,4,32,102
2025-02-12,WH_A,East,SKU0053,Hardware,121,2,50,66
2025-02-12,WH_A,East,SKU0054,Office,43,2,33,52
2025-02-12,WH_A,East,SKU0055,Housewares,178,0,30,70
2025-02-12,WH_A,East,SKU0056,Housewares,99,3,24,99
2025-02-12,WH_A,East,SKU0057,Electronics,99,1,28,91
2025-02-12,WH_A,East,SKU0058,Sports,76,0,49,90
2025-02-12,WH_A,East,SKU0059,Electronics,151,1,40,114
2025-02-12,WH_A,East,SKU0060,Hardware,209,3,50,45
2025-02-12,WH_A,East,SKU0061,Office,186,0,28,36
2025-02-12,WH_A,East,SKU0062,Housewares,63,2,41,71
2025-02-12,WH_A,East,SKU0063,Housewares,117,1,32,111
2025-02-12,WH_A,East,SKU0064,Sports,126,5,45,42
2025-02-12,WH_A,East,SKU0065,Sports,23,0,36,96
2025-02-12,WH_A,East,SKU0066,Sports,177,4,23,38
2025-02-12,WH_A,East,SKU0067,Hardware,212,5,44,34
2025-02-12,WH_A,East,SKU0068,Electronics,273,3,48,106
2025-02-12,WH_A,East,SKU0069,Hardware,129,3,19,30
2025-02-12,WH_A,East,SKU0070,Hardware,206,7,22,44
2025-02-12,WH_A,East,SKU0071,Hardware,174,2,22,39
2025-02-12,WH_A,East,SKU0072,Office,83,2,40,62
2025-02-12,WH_A,East,SKU0073,Office,103,4,39,113
2025-02-12,WH_A,East,SKU0074,Hardware,50,3,21,104
2025-02-12,WH_A,East,SKU0075,Sports,136,1,30,37
2025-02-12,WH_A,East,SKU0076,Hardware,235,2,44,76
2025-02-12,WH_A,East,SKU0077,Office,86,3,26,68
2025-02-12,WH_A,East,SKU0078,Housewares,144,0,28,115
2025-02-12,WH_A,East,SKU0079,Hardware,192,1,49,113
2025-02-12,WH_A,East,SKU0080,Hardware,132,0,26,60
2025-02-12,WH_A,East,SKU0081,Housewares,158,2,45,67
2025-02-12,WH_A,East,SKU0082,Hardware,225,2,46,88
2025-02-12,WH_A,East,SKU0083,Housewares,9,3,18,90
2025-02-12,WH_A,East,SKU0084,Office,161,1,50,45
2025-02-12,WH_A,East,SKU0085,Hardware,247,0,24,73
2025-02-12,WH_A,East,SKU0086,Hardware,110,2,26,72
2025-02-12,WH_A,East,SKU0087,Office,39,3,25,41
2025-02-12,WH_A,East,SKU0088,Housewares,185,3,50,33
2025-02-12,WH_A,East,SKU0089,Electronics,233,4,25,51
2025-02-12,WH_A,East,SKU0090,Electronics,181,1,45,103
2025-02-12,WH_A,East,SKU0091,Electronics,231,4,18,108
2025-02-12,WH_A,East,SKU0092,Housewares,130,1,40,82
2025-02-12,WH_A,East,SKU0093,Sports,30,1,24,99
2025-02-12,WH_A,East,SKU0094,Hardware,186,2,38,56
2025-02-12,WH_A,East,SKU0095,Electronics,210,2,28,103
2025-02-12,WH_A,East,SKU0096,Hardware,280,3,38,88
2025-02-12,WH_A,East,SKU0097,Office,59,0,41,69
2025-02-12,WH_A,East,SKU0098,Housewares,130,0,48,47
2025-02-12,WH_A,East,SKU0099,Office,46,4,15,31
2025-02-12,WH_A,East,SKU0100,Office,76,1,45,31
2025-02-12,WH_B,Central,SKU0001,Housewares,181,1,16,87
2025-02-12,WH_B,Central,SKU0002,Electronics,41,2,30,92
2025-02-12,WH_B,Central,SKU0003,Hardware,202,6,18,97
2025-02-12,WH_B,Central,SKU0004,Hardware,253,5,47,83
2025-02-12,WH_B,Central,SKU0005,Sports,210,1,42,104
2025-02-12,WH_B,Central,SKU0006,Sports,89,4,25,34
2025-02-12,WH_B,Central,SKU0007,Office,136,3,17,103
2025-02-12,WH_B,Central,SKU0008,Electronics,201,6,30,64
2025-02-12,WH_B,Central,SKU0009,Hardware,216,2,32,106
2025-02-12,WH_B,Central,SKU0010,Electronics,95,0,42,92
2025-02-12,WH_B,Central,SKU0011,Hardware,128,2,49,86
2025-02-12,WH_B,Central,SKU0012,Housewares,146,0,26,108
2025-02-12,WH_B,Central,SKU0013,Electronics,156,0,37,37
2025-02-12,WH_B,Central,SKU0014,Electronics,206,1,33,116
2025-02-12,WH_B,Central,SKU0015,Housewares,86,4,36,80
2025-02-12,WH_B,Central,SKU0016,Housewares,99,3,43,47
2025-02-12,WH_B,Central,SKU0017,Hardware,185,2,45,80
2025-02-12,WH_B,Central,SKU0018,Housewares,110,3,32,41
2025-02-12,WH_B,Central,SKU0019,Sports,181,1,47,50
2025-02-12,WH_B,Central,SKU0020,Electronics,176,4,21,87
2025-02-12,WH_B,Central,SKU0021,Sports,179,3,32,93
2025-02-12,WH_B,Central,SKU0022,Sports,144,1,37,30
2025-02-12,WH_B,Central,SKU0023,Hardware,47,4,27,69
2025-02-12,WH_B,Central,SKU0024,Electronics,147,7,23,49
2025-02-12,WH_B,Central,SKU0025,Office,19,3,26,85
2025-02-12,WH_B,Central,SKU0026,Hardware,79,4,40,108
2025-02-12,WH_B,Central,SKU0027,Electronics,91,0,18,57
2025-02-12,WH_B,Central,SKU0028,Electronics,66,3,39,114
2025-02-12,WH_B,Central,SKU0029,Sports,79,1,37,51
2025-02-12,WH_B,Central,SKU0030,Housewares,113,2,43,58
2025-02-12,WH_B,Central,SKU0031,Sports,95,4,15,108
2025-02-12,WH_B,Central,SKU0032,Sports,24,7,44,63
2025-02-12,WH_B,Central,SKU0033,Housewares,34,1,39,59
2025-02-12,WH_B,Central,SKU0034,Office,107,4,20,85
2025-02-12,WH_B,Central,SKU0035,Hardware,204,0,36,48
2025-02-12,WH_B,Central,SKU0036,Housewares,185,2,24,64
2025-02-12,WH_B,Central,SKU0037,Sports,153,4,40,91
2025-02-12,WH_B,Central,SKU0038,Housewares,107,3,22,46
2025-02-12,WH_B,Central,SKU0039,Office,119,0,50,55
2025-02-12,WH_B,Central,SKU0040,Housewares,132,2,16,37
2025-02-12,WH_B,Central,SKU0041,Sports,111,2,28,81
2025-02-12,WH_B,Central,SKU0042,Electronics,170,2,28,54
2025-02-12,WH_B,Central,SKU0043,Hardware,79,5,46,85
2025-02-12,WH_B,Central,SKU0044,Hardware,105,7,28,63
2025-02-12,WH_B,Central,SKU0045,Electronics,93,5,24,98
2025-02-12,WH_B,Central,SKU0046,Hardware,160,7,40,50
2025-02-12,WH_B,Central,SKU0047,Electronics,211,1,29,89
2025-02-12,WH_B,Central,SKU0048,Hardware,71,0,29,93
2025-02-12,WH_B,Central,SKU0049,Housewares,193,3,26,53
2025-02-12,WH_B,Central,SKU0050,Hardware,150,2,28,43
2025-02-12,WH_B,Central,SKU0051,Hardware,41,6,29,59
2025-02-12,WH_B,Central,SKU0052,Hardware,202,4,18,30
2025-02-12,WH_B,Central,SKU0053,Hardware,224,0,34,48
2025-02-12,WH_B,Central,SKU0054,Office,168,7,28,62
2025-02-12,WH_B,Central,SKU0055,Housewares,22,1,28,87
2025-02-12,WH_B,Central,SKU0056,Housewares,24,4,32,55
2025-02-12,WH_B,Central,SKU0057,Electronics,101,6,29,55
2025-02-12,WH_B,Central,SKU0058,Sports,209,1,22,110
2025-02-12,WH_B,Central,SKU0059,Electronics,261,2,49,95
2025-02-12,WH_B,Central,SKU0060,Hardware,100,0,49,65
2025-02-12,WH_B,Central,SKU0061,Office,96,2,40,111
2025-02-12,WH_B,Central,SKU0062,Housewares,31,4,23,76
2025-02-12,WH_B,Central,SKU0063,Housewares,182,3,46,100
2025-02-12,WH_B,Central,SKU0064,Sports,193,0,15,64
2025-02-12,WH_B,Central,SKU0065,Sports,130,3,29,86
2025-02-12,WH_B,Central,SKU0066,Sports,48,5,48,120
2025-02-12,WH_B,Central,SKU0067,Hardware,266,3,38,117
2025-02-12,WH_B,Central,SKU0068,Electronics,273,3,22,91
2025-02-12,WH_B,Central,SKU0069,Hardware,163,2,39,99
2025-02-12,WH_B,Central,SKU0070,Hardware,36,3,39,67
2025-02-12,WH_B,Central,SKU0071,Hardware,150,0,37,69
2025-02-12,WH_B,Central,SKU0072,Office,94,6,24,42
2025-02-12,WH_B,Central,SKU0073,Office,105,5,46,115
2025-02-12,WH_B,Central,SKU0074,Hardware,293,3,49,58
2025-02-12,WH_B,Central,SKU0075,Sports,131,4,25,85
2025-02-12,WH_B,Central,SKU0076,Hardware,133,1,16,71
2025-02-12,WH_B,Central,SKU0077,Office,65,3,24,110
2025-02-12,WH_B,Central,SKU0078,Housewares,144,2,27,112
2025-02-12,WH_B,Central,SKU0079,Hardware,242,4,42,96
2025-02-12,WH_B,Central,SKU0080,Hardware,215,2,38,108
2025-02-12,WH_B,Central,SKU0081,Housewares,64,1,31,46
2025-02-12,WH_B,Central,SKU0082,Hardware,242,2,50,57
2025-02-12,WH_B,Central,SKU0083,Housewares,195,6,17,58
2025-02-12,WH_B,Central,SKU0084,Office,172,3,44,108
2025-02-12,WH_B,Central,SKU0085,Hardware,246,0,44,116
2025-02-12,WH_B,Central,SKU0086,Hardware,253,3,48,57
2025-02-12,WH_B,Central,SKU0087,Office,188,6,28,40
2025-02-12,WH_B,Central,SKU0088,Housewares,194,6,38,32
2025-02-12,WH_B,Central,SKU0089,Electronics,107,6,25,42
2025-02-12,WH_B,Central,SKU0090,Electronics,245,4,47,77
2025-02-12,WH_B,Central,SKU0091,Electronics,230,4,41,74
2025-02-12,WH_B,Central,SKU0092,Housewares,128,2,20,117
2025-02-12,WH_B,Central,SKU0093,Sports,191,2,16,46
2025-02-12,WH_B,Central,SKU0094,Hardware,161,4,15,80
2025-02-12,WH_B,Central,SKU0095,Electronics,197,3,42,113
2025-02-12,WH_B,Central,SKU0096,Hardware,215,3,40,111
2025-02-12,WH_B,Central,SKU0097,Office,201,2,17,81
2025-02-12,WH_B,Central,SKU0098,Housewares,198,3,44,58
2025-02-12,WH_B,Central,SKU0099,Office,71,4,46,83
2025-02-12,WH_B,Central,SKU0100,Office,127,4,20,68
2025-02-12,WH_C,West,SKU0001,Housewares,174,3,49,84
2025-02-12,WH_C,West,SKU0002,Electronics,121,5,24,101
2025-02-12,WH_C,West,SKU0003,Hardware,231,4,37,108
2025-02-12,WH_C,West,SKU0004,Hardware,70,6,15,59
2025-02-12,WH_C,West,SKU0005,Sports,143,3,36,53
2025-02-12,WH_C,West,SKU0006,Sports,89,0,24,90
2025-02-12,WH_C,West,SKU0007,Office,120,3,25,49
2025-02-12,WH_C,West,SKU0008,Electronics,75,2,35,75
2025-02-12,WH_C,West,SKU0009,Hardware,228,3,40,60
2025-02-12,WH_C,West,SKU0010,Electronics,261,1,43,67
2025-02-12,WH_C,West,SKU0011,Hardware,111,1,41,59
2025-02-12,WH_C,West,SKU0012,Housewares,183,4,31,108
2025-02-12,WH_C,West,SKU0013,Electronics,132,4,33,30
2025-02-12,WH_C,West,SKU0014,Electronics,104,3,50,102
2025-02-12,WH_C,West,SKU0015,Housewares,107,1,35,66
2025-02-12,WH_C,West,SKU0016,Housewares,139,2,38,85
2025-02-12,WH_C,West,SKU0017,Hardware,255,3,38,55
2025-02-12,WH_C,West,SKU0018,Housewares,31,1,45,37
2025-02-12,WH_C,West,SKU0019,Sports,147,1,46,57
2025-02-12,WH_C,West,SKU0020,Electronics,30,4,18,49
2025-02-12,WH_C,West,SKU0021,Sports,41,5,16,114
2025-02-12,WH_C,West,SKU0022,Sports,48,0,44,56
2025-02-12,WH_C,West,SKU0023,Hardware,165,6,39,58
2025-02-12,WH_C,West,SKU0024,Electronics,276,9,25,74
2025-02-12,WH_C,West,SKU0025,Office,122,3,44,56
2025-02-12,WH_C,West,SKU0026,Hardware,258,3,26,51
2025-02-12,WH_C,West,SKU0027,Electronics,102,2,33,94
2025-02-12,WH_C,West,SKU0028,Electronics,187,2,32,102
2025-02-12,WH_C,West,SKU0029,Sports,72,7,19,84
2025-02-12,WH_C,West,SKU0030,Housewares,186,3,40,30
2025-02-12,WH_C,West,SKU0031,Sports,39,4,22,34
2025-02-12,WH_C,West,SKU0032,Sports,175,2,15,68
2025-02-12,WH_C,West,SKU0033,Housewares,140,3,48,85
2025-02-12,WH_C,West,SKU0034,Office,117,2,16,86
2025-02-12,WH_C,West,SKU0035,Hardware,90,5,24,82
2025-02-12,WH_C,West,SKU0036,Housewares,107,5,34,87
2025-02-12,WH_C,West,SKU0037,Sports,173,4,27,115
2025-02-12,WH_C,West,SKU0038,Housewares,128,6,47,75
2025-02-12,WH_C,West,SKU0039,Office,167,2,38,110
2025-02-12,WH_C,West,SKU0040,Housewares,98,4,20,91
2025-02-12,WH_C,West,SKU0041,Sports,135,2,18,108
2025-02-12,WH_C,West,SKU0042,Electronics,261,8,16,106
2025-02-12,WH_C,West,SKU0043,Hardware,97,2,46,42
2025-02-12,WH_C,West,SKU0044,Hardware,169,3,33,120
2025-02-12,WH_C,West,SKU0045,Electronics,265,2,38,111
2025-02-12,WH_C,West,SKU0046,Hardware,232,6,21,31
2025-02-12,WH_C,West,SKU0047,Electronics,124,3,37,92
2025-02-12,WH_C,West,SKU0048,Hardware,109,3,32,83
2025-02-12,WH_C,West,SKU0049,Housewares,125,1,34,62
2025-02-12,WH_C,West,SKU0050,Hardware,189,3,28,118
2025-02-12,WH_C,West,SKU0051,Hardware,114,6,49,86
2025-02-12,WH_C,West,SKU0052,Hardware,228,2,18,71
2025-02-12,WH_C,West,SKU0053,Hardware,60,0,47,103
2025-02-12,WH_C,West,SKU0054,Office,14,6,36,79
2025-02-12,WH_C,West,SKU0055,Housewares,133,1,37,41
2025-02-12,WH_C,West,SKU0056,Housewares,151,1,27,86
2025-02-12,WH_C,West,SKU0057,Electronics,215,5,34,87
2025-02-12,WH_C,West,SKU0058,Sports,132,0,20,105
2025-02-12,WH_C,West,SKU0059,Electronics,240,0,49,94
2025-02-12,WH_C,West,SKU0060,Hardware,106,5,43,65
2025-02-12,WH_C,West,SKU0061,Office,86,2,31,75
2025-02-12,WH_C,West,SKU0062,Housewares,18,1,40,95
2025-02-12,WH_C,West,SKU0063,Housewares,91,3,28,94
2025-02-12,WH_C,West,SKU0064,Sports,31,2,40,50
2025-02-12,WH_C,West,SKU0065,Sports,101,0,18,49
2025-02-12,WH_C,West,SKU0066,Sports,83,5,17,95
2025-02-12,WH_C,West,SKU0067,Hardware,230,2,39,65
2025-02-12,WH_C,West,SKU0068,Electronics,168,5,25,63
2025-02-12,WH_C,West,SKU0069,Hardware,97,5,34,59
2025-02-12,WH_C,West,SKU0070,Hardware,159,3,31,97
2025-02-12,WH_C,West,SKU0071,Hardware,184,0,36,52
2025-02-12,WH_C,West,SKU0072,Office,53,3,26,43
2025-02-12,WH_C,West,SKU0073,Office,185,3,37,79
2025-02-12,WH_C,West,SKU0074,Hardware,42,2,30,94
2025-02-12,WH_C,West,SKU0075,Sports,143,1,19,30
2025-02-12,WH_C,West,SKU0076,Hardware,216,2,49,35
2025-02-12,WH_C,West,SKU0077,Office,66,4,36,69
2025-02-12,WH_C,West,SKU0078,Housewares,124,0,33,78
2025-02-12,WH_C,West,SKU0079,Hardware,162,4,15,68
2025-02-12,WH_C,West,SKU0080,Hardware,225,3,18,57
2025-02-12,WH_C,West,SKU0081,Housewares,142,2,40,63
2025-02-12,WH_C,West,SKU0082,Hardware,204,3,32,88
2025-02-12,WH_C,West,SKU0083,Housewares,137,3,22,114
2025-02-12,WH_C,West,SKU0084,Office,37,2,42,40
2025-02-12,WH_C,West,SKU0085,Hardware,108,5,26,44
2025-02-12,WH_C,West,SKU0086,Hardware,167,3,17,60
2025-02-12,WH_C,West,SKU0087,Office,158,2,40,119
2025-02-12,WH_C,West,SKU0088,Housewares,88,4,37,100
2025-02-12,WH_C,West,SKU0089,Electronics,167,0,47,119
2025-02-12,WH_C,West,SKU0090,Electronics,76,1,17,35
2025-02-12,WH_C,West,SKU0091,Electronics,130,6,22,70
2025-02-12,WH_C,West,SKU0092,Housewares,140,5,29,57
2025-02-12,WH_C,West,SKU0093,Sports,69,0,38,46
2025-02-12,WH_C,West,SKU0094,Hardware,239,4,41,114
2025-02-12,WH_C,West,SKU0095,Electronics,180,3,15,42
2025-02-12,WH_C,West,SKU0096,Hardware,113,0,47,70
2025-02-12,WH_C,West,SKU0097,Office,101,1,15,33
2025-02-12,WH_C,West,SKU0098,Housewares,48,3,36,91
2025-02-12,WH_C,West,SKU0099,Office,80,2,48,31
2025-02-12,WH_C,West,SKU0100,Office,44,0,16,38
2025-02-13,WH_A,East,SKU0001,Housewares,67,4,33,75
2025-02-13,WH_A,East,SKU0002,Electronics,202,4,21,99
2025-02-13,WH_A,East,SKU0003,Hardware,54,1,38,101
2025-02-13,WH_A,East,SKU0004,Hardware,55,4,39,113
2025-02-13,WH_A,East,SKU0005,Sports,41,2,33,107
2025-02-13,WH_A,East,SKU0006,Sports,176,2,22,54
2025-02-13,WH_A,East,SKU0007,Office,129,2,38,34
2025-02-13,WH_A,East,SKU0008,Electronics,144,6,36,45
2025-02-13,WH_A,East,SKU0009,Hardware,235,1,21,115
2025-02-13,WH_A,East,SKU0010,Electronics,225,0,29,103
2025-02-13,WH_A,East,SKU0011,Hardware,171,6,49,86
2025-02-13,WH_A,East,SKU0012,Housewares,34,5,47,85
2025-02-13,WH_A,East,SKU0013,Electronics,263,0,46,39
2025-02-13,WH_A,East,SKU0014,Electronics,195,0,15,98
2025-02-13,WH_A,East,SKU0015,Housewares,13,1,34,108
2025-02-13,WH_A,East,SKU0016,Housewares,37,6,28,120
2025-02-13,WH_A,East,SKU0017,Hardware,87,1,50,76
2025-02-13,WH_A,East,SKU0018,Housewares,26,1,46,119
2025-02-13,WH_A,East,SKU0019,Sports,18,8,42,40
2025-02-13,WH_A,East,SKU0020,Electronics,84,1,29,56
2025-02-13,WH_A,East,SKU0021,Sports,35,0,19,54
2025-02-13,WH_A,East,SKU0022,Sports,107,6,37,50
2025-02-13,WH_A,East,SKU0023,Hardware,83,0,17,102
2025-02-13,WH_A,East,SKU0024,Electronics,136,3,17,115
2025-02-13,WH_A,East,SKU0025,Office,39,3,28,91
2025-02-13,WH_A,East,SKU0026,Hardware,255,0,19,90
2025-02-13,WH_A,East,SKU0027,Electronics,199,4,38,96
2025-02-13,WH_A,East,SKU0028,Electronics,212,2,37,79
2025-02-13,WH_A,East,SKU0029,Sports,57,4,43,62
2025-02-13,WH_A,East,SKU0030,Housewares,164,0,15,79
2025-02-13,WH_A,East,SKU0031,Sports,136,0,21,38
2025-02-13,WH_A,East,SKU0032,Sports,206,1,26,83
2025-02-13,WH_A,East,SKU0033,Housewares,54,3,17,113
2025-02-13,WH_A,East,SKU0034,Office,79,4,18,79
2025-02-13,WH_A,East,SKU0035,Hardware,243,4,38,39
2025-02-13,WH_A,East,SKU0036,Housewares,133,0,35,92
2025-02-13,WH_A,East,SKU0037,Sports,194,1,20,51
2025-02-13,WH_A,East,SKU0038,Housewares,36,2,22,100
2025-02-13,WH_A,East,SKU0039,Office,131,3,18,112
2025-02-13,WH_A,East,SKU0040,Housewares,46,5,49,40
2025-02-13,WH_A,East,SKU0041,Sports,54,4,23,115
2025-02-13,WH_A,East,SKU0042,Electronics,259,4,29,116
2025-02-13,WH_A,East,SKU0043,Hardware,252,2,29,55
2025-02-13,WH_A,East,SKU0044,Hardware,70,1,26,71
2025-02-13,WH_A,East,SKU0045,Electronics,169,0,47,93
2025-02-13,WH_A,East,SKU0046,Hardware,243,5,23,37
2025-02-13,WH_A,East,SKU0047,Electronics,161,3,24,58
2025-02-13,WH_A,East,SKU0048,Hardware,75,3,33,114
2025-02-13,WH_A,East,SKU0049,Housewares,110,3,42,101
2025-02-13,WH_A,East,SKU0050,Hardware,252,7,47,119
2025-02-13,WH_A,East,SKU0051,Hardware,238,3,21,32
2025-02-13,WH_A,East,SKU0052,Hardware,230,0,39,111
2025-02-13,WH_A,East,SKU0053,Hardware,56,0,40,100
2025-02-13,WH_A,East,SKU0054,Office,42,1,33,75
2025-02-13,WH_A,East,SKU0055,Housewares,21,0,37,50
2025-02-13,WH_A,East,SKU0056,Housewares,42,1,19,48
2025-02-13,WH_A,East,SKU0057,Electronics,54,3,28,84
2025-02-13,WH_A,East,SKU0058,Sports,15,4,48,45
2025-02-13,WH_A,East,SKU0059,Electronics,172,3,32,43
2025-02-13,WH_A,East,SKU0060,Hardware,259,2,50,31
2025-02-13,WH_A,East,SKU0061,Office,87,5,31,82
2025-02-13,WH_A,East,SKU0062,Housewares,22,7,49,119
2025-02-13,WH_A,East,SKU0063,Housewares,44,0,46,43
2025-02-13,WH_A,East,SKU0064,Sports,76,5,17,100
2025-02-13,WH_A,East,SKU0065,Sports,92,3,32,84
2025-02-13,WH_A,East,SKU0066,Sports,165,0,35,63
2025-02-13,WH_A,East,SKU0067,Hardware,140,1,37,33
2025-02-13,WH_A,East,SKU0068,Electronics,180,5,15,105
2025-02-13,WH_A,East,SKU0069,Hardware,272,4,36,94
2025-02-13,WH_A,East,SKU0070,Hardware,57,3,41,46
2025-02-13,WH_A,East,SKU0071,Hardware,274,2,44,63
2025-02-13,WH_A,East,SKU0072,Office,99,1,40,85
2025-02-13,WH_A,East,SKU0073,Office,176,2,50,58
2025-02-13,WH_A,East,SKU0074,Hardware,276,0,49,74
2025-02-13,WH_A,East,SKU0075,Sports,165,5,17,92
2025-02-13,WH_A,East,SKU0076,Hardware,109,3,24,107
2025-02-13,WH_A,East,SKU0077,Office,71,0,20,69
2025-02-13,WH_A,East,SKU0078,Housewares,64,2,16,67
2025-02-13,WH_A,East,SKU0079,Hardware,267,3,37,88
2025-02-13,WH_A,East,SKU0080,Hardware,265,0,43,85
2025-02-13,WH_A,East,SKU0081,Housewares,61,1,35,54
2025-02-13,WH_A,East,SKU0082,Hardware,258,4,49,66
2025-02-13,WH_A,East,SKU0083,Housewares,144,3,40,79
2025-02-13,WH_A,East,SKU0084,Office,165,3,20,106
2025-02-13,WH_A,East,SKU0085,Hardware,132,5,27,35
2025-02-13,WH_A,East,SKU0086,Hardware,48,0,40,66
2025-02-13,WH_A,East,SKU0087,Office,147,3,23,97
2025-02-13,WH_A,East,SKU0088,Housewares,180,0,40,45
2025-02-13,WH_A,East,SKU0089,Electronics,207,0,33,116
2025-02-13,WH_A,East,SKU0090,Electronics,147,2,48,70
2025-02-13,WH_A,East,SKU0091,Electronics,223,5,15,47
2025-02-13,WH_A,East,SKU0092,Housewares,183,6,39,46
2025-02-13,WH_A,East,SKU0093,Sports,185,5,43,79
2025-02-13,WH_A,East,SKU0094,Hardware,76,3,22,79
2025-02-13,WH_A,East,SKU0095,Electronics,156,2,23,99
2025-02-13,WH_A,East,SKU0096,Hardware,165,1,42,31
2025-02-13,WH_A,East,SKU0097,Office,69,2,34,106
2025-02-13,WH_A,East,SKU0098,Housewares,145,2,23,64
2025-02-13,WH_A,East,SKU0099,Office,127,4,50,106
2025-02-13,WH_A,East,SKU0100,Office,164,2,41,91
2025-02-13,WH_B,Central,SKU0001,Housewares,184,0,17,45
2025-02-13,WH_B,Central,SKU0002,Electronics,168,3,38,78
2025-02-13,WH_B,Central,SKU0003,Hardware,89,3,46,92
2025-02-13,WH_B,Central,SKU0004,Hardware,264,7,33,35
2025-02-13,WH_B,Central,SKU0005,Sports,68,4,19,76
2025-02-13,WH_B,Central,SKU0006,Sports,157,3,23,56
2025-02-13,WH_B,Central,SKU0007,Office,54,3,24,71
2025-02-13,WH_B,Central,SKU0008,Electronics,79,4,32,52
2025-02-13,WH_B,Central,SKU0009,Hardware,115,6,36,49
2025-02-13,WH_B,Central,SKU0010,Electronics,155,4,39,34
2025-02-13,WH_B,Central,SKU0011,Hardware,34,4,48,71
2025-02-13,WH_B,Central,SKU0012,Housewares,165,2,34,106
2025-02-13,WH_B,Central,SKU0013,Electronics,179,3,19,87
2025-02-13,WH_B,Central,SKU0014,Electronics,98,5,21,76
2025-02-13,WH_B,Central,SKU0015,Housewares,41,4,36,49
2025-02-13,WH_B,Central,SKU0016,Housewares,18,5,38,59
2025-02-13,WH_B,Central,SKU0017,Hardware,152,3,27,41
2025-02-13,WH_B,Central,SKU0018,Housewares,79,8,22,95
2025-02-13,WH_B,Central,SKU0019,Sports,77,1,38,82
2025-02-13,WH_B,Central,SKU0020,Electronics,60,3,36,108
2025-02-13,WH_B,Central,SKU0021,Sports,180,2,29,66
2025-02-13,WH_B,Central,SKU0022,Sports,201,8,24,61
2025-02-13,WH_B,Central,SKU0023,Hardware,74,2,23,45
2025-02-13,WH_B,Central,SKU0024,Electronics,25,4,20,48
2025-02-13,WH_B,Central,SKU0025,Office,180,6,32,63
2025-02-13,WH_B,Central,SKU0026,Hardware,115,8,21,65
2025-02-13,WH_B,Central,SKU0027,Electronics,271,1,19,65
2025-02-13,WH_B,Central,SKU0028,Electronics,52,3,49,92
2025-02-13,WH_B,Central,SKU0029,Sports,137,2,29,63
2025-02-13,WH_B,Central,SKU0030,Housewares,199,1,27,117
2025-02-13,WH_B,Central,SKU0031,Sports,171,2,44,91
2025-02-13,WH_B,Central,SKU0032,Sports,160,4,49,49
2025-02-13,WH_B,Central,SKU0033,Housewares,176,3,34,35
2025-02-13,WH_B,Central,SKU0034,Office,63,2,21,44
2025-02-13,WH_B,Central,SKU0035,Hardware,191,0,48,48
2025-02-13,WH_B,Central,SKU0036,Housewares,70,2,20,57
2025-02-13,WH_B,Central,SKU0037,Sports,152,3,48,40
2025-02-13,WH_B,Central,SKU0038,Housewares,169,1,21,113
2025-02-13,WH_B,Central,SKU0039,Office,9,6,17,117
2025-02-13,WH_B,Central,SKU0040,Housewares,150,4,39,49
2025-02-13,WH_B,Central,SKU0041,Sports,89,0,25,82
2025-02-13,WH_B,Central,SKU0042,Electronics,147,4,44,96
2025-02-13,WH_B,Central,SKU0043,Hardware,235,4,42,57
2025-02-13,WH_B,Central,SKU0044,Hardware,277,0,36,76
2025-02-13,WH_B,Central,SKU0045,Electronics,206,6,45,87
2025-02-13,WH_B,Central,SKU0046,Hardware,135,2,37,46
2025-02-13,WH_B,Central,SKU0047,Electronics,180,1,28,119
2025-02-13,WH_B,Central,SKU0048,Hardware,145,5,47,96
2025-02-13,WH_B,Central,SKU0049,Housewares,157,3,24,55
2025-02-13,WH_B,Central,SKU0050,Hardware,194,0,24,70
2025-02-13,WH_B,Central,SKU0051,Hardware,134,2,33,53
2025-02-13,WH_B,Central,SKU0052,Hardware,83,4,35,55
2025-02-13,WH_B,Central,SKU0053,Hardware,146,5,22,38
2025-02-13,WH_B,Central,SKU0054,Office,129,5,48,116
2025-02-13,WH_B,Central,SKU0055,Housewares,154,5,26,100
2025-02-13,WH_B,Central,SKU0056,Housewares,25,0,36,35
2025-02-13,WH_B,Central,SKU0057,Electronics,123,4,31,73
2025-02-13,WH_B,Central,SKU0058,Sports,108,2,29,100
2025-02-13,WH_B,Central,SKU0059,Electronics,214,0,26,95
2025-02-13,WH_B,Central,SKU0060,Hardware,172,5,25,30
2025-02-13,WH_B,Central,SKU0061,Office,78,6,43,80
2025-02-13,WH_B,Central,SKU0062,Housewares,154,6,42,78
2025-02-13,WH_B,Central,SKU0063,Housewares,109,0,17,98
2025-02-13,WH_B,Central,SKU0064,Sports,41,2,49,99
2025-02-13,WH_B,Central,SKU0065,Sports,122,2,34,71
2025-02-13,WH_B,Central,SKU0066,Sports,197,0,47,87
2025-02-13,WH_B,Central,SKU0067,Hardware,45,2,23,37
2025-02-13,WH_B,Central,SKU0068,Electronics,255,1,45,70
2025-02-13,WH_B,Central,SKU0069,Hardware,105,3,19,117
2025-02-13,WH_B,Central,SKU0070,Hardware,105,1,39,101
2025-02-13,WH_B,Central,SKU0071,Hardware,143,6,27,43
2025-02-13,WH_B,Central,SKU0072,Office,121,5,23,80
2025-02-13,WH_B,Central,SKU0073,Office,51,2,21,114
2025-02-13,WH_B,Central,SKU0074,Hardware,266,0,17,91
2025-02-13,WH_B,Central,SKU0075,Sports,83,1,20,62
2025-02-13,WH_B,Central,SKU0076,Hardware,117,1,29,30
2025-02-13,WH_B,Central,SKU0077,Office,185,3,22,31
2025-02-13,WH_B,Central,SKU0078,Housewares,132,7,20,65
2025-02-13,WH_B,Central,SKU0079,Hardware,117,3,37,48
2025-02-13,WH_B,Central,SKU0080,Hardware,240,2,39,69
2025-02-13,WH_B,Central,SKU0081,Housewares,99,1,44,69
2025-02-13,WH_B,Central,SKU0082,Hardware,127,1,28,57
2025-02-13,WH_B,Central,SKU0083,Housewares,38,2,45,42
2025-02-13,WH_B,Central,SKU0084,Office,52,1,38,59
2025-02-13,WH_B,Central,SKU0085,Hardware,110,1,30,65
2025-02-13,WH_B,Central,SKU0086,Hardware,236,5,43,51
2025-02-13,WH_B,Central,SKU0087,Office,181,3,42,108
2025-02-13,WH_B,Central,SKU0088,Housewares,147,0,16,41
2025-02-13,WH_B,Central,SKU0089,Electronics,53,0,17,56
2025-02-13,WH_B,Central,SKU0090,Electronics,263,4,34,58
2025-02-13,WH_B,Central,SKU0091,Electronics,123,5,34,106
2025-02-13,WH_B,Central,SKU0092,Housewares,177,6,46,76
2025-02-13,WH_B,Central,SKU0093,Sports,159,2,37,100
2025-02-13,WH_B,Central,SKU0094,Hardware,169,0,19,97
2025-02-13,WH_B,Central,SKU0095,Electronics,212,2,47,41
2025-02-13,WH_B,Central,SKU0096,Hardware,200,0,47,81
2025-02-13,WH_B,Central,SKU0097,Office,30,4,23,44
2025-02-13,WH_B,Central,SKU0098,Housewares,119,0,24,93
2025-02-13,WH_B,Central,SKU0099,Office,182,2,31,57
2025-02-13,WH_B,Central,SKU0100,Office,134,0,42,58
2025-02-13,WH_C,West,SKU0001,Housewares,165,3,23,92
2025-02-13,WH_C,West,SKU0002,Electronics,114,3,17,56
2025-02-13,WH_C,West,SKU0003,Hardware,107,5,22,50
2025-02-13,WH_C,West,SKU0004,Hardware,83,3,26,59
2025-02-13,WH_C,West,SKU0005,Sports,167,4,35,63
2025-02-13,WH_C,West,SKU0006,Sports,154,1,17,86
2025-02-13,WH_C,West,SKU0007,Office,22,0,33,87
2025-02-13,WH_C,West,SKU0008,Electronics,116,6,22,69
2025-02-13,WH_C,West,SKU0009,Hardware,211,0,28,80
2025-02-13,WH_C,West,SKU0010,Electronics,230,2,44,69
2025-02-13,WH_C,West,SKU0011,Hardware,203,1,45,93
2025-02-13,WH_C,West,SKU0012,Housewares,90,3,15,88
2025-02-13,WH_C,West,SKU0013,Electronics,26,3,29,81
2025-02-13,WH_C,West,SKU0014,Electronics,173,3,41,75
2025-02-13,WH_C,West,SKU0015,Housewares,122,1,15,30
2025-02-13,WH_C,West,SKU0016,Housewares,203,5,43,78
2025-02-13,WH_C,West,SKU0017,Hardware,72,2,25,100
2025-02-13,WH_C,West,SKU0018,Housewares,73,0,22,53
2025-02-13,WH_C,West,SKU0019,Sports,201,1,49,46
2025-02-13,WH_C,West,SKU0020,Electronics,87,3,28,94
2025-02-13,WH_C,West,SKU0021,Sports,138,1,49,51
2025-02-13,WH_C,West,SKU0022,Sports,130,2,50,63
2025-02-13,WH_C,West,SKU0023,Hardware,187,1,23,84
2025-02-13,WH_C,West,SKU0024,Electronics,127,2,28,106
2025-02-13,WH_C,West,SKU0025,Office,51,4,27,31
2025-02-13,WH_C,West,SKU0026,Hardware,125,2,38,112
2025-02-13,WH_C,West,SKU0027,Electronics,253,6,42,102
2025-02-13,WH_C,West,SKU0028,Electronics,81,4,17,81
2025-02-13,WH_C,West,SKU0029,Sports,116,2,40,34
2025-02-13,WH_C,West,SKU0030,Housewares,82,0,49,75
2025-02-13,WH_C,West,SKU0031,Sports,79,3,21,53
2025-02-13,WH_C,West,SKU0032,Sports,64,5,31,113
2025-02-13,WH_C,West,SKU0033,Housewares,82,1,28,73
2025-02-13,WH_C,West,SKU0034,Office,158,0,32,104
2025-02-13,WH_C,West,SKU0035,Hardware,237,2,20,44
2025-02-13,WH_C,West,SKU0036,Housewares,162,5,34,85
2025-02-13,WH_C,West,SKU0037,Sports,115,1,21,49
2025-02-13,WH_C,West,SKU0038,Housewares,73,0,26,45
2025-02-13,WH_C,West,SKU0039,Office,38,2,39,60
2025-02-13,WH_C,West,SKU0040,Housewares,133,2,50,117
2025-02-13,WH_C,West,SKU0041,Sports,52,4,45,120
2025-02-13,WH_C,West,SKU0042,Electronics,37,4,34,101
2025-02-13,WH_C,West,SKU0043,Hardware,109,3,39,62
2025-02-13,WH_C,West,SKU0044,Hardware,254,2,48,42
2025-02-13,WH_C,West,SKU0045,Electronics,64,3,41,73
2025-02-13,WH_C,West,SKU0046,Hardware,226,4,37,76
2025-02-13,WH_C,West,SKU0047,Electronics,227,4,38,103
2025-02-13,WH_C,West,SKU0048,Hardware,119,4,25,39
2025-02-13,WH_C,West,SKU0049,Housewares,178,4,30,93
2025-02-13,WH_C,West,SKU0050,Hardware,227,2,27,43
2025-02-13,WH_C,West,SKU0051,Hardware,108,2,41,54
2025-02-13,WH_C,West,SKU0052,Hardware,296,4,40,73
2025-02-13,WH_C,West,SKU0053,Hardware,234,4,46,52
2025-02-13,WH_C,West,SKU0054,Office,140,4,40,89
2025-02-13,WH_C,West,SKU0055,Housewares,137,5,48,93
2025-02-13,WH_C,West,SKU0056,Housewares,136,0,46,76
2025-02-13,WH_C,West,SKU0057,Electronics,224,2,28,76
2025-02-13,WH_C,West,SKU0058,Sports,179,7,42,39
2025-02-13,WH_C,West,SKU0059,Electronics,105,3,34,41
2025-02-13,WH_C,West,SKU0060,Hardware,198,4,31,106
2025-02-13,WH_C,West,SKU0061,Office,59,6,37,58
2025-02-13,WH_C,West,SKU0062,Housewares,173,5,16,100
2025-02-13,WH_C,West,SKU0063,Housewares,195,2,49,68
2025-02-13,WH_C,West,SKU0064,Sports,57,2,42,92
2025-02-13,WH_C,West,SKU0065,Sports,57,0,27,55
2025-02-13,WH_C,West,SKU0066,Sports,173,1,15,116
2025-02-13,WH_C,West,SKU0067,Hardware,213,1,40,44
2025-02-13,WH_C,West,SKU0068,Electronics,161,1,16,34
2025-02-13,WH_C,West,SKU0069,Hardware,77,0,19,40
2025-02-13,WH_C,West,SKU0070,Hardware,112,0,21,72
2025-02-13,WH_C,West,SKU0071,Hardware,132,3,48,30
2025-02-13,WH_C,West,SKU0072,Office,100,3,33,53
2025-02-13,WH_C,West,SKU0073,Office,71,1,41,62
2025-02-13,WH_C,West,SKU0074,Hardware,204,3,25,39
2025-02-13,WH_C,West,SKU0075,Sports,87,2,15,41
2025-02-13,WH_C,West,SKU0076,Hardware,35,3,48,80
2025-02-13,WH_C,West,SKU0077,Office,46,2,39,62
2025-02-13,WH_C,West,SKU0078,Housewares,126,3,16,69
2025-02-13,WH_C,West,SKU0079,Hardware,264,3,20,73
2025-02-13,WH_C,West,SKU0080,Hardware,192,4,29,97
2025-02-13,WH_C,West,SKU0081,Housewares,185,4,16,78
2025-02-13,WH_C,West,SKU0082,Hardware,186,3,39,89
2025-02-13,WH_C,West,SKU0083,Housewares,184,2,29,79
2025-02-13,WH_C,West,SKU0084,Office,119,4,26,34
2025-02-13,WH_C,West,SKU0085,Hardware,240,3,40,45
2025-02-13,WH_C,West,SKU0086,Hardware,46,1,26,54
2025-02-13,WH_C,West,SKU0087,Office,146,4,26,85
2025-02-13,WH_C,West,SKU0088,Housewares,90,4,29,116
2025-02-13,WH_C,West,SKU0089,Electronics,98,2,18,76
2025-02-13,WH_C,West,SKU0090,Electronics,207,4,39,102
2025-02-13,WH_C,West,SKU0091,Electronics,214,0,43,50
2025-02-13,WH_C,West,SKU0092,Housewares,78,0,38,109
2025-02-13,WH_C,West,SKU0093,Sports,150,0,21,115
2025-02-13,WH_C,West,SKU0094,Hardware,262,4,38,76
2025-02-13,WH_C,West,SKU0095,Electronics,268,1,43,109
2025-02-13,WH_C,West,SKU0096,Hardware,100,3,25,92
2025-02-13,WH_C,West,SKU0097,Office,149,0,15,45
2025-02-13,WH_C,West,SKU0098,Housewares,39,4,36,69
2025-02-13,WH_C,West,SKU0099,Office,193,4,21,89
2025-02-13,WH_C,West,SKU0100,Office,195,2,46,56
2025-02-14,WH_A,East,SKU0001,Housewares,176,7,26,82
2025-02-14,WH_A,East,SKU0002,Electronics,44,3,42,95
2025-02-14,WH_A,East,SKU0003,Hardware,150,4,41,95
2025-02-14,WH_A,East,SKU0004,Hardware,233,3,49,112
2025-02-14,WH_A,East,SKU0005,Sports,187,6,50,83
2025-02-14,WH_A,East,SKU0006,Sports,38,7,17,97
2025-02-14,WH_A,East,SKU0007,Office,108,2,45,55
2025-02-14,WH_A,East,SKU0008,Electronics,165,3,47,78
2025-02-14,WH_A,East,SKU0009,Hardware,200,0,33,57
2025-02-14,WH_A,East,SKU0010,Electronics,283,2,27,82
2025-02-14,WH_A,East,SKU0011,Hardware,121,2,32,93
2025-02-14,WH_A,East,SKU0012,Housewares,37,0,25,78
2025-02-14,WH_A,East,SKU0013,Electronics,97,4,24,92
2025-02-14,WH_A,East,SKU0014,Electronics,156,3,46,114
2025-02-14,WH_A,East,SKU0015,Housewares,121,2,37,106
2025-02-14,WH_A,East,SKU0016,Housewares,136,0,31,72
2025-02-14,WH_A,East,SKU0017,Hardware,220,2,43,113
2025-02-14,WH_A,East,SKU0018,Housewares,113,0,39,109
2025-02-14,WH_A,East,SKU0019,Sports,93,2,31,86
2025-02-14,WH_A,East,SKU0020,Electronics,52,3,37,75
2025-02-14,WH_A,East,SKU0021,Sports,178,0,30,65
2025-02-14,WH_A,East,SKU0022,Sports,128,4,31,70
2025-02-14,WH_A,East,SKU0023,Hardware,243,0,17,111
2025-02-14,WH_A,East,SKU0024,Electronics,69,1,31,33
2025-02-14,WH_A,East,SKU0025,Office,112,0,30,86
2025-02-14,WH_A,East,SKU0026,Hardware,200,2,25,106
2025-02-14,WH_A,East,SKU0027,Electronics,265,5,15,101
2025-02-14,WH_A,East,SKU0028,Electronics,121,6,48,108
2025-02-14,WH_A,East,SKU0029,Sports,119,4,35,59
2025-02-14,WH_A,East,SKU0030,Housewares,203,3,31,72
2025-02-14,WH_A,East,SKU0031,Sports,12,3,30,86
2025-02-14,WH_A,East,SKU0032,Sports,102,2,32,100
2025-02-14,WH_A,East,SKU0033,Housewares,47,0,45,97
2025-02-14,WH_A,East,SKU0034,Office,24,1,38,59
2025-02-14,WH_A,East,SKU0035,Hardware,215,4,28,55
2025-02-14,WH_A,East,SKU0036,Housewares,159,2,38,81
2025-02-14,WH_A,East,SKU0037,Sports,161,3,27,53
2025-02-14,WH_A,East,SKU0038,Housewares,192,1,22,61
2025-02-14,WH_A,East,SKU0039,Office,143,5,39,68
2025-02-14,WH_A,East,SKU0040,Housewares,167,3,17,119
2025-02-14,WH_A,East,SKU0041,Sports,101,0,16,90
2025-02-14,WH_A,East,SKU0042,Electronics,99,4,44,56
2025-02-14,WH_A,East,SKU0043,Hardware,50,2,32,41
2025-02-14,WH_A,East,SKU0044,Hardware,128,2,15,79
2025-02-14,WH_A,East,SKU0045,Electronics,93,3,26,120
2025-02-14,WH_A,East,SKU0046,Hardware,117,1,16,70
2025-02-14,WH_A,East,SKU0047,Electronics,90,5,17,48
2025-02-14,WH_A,East,SKU0048,Hardware,184,7,38,96
2025-02-14,WH_A,East,SKU0049,Housewares,86,1,49,87
2025-02-14,WH_A,East,SKU0050,Hardware,244,4,42,56
2025-02-14,WH_A,East,SKU0051,Hardware,78,2,33,80
2025-02-14,WH_A,East,SKU0052,Hardware,172,3,32,112
2025-02-14,WH_A,East,SKU0053,Hardware,189,3,32,118
2025-02-14,WH_A,East,SKU0054,Office,129,6,42,34
2025-02-14,WH_A,East,SKU0055,Housewares,81,8,28,47
2025-02-14,WH_A,East,SKU0056,Housewares,146,4,27,103
2025-02-14,WH_A,East,SKU0057,Electronics,243,6,45,63
2025-02-14,WH_A,East,SKU0058,Sports,58,5,36,106
2025-02-14,WH_A,East,SKU0059,Electronics,80,0,18,120
2025-02-14,WH_A,East,SKU0060,Hardware,238,0,33,38
2025-02-14,WH_A,East,SKU0061,Office,29,3,20,32
2025-02-14,WH_A,East,SKU0062,Housewares,88,3,46,85
2025-02-14,WH_A,East,SKU0063,Housewares,32,2,45,98
2025-02-14,WH_A,East,SKU0064,Sports,34,3,35,44
2025-02-14,WH_A,East,SKU0065,Sports,121,1,34,96
2025-02-14,WH_A,East,SKU0066,Sports,75,2,44,90
2025-02-14,WH_A,East,SKU0067,Hardware,230,2,45,55
2025-02-14,WH_A,East,SKU0068,Electronics,202,3,27,60
2025-02-14,WH_A,East,SKU0069,Hardware,40,3,42,41
2025-02-14,WH_A,East,SKU0070,Hardware,116,4,31,57
2025-02-14,WH_A,East,SKU0071,Hardware,140,0,43,113
2025-02-14,WH_A,East,SKU0072,Office,125,3,32,120
2025-02-14,WH_A,East,SKU0073,Office,139,0,48,105
2025-02-14,WH_A,East,SKU0074,Hardware,94,7,36,32
2025-02-14,WH_A,East,SKU0075,Sports,92,2,26,82
2025-02-14,WH_A,East,SKU0076,Hardware,39,3,26,89
2025-02-14,WH_A,East,SKU0077,Office,12,3,40,97
2025-02-14,WH_A,East,SKU0078,Housewares,123,3,36,85
2025-02-14,WH_A,East,SKU0079,Hardware,189,1,18,91
2025-02-14,WH_A,East,SKU0080,Hardware,65,2,49,117
2025-02-14,WH_A,East,SKU0081,Housewares,54,4,25,106
2025-02-14,WH_A,East,SKU0082,Hardware,105,0,30,81
2025-02-14,WH_A,East,SKU0083,Housewares,53,3,28,102
2025-02-14,WH_A,East,SKU0084,Office,44,0,23,54
2025-02-14,WH_A,East,SKU0085,Hardware,209,1,44,62
2025-02-14,WH_A,East,SKU0086,Hardware,163,6,48,68
2025-02-14,WH_A,East,SKU0087,Office,201,5,21,119
2025-02-14,WH_A,East,SKU0088,Housewares,65,4,30,93
2025-02-14,WH_A,East,SKU0089,Electronics,163,2,47,87
2025-02-14,WH_A,East,SKU0090,Electronics,48,1,36,118
2025-02-14,WH_A,East,SKU0091,Electronics,219,5,15,92
2025-02-14,WH_A,East,SKU0092,Housewares,178,0,19,35
2025-02-14,WH_A,East,SKU0093,Sports,185,2,40,112
2025-02-14,WH_A,East,SKU0094,Hardware,169,0,22,33
2025-02-14,WH_A,East,SKU0095,Electronics,184,3,32,35
2025-02-14,WH_A,East,SKU0096,Hardware,184,1,17,88
2025-02-14,WH_A,East,SKU0097,Office,136,1,28,98
2025-02-14,WH_A,East,SKU0098,Housewares,199,3,34,86
2025-02-14,WH_A,East,SKU0099,Office,156,0,32,95
2025-02-14,WH_A,East,SKU0100,Office,81,2,15,59
2025-02-14,WH_B,Central,SKU0001,Housewares,85,4,48,74
2025-02-14,WH_B,Central,SKU0002,Electronics,183,3,28,85
2025-02-14,WH_B,Central,SKU0003,Hardware,149,1,33,118
2025-02-14,WH_B,Central,SKU0004,Hardware,276,3,15,67
2025-02-14,WH_B,Central,SKU0005,Sports,85,2,23,91
2025-02-14,WH_B,Central,SKU0006,Sports,72,4,47,37
2025-02-14,WH_B,Central,SKU0007,Office,177,5,15,54
2025-02-14,WH_B,Central,SKU0008,Electronics,76,0,43,100
2025-02-14,WH_B,Central,SKU0009,Hardware,194,5,30,114
2025-02-14,WH_B,Central,SKU0010,Electronics,164,3,31,61
2025-02-14,WH_B,Central,SKU0011,Hardware,68,2,42,93
2025-02-14,WH_B,Central,SKU0012,Housewares,152,1,35,109
2025-02-14,WH_B,Central,SKU0013,Electronics,210,4,32,63
2025-02-14,WH_B,Central,SKU0014,Electronics,117,1,17,100
2025-02-14,WH_B,Central,SKU0015,Housewares,189,2,35,105
2025-02-14,WH_B,Central,SKU0016,Housewares,68,4,16,55
2025-02-14,WH_B,Central,SKU0017,Hardware,93,0,17,89
2025-02-14,WH_B,Central,SKU0018,Housewares,184,1,38,85
2025-02-14,WH_B,Central,SKU0019,Sports,36,3,36,49
2025-02-14,WH_B,Central,SKU0020,Electronics,176,3,18,45
2025-02-14,WH_B,Central,SKU0021,Sports,121,3,25,56
2025-02-14,WH_B,Central,SKU0022,Sports,207,5,17,46
2025-02-14,WH_B,Central,SKU0023,Hardware,249,1,40,78
2025-02-14,WH_B,Central,SKU0024,Electronics,96,3,29,32
2025-02-14,WH_B,Central,SKU0025,Office,164,5,25,61
2025-02-14,WH_B,Central,SKU0026,Hardware,145,1,40,75
2025-02-14,WH_B,Central,SKU0027,Electronics,116,4,15,61
2025-02-14,WH_B,Central,SKU0028,Electronics,29,0,43,106
2025-02-14,WH_B,Central,SKU0029,Sports,194,2,22,75
2025-02-14,WH_B,Central,SKU0030,Housewares,79,1,18,53
2025-02-14,WH_B,Central,SKU0031,Sports,211,1,44,56
2025-02-14,WH_B,Central,SKU0032,Sports,59,2,16,45
2025-02-14,WH_B,Central,SKU0033,Housewares,44,1,37,57
2025-02-14,WH_B,Central,SKU0034,Office,29,4,50,71
2025-02-14,WH_B,Central,SKU0035,Hardware,30,7,16,67
2025-02-14,WH_B,Central,SKU0036,Housewares,44,1,27,40
2025-02-14,WH_B,Central,SKU0037,Sports,205,5,49,47
2025-02-14,WH_B,Central,SKU0038,Housewares,202,0,17,118
2025-02-14,WH_B,Central,SKU0039,Office,135,2,48,46
2025-02-14,WH_B,Central,SKU0040,Housewares,29,5,34,97
2025-02-14,WH_B,Central,SKU0041,Sports,50,0,17,102
2025-02-14,WH_B,Central,SKU0042,Electronics,112,1,18,74
2025-02-14,WH_B,Central,SKU0043,Hardware,104,1,48,66
2025-02-14,WH_B,Central,SKU0044,Hardware,182,0,28,96
2025-02-14,WH_B,Central,SKU0045,Electronics,161,1,43,92
2025-02-14,WH_B,Central,SKU0046,Hardware,246,0,43,56
2025-02-14,WH_B,Central,SKU0047,Electronics,247,0,48,49
2025-02-14,WH_B,Central,SKU0048,Hardware,101,5,36,111
2025-02-14,WH_B,Central,SKU0049,Housewares,185,6,35,60
2025-02-14,WH_B,Central,SKU0050,Hardware,221,4,21,77
2025-02-14,WH_B,Central,SKU0051,Hardware,67,3,49,50
2025-02-14,WH_B,Central,SKU0052,Hardware,202,5,24,116
2025-02-14,WH_B,Central,SKU0053,Hardware,96,1,47,47
2025-02-14,WH_B,Central,SKU0054,Office,136,0,32,46
2025-02-14,WH_B,Central,SKU0055,Housewares,183,5,37,42
2025-02-14,WH_B,Central,SKU0056,Housewares,160,5,36,53
2025-02-14,WH_B,Central,SKU0057,Electronics,155,2,38,112
2025-02-14,WH_B,Central,SKU0058,Sports,126,6,41,97
2025-02-14,WH_B,Central,SKU0059,Electronics,210,3,20,73
2025-02-14,WH_B,Central,SKU0060,Hardware,150,0,17,61
2025-02-14,WH_B,Central,SKU0061,Office,15,3,47,45
2025-02-14,WH_B,Central,SKU0062,Housewares,162,2,42,109
2025-02-14,WH_B,Central,SKU0063,Housewares,114,3,34,63
2025-02-14,WH_B,Central,SKU0064,Sports,155,3,44,79
2025-02-14,WH_B,Central,SKU0065,Sports,42,0,36,31
2025-02-14,WH_B,Central,SKU0066,Sports,97,3,47,100
2025-02-14,WH_B,Central,SKU0067,Hardware,137,2,22,71
2025-02-14,WH_B,Central,SKU0068,Electronics,34,2,47,103
2025-02-14,WH_B,Central,SKU0069,Hardware,66,5,31,66
2025-02-14,WH_B,Central,SKU0070,Hardware,184,0,33,35
2025-02-14,WH_B,Central,SKU0071,Hardware,120,0,36,33
2025-02-14,WH_B,Central,SKU0072,Office,142,1,41,106
2025-02-14,WH_B,Central,SKU0073,Office,115,0,37,75
2025-02-14,WH_B,Central,SKU0074,Hardware,230,3,28,77
2025-02-14,WH_B,Central,SKU0075,Sports,97,1,47,95
2025-02-14,WH_B,Central,SKU0076,Hardware,68,7,18,94
2025-02-14,WH_B,Central,SKU0077,Office,63,0,24,87
2025-02-14,WH_B,Central,SKU0078,Housewares,149,0,36,68
2025-02-14,WH_B,Central,SKU0079,Hardware,184,3,43,110
2025-02-14,WH_B,Central,SKU0080,Hardware,225,4,46,64
2025-02-14,WH_B,Central,SKU0081,Housewares,110,1,26,77
2025-02-14,WH_B,Central,SKU0082,Hardware,138,1,22,46
2025-02-14,WH_B,Central,SKU0083,Housewares,77,0,47,87
2025-02-14,WH_B,Central,SKU0084,Office,62,3,33,105
2025-02-14,WH_B,Central,SKU0085,Hardware,103,5,45,106
2025-02-14,WH_B,Central,SKU0086,Hardware,201,4,17,32
2025-02-14,WH_B,Central,SKU0087,Office,142,3,18,120
2025-02-14,WH_B,Central,SKU0088,Housewares,92,2,36,76
2025-02-14,WH_B,Central,SKU0089,Electronics,243,5,33,100
2025-02-14,WH_B,Central,SKU0090,Electronics,149,0,41,89
2025-02-14,WH_B,Central,SKU0091,Electronics,131,5,21,85
2025-02-14,WH_B,Central,SKU0092,Housewares,127,4,23,55
2025-02-14,WH_B,Central,SKU0093,Sports,197,1,36,83
2025-02-14,WH_B,Central,SKU0094,Hardware,259,4,46,45
2025-02-14,WH_B,Central,SKU0095,Electronics,77,4,36,76
2025-02-14,WH_B,Central,SKU0096,Hardware,251,5,29,73
2025-02-14,WH_B,Central,SKU0097,Office,46,2,25,87
2025-02-14,WH_B,Central,SKU0098,Housewares,131,3,43,63
2025-02-14,WH_B,Central,SKU0099,Office,178,4,16,78
2025-02-14,WH_B,Central,SKU0100,Office,79,3,22,49
2025-02-14,WH_C,West,SKU0001,Housewares,45,1,46,48
2025-02-14,WH_C,West,SKU0002,Electronics,277,2,45,80
2025-02-14,WH_C,West,SKU0003,Hardware,163,2,27,38
2025-02-14,WH_C,West,SKU0004,Hardware,139,2,38,44
2025-02-14,WH_C,West,SKU0005,Sports,177,3,27,65
2025-02-14,WH_C,West,SKU0006,Sports,24,0,46,111
2025-02-14,WH_C,West,SKU0007,Office,23,0,18,73
2025-02-14,WH_C,West,SKU0008,Electronics,123,0,38,73
2025-02-14,WH_C,West,SKU0009,Hardware,212,6,30,67
2025-02-14,WH_C,West,SKU0010,Electronics,147,0,37,109
2025-02-14,WH_C,West,SKU0011,Hardware,144,0,38,85
2025-02-14,WH_C,West,SKU0012,Housewares,58,4,22,84
2025-02-14,WH_C,West,SKU0013,Electronics,222,0,28,56
2025-02-14,WH_C,West,SKU0014,Electronics,165,5,45,119
2025-02-14,WH_C,West,SKU0015,Housewares,131,0,41,95
2025-02-14,WH_C,West,SKU0016,Housewares,21,3,50,108
2025-02-14,WH_C,West,SKU0017,Hardware,152,2,15,68
2025-02-14,WH_C,West,SKU0018,Housewares,158,0,20,33
2025-02-14,WH_C,West,SKU0019,Sports,168,3,41,36
2025-02-14,WH_C,West,SKU0020,Electronics,139,3,27,40
2025-02-14,WH_C,West,SKU0021,Sports,141,2,20,77
2025-02-14,WH_C,West,SKU0022,Sports,92,0,45,101
2025-02-14,WH_C,West,SKU0023,Hardware,146,3,25,41
2025-02-14,WH_C,West,SKU0024,Electronics,261,4,44,104
2025-02-14,WH_C,West,SKU0025,Office,70,5,29,80
2025-02-14,WH_C,West,SKU0026,Hardware,234,4,39,35
2025-02-14,WH_C,West,SKU0027,Electronics,270,7,30,38
2025-02-14,WH_C,West,SKU0028,Electronics,274,4,41,34
2025-02-14,WH_C,West,SKU0029,Sports,164,1,48,94
2025-02-14,WH_C,West,SKU0030,Housewares,153,4,37,112
2025-02-14,WH_C,West,SKU0031,Sports,184,4,16,41
2025-02-14,WH_C,West,SKU0032,Sports,29,1,38,77
2025-02-14,WH_C,West,SKU0033,Housewares,161,5,27,106
2025-02-14,WH_C,West,SKU0034,Office,40,3,20,43
2025-02-14,WH_C,West,SKU0035,Hardware,162,3,28,52
2025-02-14,WH_C,West,SKU0036,Housewares,27,3,25,81
2025-02-14,WH_C,West,SKU0037,Sports,81,1,18,34
2025-02-14,WH_C,West,SKU0038,Housewares,169,3,27,117
2025-02-14,WH_C,West,SKU0039,Office,194,2,30,120
2025-02-14,WH_C,West,SKU0040,Housewares,81,3,42,61
2025-02-14,WH_C,West,SKU0041,Sports,144,0,17,53
2025-02-14,WH_C,West,SKU0042,Electronics,19,0,30,99
2025-02-14,WH_C,West,SKU0043,Hardware,229,1,43,96
2025-02-14,WH_C,West,SKU0044,Hardware,83,2,19,101
2025-02-14,WH_C,West,SKU0045,Electronics,228,4,28,97
2025-02-14,WH_C,West,SKU0046,Hardware,133,5,33,87
2025-02-14,WH_C,West,SKU0047,Electronics,194,6,21,82
2025-02-14,WH_C,West,SKU0048,Hardware,195,3,42,81
2025-02-14,WH_C,West,SKU0049,Housewares,74,2,32,47
2025-02-14,WH_C,West,SKU0050,Hardware,36,4,49,59
2025-02-14,WH_C,West,SKU0051,Hardware,141,1,47,119
2025-02-14,WH_C,West,SKU0052,Hardware,50,3,26,67
2025-02-14,WH_C,West,SKU0053,Hardware,101,3,40,85
2025-02-14,WH_C,West,SKU0054,Office,108,3,45,65
2025-02-14,WH_C,West,SKU0055,Housewares,57,4,41,69
2025-02-14,WH_C,West,SKU0056,Housewares,102,0,16,62
2025-02-14,WH_C,West,SKU0057,Electronics,182,2,50,54
2025-02-14,WH_C,West,SKU0058,Sports,226,2,25,93
2025-02-14,WH_C,West,SKU0059,Electronics,240,4,42,82
2025-02-14,WH_C,West,SKU0060,Hardware,123,3,43,106
2025-02-14,WH_C,West,SKU0061,Office,197,0,35,96
2025-02-14,WH_C,West,SKU0062,Housewares,35,5,50,90
2025-02-14,WH_C,West,SKU0063,Housewares,133,0,34,64
2025-02-14,WH_C,West,SKU0064,Sports,162,1,25,69
2025-02-14,WH_C,West,SKU0065,Sports,119,3,48,87
2025-02-14,WH_C,West,SKU0066,Sports,185,3,20,69
2025-02-14,WH_C,West,SKU0067,Hardware,114,5,39,108
2025-02-14,WH_C,West,SKU0068,Electronics,130,2,36,61
2025-02-14,WH_C,West,SKU0069,Hardware,64,3,35,72
2025-02-14,WH_C,West,SKU0070,Hardware,184,4,40,69
2025-02-14,WH_C,West,SKU0071,Hardware,266,2,24,55
2025-02-14,WH_C,West,SKU0072,Office,190,3,32,31
2025-02-14,WH_C,West,SKU0073,Office,55,7,39,104
2025-02-14,WH_C,West,SKU0074,Hardware,29,3,50,102
2025-02-14,WH_C,West,SKU0075,Sports,117,2,32,105
2025-02-14,WH_C,West,SKU0076,Hardware,171,1,39,83
2025-02-14,WH_C,West,SKU0077,Office,195,0,48,38
2025-02-14,WH_C,West,SKU0078,Housewares,38,6,49,53
2025-02-14,WH_C,West,SKU0079,Hardware,64,0,24,61
2025-02-14,WH_C,West,SKU0080,Hardware,253,6,23,64
2025-02-14,WH_C,West,SKU0081,Housewares,100,1,50,92
2025-02-14,WH_C,West,SKU0082,Hardware,62,2,26,36
2025-02-14,WH_C,West,SKU0083,Housewares,72,2,44,56
2025-02-14,WH_C,West,SKU0084,Office,96,0,46,120
2025-02-14,WH_C,West,SKU0085,Hardware,225,3,32,36
2025-02-14,WH_C,West,SKU0086,Hardware,156,3,19,56
2025-02-14,WH_C,West,SKU0087,Office,147,3,41,92
2025-02-14,WH_C,West,SKU0088,Housewares,95,0,48,71
2025-02-14,WH_C,West,SKU0089,Electronics,217,7,47,61
2025-02-14,WH_C,West,SKU0090,Electronics,44,1,31,72
2025-02-14,WH_C,West,SKU0091,Electronics,159,6,39,117
2025-02-14,WH_C,West,SKU0092,Housewares,101,2,43,114
2025-02-14,WH_C,West,SKU0093,Sports,121,0,38,88
2025-02-14,WH_C,West,SKU0094,Hardware,204,6,39,101
2025-02-14,WH_C,West,SKU0095,Electronics,268,0,15,36
2025-02-14,WH_C,West,SKU0096,Hardware,158,1,36,38
2025-02-14,WH_C,West,SKU0097,Office,52,0,40,111
2025-02-14,WH_C,West,SKU0098,Housewares,131,4,42,63
2025-02-14,WH_C,West,SKU0099,Office,184,1,31,107
2025-02-14,WH_C,West,SKU0100,Office,88,1,28,83
2025-02-15,WH_A,East,SKU0001,Housewares,69,5,25,89
2025-02-15,WH_A,East,SKU0002,Electronics,48,2,38,82
2025-02-15,WH_A,East,SKU0003,Hardware,67,2,31,85
2025-02-15,WH_A,East,SKU0004,Hardware,158,1,27,62
2025-02-15,WH_A,East,SKU0005,Sports,92,3,26,35
2025-02-15,WH_A,East,SKU0006,Sports,32,2,33,49
2025-02-15,WH_A,East,SKU0007,Office,50,2,47,85
2025-02-15,WH_A,East,SKU0008,Electronics,179,2,31,88
2025-02-15,WH_A,East,SKU0009,Hardware,70,0,38,47
2025-02-15,WH_A,East,SKU0010,Electronics,41,5,30,71
2025-02-15,WH_A,East,SKU0011,Hardware,55,3,20,103
2025-02-15,WH_A,East,SKU0012,Housewares,165,4,37,115
2025-02-15,WH_A,East,SKU0013,Electronics,258,2,16,73
2025-02-15,WH_A,East,SKU0014,Electronics,182,4,38,110
2025-02-15,WH_A,East,SKU0015,Housewares,44,2,30,58
2025-02-15,WH_A,East,SKU0016,Housewares,103,5,50,70
2025-02-15,WH_A,East,SKU0017,Hardware,55,4,49,41
2025-02-15,WH_A,East,SKU0018,Housewares,169,2,31,54
2025-02-15,WH_A,East,SKU0019,Sports,64,5,26,120
2025-02-15,WH_A,East,SKU0020,Electronics,227,5,47,90
2025-02-15,WH_A,East,SKU0021,Sports,122,2,41,120
2025-02-15,WH_A,East,SKU0022,Sports,76,6,26,92
2025-02-15,WH_A,East,SKU0023,Hardware,265,0,18,65
2025-02-15,WH_A,East,SKU0024,Electronics,57,3,28,56
2025-02-15,WH_A,East,SKU0025,Office,145,1,21,30
2025-02-15,WH_A,East,SKU0026,Hardware,170,0,17,94
2025-02-15,WH_A,East,SKU0027,Electronics,244,0,19,92
2025-02-15,WH_A,East,SKU0028,Electronics,28,1,17,76
2025-02-15,WH_A,East,SKU0029,Sports,47,3,23,107
2025-02-15,WH_A,East,SKU0030,Housewares,51,2,48,64
2025-02-15,WH_A,East,SKU0031,Sports,103,2,44,113
2025-02-15,WH_A,East,SKU0032,Sports,83,0,41,76
2025-02-15,WH_A,East,SKU0033,Housewares,161,0,16,72
2025-02-15,WH_A,East,SKU0034,Office,69,1,45,32
2025-02-15,WH_A,East,SKU0035,Hardware,250,1,26,74
2025-02-15,WH_A,East,SKU0036,Housewares,161,3,42,42
2025-02-15,WH_A,East,SKU0037,Sports,47,3,33,57
2025-02-15,WH_A,East,SKU0038,Housewares,100,2,47,54
2025-02-15,WH_A,East,SKU0039,Office,16,2,34,30
2025-02-15,WH_A,East,SKU0040,Housewares,190,6,45,91
2025-02-15,WH_A,East,SKU0041,Sports,110,2,22,58
2025-02-15,WH_A,East,SKU0042,Electronics,47,5,42,39
2025-02-15,WH_A,East,SKU0043,Hardware,25,4,24,47
2025-02-15,WH_A,East,SKU0044,Hardware,57,3,40,100
2025-02-15,WH_A,East,SKU0045,Electronics,247,0,44,66
2025-02-15,WH_A,East,SKU0046,Hardware,143,4,27,88
2025-02-15,WH_A,East,SKU0047,Electronics,73,5,33,87
2025-02-15,WH_A,East,SKU0048,Hardware,121,2,24,35
2025-02-15,WH_A,East,SKU0049,Housewares,113,3,30,40
2025-02-15,WH_A,East,SKU0050,Hardware,215,2,23,86
2025-02-15,WH_A,East,SKU0051,Hardware,124,4,30,41
2025-02-15,WH_A,East,SKU0052,Hardware,86,5,41,84
2025-02-15,WH_A,East,SKU0053,Hardware,180,0,37,80
2025-02-15,WH_A,East,SKU0054,Office,29,1,26,58
2025-02-15,WH_A,East,SKU0055,Housewares,72,1,40,41
2025-02-15,WH_A,East,SKU0056,Housewares,125,2,37,73
2025-02-15,WH_A,East,SKU0057,Electronics,208,7,16,83
2025-02-15,WH_A,East,SKU0058,Sports,53,0,31,88
2025-02-15,WH_A,East,SKU0059,Electronics,154,5,36,73
2025-02-15,WH_A,East,SKU0060,Hardware,61,1,41,88
2025-02-15,WH_A,East,SKU0061,Office,59,4,18,116
2025-02-15,WH_A,East,SKU0062,Housewares,80,3,40,110
2025-02-15,WH_A,East,SKU0063,Housewares,131,0,18,48
2025-02-15,WH_A,East,SKU0064,Sports,156,1,35,44
2025-02-15,WH_A,East,SKU0065,Sports,22,2,15,75
2025-02-15,WH_A,East,SKU0066,Sports,203,3,42,100
2025-02-15,WH_A,East,SKU0067,Hardware,203,0,17,84
2025-02-15,WH_A,East,SKU0068,Electronics,226,4,15,70
2025-02-15,WH_A,East,SKU0069,Hardware,199,1,19,39
2025-02-15,WH_A,East,SKU0070,Hardware,75,3,20,119
2025-02-15,WH_A,East,SKU0071,Hardware,185,0,20,79
2025-02-15,WH_A,East,SKU0072,Office,153,5,27,53
2025-02-15,WH_A,East,SKU0073,Office,85,3,38,54
2025-02-15,WH_A,East,SKU0074,Hardware,214,1,29,119
2025-02-15,WH_A,East,SKU0075,Sports,76,1,16,110
2025-02-15,WH_A,East,SKU0076,Hardware,156,5,32,97
2025-02-15,WH_A,East,SKU0077,Office,86,2,35,40
2025-02-15,WH_A,East,SKU0078,Housewares,134,0,36,90
2025-02-15,WH_A,East,SKU0079,Hardware,39,1,43,104
2025-02-15,WH_A,East,SKU0080,Hardware,133,2,27,48
2025-02-15,WH_A,East,SKU0081,Housewares,43,1,48,59
2025-02-15,WH_A,East,SKU0082,Hardware,28,4,24,64
2025-02-15,WH_A,East,SKU0083,Housewares,61,4,40,117
2025-02-15,WH_A,East,SKU0084,Office,75,1,41,97
2025-02-15,WH_A,East,SKU0085,Hardware,144,2,36,44
2025-02-15,WH_A,East,SKU0086,Hardware,239,2,16,48
2025-02-15,WH_A,East,SKU0087,Office,35,3,34,38
2025-02-15,WH_A,East,SKU0088,Housewares,185,1,19,71
2025-02-15,WH_A,East,SKU0089,Electronics,144,1,49,94
2025-02-15,WH_A,East,SKU0090,Electronics,38,2,35,42
2025-02-15,WH_A,East,SKU0091,Electronics,42,2,29,54
2025-02-15,WH_A,East,SKU0092,Housewares,83,0,40,76
2025-02-15,WH_A,East,SKU0093,Sports,97,2,29,83
2025-02-15,WH_A,East,SKU0094,Hardware,98,2,30,30
2025-02-15,WH_A,East,SKU0095,Electronics,150,6,45,120
2025-02-15,WH_A,East,SKU0096,Hardware,161,2,34,54
2025-02-15,WH_A,East,SKU0097,Office,127,0,18,30
2025-02-15,WH_A,East,SKU0098,Housewares,149,1,49,66
2025-02-15,WH_A,East,SKU0099,Office,29,5,40,63
2025-02-15,WH_A,East,SKU0100,Office,83,2,43,87
2025-02-15,WH_B,Central,SKU0001,Housewares,39,0,24,42
2025-02-15,WH_B,Central,SKU0002,Electronics,185,0,15,64
2025-02-15,WH_B,Central,SKU0003,Hardware,192,1,18,44
2025-02-15,WH_B,Central,SKU0004,Hardware,93,5,36,120
2025-02-15,WH_B,Central,SKU0005,Sports,212,2,25,100
2025-02-15,WH_B,Central,SKU0006,Sports,197,1,29,57
2025-02-15,WH_B,Central,SKU0007,Office,196,2,45,41
2025-02-15,WH_B,Central,SKU0008,Electronics,188,2,49,77
2025-02-15,WH_B,Central,SKU0009,Hardware,175,3,48,43
2025-02-15,WH_B,Central,SKU0010,Electronics,198,3,39,107
2025-02-15,WH_B,Central,SKU0011,Hardware,183,4,38,34
2025-02-15,WH_B,Central,SKU0012,Housewares,113,1,21,93
2025-02-15,WH_B,Central,SKU0013,Electronics,102,3,30,33
2025-02-15,WH_B,Central,SKU0014,Electronics,287,6,19,37
2025-02-15,WH_B,Central,SKU0015,Housewares,177,3,37,76
2025-02-15,WH_B,Central,SKU0016,Housewares,174,3,20,78
2025-02-15,WH_B,Central,SKU0017,Hardware,255,4,50,54
2025-02-15,WH_B,Central,SKU0018,Housewares,73,0,19,92
2025-02-15,WH_B,Central,SKU0019,Sports,173,4,28,78
2025-02-15,WH_B,Central,SKU0020,Electronics,131,0,46,33
2025-02-15,WH_B,Central,SKU0021,Sports,141,4,31,68
2025-02-15,WH_B,Central,SKU0022,Sports,27,3,39,74
2025-02-15,WH_B,Central,SKU0023,Hardware,290,0,33,75
2025-02-15,WH_B,Central,SKU0024,Electronics,77,1,36,103
2025-02-15,WH_B,Central,SKU0025,Office,74,4,38,89
2025-02-15,WH_B,Central,SKU0026,Hardware,20,2,46,78
2025-02-15,WH_B,Central,SKU0027,Electronics,168,0,15,103
2025-02-15,WH_B,Central,SKU0028,Electronics,119,0,40,53
2025-02-15,WH_B,Central,SKU0029,Sports,16,0,45,98
2025-02-15,WH_B,Central,SKU0030,Housewares,198,2,35,84
2025-02-15,WH_B,Central,SKU0031,Sports,48,3,26,87
2025-02-15,WH_B,Central,SKU0032,Sports,37,0,25,82
2025-02-15,WH_B,Central,SKU0033,Housewares,41,6,23,110
2025-02-15,WH_B,Central,SKU0034,Office,182,5,39,38
2025-02-15,WH_B,Central,SKU0035,Hardware,74,0,50,85
2025-02-15,WH_B,Central,SKU0036,Housewares,141,6,16,45
2025-02-15,WH_B,Central,SKU0037,Sports,11,7,29,85
2025-02-15,WH_B,Central,SKU0038,Housewares,14,6,19,105
2025-02-15,WH_B,Central,SKU0039,Office,87,4,15,101
2025-02-15,WH_B,Central,SKU0040,Housewares,50,5,44,36
2025-02-15,WH_B,Central,SKU0041,Sports,26,1,27,47
2025-02-15,WH_B,Central,SKU0042,Electronics,204,0,40,115
2025-02-15,WH_B,Central,SKU0043,Hardware,90,1,48,33
2025-02-15,WH_B,Central,SKU0044,Hardware,162,1,48,89
2025-02-15,WH_B,Central,SKU0045,Electronics,177,5,46,93
2025-02-15,WH_B,Central,SKU0046,Hardware,46,3,20,65
2025-02-15,WH_B,Central,SKU0047,Electronics,278,4,44,47
2025-02-15,WH_B,Central,SKU0048,Hardware,269,2,39,94
2025-02-15,WH_B,Central,SKU0049,Housewares,41,0,21,43
2025-02-15,WH_B,Central,SKU0050,Hardware,235,3,36,84
2025-02-15,WH_B,Central,SKU0051,Hardware,266,5,40,69
2025-02-15,WH_B,Central,SKU0052,Hardware,191,4,16,92
2025-02-15,WH_B,Central,SKU0053,Hardware,168,2,27,111
2025-02-15,WH_B,Central,SKU0054,Office,110,0,38,79
2025-02-15,WH_B,Central,SKU0055,Housewares,198,4,22,105
2025-02-15,WH_B,Central,SKU0056,Housewares,66,3,24,34
2025-02-15,WH_B,Central,SKU0057,Electronics,159,3,22,56
2025-02-15,WH_B,Central,SKU0058,Sports,99,4,40,60
2025-02-15,WH_B,Central,SKU0059,Electronics,233,0,44,66
2025-02-15,WH_B,Central,SKU0060,Hardware,230,4,26,75
2025-02-15,WH_B,Central,SKU0061,Office,17,1,18,93
2025-02-15,WH_B,Central,SKU0062,Housewares,105,1,21,84
2025-02-15,WH_B,Central,SKU0063,Housewares,141,1,32,97
2025-02-15,WH_B,Central,SKU0064,Sports,137,5,45,54
2025-02-15,WH_B,Central,SKU0065,Sports,118,3,49,45
2025-02-15,WH_B,Central,SKU0066,Sports,170,2,23,44
2025-02-15,WH_B,Central,SKU0067,Hardware,195,5,46,63
2025-02-15,WH_B,Central,SKU0068,Electronics,213,1,43,66
2025-02-15,WH_B,Central,SKU0069,Hardware,201,1,43,107
2025-02-15,WH_B,Central,SKU0070,Hardware,133,3,38,108
2025-02-15,WH_B,Central,SKU0071,Hardware,252,4,36,113
2025-02-15,WH_B,Central,SKU0072,Office,147,5,34,57
2025-02-15,WH_B,Central,SKU0073,Office,150,6,30,77
2025-02-15,WH_B,Central,SKU0074,Hardware,162,5,45,45
2025-02-15,WH_B,Central,SKU0075,Sports,40,0,37,48
2025-02-15,WH_B,Central,SKU0076,Hardware,37,0,20,108
2025-02-15,WH_B,Central,SKU0077,Office,77,3,18,119
2025-02-15,WH_B,Central,SKU0078,Housewares,107,2,31,84
2025-02-15,WH_B,Central,SKU0079,Hardware,264,0,22,49
2025-02-15,WH_B,Central,SKU0080,Hardware,151,2,46,44
2025-02-15,WH_B,Central,SKU0081,Housewares,167,2,20,102
2025-02-15,WH_B,Central,SKU0082,Hardware,186,3,27,56
2025-02-15,WH_B,Central,SKU0083,Housewares,120,0,30,116
2025-02-15,WH_B,Central,SKU0084,Office,30,2,28,110
2025-02-15,WH_B,Central,SKU0085,Hardware,69,3,30,101
2025-02-15,WH_B,Central,SKU0086,Hardware,192,4,50,57
2025-02-15,WH_B,Central,SKU0087,Office,35,1,35,112
2025-02-15,WH_B,Central,SKU0088,Housewares,116,2,48,46
2025-02-15,WH_B,Central,SKU0089,Electronics,223,3,45,77
2025-02-15,WH_B,Central,SKU0090,Electronics,117,2,30,72
2025-02-15,WH_B,Central,SKU0091,Electronics,148,5,26,84
2025-02-15,WH_B,Central,SKU0092,Housewares,192,3,25,36
2025-02-15,WH_B,Central,SKU0093,Sports,40,1,32,100
2025-02-15,WH_B,Central,SKU0094,Hardware,199,0,31,91
2025-02-15,WH_B,Central,SKU0095,Electronics,221,1,22,44
2025-02-15,WH_B,Central,SKU0096,Hardware,101,3,50,50
2025-02-15,WH_B,Central,SKU0097,Office,123,5,27,67
2025-02-15,WH_B,Central,SKU0098,Housewares,91,2,22,87
2025-02-15,WH_B,Central,SKU0099,Office,68,0,25,46
2025-02-15,WH_B,Central,SKU0100,Office,43,3,29,40
2025-02-15,WH_C,West,SKU0001,Housewares,124,4,44,95
2025-02-15,WH_C,West,SKU0002,Electronics,179,2,36,31
2025-02-15,WH_C,West,SKU0003,Hardware,111,2,32,117
2025-02-15,WH_C,West,SKU0004,Hardware,180,1,38,112
2025-02-15,WH_C,West,SKU0005,Sports,194,1,18,70
2025-02-15,WH_C,West,SKU0006,Sports,99,3,45,118
2025-02-15,WH_C,West,SKU0007,Office,192,1,46,91
2025-02-15,WH_C,West,SKU0008,Electronics,237,4,20,88
2025-02-15,WH_C,West,SKU0009,Hardware,136,2,28,39
2025-02-15,WH_C,West,SKU0010,Electronics,68,2,34,57
2025-02-15,WH_C,West,SKU0011,Hardware,123,2,35,56
2025-02-15,WH_C,West,SKU0012,Housewares,117,4,30,94
2025-02-15,WH_C,West,SKU0013,Electronics,273,5,19,38
2025-02-15,WH_C,West,SKU0014,Electronics,293,2,36,93
2025-02-15,WH_C,West,SKU0015,Housewares,116,0,17,105
2025-02-15,WH_C,West,SKU0016,Housewares,43,3,44,50
2025-02-15,WH_C,West,SKU0017,Hardware,34,7,32,95
2025-02-15,WH_C,West,SKU0018,Housewares,33,4,27,78
2025-02-15,WH_C,West,SKU0019,Sports,170,0,38,87
2025-02-15,WH_C,West,SKU0020,Electronics,252,3,37,83
2025-02-15,WH_C,West,SKU0021,Sports,60,4,31,55
2025-02-15,WH_C,West,SKU0022,Sports,78,3,21,82
2025-02-15,WH_C,West,SKU0023,Hardware,201,6,39,88
2025-02-15,WH_C,West,SKU0024,Electronics,27,8,48,98
2025-02-15,WH_C,West,SKU0025,Office,106,2,35,32
2025-02-15,WH_C,West,SKU0026,Hardware,175,0,32,59
2025-02-15,WH_C,West,SKU0027,Electronics,245,8,32,64
2025-02-15,WH_C,West,SKU0028,Electronics,44,2,18,38
2025-02-15,WH_C,West,SKU0029,Sports,22,4,34,48
2025-02-15,WH_C,West,SKU0030,Housewares,165,3,45,63
2025-02-15,WH_C,West,SKU0031,Sports,200,3,27,74
2025-02-15,WH_C,West,SKU0032,Sports,95,3,24,44
2025-02-15,WH_C,West,SKU0033,Housewares,32,2,21,97
2025-02-15,WH_C,West,SKU0034,Office,46,0,47,99
2025-02-15,WH_C,West,SKU0035,Hardware,253,1,41,108
2025-02-15,WH_C,West,SKU0036,Housewares,179,2,22,57
2025-02-15,WH_C,West,SKU0037,Sports,70,1,30,77
2025-02-15,WH_C,West,SKU0038,Housewares,116,0,35,56
2025-02-15,WH_C,West,SKU0039,Office,164,1,34,94
2025-02-15,WH_C,West,SKU0040,Housewares,185,2,19,42
2025-02-15,WH_C,West,SKU0041,Sports,50,2,35,93
2025-02-15,WH_C,West,SKU0042,Electronics,68,6,27,68
2025-02-15,WH_C,West,SKU0043,Hardware,188,2,38,80
2025-02-15,WH_C,West,SKU0044,Hardware,77,0,20,82
2025-02-15,WH_C,West,SKU0045,Electronics,129,3,25,79
2025-02-15,WH_C,West,SKU0046,Hardware,93,0,34,72
2025-02-15,WH_C,West,SKU0047,Electronics,147,1,33,83
2025-02-15,WH_C,West,SKU0048,Hardware,99,0,15,52
2025-02-15,WH_C,West,SKU0049,Housewares,51,0,29,73
2025-02-15,WH_C,West,SKU0050,Hardware,96,1,39,109
2025-02-15,WH_C,West,SKU0051,Hardware,270,5,25,48
2025-02-15,WH_C,West,SKU0052,Hardware,264,5,30,102
2025-02-15,WH_C,West,SKU0053,Hardware,125,4,15,92
2025-02-15,WH_C,West,SKU0054,Office,33,1,43,61
2025-02-15,WH_C,West,SKU0055,Housewares,171,3,33,59
2025-02-15,WH_C,West,SKU0056,Housewares,92,4,39,79
2025-02-15,WH_C,West,SKU0057,Electronics,51,7,36,63
2025-02-15,WH_C,West,SKU0058,Sports,141,4,18,114
2025-02-15,WH_C,West,SKU0059,Electronics,41,1,41,36
2025-02-15,WH_C,West,SKU0060,Hardware,123,2,48,39
2025-02-15,WH_C,West,SKU0061,Office,41,3,43,103
2025-02-15,WH_C,West,SKU0062,Housewares,103,5,21,80
2025-02-15,WH_C,West,SKU0063,Housewares,59,4,36,47
2025-02-15,WH_C,West,SKU0064,Sports,51,2,31,110
2025-02-15,WH_C,West,SKU0065,Sports,52,3,26,30
2025-02-15,WH_C,West,SKU0066,Sports,71,1,25,67
2025-02-15,WH_C,West,SKU0067,Hardware,256,0,21,92
2025-02-15,WH_C,West,SKU0068,Electronics,165,0,40,38
2025-02-15,WH_C,West,SKU0069,Hardware,161,1,47,35
2025-02-15,WH_C,West,SKU0070,Hardware,251,6,36,85
2025-02-15,WH_C,West,SKU0071,Hardware,124,8,20,97
2025-02-15,WH_C,West,SKU0072,Office,91,0,32,45
2025-02-15,WH_C,West,SKU0073,Office,60,3,28,116
2025-02-15,WH_C,West,SKU0074,Hardware,87,1,42,80
2025-02-15,WH_C,West,SKU0075,Sports,118,0,15,47
2025-02-15,WH_C,West,SKU0076,Hardware,201,2,36,106
2025-02-15,WH_C,West,SKU0077,Office,33,5,36,85
2025-02-15,WH_C,West,SKU0078,Housewares,188,1,35,100
2025-02-15,WH_C,West,SKU0079,Hardware,74,4,43,112
2025-02-15,WH_C,West,SKU0080,Hardware,260,3,21,115
2025-02-15,WH_C,West,SKU0081,Housewares,116,4,45,100
2025-02-15,WH_C,West,SKU0082,Hardware,85,2,18,120
2025-02-15,WH_C,West,SKU0083,Housewares,86,4,26,68
2025-02-15,WH_C,West,SKU0084,Office,173,4,26,51
2025-02-15,WH_C,West,SKU0085,Hardware,29,2,22,112
2025-02-15,WH_C,West,SKU0086,Hardware,264,6,21,113
2025-02-15,WH_C,West,SKU0087,Office,98,3,25,103
2025-02-15,WH_C,West,SKU0088,Housewares,164,3,32,94
2025-02-15,WH_C,West,SKU0089,Electronics,57,2,33,44
2025-02-15,WH_C,West,SKU0090,Electronics,123,7,15,40
2025-02-15,WH_C,West,SKU0091,Electronics,119,5,47,76
2025-02-15,WH_C,West,SKU0092,Housewares,182,4,40,103
2025-02-15,WH_C,West,SKU0093,Sports,169,5,27,104
2025-02-15,WH_C,West,SKU0094,Hardware,73,2,33,51
2025-02-15,WH_C,West,SKU0095,Electronics,177,0,35,49
2025-02-15,WH_C,West,SKU0096,Hardware,21,3,22,50
2025-02-15,WH_C,West,SKU0097,Office,38,1,21,87
2025-02-15,WH_C,West,SKU0098,Housewares,96,0,17,49
2025-02-15,WH_C,West,SKU0099,Office,47,5,47,112
2025-02-15,WH_C,West,SKU0100,Office,103,3,34,85
2025-02-16,WH_A,East,SKU0001,Housewares,193,1,47,95
2025-02-16,WH_A,East,SKU0002,Electronics,205,5,40,81
2025-02-16,WH_A,East,SKU0003,Hardware,168,0,34,99
2025-02-16,WH_A,East,SKU0004,Hardware,47,6,49,48
2025-02-16,WH_A,East,SKU0005,Sports,142,4,26,106
2025-02-16,WH_A,East,SKU0006,Sports,39,4,30,114
2025-02-16,WH_A,East,SKU0007,Office,103,0,44,115
2025-02-16,WH_A,East,SKU0008,Electronics,151,5,21,83
2025-02-16,WH_A,East,SKU0009,Hardware,136,1,32,118
2025-02-16,WH_A,East,SKU0010,Electronics,273,2,22,70
2025-02-16,WH_A,East,SKU0011,Hardware,94,6,24,44
2025-02-16,WH_A,East,SKU0012,Housewares,159,1,16,42
2025-02-16,WH_A,East,SKU0013,Electronics,71,1,27,37
2025-02-16,WH_A,East,SKU0014,Electronics,211,0,35,47
2025-02-16,WH_A,East,SKU0015,Housewares,76,3,21,75
2025-02-16,WH_A,East,SKU0016,Housewares,132,4,49,51
2025-02-16,WH_A,East,SKU0017,Hardware,117,3,33,53
2025-02-16,WH_A,East,SKU0018,Housewares,158,4,31,31
2025-02-16,WH_A,East,SKU0019,Sports,40,0,24,62
2025-02-16,WH_A,East,SKU0020,Electronics,181,4,26,80
2025-02-16,WH_A,East,SKU0021,Sports,140,5,20,110
2025-02-16,WH_A,East,SKU0022,Sports,74,1,25,31
2025-02-16,WH_A,East,SKU0023,Hardware,68,4,35,61
2025-02-16,WH_A,East,SKU0024,Electronics,101,1,25,60
2025-02-16,WH_A,East,SKU0025,Office,159,0,42,86
2025-02-16,WH_A,East,SKU0026,Hardware,35,0,43,90
2025-02-16,WH_A,East,SKU0027,Electronics,171,1,16,69
2025-02-16,WH_A,East,SKU0028,Electronics,64,0,27,113
2025-02-16,WH_A,East,SKU0029,Sports,177,0,49,93
2025-02-16,WH_A,East,SKU0030,Housewares,202,0,42,120
2025-02-16,WH_A,East,SKU0031,Sports,116,3,45,68
2025-02-16,WH_A,East,SKU0032,Sports,25,3,49,119
2025-02-16,WH_A,East,SKU0033,Housewares,139,6,46,47
2025-02-16,WH_A,East,SKU0034,Office,27,0,17,87
2025-02-16,WH_A,East,SKU0035,Hardware,247,3,36,52
2025-02-16,WH_A,East,SKU0036,Housewares,92,4,18,32
2025-02-16,WH_A,East,SKU0037,Sports,86,1,28,119
2025-02-16,WH_A,East,SKU0038,Housewares,24,2,38,39
2025-02-16,WH_A,East,SKU0039,Office,42,4,46,48
2025-02-16,WH_A,East,SKU0040,Housewares,110,4,44,47
2025-02-16,WH_A,East,SKU0041,Sports,107,0,32,53
2025-02-16,WH_A,East,SKU0042,Electronics,184,2,37,67
2025-02-16,WH_A,East,SKU0043,Hardware,49,2,42,115
2025-02-16,WH_A,East,SKU0044,Hardware,197,5,28,105
2025-02-16,WH_A,East,SKU0045,Electronics,90,0,46,85
2025-02-16,WH_A,East,SKU0046,Hardware,115,1,50,70
2025-02-16,WH_A,East,SKU0047,Electronics,284,4,26,58
2025-02-16,WH_A,East,SKU0048,Hardware,236,2,21,100
2025-02-16,WH_A,East,SKU0049,Housewares,58,1,47,103
2025-02-16,WH_A,East,SKU0050,Hardware,87,2,39,112
2025-02-16,WH_A,East,SKU0051,Hardware,94,1,25,88
2025-02-16,WH_A,East,SKU0052,Hardware,212,2,42,96
2025-02-16,WH_A,East,SKU0053,Hardware,30,0,45,35
2025-02-16,WH_A,East,SKU0054,Office,98,6,26,113
2025-02-16,WH_A,East,SKU0055,Housewares,88,1,37,88
2025-02-16,WH_A,East,SKU0056,Housewares,185,6,29,40
2025-02-16,WH_A,East,SKU0057,Electronics,202,4,38,104
2025-02-16,WH_A,East,SKU0058,Sports,65,6,19,40
2025-02-16,WH_A,East,SKU0059,Electronics,176,7,26,116
2025-02-16,WH_A,East,SKU0060,Hardware,73,2,27,70
2025-02-16,WH_A,East,SKU0061,Office,75,3,34,120
2025-02-16,WH_A,East,SKU0062,Housewares,137,2,18,74
2025-02-16,WH_A,East,SKU0063,Housewares,4,1,45,113
2025-02-16,WH_A,East,SKU0064,Sports,8,4,46,91
2025-02-16,WH_A,East,SKU0065,Sports,124,4,15,101
2025-02-16,WH_A,East,SKU0066,Sports,164,1,34,102
2025-02-16,WH_A,East,SKU0067,Hardware,130,4,40,55
2025-02-16,WH_A,East,SKU0068,Electronics,145,3,44,78
2025-02-16,WH_A,East,SKU0069,Hardware,207,6,41,120
2025-02-16,WH_A,East,SKU0070,Hardware,184,4,23,39
2025-02-16,WH_A,East,SKU0071,Hardware,94,3,49,31
2025-02-16,WH_A,East,SKU0072,Office,101,2,37,39
2025-02-16,WH_A,East,SKU0073,Office,160,0,31,100
2025-02-16,WH_A,East,SKU0074,Hardware,126,5,37,65
2025-02-16,WH_A,East,SKU0075,Sports,57,2,25,77
2025-02-16,WH_A,East,SKU0076,Hardware,254,2,36,73
2025-02-16,WH_A,East,SKU0077,Office,43,2,27,54
2025-02-16,WH_A,East,SKU0078,Housewares,14,4,35,108
2025-02-16,WH_A,East,SKU0079,Hardware,45,2,37,67
2025-02-16,WH_A,East,SKU0080,Hardware,66,6,41,56
2025-02-16,WH_A,East,SKU0081,Housewares,174,4,37,44
2025-02-16,WH_A,East,SKU0082,Hardware,288,1,21,33
2025-02-16,WH_A,East,SKU0083,Housewares,177,6,41,93
2025-02-16,WH_A,East,SKU0084,Office,91,3,36,43
2025-02-16,WH_A,East,SKU0085,Hardware,272,4,29,84
2025-02-16,WH_A,East,SKU0086,Hardware,116,3,40,75
2025-02-16,WH_A,East,SKU0087,Office,179,1,15,72
2025-02-16,WH_A,East,SKU0088,Housewares,28,2,31,38
2025-02-16,WH_A,East,SKU0089,Electronics,190,1,30,93
2025-02-16,WH_A,East,SKU0090,Electronics,81,3,24,60
2025-02-16,WH_A,East,SKU0091,Electronics,107,1,23,83
2025-02-16,WH_A,East,SKU0092,Housewares,206,4,46,94
2025-02-16,WH_A,East,SKU0093,Sports,147,5,17,120
2025-02-16,WH_A,East,SKU0094,Hardware,103,2,26,57
2025-02-16,WH_A,East,SKU0095,Electronics,255,6,49,44
2025-02-16,WH_A,East,SKU0096,Hardware,104,3,48,40
2025-02-16,WH_A,East,SKU0097,Office,137,4,19,97
2025-02-16,WH_A,East,SKU0098,Housewares,179,5,29,75
2025-02-16,WH_A,East,SKU0099,Office,108,3,43,117
2025-02-16,WH_A,East,SKU0100,Office,97,0,23,45
2025-02-16,WH_B,Central,SKU0001,Housewares,45,3,25,86
2025-02-16,WH_B,Central,SKU0002,Electronics,134,0,42,61
2025-02-16,WH_B,Central,SKU0003,Hardware,212,0,28,39
2025-02-16,WH_B,Central,SKU0004,Hardware,61,4,34,107
2025-02-16,WH_B,Central,SKU0005,Sports,77,2,30,43
2025-02-16,WH_B,Central,SKU0006,Sports,11,4,49,94
2025-02-16,WH_B,Central,SKU0007,Office,135,1,25,60
2025-02-16,WH_B,Central,SKU0008,Electronics,51,6,42,72
2025-02-16,WH_B,Central,SKU0009,Hardware,238,2,31,116
2025-02-16,WH_B,Central,SKU0010,Electronics,46,1,16,60
2025-02-16,WH_B,Central,SKU0011,Hardware,205,4,21,95
2025-02-16,WH_B,Central,SKU0012,Housewares,19,2,30,120
2025-02-16,WH_B,Central,SKU0013,Electronics,170,2,34,100
2025-02-16,WH_B,Central,SKU0014,Electronics,175,6,20,116
2025-02-16,WH_B,Central,SKU0015,Housewares,46,5,17,46
2025-02-16,WH_B,Central,SKU0016,Housewares,41,0,47,49
2025-02-16,WH_B,Central,SKU0017,Hardware,133,7,19,120
2025-02-16,WH_B,Central,SKU0018,Housewares,79,6,16,99
2025-02-16,WH_B,Central,SKU0019,Sports,42,0,43,35
2025-02-16,WH_B,Central,SKU0020,Electronics,82,5,48,63
2025-02-16,WH_B,Central,SKU0021,Sports,127,5,19,84
2025-02-16,WH_B,Central,SKU0022,Sports,165,0,50,90
2025-02-16,WH_B,Central,SKU0023,Hardware,220,3,43,112
2025-02-16,WH_B,Central,SKU0024,Electronics,266,4,27,53
2025-02-16,WH_B,Central,SKU0025,Office,24,3,33,102
2025-02-16,WH_B,Central,SKU0026,Hardware,251,0,45,31
2025-02-16,WH_B,Central,SKU0027,Electronics,101,2,23,32
2025-02-16,WH_B,Central,SKU0028,Electronics,120,3,27,112
2025-02-16,WH_B,Central,SKU0029,Sports,87,3,46,62
2025-02-16,WH_B,Central,SKU0030,Housewares,79,5,28,69
2025-02-16,WH_B,Central,SKU0031,Sports,86,0,23,43
2025-02-16,WH_B,Central,SKU0032,Sports,33,2,41,76
2025-02-16,WH_B,Central,SKU0033,Housewares,65,3,17,32
2025-02-16,WH_B,Central,SKU0034,Office,95,2,40,30
2025-02-16,WH_B,Central,SKU0035,Hardware,38,4,15,110
2025-02-16,WH_B,Central,SKU0036,Housewares,93,2,22,55
2025-02-16,WH_B,Central,SKU0037,Sports,51,3,30,73
2025-02-16,WH_B,Central,SKU0038,Housewares,95,4,36,88
2025-02-16,WH_B,Central,SKU0039,Office,157,2,34,47
2025-02-16,WH_B,Central,SKU0040,Housewares,44,6,45,48
2025-02-16,WH_B,Central,SKU0041,Sports,177,3,23,116
2025-02-16,WH_B,Central,SKU0042,Electronics,113,0,37,84
2025-02-16,WH_B,Central,SKU0043,Hardware,283,3,44,46
2025-02-16,WH_B,Central,SKU0044,Hardware,265,1,20,92
2025-02-16,WH_B,Central,SKU0045,Electronics,166,4,19,120
2025-02-16,WH_B,Central,SKU0046,Hardware,215,1,50,104
2025-02-16,WH_B,Central,SKU0047,Electronics,221,3,46,100
2025-02-16,WH_B,Central,SKU0048,Hardware,190,4,46,84
2025-02-16,WH_B,Central,SKU0049,Housewares,136,0,43,77
2025-02-16,WH_B,Central,SKU0050,Hardware,53,2,28,94
2025-02-16,WH_B,Central,SKU0051,Hardware,206,3,44,114
2025-02-16,WH_B,Central,SKU0052,Hardware,61,0,23,57
2025-02-16,WH_B,Central,SKU0053,Hardware,246,1,49,40
2025-02-16,WH_B,Central,SKU0054,Office,143,1,29,108
2025-02-16,WH_B,Central,SKU0055,Housewares,130,5,25,35
2025-02-16,WH_B,Central,SKU0056,Housewares,85,0,47,90
2025-02-16,WH_B,Central,SKU0057,Electronics,109,3,17,65
2025-02-16,WH_B,Central,SKU0058,Sports,107,2,22,105
2025-02-16,WH_B,Central,SKU0059,Electronics,127,4,35,73
2025-02-16,WH_B,Central,SKU0060,Hardware,213,0,41,95
2025-02-16,WH_B,Central,SKU0061,Office,69,5,44,58
2025-02-16,WH_B,Central,SKU0062,Housewares,96,0,22,98
2025-02-16,WH_B,Central,SKU0063,Housewares,171,1,16,93
2025-02-16,WH_B,Central,SKU0064,Sports,166,0,40,69
2025-02-16,WH_B,Central,SKU0065,Sports,180,3,17,61
2025-02-16,WH_B,Central,SKU0066,Sports,190,4,21,74
2025-02-16,WH_B,Central,SKU0067,Hardware,208,2,35,95
2025-02-16,WH_B,Central,SKU0068,Electronics,141,3,27,102
2025-02-16,WH_B,Central,SKU0069,Hardware,74,3,49,111
2025-02-16,WH_B,Central,SKU0070,Hardware,156,2,30,114
2025-02-16,WH_B,Central,SKU0071,Hardware,158,2,23,34
2025-02-16,WH_B,Central,SKU0072,Office,113,2,32,69
2025-02-16,WH_B,Central,SKU0073,Office,185,4,27,60
2025-02-16,WH_B,Central,SKU0074,Hardware,222,6,26,87
2025-02-16,WH_B,Central,SKU0075,Sports,12,7,35,62
2025-02-16,WH_B,Central,SKU0076,Hardware,34,2,41,59
2025-02-16,WH_B,Central,SKU0077,Office,151,3,35,83
2025-02-16,WH_B,Central,SKU0078,Housewares,135,2,15,47
2025-02-16,WH_B,Central,SKU0079,Hardware,59,4,44,111
2025-02-16,WH_B,Central,SKU0080,Hardware,45,4,37,55
2025-02-16,WH_B,Central,SKU0081,Housewares,142,1,50,114
2025-02-16,WH_B,Central,SKU0082,Hardware,135,2,26,37
2025-02-16,WH_B,Central,SKU0083,Housewares,192,2,37,75
2025-02-16,WH_B,Central,SKU0084,Office,169,1,37,73
2025-02-16,WH_B,Central,SKU0085,Hardware,113,2,35,64
2025-02-16,WH_B,Central,SKU0086,Hardware,115,4,17,87
2025-02-16,WH_B,Central,SKU0087,Office,149,0,41,88
2025-02-16,WH_B,Central,SKU0088,Housewares,161,0,47,97
2025-02-16,WH_B,Central,SKU0089,Electronics,228,1,25,112
2025-02-16,WH_B,Central,SKU0090,Electronics,76,1,21,34
2025-02-16,WH_B,Central,SKU0091,Electronics,28,4,44,47
2025-02-16,WH_B,Central,SKU0092,Housewares,197,5,15,65
2025-02-16,WH_B,Central,SKU0093,Sports,24,7,34,93
2025-02-16,WH_B,Central,SKU0094,Hardware,54,4,22,52
2025-02-16,WH_B,Central,SKU0095,Electronics,119,1,40,43
2025-02-16,WH_B,Central,SKU0096,Hardware,279,2,43,76
2025-02-16,WH_B,Central,SKU0097,Office,192,1,46,98
2025-02-16,WH_B,Central,SKU0098,Housewares,198,3,15,65
2025-02-16,WH_B,Central,SKU0099,Office,32,4,16,118
2025-02-16,WH_B,Central,SKU0100,Office,81,3,50,84
2025-02-16,WH_C,West,SKU0001,Housewares,141,4,45,40
2025-02-16,WH_C,West,SKU0002,Electronics,220,1,41,62
2025-02-16,WH_C,West,SKU0003,Hardware,142,5,24,85
2025-02-16,WH_C,West,SKU0004,Hardware,64,2,33,68
2025-02-16,WH_C,West,SKU0005,Sports,159,6,18,119
2025-02-16,WH_C,West,SKU0006,Sports,73,0,50,83
2025-02-16,WH_C,West,SKU0007,Office,138,0,20,44
2025-02-16,WH_C,West,SKU0008,Electronics,33,5,22,94
2025-02-16,WH_C,West,SKU0009,Hardware,178,3,44,31
2025-02-16,WH_C,West,SKU0010,Electronics,104,6,30,50
2025-02-16,WH_C,West,SKU0011,Hardware,138,6,44,36
2025-02-16,WH_C,West,SKU0012,Housewares,191,4,33,114
2025-02-16,WH_C,West,SKU0013,Electronics,135,2,29,33
2025-02-16,WH_C,West,SKU0014,Electronics,185,3,30,47
2025-02-16,WH_C,West,SKU0015,Housewares,93,1,39,114
2025-02-16,WH_C,West,SKU0016,Housewares,142,4,48,102
2025-02-16,WH_C,West,SKU0017,Hardware,254,2,45,114
2025-02-16,WH_C,West,SKU0018,Housewares,83,2,18,57
2025-02-16,WH_C,West,SKU0019,Sports,186,4,18,63
2025-02-16,WH_C,West,SKU0020,Electronics,108,1,47,42
2025-02-16,WH_C,West,SKU0021,Sports,145,3,43,109
2025-02-16,WH_C,West,SKU0022,Sports,157,0,47,105
2025-02-16,WH_C,West,SKU0023,Hardware,235,1,24,63
2025-02-16,WH_C,West,SKU0024,Electronics,176,1,25,66
2025-02-16,WH_C,West,SKU0025,Office,140,2,16,66
2025-02-16,WH_C,West,SKU0026,Hardware,234,4,22,43
2025-02-16,WH_C,West,SKU0027,Electronics,285,3,27,37
2025-02-16,WH_C,West,SKU0028,Electronics,68,3,47,84
2025-02-16,WH_C,West,SKU0029,Sports,107,2,30,47
2025-02-16,WH_C,West,SKU0030,Housewares,69,0,20,63
2025-02-16,WH_C,West,SKU0031,Sports,127,3,39,77
2025-02-16,WH_C,West,SKU0032,Sports,49,5,47,45
2025-02-16,WH_C,West,SKU0033,Housewares,45,2,44,77
2025-02-16,WH_C,West,SKU0034,Office,169,4,20,90
2025-02-16,WH_C,West,SKU0035,Hardware,40,0,16,61
2025-02-16,WH_C,West,SKU0036,Housewares,76,5,30,88
2025-02-16,WH_C,West,SKU0037,Sports,81,1,27,49
2025-02-16,WH_C,West,SKU0038,Housewares,116,1,39,117
2025-02-16,WH_C,West,SKU0039,Office,122,0,33,33
2025-02-16,WH_C,West,SKU0040,Housewares,195,3,36,56
2025-02-16,WH_C,West,SKU0041,Sports,114,3,23,70
2025-02-16,WH_C,West,SKU0042,Electronics,44,0,24,56
2025-02-16,WH_C,West,SKU0043,Hardware,93,5,19,73
2025-02-16,WH_C,West,SKU0044,Hardware,128,1,21,111
2025-02-16,WH_C,West,SKU0045,Electronics,49,2,22,105
2025-02-16,WH_C,West,SKU0046,Hardware,49,3,23,33
2025-02-16,WH_C,West,SKU0047,Electronics,169,2,15,92
2025-02-16,WH_C,West,SKU0048,Hardware,72,3,30,81
2025-02-16,WH_C,West,SKU0049,Housewares,186,1,28,36
2025-02-16,WH_C,West,SKU0050,Hardware,38,0,38,46
2025-02-16,WH_C,West,SKU0051,Hardware,90,3,19,116
2025-02-16,WH_C,West,SKU0052,Hardware,114,2,31,50
2025-02-16,WH_C,West,SKU0053,Hardware,247,3,42,86
2025-02-16,WH_C,West,SKU0054,Office,193,2,30,76
2025-02-16,WH_C,West,SKU0055,Housewares,76,4,50,63
2025-02-16,WH_C,West,SKU0056,Housewares,188,6,23,70
2025-02-16,WH_C,West,SKU0057,Electronics,171,5,22,45
2025-02-16,WH_C,West,SKU0058,Sports,121,1,21,117
2025-02-16,WH_C,West,SKU0059,Electronics,136,0,34,64
2025-02-16,WH_C,West,SKU0060,Hardware,86,0,41,119
2025-02-16,WH_C,West,SKU0061,Office,54,1,49,65
2025-02-16,WH_C,West,SKU0062,Housewares,112,3,35,56
2025-02-16,WH_C,West,SKU0063,Housewares,134,1,35,98
2025-02-16,WH_C,West,SKU0064,Sports,62,3,40,97
2025-02-16,WH_C,West,SKU0065,Sports,37,1,38,37
2025-02-16,WH_C,West,SKU0066,Sports,150,1,21,64
2025-02-16,WH_C,West,SKU0067,Hardware,258,3,34,34
2025-02-16,WH_C,West,SKU0068,Electronics,84,2,27,47
2025-02-16,WH_C,West,SKU0069,Hardware,91,2,37,101
2025-02-16,WH_C,West,SKU0070,Hardware,148,1,29,74
2025-02-16,WH_C,West,SKU0071,Hardware,217,3,18,118
2025-02-16,WH_C,West,SKU0072,Office,70,3,36,112
2025-02-16,WH_C,West,SKU0073,Office,62,2,47,96
2025-02-16,WH_C,West,SKU0074,Hardware,42,3,36,33
2025-02-16,WH_C,West,SKU0075,Sports,130,2,35,35
2025-02-16,WH_C,West,SKU0076,Hardware,190,4,47,41
2025-02-16,WH_C,West,SKU0077,Office,176,1,43,57
2025-02-16,WH_C,West,SKU0078,Housewares,110,0,31,67
2025-02-16,WH_C,West,SKU0079,Hardware,83,4,37,53
2025-02-16,WH_C,West,SKU0080,Hardware,138,5,45,93
2025-02-16,WH_C,West,SKU0081,Housewares,132,4,45,62
2025-02-16,WH_C,West,SKU0082,Hardware,144,0,32,102
2025-02-16,WH_C,West,SKU0083,Housewares,117,2,31,105
2025-02-16,WH_C,West,SKU0084,Office,90,0,17,69
2025-02-16,WH_C,West,SKU0085,Hardware,198,2,33,36
2025-02-16,WH_C,West,SKU0086,Hardware,53,2,42,31
2025-02-16,WH_C,West,SKU0087,Office,122,0,49,95
2025-02-16,WH_C,West,SKU0088,Housewares,50,4,39,68
2025-02-16,WH_C,West,SKU0089,Electronics,225,0,42,46
2025-02-16,WH_C,West,SKU0090,Electronics,268,1,44,76
2025-02-16,WH_C,West,SKU0091,Electronics,149,0,28,93
2025-02-16,WH_C,West,SKU0092,Housewares,144,5,29,101
2025-02-16,WH_C,West,SKU0093,Sports,131,0,33,113
2025-02-16,WH_C,West,SKU0094,Hardware,171,4,16,104
2025-02-16,WH_C,West,SKU0095,Electronics,57,1,23,45
2025-02-16,WH_C,West,SKU0096,Hardware,24,1,31,33
2025-02-16,WH_C,West,SKU0097,Office,141,5,25,76
2025-02-16,WH_C,West,SKU0098,Housewares,95,0,37,55
2025-02-16,WH_C,West,SKU0099,Office,166,5,42,35
2025-02-16,WH_C,West,SKU0100,Office,35,2,42,37
2025-02-17,WH_A,East,SKU0001,Housewares,148,5,29,48
2025-02-17,WH_A,East,SKU0002,Electronics,234,0,31,89
2025-02-17,WH_A,East,SKU0003,Hardware,48,6,43,102
2025-02-17,WH_A,East,SKU0004,Hardware,75,2,40,47
2025-02-17,WH_A,East,SKU0005,Sports,121,3,21,120
2025-02-17,WH_A,East,SKU0006,Sports,138,2,33,55
2025-02-17,WH_A,East,SKU0007,Office,35,3,40,37
2025-02-17,WH_A,East,SKU0008,Electronics,104,2,23,77
2025-02-17,WH_A,East,SKU0009,Hardware,38,1,29,117
2025-02-17,WH_A,East,SKU0010,Electronics,281,4,34,61
2025-02-17,WH_A,East,SKU0011,Hardware,265,2,47,97
2025-02-17,WH_A,East,SKU0012,Housewares,77,4,32,49
2025-02-17,WH_A,East,SKU0013,Electronics,192,3,50,103
2025-02-17,WH_A,East,SKU0014,Electronics,158,2,24,117
2025-02-17,WH_A,East,SKU0015,Housewares,70,1,42,41
2025-02-17,WH_A,East,SKU0016,Housewares,158,1,31,102
2025-02-17,WH_A,East,SKU0017,Hardware,172,0,31,73
2025-02-17,WH_A,East,SKU0018,Housewares,85,1,37,109
2025-02-17,WH_A,East,SKU0019,Sports,126,4,44,94
2025-02-17,WH_A,East,SKU0020,Electronics,63,5,26,87
2025-02-17,WH_A,East,SKU0021,Sports,67,5,21,93
2025-02-17,WH_A,East,SKU0022,Sports,115,5,24,86
2025-02-17,WH_A,East,SKU0023,Hardware,66,4,48,59
2025-02-17,WH_A,East,SKU0024,Electronics,74,0,24,117
2025-02-17,WH_A,East,SKU0025,Office,84,1,16,50
2025-02-17,WH_A,East,SKU0026,Hardware,96,6,28,80
2025-02-17,WH_A,East,SKU0027,Electronics,277,3,23,90
2025-02-17,WH_A,East,SKU0028,Electronics,174,0,21,89
2025-02-17,WH_A,East,SKU0029,Sports,131,4,32,120
2025-02-17,WH_A,East,SKU0030,Housewares,4,4,32,35
2025-02-17,WH_A,East,SKU0031,Sports,76,0,39,73
2025-02-17,WH_A,East,SKU0032,Sports,202,0,38,42
2025-02-17,WH_A,East,SKU0033,Housewares,32,4,25,100
2025-02-17,WH_A,East,SKU0034,Office,112,2,29,94
2025-02-17,WH_A,East,SKU0035,Hardware,53,3,22,32
2025-02-17,WH_A,East,SKU0036,Housewares,106,3,15,47
2025-02-17,WH_A,East,SKU0037,Sports,47,3,49,107
2025-02-17,WH_A,East,SKU0038,Housewares,64,6,17,91
2025-02-17,WH_A,East,SKU0039,Office,182,2,33,116
2025-02-17,WH_A,East,SKU0040,Housewares,184,4,36,105
2025-02-17,WH_A,East,SKU0041,Sports,100,3,25,97
2025-02-17,WH_A,East,SKU0042,Electronics,50,2,43,83
2025-02-17,WH_A,East,SKU0043,Hardware,213,1,45,64
2025-02-17,WH_A,East,SKU0044,Hardware,94,1,28,109
2025-02-17,WH_A,East,SKU0045,Electronics,93,4,35,119
2025-02-17,WH_A,East,SKU0046,Hardware,111,3,28,59
2025-02-17,WH_A,East,SKU0047,Electronics,259,1,44,54
2025-02-17,WH_A,East,SKU0048,Hardware,77,1,43,96
2025-02-17,WH_A,East,SKU0049,Housewares,80,0,41,104
2025-02-17,WH_A,East,SKU0050,Hardware,90,2,20,74
2025-02-17,WH_A,East,SKU0051,Hardware,81,3,17,31
2025-02-17,WH_A,East,SKU0052,Hardware,86,4,39,30
2025-02-17,WH_A,East,SKU0053,Hardware,208,2,43,51
2025-02-17,WH_A,East,SKU0054,Office,47,2,31,54
2025-02-17,WH_A,East,SKU0055,Housewares,162,2,31,119
2025-02-17,WH_A,East,SKU0056,Housewares,157,0,39,102
2025-02-17,WH_A,East,SKU0057,Electronics,257,0,39,73
2025-02-17,WH_A,East,SKU0058,Sports,82,6,46,38
2025-02-17,WH_A,East,SKU0059,Electronics,154,4,37,90
2025-02-17,WH_A,East,SKU0060,Hardware,121,6,22,33
2025-02-17,WH_A,East,SKU0061,Office,104,2,26,30
2025-02-17,WH_A,East,SKU0062,Housewares,159,3,50,54
2025-02-17,WH_A,East,SKU0063,Housewares,61,3,50,88
2025-02-17,WH_A,East,SKU0064,Sports,67,0,16,115
2025-02-17,WH_A,East,SKU0065,Sports,177,1,38,36
2025-02-17,WH_A,East,SKU0066,Sports,147,1,28,59
2025-02-17,WH_A,East,SKU0067,Hardware,181,4,43,59
2025-02-17,WH_A,East,SKU0068,Electronics,58,3,23,108
2025-02-17,WH_A,East,SKU0069,Hardware,202,4,27,65
2025-02-17,WH_A,East,SKU0070,Hardware,54,4,34,96
2025-02-17,WH_A,East,SKU0071,Hardware,140,0,18,50
2025-02-17,WH_A,East,SKU0072,Office,202,3,44,115
2025-02-17,WH_A,East,SKU0073,Office,108,0,16,97
2025-02-17,WH_A,East,SKU0074,Hardware,60,3,41,99
2025-02-17,WH_A,East,SKU0075,Sports,40,2,15,107
2025-02-17,WH_A,East,SKU0076,Hardware,45,2,45,49
2025-02-17,WH_A,East,SKU0077,Office,85,4,16,101
2025-02-17,WH_A,East,SKU0078,Housewares,177,3,45,40
2025-02-17,WH_A,East,SKU0079,Hardware,87,0,22,96
2025-02-17,WH_A,East,SKU0080,Hardware,244,1,32,74
2025-02-17,WH_A,East,SKU0081,Housewares,50,3,30,106
2025-02-17,WH_A,East,SKU0082,Hardware,256,2,35,102
2025-02-17,WH_A,East,SKU0083,Housewares,117,1,17,46
2025-02-17,WH_A,East,SKU0084,Office,91,3,28,39
2025-02-17,WH_A,East,SKU0085,Hardware,134,0,48,89
2025-02-17,WH_A,East,SKU0086,Hardware,143,3,22,88
2025-02-17,WH_A,East,SKU0087,Office,105,1,43,109
2025-02-17,WH_A,East,SKU0088,Housewares,21,2,27,51
2025-02-17,WH_A,East,SKU0089,Electronics,105,2,15,100
2025-02-17,WH_A,East,SKU0090,Electronics,216,2,49,37
2025-02-17,WH_A,East,SKU0091,Electronics,178,4,15,107
2025-02-17,WH_A,East,SKU0092,Housewares,99,7,19,89
2025-02-17,WH_A,East,SKU0093,Sports,112,2,15,51
2025-02-17,WH_A,East,SKU0094,Hardware,118,4,22,58
2025-02-17,WH_A,East,SKU0095,Electronics,28,4,18,86
2025-02-17,WH_A,East,SKU0096,Hardware,203,3,49,84
2025-02-17,WH_A,East,SKU0097,Office,135,4,37,96
2025-02-17,WH_A,East,SKU0098,Housewares,186,3,46,71
2025-02-17,WH_A,East,SKU0099,Office,105,3,49,73
2025-02-17,WH_A,East,SKU0100,Office,17,2,36,103
2025-02-17,WH_B,Central,SKU0001,Housewares,45,0,34,72
2025-02-17,WH_B,Central,SKU0002,Electronics,33,2,33,109
2025-02-17,WH_B,Central,SKU0003,Hardware,180,0,26,61
2025-02-17,WH_B,Central,SKU0004,Hardware,177,2,41,109
2025-02-17,WH_B,Central,SKU0005,Sports,91,0,40,46
2025-02-17,WH_B,Central,SKU0006,Sports,154,7,26,94
2025-02-17,WH_B,Central,SKU0007,Office,121,5,36,43
2025-02-17,WH_B,Central,SKU0008,Electronics,220,6,22,66
2025-02-17,WH_B,Central,SKU0009,Hardware,277,3,23,35
2025-02-17,WH_B,Central,SKU0010,Electronics,112,1,29,113
2025-02-17,WH_B,Central,SKU0011,Hardware,225,3,32,114
2025-02-17,WH_B,Central,SKU0012,Housewares,89,1,17,117
2025-02-17,WH_B,Central,SKU0013,Electronics,279,0,31,81
2025-02-17,WH_B,Central,SKU0014,Electronics,81,5,21,92
2025-02-17,WH_B,Central,SKU0015,Housewares,121,3,31,114
2025-02-17,WH_B,Central,SKU0016,Housewares,48,1,33,107
2025-02-17,WH_B,Central,SKU0017,Hardware,119,1,33,43
2025-02-17,WH_B,Central,SKU0018,Housewares,140,1,39,87
2025-02-17,WH_B,Central,SKU0019,Sports,82,4,17,86
2025-02-17,WH_B,Central,SKU0020,Electronics,227,3,50,116
2025-02-17,WH_B,Central,SKU0021,Sports,188,0,41,102
2025-02-17,WH_B,Central,SKU0022,Sports,141,1,38,98
2025-02-17,WH_B,Central,SKU0023,Hardware,137,5,43,64
2025-02-17,WH_B,Central,SKU0024,Electronics,250,3,19,41
2025-02-17,WH_B,Central,SKU0025,Office,34,0,40,112
2025-02-17,WH_B,Central,SKU0026,Hardware,183,3,44,112
2025-02-17,WH_B,Central,SKU0027,Electronics,88,0,42,67
2025-02-17,WH_B,Central,SKU0028,Electronics,39,3,47,87
2025-02-17,WH_B,Central,SKU0029,Sports,182,2,30,113
2025-02-17,WH_B,Central,SKU0030,Housewares,168,4,43,98
2025-02-17,WH_B,Central,SKU0031,Sports,171,2,35,57
2025-02-17,WH_B,Central,SKU0032,Sports,136,0,45,36
2025-02-17,WH_B,Central,SKU0033,Housewares,36,2,25,65
2025-02-17,WH_B,Central,SKU0034,Office,183,2,28,44
2025-02-17,WH_B,Central,SKU0035,Hardware,184,4,32,75
2025-02-17,WH_B,Central,SKU0036,Housewares,184,5,48,48
2025-02-17,WH_B,Central,SKU0037,Sports,103,2,30,86
2025-02-17,WH_B,Central,SKU0038,Housewares,153,6,15,64
2025-02-17,WH_B,Central,SKU0039,Office,139,3,15,67
2025-02-17,WH_B,Central,SKU0040,Housewares,44,5,45,110
2025-02-17,WH_B,Central,SKU0041,Sports,166,3,27,79
2025-02-17,WH_B,Central,SKU0042,Electronics,156,3,19,95
2025-02-17,WH_B,Central,SKU0043,Hardware,173,1,38,80
2025-02-17,WH_B,Central,SKU0044,Hardware,221,3,26,85
2025-02-17,WH_B,Central,SKU0045,Electronics,265,3,23,36
2025-02-17,WH_B,Central,SKU0046,Hardware,124,5,25,90
2025-02-17,WH_B,Central,SKU0047,Electronics,83,0,36,93
2025-02-17,WH_B,Central,SKU0048,Hardware,62,0,24,76
2025-02-17,WH_B,Central,SKU0049,Housewares,102,2,45,53
2025-02-17,WH_B,Central,SKU0050,Hardware,60,4,24,61
2025-02-17,WH_B,Central,SKU0051,Hardware,24,2,16,100
2025-02-17,WH_B,Central,SKU0052,Hardware,153,2,44,114
2025-02-17,WH_B,Central,SKU0053,Hardware,216,3,37,105
2025-02-17,WH_B,Central,SKU0054,Office,45,0,38,59
2025-02-17,WH_B,Central,SKU0055,Housewares,70,1,34,53
2025-02-17,WH_B,Central,SKU0056,Housewares,110,0,39,78
2025-02-17,WH_B,Central,SKU0057,Electronics,34,3,15,104
2025-02-17,WH_B,Central,SKU0058,Sports,159,9,15,72
2025-02-17,WH_B,Central,SKU0059,Electronics,196,4,49,57
2025-02-17,WH_B,Central,SKU0060,Hardware,178,1,17,119
2025-02-17,WH_B,Central,SKU0061,Office,80,2,16,55
2025-02-17,WH_B,Central,SKU0062,Housewares,96,6,19,61
2025-02-17,WH_B,Central,SKU0063,Housewares,184,2,40,73
2025-02-17,WH_B,Central,SKU0064,Sports,197,5,27,46
2025-02-17,WH_B,Central,SKU0065,Sports,161,2,47,71
2025-02-17,WH_B,Central,SKU0066,Sports,137,2,49,64
2025-02-17,WH_B,Central,SKU0067,Hardware,238,4,43,86
2025-02-17,WH_B,Central,SKU0068,Electronics,44,2,46,35
2025-02-17,WH_B,Central,SKU0069,Hardware,181,1,17,33
2025-02-17,WH_B,Central,SKU0070,Hardware,194,2,32,78
2025-02-17,WH_B,Central,SKU0071,Hardware,63,0,32,60
2025-02-17,WH_B,Central,SKU0072,Office,78,3,43,34
2025-02-17,WH_B,Central,SKU0073,Office,44,2,32,105
2025-02-17,WH_B,Central,SKU0074,Hardware,43,2,46,69
2025-02-17,WH_B,Central,SKU0075,Sports,86,4,27,79
2025-02-17,WH_B,Central,SKU0076,Hardware,224,0,43,40
2025-02-17,WH_B,Central,SKU0077,Office,225,3,39,60
2025-02-17,WH_B,Central,SKU0078,Housewares,148,0,44,85
2025-02-17,WH_B,Central,SKU0079,Hardware,79,2,20,75
2025-02-17,WH_B,Central,SKU0080,Hardware,202,4,46,68
2025-02-17,WH_B,Central,SKU0081,Housewares,23,0,35,62
2025-02-17,WH_B,Central,SKU0082,Hardware,135,2,47,85
2025-02-17,WH_B,Central,SKU0083,Housewares,123,0,22,97
2025-02-17,WH_B,Central,SKU0084,Office,66,0,33,99
2025-02-17,WH_B,Central,SKU0085,Hardware,211,0,34,38
2025-02-17,WH_B,Central,SKU0086,Hardware,127,4,25,92
2025-02-17,WH_B,Central,SKU0087,Office,145,6,38,59
2025-02-17,WH_B,Central,SKU0088,Housewares,199,3,19,62
2025-02-17,WH_B,Central,SKU0089,Electronics,71,5,47,94
2025-02-17,WH_B,Central,SKU0090,Electronics,201,3,26,83
2025-02-17,WH_B,Central,SKU0091,Electronics,96,0,31,117
2025-02-17,WH_B,Central,SKU0092,Housewares,152,7,26,40
2025-02-17,WH_B,Central,SKU0093,Sports,185,2,25,47
2025-02-17,WH_B,Central,SKU0094,Hardware,113,1,29,103
2025-02-17,WH_B,Central,SKU0095,Electronics,242,3,48,50
2025-02-17,WH_B,Central,SKU0096,Hardware,76,2,35,102
2025-02-17,WH_B,Central,SKU0097,Office,16,1,15,89
2025-02-17,WH_B,Central,SKU0098,Housewares,190,2,22,57
2025-02-17,WH_B,Central,SKU0099,Office,39,0,15,67
2025-02-17,WH_B,Central,SKU0100,Office,90,2,47,63
2025-02-17,WH_C,West,SKU0001,Housewares,110,2,41,88
2025-02-17,WH_C,West,SKU0002,Electronics,225,3,19,76
2025-02-17,WH_C,West,SKU0003,Hardware,262,3,32,44
2025-02-17,WH_C,West,SKU0004,Hardware,203,2,39,79
2025-02-17,WH_C,West,SKU0005,Sports,27,3,33,70
2025-02-17,WH_C,West,SKU0006,Sports,123,3,50,105
2025-02-17,WH_C,West,SKU0007,Office,94,3,20,42
2025-02-17,WH_C,West,SKU0008,Electronics,160,2,34,77
2025-02-17,WH_C,West,SKU0009,Hardware,163,3,40,92
2025-02-17,WH_C,West,SKU0010,Electronics,279,0,43,81
2025-02-17,WH_C,West,SKU0011,Hardware,162,4,45,85
2025-02-17,WH_C,West,SKU0012,Housewares,128,5,40,62
2025-02-17,WH_C,West,SKU0013,Electronics,181,4,40,35
2025-02-17,WH_C,West,SKU0014,Electronics,213,1,37,46
2025-02-17,WH_C,West,SKU0015,Housewares,30,3,47,115
2025-02-17,WH_C,West,SKU0016,Housewares,114,1,23,105
2025-02-17,WH_C,West,SKU0017,Hardware,198,4,34,72
2025-02-17,WH_C,West,SKU0018,Housewares,110,0,26,39
2025-02-17,WH_C,West,SKU0019,Sports,156,2,38,37
2025-02-17,WH_C,West,SKU0020,Electronics,124,4,49,96
2025-02-17,WH_C,West,SKU0021,Sports,151,1,48,47
2025-02-17,WH_C,West,SKU0022,Sports,191,6,50,94
2025-02-17,WH_C,West,SKU0023,Hardware,207,3,24,89
2025-02-17,WH_C,West,SKU0024,Electronics,160,0,34,65
2025-02-17,WH_C,West,SKU0025,Office,57,3,25,30
2025-02-17,WH_C,West,SKU0026,Hardware,176,2,19,117
2025-02-17,WH_C,West,SKU0027,Electronics,254,0,50,76
2025-02-17,WH_C,West,SKU0028,Electronics,285,6,17,83
2025-02-17,WH_C,West,SKU0029,Sports,165,3,25,106
2025-02-17,WH_C,West,SKU0030,Housewares,167,1,44,116
2025-02-17,WH_C,West,SKU0031,Sports,85,2,48,85
2025-02-17,WH_C,West,SKU0032,Sports,206,0,32,34
2025-02-17,WH_C,West,SKU0033,Housewares,23,3,39,91
2025-02-17,WH_C,West,SKU0034,Office,55,2,34,83
2025-02-17,WH_C,West,SKU0035,Hardware,187,1,27,104
2025-02-17,WH_C,West,SKU0036,Housewares,15,1,30,50
2025-02-17,WH_C,West,SKU0037,Sports,38,2,31,61
2025-02-17,WH_C,West,SKU0038,Housewares,46,4,27,41
2025-02-17,WH_C,West,SKU0039,Office,164,3,27,102
2025-02-17,WH_C,West,SKU0040,Housewares,76,1,30,32
2025-02-17,WH_C,West,SKU0041,Sports,28,1,21,44
2025-02-17,WH_C,West,SKU0042,Electronics,209,0,31,115
2025-02-17,WH_C,West,SKU0043,Hardware,36,2,40,75
2025-02-17,WH_C,West,SKU0044,Hardware,113,5,47,98
2025-02-17,WH_C,West,SKU0045,Electronics,118,2,36,96
2025-02-17,WH_C,West,SKU0046,Hardware,182,3,35,77
2025-02-17,WH_C,West,SKU0047,Electronics,83,0,33,75
2025-02-17,WH_C,West,SKU0048,Hardware,70,0,40,43
2025-02-17,WH_C,West,SKU0049,Housewares,107,2,19,65
2025-02-17,WH_C,West,SKU0050,Hardware,93,2,41,107
2025-02-17,WH_C,West,SKU0051,Hardware,182,5,31,74
2025-02-17,WH_C,West,SKU0052,Hardware,193,0,48,57
2025-02-17,WH_C,West,SKU0053,Hardware,134,1,19,87
2025-02-17,WH_C,West,SKU0054,Office,180,4,49,55
2025-02-17,WH_C,West,SKU0055,Housewares,184,6,47,88
2025-02-17,WH_C,West,SKU0056,Housewares,56,2,30,72
2025-02-17,WH_C,West,SKU0057,Electronics,148,2,40,84
2025-02-17,WH_C,West,SKU0058,Sports,168,6,42,61
2025-02-17,WH_C,West,SKU0059,Electronics,253,4,28,99
2025-02-17,WH_C,West,SKU0060,Hardware,240,2,37,120
2025-02-17,WH_C,West,SKU0061,Office,175,0,42,115
2025-02-17,WH_C,West,SKU0062,Housewares,83,2,19,89
2025-02-17,WH_C,West,SKU0063,Housewares,196,3,49,48
2025-02-17,WH_C,West,SKU0064,Sports,85,5,39,35
2025-02-17,WH_C,West,SKU0065,Sports,201,0,22,106
2025-02-17,WH_C,West,SKU0066,Sports,173,0,22,85
2025-02-17,WH_C,West,SKU0067,Hardware,72,3,31,84
2025-02-17,WH_C,West,SKU0068,Electronics,240,2,34,111
2025-02-17,WH_C,West,SKU0069,Hardware,179,3,41,120
2025-02-17,WH_C,West,SKU0070,Hardware,68,3,27,80
2025-02-17,WH_C,West,SKU0071,Hardware,255,3,49,66
2025-02-17,WH_C,West,SKU0072,Office,54,3,42,97
2025-02-17,WH_C,West,SKU0073,Office,120,5,22,92
2025-02-17,WH_C,West,SKU0074,Hardware,223,2,44,54
2025-02-17,WH_C,West,SKU0075,Sports,151,3,45,102
2025-02-17,WH_C,West,SKU0076,Hardware,236,2,18,41
2025-02-17,WH_C,West,SKU0077,Office,17,0,23,113
2025-02-17,WH_C,West,SKU0078,Housewares,154,4,19,107
2025-02-17,WH_C,West,SKU0079,Hardware,34,2,35,116
2025-02-17,WH_C,West,SKU0080,Hardware,67,0,15,54
2025-02-17,WH_C,West,SKU0081,Housewares,143,0,44,50
2025-02-17,WH_C,West,SKU0082,Hardware,62,2,23,45
2025-02-17,WH_C,West,SKU0083,Housewares,103,2,19,103
2025-02-17,WH_C,West,SKU0084,Office,37,3,32,75
2025-02-17,WH_C,West,SKU0085,Hardware,173,2,25,69
2025-02-17,WH_C,West,SKU0086,Hardware,140,3,41,118
2025-02-17,WH_C,West,SKU0087,Office,61,3,24,34
2025-02-17,WH_C,West,SKU0088,Housewares,31,2,40,73
2025-02-17,WH_C,West,SKU0089,Electronics,183,4,41,57
2025-02-17,WH_C,West,SKU0090,Electronics,249,8,30,107
2025-02-17,WH_C,West,SKU0091,Electronics,101,0,37,34
2025-02-17,WH_C,West,SKU0092,Housewares,165,4,24,66
2025-02-17,WH_C,West,SKU0093,Sports,70,2,23,79
2025-02-17,WH_C,West,SKU0094,Hardware,76,6,35,60
2025-02-17,WH_C,West,SKU0095,Electronics,270,0,49,41
2025-02-17,WH_C,West,SKU0096,Hardware,91,3,15,60
2025-02-17,WH_C,West,SKU0097,Office,23,2,46,70
2025-02-17,WH_C,West,SKU0098,Housewares,91,1,48,66
2025-02-17,WH_C,West,SKU0099,Office,28,1,32,50
2025-02-17,WH_C,West,SKU0100,Office,42,4,24,66
2025-02-18,WH_A,East,SKU0001,Housewares,142,0,34,54
2025-02-18,WH_A,East,SKU0002,Electronics,154,5,18,92
2025-02-18,WH_A,East,SKU0003,Hardware,137,0,38,31
2025-02-18,WH_A,East,SKU0004,Hardware,252,0,28,61
2025-02-18,WH_A,East,SKU0005,Sports,64,3,47,36
2025-02-18,WH_A,East,SKU0006,Sports,148,7,44,33
2025-02-18,WH_A,East,SKU0007,Office,68,4,31,64
2025-02-18,WH_A,East,SKU0008,Electronics,19,2,34,55
2025-02-18,WH_A,East,SKU0009,Hardware,66,0,16,109
2025-02-18,WH_A,East,SKU0010,Electronics,30,4,44,91
2025-02-18,WH_A,East,SKU0011,Hardware,46,3,50,52
2025-02-18,WH_A,East,SKU0012,Housewares,62,1,36,119
2025-02-18,WH_A,East,SKU0013,Electronics,269,4,30,46
2025-02-18,WH_A,East,SKU0014,Electronics,195,3,45,110
2025-02-18,WH_A,East,SKU0015,Housewares,177,1,29,92
2025-02-18,WH_A,East,SKU0016,Housewares,143,0,37,73
2025-02-18,WH_A,East,SKU0017,Hardware,126,2,43,80
2025-02-18,WH_A,East,SKU0018,Housewares,30,0,43,46
2025-02-18,WH_A,East,SKU0019,Sports,121,1,37,90
2025-02-18,WH_A,East,SKU0020,Electronics,106,4,36,71
2025-02-18,WH_A,East,SKU0021,Sports,95,2,50,43
2025-02-18,WH_A,East,SKU0022,Sports,92,3,44,42
2025-02-18,WH_A,East,SKU0023,Hardware,98,0,39,82
2025-02-18,WH_A,East,SKU0024,Electronics,177,5,21,73
2025-02-18,WH_A,East,SKU0025,Office,180,3,30,104
2025-02-18,WH_A,East,SKU0026,Hardware,103,1,23,107
2025-02-18,WH_A,East,SKU0027,Electronics,139,3,26,89
2025-02-18,WH_A,East,SKU0028,Electronics,61,3,23,38
2025-02-18,WH_A,East,SKU0029,Sports,112,1,18,112
2025-02-18,WH_A,East,SKU0030,Housewares,39,3,28,62
2025-02-18,WH_A,East,SKU0031,Sports,80,4,30,102
2025-02-18,WH_A,East,SKU0032,Sports,35,0,42,50
2025-02-18,WH_A,East,SKU0033,Housewares,131,4,49,108
2025-02-18,WH_A,East,SKU0034,Office,164,3,36,94
2025-02-18,WH_A,East,SKU0035,Hardware,91,4,33,87
2025-02-18,WH_A,East,SKU0036,Housewares,145,1,27,57
2025-02-18,WH_A,East,SKU0037,Sports,192,1,19,46
2025-02-18,WH_A,East,SKU0038,Housewares,179,0,17,58
2025-02-18,WH_A,East,SKU0039,Office,136,1,22,118
2025-02-18,WH_A,East,SKU0040,Housewares,174,3,22,48
2025-02-18,WH_A,East,SKU0041,Sports,116,2,37,106
2025-02-18,WH_A,East,SKU0042,Electronics,116,3,38,70
2025-02-18,WH_A,East,SKU0043,Hardware,191,0,20,66
2025-02-18,WH_A,East,SKU0044,Hardware,81,0,20,41
2025-02-18,WH_A,East,SKU0045,Electronics,183,2,26,52
2025-02-18,WH_A,East,SKU0046,Hardware,38,0,40,113
2025-02-18,WH_A,East,SKU0047,Electronics,268,4,35,106
2025-02-18,WH_A,East,SKU0048,Hardware,40,1,17,30
2025-02-18,WH_A,East,SKU0049,Housewares,74,2,31,54
2025-02-18,WH_A,East,SKU0050,Hardware,158,3,31,57
2025-02-18,WH_A,East,SKU0051,Hardware,169,5,32,67
2025-02-18,WH_A,East,SKU0052,Hardware,117,3,28,50
2025-02-18,WH_A,East,SKU0053,Hardware,224,0,41,105
2025-02-18,WH_A,East,SKU0054,Office,51,5,31,48
2025-02-18,WH_A,East,SKU0055,Housewares,67,3,15,110
2025-02-18,WH_A,East,SKU0056,Housewares,24,5,44,110
2025-02-18,WH_A,East,SKU0057,Electronics,86,7,25,86
2025-02-18,WH_A,East,SKU0058,Sports,109,4,47,60
2025-02-18,WH_A,East,SKU0059,Electronics,146,2,25,89
2025-02-18,WH_A,East,SKU0060,Hardware,223,3,18,110
2025-02-18,WH_A,East,SKU0061,Office,139,2,43,99
2025-02-18,WH_A,East,SKU0062,Housewares,91,2,45,43
2025-02-18,WH_A,East,SKU0063,Housewares,41,4,28,54
2025-02-18,WH_A,East,SKU0064,Sports,160,1,38,57
2025-02-18,WH_A,East,SKU0065,Sports,33,4,15,35
2025-02-18,WH_A,East,SKU0066,Sports,150,3,17,37
2025-02-18,WH_A,East,SKU0067,Hardware,264,4,42,57
2025-02-18,WH_A,East,SKU0068,Electronics,258,3,23,73
2025-02-18,WH_A,East,SKU0069,Hardware,206,3,42,112
2025-02-18,WH_A,East,SKU0070,Hardware,206,2,43,72
2025-02-18,WH_A,East,SKU0071,Hardware,130,0,40,77
2025-02-18,WH_A,East,SKU0072,Office,160,0,41,45
2025-02-18,WH_A,East,SKU0073,Office,136,3,25,100
2025-02-18,WH_A,East,SKU0074,Hardware,270,1,34,89
2025-02-18,WH_A,East,SKU0075,Sports,190,5,16,60
2025-02-18,WH_A,East,SKU0076,Hardware,125,0,32,83
2025-02-18,WH_A,East,SKU0077,Office,185,0,28,58
2025-02-18,WH_A,East,SKU0078,Housewares,58,4,33,78
2025-02-18,WH_A,East,SKU0079,Hardware,172,0,41,97
2025-02-18,WH_A,East,SKU0080,Hardware,121,2,19,72
2025-02-18,WH_A,East,SKU0081,Housewares,89,6,41,55
2025-02-18,WH_A,East,SKU0082,Hardware,141,2,22,89
2025-02-18,WH_A,East,SKU0083,Housewares,116,4,46,56
2025-02-18,WH_A,East,SKU0084,Office,109,1,19,95
2025-02-18,WH_A,East,SKU0085,Hardware,152,0,21,93
2025-02-18,WH_A,East,SKU0086,Hardware,177,5,39,75
2025-02-18,WH_A,East,SKU0087,Office,194,2,38,104
2025-02-18,WH_A,East,SKU0088,Housewares,120,0,35,82
2025-02-18,WH_A,East,SKU0089,Electronics,25,4,17,111
2025-02-18,WH_A,East,SKU0090,Electronics,100,3,29,87
2025-02-18,WH_A,East,SKU0091,Electronics,126,2,24,53
2025-02-18,WH_A,East,SKU0092,Housewares,159,0,40,64
2025-02-18,WH_A,East,SKU0093,Sports,159,4,31,111
2025-02-18,WH_A,East,SKU0094,Hardware,67,2,20,31
2025-02-18,WH_A,East,SKU0095,Electronics,230,0,25,53
2025-02-18,WH_A,East,SKU0096,Hardware,58,5,35,41
2025-02-18,WH_A,East,SKU0097,Office,76,5,36,75
2025-02-18,WH_A,East,SKU0098,Housewares,128,4,38,55
2025-02-18,WH_A,East,SKU0099,Office,132,2,23,59
2025-02-18,WH_A,East,SKU0100,Office,162,0,40,82
2025-02-18,WH_B,Central,SKU0001,Housewares,36,4,32,38
2025-02-18,WH_B,Central,SKU0002,Electronics,162,0,24,84
2025-02-18,WH_B,Central,SKU0003,Hardware,130,4,28,37
2025-02-18,WH_B,Central,SKU0004,Hardware,91,2,45,35
2025-02-18,WH_B,Central,SKU0005,Sports,168,2,19,58
2025-02-18,WH_B,Central,SKU0006,Sports,135,4,24,52
2025-02-18,WH_B,Central,SKU0007,Office,174,2,50,48
2025-02-18,WH_B,Central,SKU0008,Electronics,67,1,16,109
2025-02-18,WH_B,Central,SKU0009,Hardware,106,2,38,111
2025-02-18,WH_B,Central,SKU0010,Electronics,73,0,34,115
2025-02-18,WH_B,Central,SKU0011,Hardware,99,1,24,51
2025-02-18,WH_B,Central,SKU0012,Housewares,154,0,38,34
2025-02-18,WH_B,Central,SKU0013,Electronics,56,2,34,102
2025-02-18,WH_B,Central,SKU0014,Electronics,165,2,23,101
2025-02-18,WH_B,Central,SKU0015,Housewares,71,1,16,88
2025-02-18,WH_B,Central,SKU0016,Housewares,141,5,36,55
2025-02-18,WH_B,Central,SKU0017,Hardware,249,3,18,99
2025-02-18,WH_B,Central,SKU0018,Housewares,148,0,49,57
2025-02-18,WH_B,Central,SKU0019,Sports,188,0,33,93
2025-02-18,WH_B,Central,SKU0020,Electronics,161,3,44,117
2025-02-18,WH_B,Central,SKU0021,Sports,188,2,16,36
2025-02-18,WH_B,Central,SKU0022,Sports,148,3,47,49
2025-02-18,WH_B,Central,SKU0023,Hardware,130,0,34,81
2025-02-18,WH_B,Central,SKU0024,Electronics,192,3,40,78
2025-02-18,WH_B,Central,SKU0025,Office,181,0,34,118
2025-02-18,WH_B,Central,SKU0026,Hardware,230,1,29,85
2025-02-18,WH_B,Central,SKU0027,Electronics,259,2,15,117
2025-02-18,WH_B,Central,SKU0028,Electronics,240,7,34,56
2025-02-18,WH_B,Central,SKU0029,Sports,154,1,41,94
2025-02-18,WH_B,Central,SKU0030,Housewares,52,4,37,32
2025-02-18,WH_B,Central,SKU0031,Sports,145,4,35,72
2025-02-18,WH_B,Central,SKU0032,Sports,170,3,26,72
2025-02-18,WH_B,Central,SKU0033,Housewares,166,2,42,51
2025-02-18,WH_B,Central,SKU0034,Office,151,1,45,53
2025-02-18,WH_B,Central,SKU0035,Hardware,171,5,39,102
2025-02-18,WH_B,Central,SKU0036,Housewares,59,1,28,48
2025-02-18,WH_B,Central,SKU0037,Sports,118,1,43,50
2025-02-18,WH_B,Central,SKU0038,Housewares,132,4,30,110
2025-02-18,WH_B,Central,SKU0039,Office,101,1,41,99
2025-02-18,WH_B,Central,SKU0040,Housewares,176,3,25,90
2025-02-18,WH_B,Central,SKU0041,Sports,36,3,32,89
2025-02-18,WH_B,Central,SKU0042,Electronics,85,4,27,116
2025-02-18,WH_B,Central,SKU0043,Hardware,271,2,30,62
2025-02-18,WH_B,Central,SKU0044,Hardware,253,2,31,85
2025-02-18,WH_B,Central,SKU0045,Electronics,161,1,40,43
2025-02-18,WH_B,Central,SKU0046,Hardware,44,0,37,42
2025-02-18,WH_B,Central,SKU0047,Electronics,128,7,39,41
2025-02-18,WH_B,Central,SKU0048,Hardware,211,2,18,78
2025-02-18,WH_B,Central,SKU0049,Housewares,142,2,40,51
2025-02-18,WH_B,Central,SKU0050,Hardware,199,2,50,79
2025-02-18,WH_B,Central,SKU0051,Hardware,207,5,48,90
2025-02-18,WH_B,Central,SKU0052,Hardware,248,0,25,64
2025-02-18,WH_B,Central,SKU0053,Hardware,126,1,31,32
2025-02-18,WH_B,Central,SKU0054,Office,66,2,38,40
2025-02-18,WH_B,Central,SKU0055,Housewares,172,0,42,109
2025-02-18,WH_B,Central,SKU0056,Housewares,88,4,41,41
2025-02-18,WH_B,Central,SKU0057,Electronics,102,4,34,64
2025-02-18,WH_B,Central,SKU0058,Sports,23,3,50,99
2025-02-18,WH_B,Central,SKU0059,Electronics,126,0,30,42
2025-02-18,WH_B,Central,SKU0060,Hardware,232,4,30,99
2025-02-18,WH_B,Central,SKU0061,Office,12,4,22,80
2025-02-18,WH_B,Central,SKU0062,Housewares,168,3,27,64
2025-02-18,WH_B,Central,SKU0063,Housewares,143,2,41,104
2025-02-18,WH_B,Central,SKU0064,Sports,37,3,23,112
2025-02-18,WH_B,Central,SKU0065,Sports,79,0,46,93
2025-02-18,WH_B,Central,SKU0066,Sports,186,0,30,110
2025-02-18,WH_B,Central,SKU0067,Hardware,254,3,50,30
2025-02-18,WH_B,Central,SKU0068,Electronics,47,4,25,50
2025-02-18,WH_B,Central,SKU0069,Hardware,28,5,19,79
2025-02-18,WH_B,Central,SKU0070,Hardware,97,0,21,94
2025-02-18,WH_B,Central,SKU0071,Hardware,173,3,26,33
2025-02-18,WH_B,Central,SKU0072,Office,29,1,24,60
2025-02-18,WH_B,Central,SKU0073,Office,149,6,21,76
2025-02-18,WH_B,Central,SKU0074,Hardware,81,3,28,39
2025-02-18,WH_B,Central,SKU0075,Sports,75,2,30,80
2025-02-18,WH_B,Central,SKU0076,Hardware,258,6,28,116
2025-02-18,WH_B,Central,SKU0077,Office,36,4,33,30
2025-02-18,WH_B,Central,SKU0078,Housewares,151,5,50,52
2025-02-18,WH_B,Central,SKU0079,Hardware,40,5,25,92
2025-02-18,WH_B,Central,SKU0080,Hardware,47,2,26,61
2025-02-18,WH_B,Central,SKU0081,Housewares,50,2,50,106
2025-02-18,WH_B,Central,SKU0082,Hardware,172,2,45,53
2025-02-18,WH_B,Central,SKU0083,Housewares,50,5,22,53
2025-02-18,WH_B,Central,SKU0084,Office,170,3,37,107
2025-02-18,WH_B,Central,SKU0085,Hardware,34,2,30,42
2025-02-18,WH_B,Central,SKU0086,Hardware,254,3,44,92
2025-02-18,WH_B,Central,SKU0087,Office,190,1,35,81
2025-02-18,WH_B,Central,SKU0088,Housewares,186,6,15,30
2025-02-18,WH_B,Central,SKU0089,Electronics,282,0,15,118
2025-02-18,WH_B,Central,SKU0090,Electronics,68,3,20,89
2025-02-18,WH_B,Central,SKU0091,Electronics,167,6,36,57
2025-02-18,WH_B,Central,SKU0092,Housewares,62,7,33,69
2025-02-18,WH_B,Central,SKU0093,Sports,159,2,30,62
2025-02-18,WH_B,Central,SKU0094,Hardware,128,4,47,91
2025-02-18,WH_B,Central,SKU0095,Electronics,64,3,38,39
2025-02-18,WH_B,Central,SKU0096,Hardware,146,2,33,93
2025-02-18,WH_B,Central,SKU0097,Office,98,1,42,109
2025-02-18,WH_B,Central,SKU0098,Housewares,32,3,22,89
2025-02-18,WH_B,Central,SKU0099,Office,181,4,18,118
2025-02-18,WH_B,Central,SKU0100,Office,155,0,43,31
2025-02-18,WH_C,West,SKU0001,Housewares,44,5,45,48
2025-02-18,WH_C,West,SKU0002,Electronics,211,2,26,34
2025-02-18,WH_C,West,SKU0003,Hardware,115,1,18,35
2025-02-18,WH_C,West,SKU0004,Hardware,243,1,30,114
2025-02-18,WH_C,West,SKU0005,Sports,167,4,15,99
2025-02-18,WH_C,West,SKU0006,Sports,83,5,33,110
2025-02-18,WH_C,West,SKU0007,Office,141,3,22,52
2025-02-18,WH_C,West,SKU0008,Electronics,94,5,25,44
2025-02-18,WH_C,West,SKU0009,Hardware,156,0,15,33
2025-02-18,WH_C,West,SKU0010,Electronics,146,2,28,52
2025-02-18,WH_C,West,SKU0011,Hardware,130,3,19,99
2025-02-18,WH_C,West,SKU0012,Housewares,66,7,23,117
2025-02-18,WH_C,West,SKU0013,Electronics,159,4,26,87
2025-02-18,WH_C,West,SKU0014,Electronics,178,0,25,76
2025-02-18,WH_C,West,SKU0015,Housewares,47,4,17,50
2025-02-18,WH_C,West,SKU0016,Housewares,33,2,29,44
2025-02-18,WH_C,West,SKU0017,Hardware,62,0,42,89
2025-02-18,WH_C,West,SKU0018,Housewares,160,4,37,67
2025-02-18,WH_C,West,SKU0019,Sports,69,5,48,57
2025-02-18,WH_C,West,SKU0020,Electronics,96,3,39,93
2025-02-18,WH_C,West,SKU0021,Sports,196,3,16,42
2025-02-18,WH_C,West,SKU0022,Sports,34,0,40,87
2025-02-18,WH_C,West,SKU0023,Hardware,201,2,22,44
2025-02-18,WH_C,West,SKU0024,Electronics,175,3,44,98
2025-02-18,WH_C,West,SKU0025,Office,127,3,23,106
2025-02-18,WH_C,West,SKU0026,Hardware,32,5,26,70
2025-02-18,WH_C,West,SKU0027,Electronics,61,5,36,54
2025-02-18,WH_C,West,SKU0028,Electronics,213,5,40,62
2025-02-18,WH_C,West,SKU0029,Sports,79,4,42,86
2025-02-18,WH_C,West,SKU0030,Housewares,80,3,16,51
2025-02-18,WH_C,West,SKU0031,Sports,58,1,17,108
2025-02-18,WH_C,West,SKU0032,Sports,175,1,34,40
2025-02-18,WH_C,West,SKU0033,Housewares,159,2,36,56
2025-02-18,WH_C,West,SKU0034,Office,212,1,16,66
2025-02-18,WH_C,West,SKU0035,Hardware,271,2,15,76
2025-02-18,WH_C,West,SKU0036,Housewares,62,5,19,107
2025-02-18,WH_C,West,SKU0037,Sports,141,1,32,39
2025-02-18,WH_C,West,SKU0038,Housewares,40,4,36,33
2025-02-18,WH_C,West,SKU0039,Office,120,4,35,70
2025-02-18,WH_C,West,SKU0040,Housewares,21,1,48,63
2025-02-18,WH_C,West,SKU0041,Sports,140,0,35,50
2025-02-18,WH_C,West,SKU0042,Electronics,241,5,33,82
2025-02-18,WH_C,West,SKU0043,Hardware,190,4,43,37
2025-02-18,WH_C,West,SKU0044,Hardware,104,4,46,94
2025-02-18,WH_C,West,SKU0045,Electronics,112,2,42,87
2025-02-18,WH_C,West,SKU0046,Hardware,243,1,46,36
2025-02-18,WH_C,West,SKU0047,Electronics,43,4,50,113
2025-02-18,WH_C,West,SKU0048,Hardware,110,5,16,113
2025-02-18,WH_C,West,SKU0049,Housewares,118,0,40,64
2025-02-18,WH_C,West,SKU0050,Hardware,267,4,33,35
2025-02-18,WH_C,West,SKU0051,Hardware,151,0,47,59
2025-02-18,WH_C,West,SKU0052,Hardware,132,3,35,30
2025-02-18,WH_C,West,SKU0053,Hardware,81,5,46,50
2025-02-18,WH_C,West,SKU0054,Office,148,3,25,88
2025-02-18,WH_C,West,SKU0055,Housewares,187,0,43,61
2025-02-18,WH_C,West,SKU0056,Housewares,64,2,50,53
2025-02-18,WH_C,West,SKU0057,Electronics,236,3,16,45
2025-02-18,WH_C,West,SKU0058,Sports,198,2,50,60
2025-02-18,WH_C,West,SKU0059,Electronics,76,5,15,76
2025-02-18,WH_C,West,SKU0060,Hardware,53,0,20,50
2025-02-18,WH_C,West,SKU0061,Office,40,5,27,62
2025-02-18,WH_C,West,SKU0062,Housewares,43,0,42,55
2025-02-18,WH_C,West,SKU0063,Housewares,113,0,49,33
2025-02-18,WH_C,West,SKU0064,Sports,32,5,17,76
2025-02-18,WH_C,West,SKU0065,Sports,26,2,26,68
2025-02-18,WH_C,West,SKU0066,Sports,35,1,40,70
2025-02-18,WH_C,West,SKU0067,Hardware,66,3,19,116
2025-02-18,WH_C,West,SKU0068,Electronics,191,4,32,90
2025-02-18,WH_C,West,SKU0069,Hardware,63,6,20,88
2025-02-18,WH_C,West,SKU0070,Hardware,42,5,40,64
2025-02-18,WH_C,West,SKU0071,Hardware,222,1,37,86
2025-02-18,WH_C,West,SKU0072,Office,157,0,42,95
2025-02-18,WH_C,West,SKU0073,Office,154,5,40,54
2025-02-18,WH_C,West,SKU0074,Hardware,260,0,20,50
2025-02-18,WH_C,West,SKU0075,Sports,67,0,18,87
2025-02-18,WH_C,West,SKU0076,Hardware,256,2,16,69
2025-02-18,WH_C,West,SKU0077,Office,193,1,34,99
2025-02-18,WH_C,West,SKU0078,Housewares,211,0,20,61
2025-02-18,WH_C,West,SKU0079,Hardware,217,4,48,45
2025-02-18,WH_C,West,SKU0080,Hardware,242,2,18,45
2025-02-18,WH_C,West,SKU0081,Housewares,55,4,32,72
2025-02-18,WH_C,West,SKU0082,Hardware,270,3,41,93
2025-02-18,WH_C,West,SKU0083,Housewares,204,1,40,89
2025-02-18,WH_C,West,SKU0084,Office,148,1,41,39
2025-02-18,WH_C,West,SKU0085,Hardware,238,0,36,46
2025-02-18,WH_C,West,SKU0086,Hardware,124,0,40,33
2025-02-18,WH_C,West,SKU0087,Office,41,0,45,34
2025-02-18,WH_C,West,SKU0088,Housewares,172,3,24,42
2025-02-18,WH_C,West,SKU0089,Electronics,199,2,42,69
2025-02-18,WH_C,West,SKU0090,Electronics,156,3,19,91
2025-02-18,WH_C,West,SKU0091,Electronics,195,7,17,46
2025-02-18,WH_C,West,SKU0092,Housewares,54,5,28,101
2025-02-18,WH_C,West,SKU0093,Sports,25,1,31,120
2025-02-18,WH_C,West,SKU0094,Hardware,139,0,29,69
2025-02-18,WH_C,West,SKU0095,Electronics,200,6,47,50
2025-02-18,WH_C,West,SKU0096,Hardware,185,3,44,114
2025-02-18,WH_C,West,SKU0097,Office,61,3,35,54
2025-02-18,WH_C,West,SKU0098,Housewares,68,3,18,109
2025-02-18,WH_C,West,SKU0099,Office,111,1,26,98
2025-02-18,WH_C,West,SKU0100,Office,78,0,48,102
2025-02-19,WH_A,East,SKU0001,Housewares,174,2,45,60
2025-02-19,WH_A,East,SKU0002,Electronics,152,0,47,93
2025-02-19,WH_A,East,SKU0003,Hardware,83,1,44,51
2025-02-19,WH_A,East,SKU0004,Hardware,241,3,27,57
2025-02-19,WH_A,East,SKU0005,Sports,181,0,36,119
2025-02-19,WH_A,East,SKU0006,Sports,127,0,16,50
2025-02-19,WH_A,East,SKU0007,Office,217,5,31,33
2025-02-19,WH_A,East,SKU0008,Electronics,237,0,30,103
2025-02-19,WH_A,East,SKU0009,Hardware,208,3,40,115
2025-02-19,WH_A,East,SKU0010,Electronics,182,4,27,107
2025-02-19,WH_A,East,SKU0011,Hardware,221,0,34,79
2025-02-19,WH_A,East,SKU0012,Housewares,95,4,49,66
2025-02-19,WH_A,East,SKU0013,Electronics,115,3,23,116
2025-02-19,WH_A,East,SKU0014,Electronics,184,6,30,104
2025-02-19,WH_A,East,SKU0015,Housewares,148,5,29,70
2025-02-19,WH_A,East,SKU0016,Housewares,103,6,37,46
2025-02-19,WH_A,East,SKU0017,Hardware,101,3,19,100
2025-02-19,WH_A,East,SKU0018,Housewares,144,0,41,114
2025-02-19,WH_A,East,SKU0019,Sports,144,5,40,51
2025-02-19,WH_A,East,SKU0020,Electronics,84,4,45,61
2025-02-19,WH_A,East,SKU0021,Sports,115,1,29,60
2025-02-19,WH_A,East,SKU0022,Sports,85,2,15,79
2025-02-19,WH_A,East,SKU0023,Hardware,247,3,25,37
2025-02-19,WH_A,East,SKU0024,Electronics,69,1,41,84
2025-02-19,WH_A,East,SKU0025,Office,76,4,30,64
2025-02-19,WH_A,East,SKU0026,Hardware,56,2,22,63
2025-02-19,WH_A,East,SKU0027,Electronics,282,4,23,41
2025-02-19,WH_A,East,SKU0028,Electronics,167,6,40,118
2025-02-19,WH_A,East,SKU0029,Sports,73,1,31,118
2025-02-19,WH_A,East,SKU0030,Housewares,95,5,26,83
2025-02-19,WH_A,East,SKU0031,Sports,77,6,40,51
2025-02-19,WH_A,East,SKU0032,Sports,134,4,50,83
2025-02-19,WH_A,East,SKU0033,Housewares,63,2,28,54
2025-02-19,WH_A,East,SKU0034,Office,105,4,44,34
2025-02-19,WH_A,East,SKU0035,Hardware,134,0,32,64
2025-02-19,WH_A,East,SKU0036,Housewares,114,4,38,45
2025-02-19,WH_A,East,SKU0037,Sports,188,5,34,56
2025-02-19,WH_A,East,SKU0038,Housewares,86,0,33,48
2025-02-19,WH_A,East,SKU0039,Office,42,3,19,43
2025-02-19,WH_A,East,SKU0040,Housewares,142,5,36,63
2025-02-19,WH_A,East,SKU0041,Sports,147,2,31,67
2025-02-19,WH_A,East,SKU0042,Electronics,221,0,36,91
2025-02-19,WH_A,East,SKU0043,Hardware,256,4,33,51
2025-02-19,WH_A,East,SKU0044,Hardware,59,1,50,98
2025-02-19,WH_A,East,SKU0045,Electronics,132,4,26,110
2025-02-19,WH_A,East,SKU0046,Hardware,141,1,39,60
2025-02-19,WH_A,East,SKU0047,Electronics,202,0,22,76
2025-02-19,WH_A,East,SKU0048,Hardware,50,0,25,109
2025-02-19,WH_A,East,SKU0049,Housewares,68,1,22,82
2025-02-19,WH_A,East,SKU0050,Hardware,135,6,46,112
2025-02-19,WH_A,East,SKU0051,Hardware,248,2,26,62
2025-02-19,WH_A,East,SKU0052,Hardware,251,1,39,66
2025-02-19,WH_A,East,SKU0053,Hardware,107,3,47,86
2025-02-19,WH_A,East,SKU0054,Office,64,5,31,86
2025-02-19,WH_A,East,SKU0055,Housewares,78,2,35,57
2025-02-19,WH_A,East,SKU0056,Housewares,188,1,48,93
2025-02-19,WH_A,East,SKU0057,Electronics,155,2,22,76
2025-02-19,WH_A,East,SKU0058,Sports,86,0,15,37
2025-02-19,WH_A,East,SKU0059,Electronics,193,2,35,45
2025-02-19,WH_A,East,SKU0060,Hardware,111,2,38,113
2025-02-19,WH_A,East,SKU0061,Office,15,1,48,58
2025-02-19,WH_A,East,SKU0062,Housewares,80,2,45,102
2025-02-19,WH_A,East,SKU0063,Housewares,42,3,30,36
2025-02-19,WH_A,East,SKU0064,Sports,115,2,44,101
2025-02-19,WH_A,East,SKU0065,Sports,67,1,31,71
2025-02-19,WH_A,East,SKU0066,Sports,54,3,19,33
2025-02-19,WH_A,East,SKU0067,Hardware,214,0,20,47
2025-02-19,WH_A,East,SKU0068,Electronics,112,2,40,68
2025-02-19,WH_A,East,SKU0069,Hardware,141,3,45,98
2025-02-19,WH_A,East,SKU0070,Hardware,237,0,39,51
2025-02-19,WH_A,East,SKU0071,Hardware,144,7,28,36
2025-02-19,WH_A,East,SKU0072,Office,179,2,19,64
2025-02-19,WH_A,East,SKU0073,Office,185,1,41,31
2025-02-19,WH_A,East,SKU0074,Hardware,153,5,41,105
2025-02-19,WH_A,East,SKU0075,Sports,112,5,22,33
2025-02-19,WH_A,East,SKU0076,Hardware,154,3,41,61
2025-02-19,WH_A,East,SKU0077,Office,142,5,34,107
2025-02-19,WH_A,East,SKU0078,Housewares,48,3,24,38
2025-02-19,WH_A,East,SKU0079,Hardware,218,3,46,106
2025-02-19,WH_A,East,SKU0080,Hardware,265,0,17,79
2025-02-19,WH_A,East,SKU0081,Housewares,84,4,15,84
2025-02-19,WH_A,East,SKU0082,Hardware,50,4,32,86
2025-02-19,WH_A,East,SKU0083,Housewares,45,0,37,104
2025-02-19,WH_A,East,SKU0084,Office,20,2,21,43
2025-02-19,WH_A,East,SKU0085,Hardware,80,4,35,30
2025-02-19,WH_A,East,SKU0086,Hardware,102,5,27,40
2025-02-19,WH_A,East,SKU0087,Office,125,5,17,30
2025-02-19,WH_A,East,SKU0088,Housewares,102,0,18,53
2025-02-19,WH_A,East,SKU0089,Electronics,212,4,25,101
2025-02-19,WH_A,East,SKU0090,Electronics,261,4,49,83
2025-02-19,WH_A,East,SKU0091,Electronics,207,7,29,111
2025-02-19,WH_A,East,SKU0092,Housewares,57,2,22,52
2025-02-19,WH_A,East,SKU0093,Sports,40,4,50,80
2025-02-19,WH_A,East,SKU0094,Hardware,56,3,31,119
2025-02-19,WH_A,East,SKU0095,Electronics,248,1,50,67
2025-02-19,WH_A,East,SKU0096,Hardware,70,0,38,34
2025-02-19,WH_A,East,SKU0097,Office,153,2,40,78
2025-02-19,WH_A,East,SKU0098,Housewares,143,3,43,94
2025-02-19,WH_A,East,SKU0099,Office,89,0,25,34
2025-02-19,WH_A,East,SKU0100,Office,26,1,19,66
2025-02-19,WH_B,Central,SKU0001,Housewares,33,5,32,64
2025-02-19,WH_B,Central,SKU0002,Electronics,74,2,31,80
2025-02-19,WH_B,Central,SKU0003,Hardware,43,3,45,58
2025-02-19,WH_B,Central,SKU0004,Hardware,185,1,25,61
2025-02-19,WH_B,Central,SKU0005,Sports,203,1,49,84
2025-02-19,WH_B,Central,SKU0006,Sports,57,3,37,104
2025-02-19,WH_B,Central,SKU0007,Office,106,0,25,96
2025-02-19,WH_B,Central,SKU0008,Electronics,289,1,35,106
2025-02-19,WH_B,Central,SKU0009,Hardware,245,0,32,88
2025-02-19,WH_B,Central,SKU0010,Electronics,143,1,45,119
2025-02-19,WH_B,Central,SKU0011,Hardware,180,1,28,92
2025-02-19,WH_B,Central,SKU0012,Housewares,209,2,47,51
2025-02-19,WH_B,Central,SKU0013,Electronics,237,2,29,33
2025-02-19,WH_B,Central,SKU0014,Electronics,165,4,35,93
2025-02-19,WH_B,Central,SKU0015,Housewares,149,0,45,114
2025-02-19,WH_B,Central,SKU0016,Housewares,166,5,49,56
2025-02-19,WH_B,Central,SKU0017,Hardware,154,3,43,85
2025-02-19,WH_B,Central,SKU0018,Housewares,13,1,45,69
2025-02-19,WH_B,Central,SKU0019,Sports,196,4,21,35
2025-02-19,WH_B,Central,SKU0020,Electronics,169,4,28,107
2025-02-19,WH_B,Central,SKU0021,Sports,87,1,49,43
2025-02-19,WH_B,Central,SKU0022,Sports,96,2,15,65
2025-02-19,WH_B,Central,SKU0023,Hardware,126,0,18,60
2025-02-19,WH_B,Central,SKU0024,Electronics,144,1,42,33
2025-02-19,WH_B,Central,SKU0025,Office,64,6,48,75
2025-02-19,WH_B,Central,SKU0026,Hardware,228,3,41,109
2025-02-19,WH_B,Central,SKU0027,Electronics,254,3,39,84
2025-02-19,WH_B,Central,SKU0028,Electronics,39,3,41,57
2025-02-19,WH_B,Central,SKU0029,Sports,115,4,34,116
2025-02-19,WH_B,Central,SKU0030,Housewares,121,3,40,32
2025-02-19,WH_B,Central,SKU0031,Sports,147,3,35,40
2025-02-19,WH_B,Central,SKU0032,Sports,61,3,20,37
2025-02-19,WH_B,Central,SKU0033,Housewares,34,0,47,67
2025-02-19,WH_B,Central,SKU0034,Office,62,0,39,51
2025-02-19,WH_B,Central,SKU0035,Hardware,262,1,23,78
2025-02-19,WH_B,Central,SKU0036,Housewares,114,2,33,43
2025-02-19,WH_B,Central,SKU0037,Sports,150,4,16,46
2025-02-19,WH_B,Central,SKU0038,Housewares,112,3,37,104
2025-02-19,WH_B,Central,SKU0039,Office,91,4,18,94
2025-02-19,WH_B,Central,SKU0040,Housewares,93,3,29,71
2025-02-19,WH_B,Central,SKU0041,Sports,142,3,38,60
2025-02-19,WH_B,Central,SKU0042,Electronics,149,3,25,65
2025-02-19,WH_B,Central,SKU0043,Hardware,253,3,30,90
2025-02-19,WH_B,Central,SKU0044,Hardware,198,2,36,34
2025-02-19,WH_B,Central,SKU0045,Electronics,162,3,41,117
2025-02-19,WH_B,Central,SKU0046,Hardware,178,2,35,88
2025-02-19,WH_B,Central,SKU0047,Electronics,93,4,46,62
2025-02-19,WH_B,Central,SKU0048,Hardware,245,4,37,49
2025-02-19,WH_B,Central,SKU0049,Housewares,121,4,19,51
2025-02-19,WH_B,Central,SKU0050,Hardware,95,1,36,100
2025-02-19,WH_B,Central,SKU0051,Hardware,134,2,41,88
2025-02-19,WH_B,Central,SKU0052,Hardware,238,2,18,40
2025-02-19,WH_B,Central,SKU0053,Hardware,265,0,46,71
2025-02-19,WH_B,Central,SKU0054,Office,71,1,25,91
2025-02-19,WH_B,Central,SKU0055,Housewares,167,3,26,109
2025-02-19,WH_B,Central,SKU0056,Housewares,80,0,42,71
2025-02-19,WH_B,Central,SKU0057,Electronics,81,0,28,109
2025-02-19,WH_B,Central,SKU0058,Sports,128,0,46,62
2025-02-19,WH_B,Central,SKU0059,Electronics,285,2,18,48
2025-02-19,WH_B,Central,SKU0060,Hardware,49,0,29,115
2025-02-19,WH_B,Central,SKU0061,Office,153,2,36,64
2025-02-19,WH_B,Central,SKU0062,Housewares,16,3,43,30
2025-02-19,WH_B,Central,SKU0063,Housewares,31,2,50,63
2025-02-19,WH_B,Central,SKU0064,Sports,42,2,36,103
2025-02-19,WH_B,Central,SKU0065,Sports,43,2,23,66
2025-02-19,WH_B,Central,SKU0066,Sports,60,1,41,102
2025-02-19,WH_B,Central,SKU0067,Hardware,130,1,45,70
2025-02-19,WH_B,Central,SKU0068,Electronics,120,4,49,73
2025-02-19,WH_B,Central,SKU0069,Hardware,63,5,27,116
2025-02-19,WH_B,Central,SKU0070,Hardware,240,3,45,78
2025-02-19,WH_B,Central,SKU0071,Hardware,280,4,30,72
2025-02-19,WH_B,Central,SKU0072,Office,58,3,33,83
2025-02-19,WH_B,Central,SKU0073,Office,38,4,34,46
2025-02-19,WH_B,Central,SKU0074,Hardware,189,3,25,32
2025-02-19,WH_B,Central,SKU0075,Sports,90,3,18,95
2025-02-19,WH_B,Central,SKU0076,Hardware,170,0,24,32
2025-02-19,WH_B,Central,SKU0077,Office,111,4,30,56
2025-02-19,WH_B,Central,SKU0078,Housewares,89,3,41,39
2025-02-19,WH_B,Central,SKU0079,Hardware,58,3,48,106
2025-02-19,WH_B,Central,SKU0080,Hardware,200,4,48,93
2025-02-19,WH_B,Central,SKU0081,Housewares,68,2,43,48
2025-02-19,WH_B,Central,SKU0082,Hardware,221,4,26,113
2025-02-19,WH_B,Central,SKU0083,Housewares,119,6,37,107
2025-02-19,WH_B,Central,SKU0084,Office,81,5,28,118
2025-02-19,WH_B,Central,SKU0085,Hardware,234,2,17,66
2025-02-19,WH_B,Central,SKU0086,Hardware,59,4,19,91
2025-02-19,WH_B,Central,SKU0087,Office,38,3,39,36
2025-02-19,WH_B,Central,SKU0088,Housewares,72,4,27,116
2025-02-19,WH_B,Central,SKU0089,Electronics,95,2,18,94
2025-02-19,WH_B,Central,SKU0090,Electronics,160,2,33,66
2025-02-19,WH_B,Central,SKU0091,Electronics,41,0,48,113
2025-02-19,WH_B,Central,SKU0092,Housewares,89,4,30,83
2025-02-19,WH_B,Central,SKU0093,Sports,189,2,42,36
2025-02-19,WH_B,Central,SKU0094,Hardware,257,3,26,116
2025-02-19,WH_B,Central,SKU0095,Electronics,15,0,27,41
2025-02-19,WH_B,Central,SKU0096,Hardware,103,1,45,100
2025-02-19,WH_B,Central,SKU0097,Office,168,3,18,50
2025-02-19,WH_B,Central,SKU0098,Housewares,211,1,19,34
2025-02-19,WH_B,Central,SKU0099,Office,172,2,30,83
2025-02-19,WH_B,Central,SKU0100,Office,157,2,41,93
2025-02-19,WH_C,West,SKU0001,Housewares,145,0,44,88
2025-02-19,WH_C,West,SKU0002,Electronics,109,2,41,73
2025-02-19,WH_C,West,SKU0003,Hardware,203,0,39,69
2025-02-19,WH_C,West,SKU0004,Hardware,152,2,37,68
2025-02-19,WH_C,West,SKU0005,Sports,83,2,18,56
2025-02-19,WH_C,West,SKU0006,Sports,68,0,47,44
2025-02-19,WH_C,West,SKU0007,Office,174,2,36,119
2025-02-19,WH_C,West,SKU0008,Electronics,115,3,27,75
2025-02-19,WH_C,West,SKU0009,Hardware,58,6,21,36
2025-02-19,WH_C,West,SKU0010,Electronics,76,5,39,109
2025-02-19,WH_C,West,SKU0011,Hardware,84,1,35,77
2025-02-19,WH_C,West,SKU0012,Housewares,78,2,30,36
2025-02-19,WH_C,West,SKU0013,Electronics,209,0,23,54
2025-02-19,WH_C,West,SKU0014,Electronics,281,4,30,54
2025-02-19,WH_C,West,SKU0015,Housewares,189,2,20,56
2025-02-19,WH_C,West,SKU0016,Housewares,101,2,19,69
2025-02-19,WH_C,West,SKU0017,Hardware,248,1,48,70
2025-02-19,WH_C,West,SKU0018,Housewares,118,0,16,89
2025-02-19,WH_C,West,SKU0019,Sports,31,5,24,78
2025-02-19,WH_C,West,SKU0020,Electronics,125,3,16,85
2025-02-19,WH_C,West,SKU0021,Sports,50,1,42,31
2025-02-19,WH_C,West,SKU0022,Sports,95,3,43,66
2025-02-19,WH_C,West,SKU0023,Hardware,61,1,35,110
2025-02-19,WH_C,West,SKU0024,Electronics,71,3,34,69
2025-02-19,WH_C,West,SKU0025,Office,142,6,45,85
2025-02-19,WH_C,West,SKU0026,Hardware,91,4,21,83
2025-02-19,WH_C,West,SKU0027,Electronics,129,4,50,61
2025-02-19,WH_C,West,SKU0028,Electronics,110,4,23,88
2025-02-19,WH_C,West,SKU0029,Sports,195,0,44,61
2025-02-19,WH_C,West,SKU0030,Housewares,32,2,26,104
2025-02-19,WH_C,West,SKU0031,Sports,115,3,18,85
2025-02-19,WH_C,West,SKU0032,Sports,180,5,35,91
2025-02-19,WH_C,West,SKU0033,Housewares,63,2,37,51
2025-02-19,WH_C,West,SKU0034,Office,172,1,17,50
2025-02-19,WH_C,West,SKU0035,Hardware,115,2,38,94
2025-02-19,WH_C,West,SKU0036,Housewares,181,0,28,88
2025-02-19,WH_C,West,SKU0037,Sports,142,5,22,50
2025-02-19,WH_C,West,SKU0038,Housewares,97,3,49,53
2025-02-19,WH_C,West,SKU0039,Office,170,6,31,97
2025-02-19,WH_C,West,SKU0040,Housewares,157,4,20,105
2025-02-19,WH_C,West,SKU0041,Sports,205,3,34,107
2025-02-19,WH_C,West,SKU0042,Electronics,168,2,20,79
2025-02-19,WH_C,West,SKU0043,Hardware,274,1,36,109
2025-02-19,WH_C,West,SKU0044,Hardware,234,3,19,120
2025-02-19,WH_C,West,SKU0045,Electronics,271,2,32,70
2025-02-19,WH_C,West,SKU0046,Hardware,175,7,33,68
2025-02-19,WH_C,West,SKU0047,Electronics,161,6,31,71
2025-02-19,WH_C,West,SKU0048,Hardware,75,4,30,104
2025-02-19,WH_C,West,SKU0049,Housewares,32,6,16,63
2025-02-19,WH_C,West,SKU0050,Hardware,45,2,38,51
2025-02-19,WH_C,West,SKU0051,Hardware,135,2,24,97
2025-02-19,WH_C,West,SKU0052,Hardware,175,2,46,98
2025-02-19,WH_C,West,SKU0053,Hardware,142,1,36,62
2025-02-19,WH_C,West,SKU0054,Office,130,2,15,38
2025-02-19,WH_C,West,SKU0055,Housewares,154,1,45,92
2025-02-19,WH_C,West,SKU0056,Housewares,168,2,37,35
2025-02-19,WH_C,West,SKU0057,Electronics,72,4,34,78
2025-02-19,WH_C,West,SKU0058,Sports,143,7,17,108
2025-02-19,WH_C,West,SKU0059,Electronics,271,4,29,84
2025-02-19,WH_C,West,SKU0060,Hardware,187,2,24,112
2025-02-19,WH_C,West,SKU0061,Office,104,0,17,46
2025-02-19,WH_C,West,SKU0062,Housewares,142,2,16,37
2025-02-19,WH_C,West,SKU0063,Housewares,190,8,34,115
2025-02-19,WH_C,West,SKU0064,Sports,44,7,44,91
2025-02-19,WH_C,West,SKU0065,Sports,42,1,46,60
2025-02-19,WH_C,West,SKU0066,Sports,89,2,42,35
2025-02-19,WH_C,West,SKU0067,Hardware,267,1,30,43
2025-02-19,WH_C,West,SKU0068,Electronics,170,3,21,58
2025-02-19,WH_C,West,SKU0069,Hardware,267,3,34,31
2025-02-19,WH_C,West,SKU0070,Hardware,201,4,23,117
2025-02-19,WH_C,West,SKU0071,Hardware,56,5,39,64
2025-02-19,WH_C,West,SKU0072,Office,90,4,45,71
2025-02-19,WH_C,West,SKU0073,Office,69,1,46,74
2025-02-19,WH_C,West,SKU0074,Hardware,126,3,26,94
2025-02-19,WH_C,West,SKU0075,Sports,199,0,27,46
2025-02-19,WH_C,West,SKU0076,Hardware,234,2,40,92
2025-02-19,WH_C,West,SKU0077,Office,206,0,47,73
2025-02-19,WH_C,West,SKU0078,Housewares,67,1,37,117
2025-02-19,WH_C,West,SKU0079,Hardware,60,2,42,80
2025-02-19,WH_C,West,SKU0080,Hardware,206,3,47,38
2025-02-19,WH_C,West,SKU0081,Housewares,118,0,37,89
2025-02-19,WH_C,West,SKU0082,Hardware,74,2,35,76
2025-02-19,WH_C,West,SKU0083,Housewares,131,3,41,40
2025-02-19,WH_C,West,SKU0084,Office,121,0,41,101
2025-02-19,WH_C,West,SKU0085,Hardware,243,4,34,35
2025-02-19,WH_C,West,SKU0086,Hardware,236,3,30,83
2025-02-19,WH_C,West,SKU0087,Office,90,5,39,62
2025-02-19,WH_C,West,SKU0088,Housewares,105,0,15,73
2025-02-19,WH_C,West,SKU0089,Electronics,248,0,38,70
2025-02-19,WH_C,West,SKU0090,Electronics,59,2,41,44
2025-02-19,WH_C,West,SKU0091,Electronics,36,2,29,56
2025-02-19,WH_C,West,SKU0092,Housewares,160,2,36,83
2025-02-19,WH_C,West,SKU0093,Sports,70,2,26,46
2025-02-19,WH_C,West,SKU0094,Hardware,116,3,38,39
2025-02-19,WH_C,West,SKU0095,Electronics,220,6,24,77
2025-02-19,WH_C,West,SKU0096,Hardware,167,6,40,38
2025-02-19,WH_C,West,SKU0097,Office,179,0,23,40
2025-02-19,WH_C,West,SKU0098,Housewares,44,1,42,102
2025-02-19,WH_C,West,SKU0099,Office,149,1,34,101
2025-02-19,WH_C,West,SKU0100,Office,180,2,39,104
2025-02-20,WH_A,East,SKU0001,Housewares,124,0,50,68
2025-02-20,WH_A,East,SKU0002,Electronics,209,3,45,103
2025-02-20,WH_A,East,SKU0003,Hardware,218,4,41,55
2025-02-20,WH_A,East,SKU0004,Hardware,45,2,42,58
2025-02-20,WH_A,East,SKU0005,Sports,34,2,37,50
2025-02-20,WH_A,East,SKU0006,Sports,143,0,18,63
2025-02-20,WH_A,East,SKU0007,Office,60,2,39,103
2025-02-20,WH_A,East,SKU0008,Electronics,61,4,26,74
2025-02-20,WH_A,East,SKU0009,Hardware,215,4,20,84
2025-02-20,WH_A,East,SKU0010,Electronics,123,1,23,60
2025-02-20,WH_A,East,SKU0011,Hardware,39,4,22,47
2025-02-20,WH_A,East,SKU0012,Housewares,139,2,33,81
2025-02-20,WH_A,East,SKU0013,Electronics,248,3,15,44
2025-02-20,WH_A,East,SKU0014,Electronics,212,0,39,56
2025-02-20,WH_A,East,SKU0015,Housewares,47,0,20,103
2025-02-20,WH_A,East,SKU0016,Housewares,147,4,42,61
2025-02-20,WH_A,East,SKU0017,Hardware,211,1,16,97
2025-02-20,WH_A,East,SKU0018,Housewares,106,2,37,58
2025-02-20,WH_A,East,SKU0019,Sports,109,4,15,83
2025-02-20,WH_A,East,SKU0020,Electronics,80,3,26,54
2025-02-20,WH_A,East,SKU0021,Sports,29,2,41,54
2025-02-20,WH_A,East,SKU0022,Sports,100,2,41,90
2025-02-20,WH_A,East,SKU0023,Hardware,92,3,37,92
2025-02-20,WH_A,East,SKU0024,Electronics,200,0,38,80
2025-02-20,WH_A,East,SKU0025,Office,162,3,33,51
2025-02-20,WH_A,East,SKU0026,Hardware,237,3,48,69
2025-02-20,WH_A,East,SKU0027,Electronics,53,0,15,68
2025-02-20,WH_A,East,SKU0028,Electronics,37,0,17,57
2025-02-20,WH_A,East,SKU0029,Sports,59,1,45,56
2025-02-20,WH_A,East,SKU0030,Housewares,18,6,28,46
2025-02-20,WH_A,East,SKU0031,Sports,101,4,48,52
2025-02-20,WH_A,East,SKU0032,Sports,134,4,34,118
2025-02-20,WH_A,East,SKU0033,Housewares,121,3,28,71
2025-02-20,WH_A,East,SKU0034,Office,63,3,29,73
2025-02-20,WH_A,East,SKU0035,Hardware,197,4,20,44
2025-02-20,WH_A,East,SKU0036,Housewares,150,2,47,118
2025-02-20,WH_A,East,SKU0037,Sports,61,3,15,61
2025-02-20,WH_A,East,SKU0038,Housewares,164,4,15,117
2025-02-20,WH_A,East,SKU0039,Office,115,5,36,94
2025-02-20,WH_A,East,SKU0040,Housewares,185,1,41,47
2025-02-20,WH_A,East,SKU0041,Sports,183,4,19,101
2025-02-20,WH_A,East,SKU0042,Electronics,144,1,27,113
2025-02-20,WH_A,East,SKU0043,Hardware,261,0,19,120
2025-02-20,WH_A,East,SKU0044,Hardware,55,0,21,113
2025-02-20,WH_A,East,SKU0045,Electronics,82,4,47,40
2025-02-20,WH_A,East,SKU0046,Hardware,200,5,46,107
2025-02-20,WH_A,East,SKU0047,Electronics,48,1,28,111
2025-02-20,WH_A,East,SKU0048,Hardware,168,2,42,79
2025-02-20,WH_A,East,SKU0049,Housewares,98,0,29,80
2025-02-20,WH_A,East,SKU0050,Hardware,258,2,34,91
2025-02-20,WH_A,East,SKU0051,Hardware,94,3,47,39
2025-02-20,WH_A,East,SKU0052,Hardware,242,4,30,50
2025-02-20,WH_A,East,SKU0053,Hardware,178,4,35,104
2025-02-20,WH_A,East,SKU0054,Office,161,2,32,73
2025-02-20,WH_A,East,SKU0055,Housewares,34,1,27,55
2025-02-20,WH_A,East,SKU0056,Housewares,185,3,46,108
2025-02-20,WH_A,East,SKU0057,Electronics,41,3,26,115
2025-02-20,WH_A,East,SKU0058,Sports,208,3,32,33
2025-02-20,WH_A,East,SKU0059,Electronics,109,1,46,76
2025-02-20,WH_A,East,SKU0060,Hardware,88,2,37,111
2025-02-20,WH_A,East,SKU0061,Office,206,2,27,115
2025-02-20,WH_A,East,SKU0062,Housewares,51,5,27,49
2025-02-20,WH_A,East,SKU0063,Housewares,98,3,36,46
2025-02-20,WH_A,East,SKU0064,Sports,197,0,43,118
2025-02-20,WH_A,East,SKU0065,Sports,97,2,41,87
2025-02-20,WH_A,East,SKU0066,Sports,36,3,36,36
2025-02-20,WH_A,East,SKU0067,Hardware,135,6,18,77
2025-02-20,WH_A,East,SKU0068,Electronics,174,4,47,88
2025-02-20,WH_A,East,SKU0069,Hardware,219,5,18,88
2025-02-20,WH_A,East,SKU0070,Hardware,36,4,23,119
2025-02-20,WH_A,East,SKU0071,Hardware,174,1,36,49
2025-02-20,WH_A,East,SKU0072,Office,89,0,33,99
2025-02-20,WH_A,East,SKU0073,Office,163,0,19,94
2025-02-20,WH_A,East,SKU0074,Hardware,163,5,25,106
2025-02-20,WH_A,East,SKU0075,Sports,127,6,30,94
2025-02-20,WH_A,East,SKU0076,Hardware,207,3,25,30
2025-02-20,WH_A,East,SKU0077,Office,23,5,35,45
2025-02-20,WH_A,East,SKU0078,Housewares,92,5,44,86
2025-02-20,WH_A,East,SKU0079,Hardware,218,5,41,64
2025-02-20,WH_A,East,SKU0080,Hardware,227,2,20,61
2025-02-20,WH_A,East,SKU0081,Housewares,115,4,20,82
2025-02-20,WH_A,East,SKU0082,Hardware,157,5,43,82
2025-02-20,WH_A,East,SKU0083,Housewares,119,0,23,95
2025-02-20,WH_A,East,SKU0084,Office,75,4,23,120
2025-02-20,WH_A,East,SKU0085,Hardware,162,3,21,102
2025-02-20,WH_A,East,SKU0086,Hardware,260,4,35,114
2025-02-20,WH_A,East,SKU0087,Office,84,3,16,46
2025-02-20,WH_A,East,SKU0088,Housewares,164,2,34,101
2025-02-20,WH_A,East,SKU0089,Electronics,123,8,33,54
2025-02-20,WH_A,East,SKU0090,Electronics,260,2,31,70
2025-02-20,WH_A,East,SKU0091,Electronics,185,1,45,82
2025-02-20,WH_A,East,SKU0092,Housewares,129,4,19,60
2025-02-20,WH_A,East,SKU0093,Sports,157,5,49,85
2025-02-20,WH_A,East,SKU0094,Hardware,157,2,36,32
2025-02-20,WH_A,East,SKU0095,Electronics,23,4,20,119
2025-02-20,WH_A,East,SKU0096,Hardware,161,3,37,81
2025-02-20,WH_A,East,SKU0097,Office,128,4,47,54
2025-02-20,WH_A,East,SKU0098,Housewares,59,2,28,102
2025-02-20,WH_A,East,SKU0099,Office,185,5,38,105
2025-02-20,WH_A,East,SKU0100,Office,74,3,39,31
2025-02-20,WH_B,Central,SKU0001,Housewares,22,2,33,41
2025-02-20,WH_B,Central,SKU0002,Electronics,80,1,44,33
2025-02-20,WH_B,Central,SKU0003,Hardware,183,4,39,43
2025-02-20,WH_B,Central,SKU0004,Hardware,232,5,35,115
2025-02-20,WH_B,Central,SKU0005,Sports,67,2,41,34
2025-02-20,WH_B,Central,SKU0006,Sports,200,1,48,93
2025-02-20,WH_B,Central,SKU0007,Office,163,1,17,86
2025-02-20,WH_B,Central,SKU0008,Electronics,88,1,15,115
2025-02-20,WH_B,Central,SKU0009,Hardware,98,7,16,58
2025-02-20,WH_B,Central,SKU0010,Electronics,253,5,28,100
2025-02-20,WH_B,Central,SKU0011,Hardware,219,5,21,38
2025-02-20,WH_B,Central,SKU0012,Housewares,58,0,15,103
2025-02-20,WH_B,Central,SKU0013,Electronics,213,2,42,80
2025-02-20,WH_B,Central,SKU0014,Electronics,201,5,42,58
2025-02-20,WH_B,Central,SKU0015,Housewares,133,5,25,32
2025-02-20,WH_B,Central,SKU0016,Housewares,66,2,43,58
2025-02-20,WH_B,Central,SKU0017,Hardware,143,0,31,94
2025-02-20,WH_B,Central,SKU0018,Housewares,77,2,39,76
2025-02-20,WH_B,Central,SKU0019,Sports,140,1,45,30
2025-02-20,WH_B,Central,SKU0020,Electronics,196,4,21,104
2025-02-20,WH_B,Central,SKU0021,Sports,166,2,15,74
2025-02-20,WH_B,Central,SKU0022,Sports,118,4,35,92
2025-02-20,WH_B,Central,SKU0023,Hardware,136,2,27,105
2025-02-20,WH_B,Central,SKU0024,Electronics,163,5,46,91
2025-02-20,WH_B,Central,SKU0025,Office,27,0,35,63
2025-02-20,WH_B,Central,SKU0026,Hardware,152,3,43,55
2025-02-20,WH_B,Central,SKU0027,Electronics,229,6,30,39
2025-02-20,WH_B,Central,SKU0028,Electronics,158,2,31,106
2025-02-20,WH_B,Central,SKU0029,Sports,22,1,36,64
2025-02-20,WH_B,Central,SKU0030,Housewares,105,3,50,113
2025-02-20,WH_B,Central,SKU0031,Sports,148,3,46,60
2025-02-20,WH_B,Central,SKU0032,Sports,187,3,18,75
2025-02-20,WH_B,Central,SKU0033,Housewares,167,1,47,84
2025-02-20,WH_B,Central,SKU0034,Office,151,0,22,37
2025-02-20,WH_B,Central,SKU0035,Hardware,83,3,36,57
2025-02-20,WH_B,Central,SKU0036,Housewares,39,3,23,105
2025-02-20,WH_B,Central,SKU0037,Sports,63,0,42,83
2025-02-20,WH_B,Central,SKU0038,Housewares,55,2,35,64
2025-02-20,WH_B,Central,SKU0039,Office,147,1,47,36
2025-02-20,WH_B,Central,SKU0040,Housewares,188,3,17,102
2025-02-20,WH_B,Central,SKU0041,Sports,100,6,48,36
2025-02-20,WH_B,Central,SKU0042,Electronics,145,4,15,41
2025-02-20,WH_B,Central,SKU0043,Hardware,131,0,39,45
2025-02-20,WH_B,Central,SKU0044,Hardware,131,1,44,31
2025-02-20,WH_B,Central,SKU0045,Electronics,39,2,16,39
2025-02-20,WH_B,Central,SKU0046,Hardware,241,3,18,34
2025-02-20,WH_B,Central,SKU0047,Electronics,200,2,28,96
2025-02-20,WH_B,Central,SKU0048,Hardware,211,3,35,62
2025-02-20,WH_B,Central,SKU0049,Housewares,122,5,43,120
2025-02-20,WH_B,Central,SKU0050,Hardware,118,0,34,93
2025-02-20,WH_B,Central,SKU0051,Hardware,127,2,30,81
2025-02-20,WH_B,Central,SKU0052,Hardware,253,2,29,103
2025-02-20,WH_B,Central,SKU0053,Hardware,244,3,17,100
2025-02-20,WH_B,Central,SKU0054,Office,178,2,32,43
2025-02-20,WH_B,Central,SKU0055,Housewares,70,4,21,103
2025-02-20,WH_B,Central,SKU0056,Housewares,146,2,35,103
2025-02-20,WH_B,Central,SKU0057,Electronics,157,5,46,38
2025-02-20,WH_B,Central,SKU0058,Sports,156,0,29,48
2025-02-20,WH_B,Central,SKU0059,Electronics,56,6,27,31
2025-02-20,WH_B,Central,SKU0060,Hardware,163,4,33,46
2025-02-20,WH_B,Central,SKU0061,Office,189,6,49,111
2025-02-20,WH_B,Central,SKU0062,Housewares,72,4,26,75
2025-02-20,WH_B,Central,SKU0063,Housewares,176,2,19,43
2025-02-20,WH_B,Central,SKU0064,Sports,49,2,17,55
2025-02-20,WH_B,Central,SKU0065,Sports,105,2,34,31
2025-02-20,WH_B,Central,SKU0066,Sports,147,4,33,51
2025-02-20,WH_B,Central,SKU0067,Hardware,254,6,33,38
2025-02-20,WH_B,Central,SKU0068,Electronics,89,5,35,102
2025-02-20,WH_B,Central,SKU0069,Hardware,169,4,17,117
2025-02-20,WH_B,Central,SKU0070,Hardware,119,5,23,61
2025-02-20,WH_B,Central,SKU0071,Hardware,211,1,49,120
2025-02-20,WH_B,Central,SKU0072,Office,139,3,41,89
2025-02-20,WH_B,Central,SKU0073,Office,121,2,42,34
2025-02-20,WH_B,Central,SKU0074,Hardware,268,8,39,51
2025-02-20,WH_B,Central,SKU0075,Sports,155,3,35,39
2025-02-20,WH_B,Central,SKU0076,Hardware,99,5,34,32
2025-02-20,WH_B,Central,SKU0077,Office,193,0,28,102
2025-02-20,WH_B,Central,SKU0078,Housewares,169,0,45,100
2025-02-20,WH_B,Central,SKU0079,Hardware,131,4,49,89
2025-02-20,WH_B,Central,SKU0080,Hardware,124,1,33,115
2025-02-20,WH_B,Central,SKU0081,Housewares,207,4,27,32
2025-02-20,WH_B,Central,SKU0082,Hardware,224,2,21,95
2025-02-20,WH_B,Central,SKU0083,Housewares,73,3,41,60
2025-02-20,WH_B,Central,SKU0084,Office,51,1,28,111
2025-02-20,WH_B,Central,SKU0085,Hardware,254,3,43,120
2025-02-20,WH_B,Central,SKU0086,Hardware,36,4,26,79
2025-02-20,WH_B,Central,SKU0087,Office,131,1,30,95
2025-02-20,WH_B,Central,SKU0088,Housewares,68,4,15,90
2025-02-20,WH_B,Central,SKU0089,Electronics,68,3,37,69
2025-02-20,WH_B,Central,SKU0090,Electronics,225,7,20,100
2025-02-20,WH_B,Central,SKU0091,Electronics,145,3,22,58
2025-02-20,WH_B,Central,SKU0092,Housewares,74,2,21,39
2025-02-20,WH_B,Central,SKU0093,Sports,126,5,47,83
2025-02-20,WH_B,Central,SKU0094,Hardware,55,2,36,86
2025-02-20,WH_B,Central,SKU0095,Electronics,178,3,40,87
2025-02-20,WH_B,Central,SKU0096,Hardware,199,2,19,105
2025-02-20,WH_B,Central,SKU0097,Office,41,3,50,100
2025-02-20,WH_B,Central,SKU0098,Housewares,177,5,23,34
2025-02-20,WH_B,Central,SKU0099,Office,76,2,18,49
2025-02-20,WH_B,Central,SKU0100,Office,139,5,43,70
2025-02-20,WH_C,West,SKU0001,Housewares,140,3,32,34
2025-02-20,WH_C,West,SKU0002,Electronics,142,0,47,109
2025-02-20,WH_C,West,SKU0003,Hardware,88,4,30,116
2025-02-20,WH_C,West,SKU0004,Hardware,35,0,28,83
2025-02-20,WH_C,West,SKU0005,Sports,27,1,39,86
2025-02-20,WH_C,West,SKU0006,Sports,139,4,48,91
2025-02-20,WH_C,West,SKU0007,Office,55,5,25,64
2025-02-20,WH_C,West,SKU0008,Electronics,240,4,45,114
2025-02-20,WH_C,West,SKU0009,Hardware,83,2,39,71
2025-02-20,WH_C,West,SKU0010,Electronics,146,3,44,38
2025-02-20,WH_C,West,SKU0011,Hardware,82,2,40,66
2025-02-20,WH_C,West,SKU0012,Housewares,181,0,41,91
2025-02-20,WH_C,West,SKU0013,Electronics,107,0,38,42
2025-02-20,WH_C,West,SKU0014,Electronics,302,3,34,70
2025-02-20,WH_C,West,SKU0015,Housewares,75,3,43,75
2025-02-20,WH_C,West,SKU0016,Housewares,67,1,37,86
2025-02-20,WH_C,West,SKU0017,Hardware,129,2,34,116
2025-02-20,WH_C,West,SKU0018,Housewares,144,2,49,48
2025-02-20,WH_C,West,SKU0019,Sports,105,1,23,83
2025-02-20,WH_C,West,SKU0020,Electronics,287,4,18,120
2025-02-20,WH_C,West,SKU0021,Sports,35,0,48,76
2025-02-20,WH_C,West,SKU0022,Sports,39,4,21,44
2025-02-20,WH_C,West,SKU0023,Hardware,144,2,42,90
2025-02-20,WH_C,West,SKU0024,Electronics,110,1,29,99
2025-02-20,WH_C,West,SKU0025,Office,103,0,19,70
2025-02-20,WH_C,West,SKU0026,Hardware,187,5,42,66
2025-02-20,WH_C,West,SKU0027,Electronics,170,4,46,34
2025-02-20,WH_C,West,SKU0028,Electronics,268,0,38,37
2025-02-20,WH_C,West,SKU0029,Sports,180,5,41,98
2025-02-20,WH_C,West,SKU0030,Housewares,12,2,49,55
2025-02-20,WH_C,West,SKU0031,Sports,169,4,28,38
2025-02-20,WH_C,West,SKU0032,Sports,169,4,29,63
2025-02-20,WH_C,West,SKU0033,Housewares,130,5,35,119
2025-02-20,WH_C,West,SKU0034,Office,14,2,26,92
2025-02-20,WH_C,West,SKU0035,Hardware,120,3,47,84
2025-02-20,WH_C,West,SKU0036,Housewares,30,5,30,110
2025-02-20,WH_C,West,SKU0037,Sports,103,1,37,78
2025-02-20,WH_C,West,SKU0038,Housewares,66,3,30,56
2025-02-20,WH_C,West,SKU0039,Office,152,2,24,61
2025-02-20,WH_C,West,SKU0040,Housewares,109,1,38,47
2025-02-20,WH_C,West,SKU0041,Sports,86,2,35,87
2025-02-20,WH_C,West,SKU0042,Electronics,77,4,36,39
2025-02-20,WH_C,West,SKU0043,Hardware,152,4,36,90
2025-02-20,WH_C,West,SKU0044,Hardware,225,3,23,81
2025-02-20,WH_C,West,SKU0045,Electronics,100,0,49,99
2025-02-20,WH_C,West,SKU0046,Hardware,32,2,27,51
2025-02-20,WH_C,West,SKU0047,Electronics,128,2,24,89
2025-02-20,WH_C,West,SKU0048,Hardware,66,4,39,44
2025-02-20,WH_C,West,SKU0049,Housewares,160,2,48,115
2025-02-20,WH_C,West,SKU0050,Hardware,148,3,25,118
2025-02-20,WH_C,West,SKU0051,Hardware,206,5,39,104
2025-02-20,WH_C,West,SKU0052,Hardware,195,2,31,91
2025-02-20,WH_C,West,SKU0053,Hardware,185,2,26,57
2025-02-20,WH_C,West,SKU0054,Office,176,3,45,33
2025-02-20,WH_C,West,SKU0055,Housewares,89,4,50,74
2025-02-20,WH_C,West,SKU0056,Housewares,191,8,32,90
2025-02-20,WH_C,West,SKU0057,Electronics,220,1,43,118
2025-02-20,WH_C,West,SKU0058,Sports,68,6,41,97
2025-02-20,WH_C,West,SKU0059,Electronics,52,6,27,45
2025-02-20,WH_C,West,SKU0060,Hardware,232,2,24,52
2025-02-20,WH_C,West,SKU0061,Office,167,1,32,41
2025-02-20,WH_C,West,SKU0062,Housewares,57,4,29,47
2025-02-20,WH_C,West,SKU0063,Housewares,164,0,15,80
2025-02-20,WH_C,West,SKU0064,Sports,68,2,37,60
2025-02-20,WH_C,West,SKU0065,Sports,196,2,31,42
2025-02-20,WH_C,West,SKU0066,Sports,135,6,38,65
2025-02-20,WH_C,West,SKU0067,Hardware,161,2,38,65
2025-02-20,WH_C,West,SKU0068,Electronics,45,1,49,108
2025-02-20,WH_C,West,SKU0069,Hardware,60,3,35,98
2025-02-20,WH_C,West,SKU0070,Hardware,224,3,30,40
2025-02-20,WH_C,West,SKU0071,Hardware,119,3,15,36
2025-02-20,WH_C,West,SKU0072,Office,70,2,37,81
2025-02-20,WH_C,West,SKU0073,Office,75,4,16,55
2025-02-20,WH_C,West,SKU0074,Hardware,97,2,47,49
2025-02-20,WH_C,West,SKU0075,Sports,119,3,45,54
2025-02-20,WH_C,West,SKU0076,Hardware,164,1,34,108
2025-02-20,WH_C,West,SKU0077,Office,30,5,34,87
2025-02-20,WH_C,West,SKU0078,Housewares,164,1,49,78
2025-02-20,WH_C,West,SKU0079,Hardware,162,3,43,42
2025-02-20,WH_C,West,SKU0080,Hardware,187,7,47,104
2025-02-20,WH_C,West,SKU0081,Housewares,132,0,23,41
2025-02-20,WH_C,West,SKU0082,Hardware,97,3,24,76
2025-02-20,WH_C,West,SKU0083,Housewares,47,2,48,83
2025-02-20,WH_C,West,SKU0084,Office,59,0,49,82
2025-02-20,WH_C,West,SKU0085,Hardware,225,9,35,79
2025-02-20,WH_C,West,SKU0086,Hardware,129,3,28,68
2025-02-20,WH_C,West,SKU0087,Office,126,0,39,36
2025-02-20,WH_C,West,SKU0088,Housewares,199,3,48,98
2025-02-20,WH_C,West,SKU0089,Electronics,65,6,28,32
2025-02-20,WH_C,West,SKU0090,Electronics,237,3,25,76
2025-02-20,WH_C,West,SKU0091,Electronics,218,3,43,52
2025-02-20,WH_C,West,SKU0092,Housewares,157,3,33,80
2025-02-20,WH_C,West,SKU0093,Sports,149,5,28,80
2025-02-20,WH_C,West,SKU0094,Hardware,122,1,19,80
2025-02-20,WH_C,West,SKU0095,Electronics,93,3,30,32
2025-02-20,WH_C,West,SKU0096,Hardware,217,1,33,79
2025-02-20,WH_C,West,SKU0097,Office,34,4,21,90
2025-02-20,WH_C,West,SKU0098,Housewares,72,2,40,49
2025-02-20,WH_C,West,SKU0099,Office,155,3,15,60
2025-02-20,WH_C,West,SKU0100,Office,73,1,40,69
2025-02-21,WH_A,East,SKU0001,Housewares,165,4,18,95
2025-02-21,WH_A,East,SKU0002,Electronics,120,0,46,66
2025-02-21,WH_A,East,SKU0003,Hardware,232,5,20,110
2025-02-21,WH_A,East,SKU0004,Hardware,32,2,42,60
2025-02-21,WH_A,East,SKU0005,Sports,91,0,29,117
2025-02-21,WH_A,East,SKU0006,Sports,25,0,29,42
2025-02-21,WH_A,East,SKU0007,Office,24,2,21,79
2025-02-21,WH_A,East,SKU0008,Electronics,163,0,30,78
2025-02-21,WH_A,East,SKU0009,Hardware,181,7,26,48
2025-02-21,WH_A,East,SKU0010,Electronics,223,5,32,76
2025-02-21,WH_A,East,SKU0011,Hardware,149,1,34,39
2025-02-21,WH_A,East,SKU0012,Housewares,97,5,15,98
2025-02-21,WH_A,East,SKU0013,Electronics,263,3,36,88
2025-02-21,WH_A,East,SKU0014,Electronics,253,7,39,49
2025-02-21,WH_A,East,SKU0015,Housewares,69,2,37,39
2025-02-21,WH_A,East,SKU0016,Housewares,45,0,15,95
2025-02-21,WH_A,East,SKU0017,Hardware,162,6,48,84
2025-02-21,WH_A,East,SKU0018,Housewares,40,7,17,78
2025-02-21,WH_A,East,SKU0019,Sports,132,2,17,114
2025-02-21,WH_A,East,SKU0020,Electronics,58,3,26,79
2025-02-21,WH_A,East,SKU0021,Sports,29,0,33,83
2025-02-21,WH_A,East,SKU0022,Sports,162,5,16,111
2025-02-21,WH_A,East,SKU0023,Hardware,81,5,43,63
2025-02-21,WH_A,East,SKU0024,Electronics,268,4,36,55
2025-02-21,WH_A,East,SKU0025,Office,155,1,21,78
2025-02-21,WH_A,East,SKU0026,Hardware,69,0,34,65
2025-02-21,WH_A,East,SKU0027,Electronics,49,0,16,83
2025-02-21,WH_A,East,SKU0028,Electronics,177,3,46,99
2025-02-21,WH_A,East,SKU0029,Sports,138,2,33,70
2025-02-21,WH_A,East,SKU0030,Housewares,159,2,29,48
2025-02-21,WH_A,East,SKU0031,Sports,29,0,42,74
2025-02-21,WH_A,East,SKU0032,Sports,16,4,26,117
2025-02-21,WH_A,East,SKU0033,Housewares,85,2,24,57
2025-02-21,WH_A,East,SKU0034,Office,149,2,27,74
2025-02-21,WH_A,East,SKU0035,Hardware,110,3,31,31
2025-02-21,WH_A,East,SKU0036,Housewares,122,1,19,38
2025-02-21,WH_A,East,SKU0037,Sports,194,3,15,117
2025-02-21,WH_A,East,SKU0038,Housewares,144,7,25,108
2025-02-21,WH_A,East,SKU0039,Office,151,3,38,33
2025-02-21,WH_A,East,SKU0040,Housewares,60,2,30,114
2025-02-21,WH_A,East,SKU0041,Sports,177,3,16,74
2025-02-21,WH_A,East,SKU0042,Electronics,259,3,16,84
2025-02-21,WH_A,East,SKU0043,Hardware,184,4,43,42
2025-02-21,WH_A,East,SKU0044,Hardware,117,2,49,73
2025-02-21,WH_A,East,SKU0045,Electronics,101,0,29,114
2025-02-21,WH_A,East,SKU0046,Hardware,112,1,22,93
2025-02-21,WH_A,East,SKU0047,Electronics,46,2,31,88
2025-02-21,WH_A,East,SKU0048,Hardware,231,6,35,75
2025-02-21,WH_A,East,SKU0049,Housewares,81,8,19,51
2025-02-21,WH_A,East,SKU0050,Hardware,230,7,50,118
2025-02-21,WH_A,East,SKU0051,Hardware,95,3,33,104
2025-02-21,WH_A,East,SKU0052,Hardware,106,5,25,30
2025-02-21,WH_A,East,SKU0053,Hardware,98,7,47,115
2025-02-21,WH_A,East,SKU0054,Office,155,1,19,75
2025-02-21,WH_A,East,SKU0055,Housewares,180,6,26,36
2025-02-21,WH_A,East,SKU0056,Housewares,164,1,37,47
2025-02-21,WH_A,East,SKU0057,Electronics,43,2,43,80
2025-02-21,WH_A,East,SKU0058,Sports,149,2,15,45
2025-02-21,WH_A,East,SKU0059,Electronics,73,0,41,107
2025-02-21,WH_A,East,SKU0060,Hardware,200,1,25,72
2025-02-21,WH_A,East,SKU0061,Office,45,2,35,37
2025-02-21,WH_A,East,SKU0062,Housewares,130,4,29,47
2025-02-21,WH_A,East,SKU0063,Housewares,87,2,19,59
2025-02-21,WH_A,East,SKU0064,Sports,174,1,33,60
2025-02-21,WH_A,East,SKU0065,Sports,16,2,30,118
2025-02-21,WH_A,East,SKU0066,Sports,72,1,38,35
2025-02-21,WH_A,East,SKU0067,Hardware,89,6,46,62
2025-02-21,WH_A,East,SKU0068,Electronics,241,3,40,49
2025-02-21,WH_A,East,SKU0069,Hardware,113,1,50,59
2025-02-21,WH_A,East,SKU0070,Hardware,198,1,33,67
2025-02-21,WH_A,East,SKU0071,Hardware,48,4,29,91
2025-02-21,WH_A,East,SKU0072,Office,192,2,40,75
2025-02-21,WH_A,East,SKU0073,Office,95,3,28,106
2025-02-21,WH_A,East,SKU0074,Hardware,237,0,32,49
2025-02-21,WH_A,East,SKU0075,Sports,154,0,37,97
2025-02-21,WH_A,East,SKU0076,Hardware,39,3,27,58
2025-02-21,WH_A,East,SKU0077,Office,15,3,48,82
2025-02-21,WH_A,East,SKU0078,Housewares,168,0,31,42
2025-02-21,WH_A,East,SKU0079,Hardware,123,4,50,82
2025-02-21,WH_A,East,SKU0080,Hardware,275,1,30,46
2025-02-21,WH_A,East,SKU0081,Housewares,184,3,17,95
2025-02-21,WH_A,East,SKU0082,Hardware,143,2,16,72
2025-02-21,WH_A,East,SKU0083,Housewares,32,3,32,115
2025-02-21,WH_A,East,SKU0084,Office,157,1,46,114
2025-02-21,WH_A,East,SKU0085,Hardware,63,6,36,104
2025-02-21,WH_A,East,SKU0086,Hardware,39,3,35,45
2025-02-21,WH_A,East,SKU0087,Office,173,1,23,57
2025-02-21,WH_A,East,SKU0088,Housewares,138,4,46,51
2025-02-21,WH_A,East,SKU0089,Electronics,76,0,18,108
2025-02-21,WH_A,East,SKU0090,Electronics,38,1,45,62
2025-02-21,WH_A,East,SKU0091,Electronics,128,1,31,90
2025-02-21,WH_A,East,SKU0092,Housewares,172,3,29,102
2025-02-21,WH_A,East,SKU0093,Sports,55,4,19,90
2025-02-21,WH_A,East,SKU0094,Hardware,78,2,46,62
2025-02-21,WH_A,East,SKU0095,Electronics,31,2,16,55
2025-02-21,WH_A,East,SKU0096,Hardware,105,4,37,80
2025-02-21,WH_A,East,SKU0097,Office,154,0,47,118
2025-02-21,WH_A,East,SKU0098,Housewares,95,2,48,80
2025-02-21,WH_A,East,SKU0099,Office,83,0,46,56
2025-02-21,WH_A,East,SKU0100,Office,134,3,33,65
2025-02-21,WH_B,Central,SKU0001,Housewares,180,4,39,81
2025-02-21,WH_B,Central,SKU0002,Electronics,168,2,15,86
2025-02-21,WH_B,Central,SKU0003,Hardware,92,4,29,80
2025-02-21,WH_B,Central,SKU0004,Hardware,164,4,18,67
2025-02-21,WH_B,Central,SKU0005,Sports,136,2,31,43
2025-02-21,WH_B,Central,SKU0006,Sports,36,2,15,101
2025-02-21,WH_B,Central,SKU0007,Office,64,3,49,30
2025-02-21,WH_B,Central,SKU0008,Electronics,97,4,42,96
2025-02-21,WH_B,Central,SKU0009,Hardware,244,1,28,94
2025-02-21,WH_B,Central,SKU0010,Electronics,256,0,24,75
2025-02-21,WH_B,Central,SKU0011,Hardware,76,1,49,116
2025-02-21,WH_B,Central,SKU0012,Housewares,178,1,33,30
2025-02-21,WH_B,Central,SKU0013,Electronics,128,2,28,104
2025-02-21,WH_B,Central,SKU0014,Electronics,119,0,38,44
2025-02-21,WH_B,Central,SKU0015,Housewares,116,3,16,47
2025-02-21,WH_B,Central,SKU0016,Housewares,134,0,36,91
2025-02-21,WH_B,Central,SKU0017,Hardware,190,2,38,46
2025-02-21,WH_B,Central,SKU0018,Housewares,191,1,42,83
2025-02-21,WH_B,Central,SKU0019,Sports,159,4,33,101
2025-02-21,WH_B,Central,SKU0020,Electronics,40,6,28,115
2025-02-21,WH_B,Central,SKU0021,Sports,51,3,42,55
2025-02-21,WH_B,Central,SKU0022,Sports,120,5,45,96
2025-02-21,WH_B,Central,SKU0023,Hardware,65,0,44,70
2025-02-21,WH_B,Central,SKU0024,Electronics,74,4,31,112
2025-02-21,WH_B,Central,SKU0025,Office,170,2,19,61
2025-02-21,WH_B,Central,SKU0026,Hardware,140,3,30,92
2025-02-21,WH_B,Central,SKU0027,Electronics,179,3,32,50
2025-02-21,WH_B,Central,SKU0028,Electronics,233,3,47,59
2025-02-21,WH_B,Central,SKU0029,Sports,183,2,29,31
2025-02-21,WH_B,Central,SKU0030,Housewares,85,4,37,60
2025-02-21,WH_B,Central,SKU0031,Sports,172,3,38,47
2025-02-21,WH_B,Central,SKU0032,Sports,179,5,40,35
2025-02-21,WH_B,Central,SKU0033,Housewares,149,2,49,74
2025-02-21,WH_B,Central,SKU0034,Office,62,3,26,106
2025-02-21,WH_B,Central,SKU0035,Hardware,216,1,44,60
2025-02-21,WH_B,Central,SKU0036,Housewares,93,1,16,41
2025-02-21,WH_B,Central,SKU0037,Sports,44,1,31,109
2025-02-21,WH_B,Central,SKU0038,Housewares,189,4,46,68
2025-02-21,WH_B,Central,SKU0039,Office,142,1,36,64
2025-02-21,WH_B,Central,SKU0040,Housewares,169,2,27,116
2025-02-21,WH_B,Central,SKU0041,Sports,179,4,43,89
2025-02-21,WH_B,Central,SKU0042,Electronics,42,1,32,105
2025-02-21,WH_B,Central,SKU0043,Hardware,269,4,17,103
2025-02-21,WH_B,Central,SKU0044,Hardware,176,7,44,98
2025-02-21,WH_B,Central,SKU0045,Electronics,59,2,34,76
2025-02-21,WH_B,Central,SKU0046,Hardware,189,4,36,103
2025-02-21,WH_B,Central,SKU0047,Electronics,204,2,43,59
2025-02-21,WH_B,Central,SKU0048,Hardware,246,2,39,42
2025-02-21,WH_B,Central,SKU0049,Housewares,42,0,27,117
2025-02-21,WH_B,Central,SKU0050,Hardware,131,1,16,73
2025-02-21,WH_B,Central,SKU0051,Hardware,195,2,28,81
2025-02-21,WH_B,Central,SKU0052,Hardware,215,4,21,36
2025-02-21,WH_B,Central,SKU0053,Hardware,212,1,16,67
2025-02-21,WH_B,Central,SKU0054,Office,49,1,46,70
2025-02-21,WH_B,Central,SKU0055,Housewares,123,0,32,57
2025-02-21,WH_B,Central,SKU0056,Housewares,23,3,45,50
2025-02-21,WH_B,Central,SKU0057,Electronics,64,6,47,114
2025-02-21,WH_B,Central,SKU0058,Sports,175,2,44,114
2025-02-21,WH_B,Central,SKU0059,Electronics,182,5,19,116
2025-02-21,WH_B,Central,SKU0060,Hardware,182,5,21,79
2025-02-21,WH_B,Central,SKU0061,Office,104,2,47,89
2025-02-21,WH_B,Central,SKU0062,Housewares,64,3,29,82
2025-02-21,WH_B,Central,SKU0063,Housewares,80,5,34,38
2025-02-21,WH_B,Central,SKU0064,Sports,36,5,17,63
2025-02-21,WH_B,Central,SKU0065,Sports,138,3,36,86
2025-02-21,WH_B,Central,SKU0066,Sports,158,0,41,87
2025-02-21,WH_B,Central,SKU0067,Hardware,46,0,24,79
2025-02-21,WH_B,Central,SKU0068,Electronics,144,1,45,118
2025-02-21,WH_B,Central,SKU0069,Hardware,73,5,50,38
2025-02-21,WH_B,Central,SKU0070,Hardware,213,4,24,105
2025-02-21,WH_B,Central,SKU0071,Hardware,61,0,25,92
2025-02-21,WH_B,Central,SKU0072,Office,156,4,49,95
2025-02-21,WH_B,Central,SKU0073,Office,99,3,25,63
2025-02-21,WH_B,Central,SKU0074,Hardware,224,1,19,109
2025-02-21,WH_B,Central,SKU0075,Sports,127,7,16,111
2025-02-21,WH_B,Central,SKU0076,Hardware,207,4,33,42
2025-02-21,WH_B,Central,SKU0077,Office,194,2,37,116
2025-02-21,WH_B,Central,SKU0078,Housewares,173,1,36,77
2025-02-21,WH_B,Central,SKU0079,Hardware,85,3,44,59
2025-02-21,WH_B,Central,SKU0080,Hardware,64,4,32,57
2025-02-21,WH_B,Central,SKU0081,Housewares,121,1,41,56
2025-02-21,WH_B,Central,SKU0082,Hardware,81,6,48,71
2025-02-21,WH_B,Central,SKU0083,Housewares,116,1,40,93
2025-02-21,WH_B,Central,SKU0084,Office,41,2,46,45
2025-02-21,WH_B,Central,SKU0085,Hardware,177,1,31,62
2025-02-21,WH_B,Central,SKU0086,Hardware,212,8,21,64
2025-02-21,WH_B,Central,SKU0087,Office,112,1,15,30
2025-02-21,WH_B,Central,SKU0088,Housewares,52,4,32,34
2025-02-21,WH_B,Central,SKU0089,Electronics,190,1,38,82
2025-02-21,WH_B,Central,SKU0090,Electronics,38,2,24,60
2025-02-21,WH_B,Central,SKU0091,Electronics,51,2,18,84
2025-02-21,WH_B,Central,SKU0092,Housewares,99,5,17,86
2025-02-21,WH_B,Central,SKU0093,Sports,168,4,46,50
2025-02-21,WH_B,Central,SKU0094,Hardware,215,5,41,97
2025-02-21,WH_B,Central,SKU0095,Electronics,76,3,26,101
2025-02-21,WH_B,Central,SKU0096,Hardware,211,3,36,69
2025-02-21,WH_B,Central,SKU0097,Office,57,0,44,56
2025-02-21,WH_B,Central,SKU0098,Housewares,79,4,31,105
2025-02-21,WH_B,Central,SKU0099,Office,138,2,24,77
2025-02-21,WH_B,Central,SKU0100,Office,34,4,45,118
2025-02-21,WH_C,West,SKU0001,Housewares,55,4,41,82
2025-02-21,WH_C,West,SKU0002,Electronics,242,5,35,65
2025-02-21,WH_C,West,SKU0003,Hardware,187,1,38,95
2025-02-21,WH_C,West,SKU0004,Hardware,209,2,50,119
2025-02-21,WH_C,West,SKU0005,Sports,186,4,30,115
2025-02-21,WH_C,West,SKU0006,Sports,128,0,19,37
2025-02-21,WH_C,West,SKU0007,Office,210,1,35,54
2025-02-21,WH_C,West,SKU0008,Electronics,246,3,24,75
2025-02-21,WH_C,West,SKU0009,Hardware,247,4,18,85
2025-02-21,WH_C,West,SKU0010,Electronics,271,0,46,88
2025-02-21,WH_C,West,SKU0011,Hardware,59,0,50,71
2025-02-21,WH_C,West,SKU0012,Housewares,73,1,40,30
2025-02-21,WH_C,West,SKU0013,Electronics,254,2,21,90
2025-02-21,WH_C,West,SKU0014,Electronics,122,0,29,119
2025-02-21,WH_C,West,SKU0015,Housewares,50,2,31,37
2025-02-21,WH_C,West,SKU0016,Housewares,78,5,37,78
2025-02-21,WH_C,West,SKU0017,Hardware,45,3,17,67
2025-02-21,WH_C,West,SKU0018,Housewares,51,6,27,42
2025-02-21,WH_C,West,SKU0019,Sports,132,1,40,93
2025-02-21,WH_C,West,SKU0020,Electronics,198,4,37,48
2025-02-21,WH_C,West,SKU0021,Sports,130,3,15,86
2025-02-21,WH_C,West,SKU0022,Sports,61,1,24,87
2025-02-21,WH_C,West,SKU0023,Hardware,226,5,44,43
2025-02-21,WH_C,West,SKU0024,Electronics,181,1,42,57
2025-02-21,WH_C,West,SKU0025,Office,111,4,15,82
2025-02-21,WH_C,West,SKU0026,Hardware,133,5,26,119
2025-02-21,WH_C,West,SKU0027,Electronics,203,2,25,102
2025-02-21,WH_C,West,SKU0028,Electronics,264,6,16,118
2025-02-21,WH_C,West,SKU0029,Sports,75,0,28,95
2025-02-21,WH_C,West,SKU0030,Housewares,137,2,21,92
2025-02-21,WH_C,West,SKU0031,Sports,111,1,44,80
2025-02-21,WH_C,West,SKU0032,Sports,64,0,25,86
2025-02-21,WH_C,West,SKU0033,Housewares,29,3,24,74
2025-02-21,WH_C,West,SKU0034,Office,98,3,30,39
2025-02-21,WH_C,West,SKU0035,Hardware,147,1,29,103
2025-02-21,WH_C,West,SKU0036,Housewares,52,0,35,95
2025-02-21,WH_C,West,SKU0037,Sports,115,0,41,64
2025-02-21,WH_C,West,SKU0038,Housewares,127,1,23,72
2025-02-21,WH_C,West,SKU0039,Office,138,1,18,66
2025-02-21,WH_C,West,SKU0040,Housewares,121,3,44,95
2025-02-21,WH_C,West,SKU0041,Sports,59,5,17,117
2025-02-21,WH_C,West,SKU0042,Electronics,108,0,42,109
2025-02-21,WH_C,West,SKU0043,Hardware,32,6,40,118
2025-02-21,WH_C,West,SKU0044,Hardware,68,0,35,120
2025-02-21,WH_C,West,SKU0045,Electronics,264,4,37,34
2025-02-21,WH_C,West,SKU0046,Hardware,271,1,26,80
2025-02-21,WH_C,West,SKU0047,Electronics,57,6,30,62
2025-02-21,WH_C,West,SKU0048,Hardware,52,6,45,58
2025-02-21,WH_C,West,SKU0049,Housewares,48,2,23,49
2025-02-21,WH_C,West,SKU0050,Hardware,264,2,18,85
2025-02-21,WH_C,West,SKU0051,Hardware,156,2,43,85
2025-02-21,WH_C,West,SKU0052,Hardware,184,0,35,66
2025-02-21,WH_C,West,SKU0053,Hardware,246,4,15,71
2025-02-21,WH_C,West,SKU0054,Office,75,0,26,65
2025-02-21,WH_C,West,SKU0055,Housewares,59,2,22,118
2025-02-21,WH_C,West,SKU0056,Housewares,120,4,32,58
2025-02-21,WH_C,West,SKU0057,Electronics,133,3,29,119
2025-02-21,WH_C,West,SKU0058,Sports,59,3,47,85
2025-02-21,WH_C,West,SKU0059,Electronics,35,1,44,100
2025-02-21,WH_C,West,SKU0060,Hardware,266,4,15,76
2025-02-21,WH_C,West,SKU0061,Office,179,4,19,60
2025-02-21,WH_C,West,SKU0062,Housewares,156,5,17,72
2025-02-21,WH_C,West,SKU0063,Housewares,131,6,29,53
2025-02-21,WH_C,West,SKU0064,Sports,60,2,29,78
2025-02-21,WH_C,West,SKU0065,Sports,152,3,50,113
2025-02-21,WH_C,West,SKU0066,Sports,184,3,39,67
2025-02-21,WH_C,West,SKU0067,Hardware,149,1,36,77
2025-02-21,WH_C,West,SKU0068,Electronics,72,1,41,44
2025-02-21,WH_C,West,SKU0069,Hardware,152,2,22,33
2025-02-21,WH_C,West,SKU0070,Hardware,168,3,15,74
2025-02-21,WH_C,West,SKU0071,Hardware,267,2,38,93
2025-02-21,WH_C,West,SKU0072,Office,24,2,38,50
2025-02-21,WH_C,West,SKU0073,Office,185,4,38,34
2025-02-21,WH_C,West,SKU0074,Hardware,231,0,40,98
2025-02-21,WH_C,West,SKU0075,Sports,167,0,32,67
2025-02-21,WH_C,West,SKU0076,Hardware,58,0,23,54
2025-02-21,WH_C,West,SKU0077,Office,110,3,49,105
2025-02-21,WH_C,West,SKU0078,Housewares,129,6,26,70
2025-02-21,WH_C,West,SKU0079,Hardware,239,2,40,106
2025-02-21,WH_C,West,SKU0080,Hardware,89,6,40,61
2025-02-21,WH_C,West,SKU0081,Housewares,111,2,42,33
2025-02-21,WH_C,West,SKU0082,Hardware,23,3,39,112
2025-02-21,WH_C,West,SKU0083,Housewares,73,1,36,115
2025-02-21,WH_C,West,SKU0084,Office,108,2,19,76
2025-02-21,WH_C,West,SKU0085,Hardware,72,6,45,105
2025-02-21,WH_C,West,SKU0086,Hardware,199,2,38,39
2025-02-21,WH_C,West,SKU0087,Office,180,4,27,90
2025-02-21,WH_C,West,SKU0088,Housewares,152,7,31,105
2025-02-21,WH_C,West,SKU0089,Electronics,139,4,28,38
2025-02-21,WH_C,West,SKU0090,Electronics,97,2,44,55
2025-02-21,WH_C,West,SKU0091,Electronics,128,4,31,72
2025-02-21,WH_C,West,SKU0092,Housewares,157,3,16,115
2025-02-21,WH_C,West,SKU0093,Sports,37,4,46,84
2025-02-21,WH_C,West,SKU0094,Hardware,272,2,25,44
2025-02-21,WH_C,West,SKU0095,Electronics,98,5,32,83
2025-02-21,WH_C,West,SKU0096,Hardware,41,1,40,65
2025-02-21,WH_C,West,SKU0097,Office,216,3,39,39
2025-02-21,WH_C,West,SKU0098,Housewares,96,4,24,119
2025-02-21,WH_C,West,SKU0099,Office,122,0,36,61
2025-02-21,WH_C,West,SKU0100,Office,61,1,24,46
2025-02-22,WH_A,East,SKU0001,Housewares,193,3,31,87
2025-02-22,WH_A,East,SKU0002,Electronics,43,0,47,42
2025-02-22,WH_A,East,SKU0003,Hardware,28,3,21,64
2025-02-22,WH_A,East,SKU0004,Hardware,202,0,21,51
2025-02-22,WH_A,East,SKU0005,Sports,158,4,43,39
2025-02-22,WH_A,East,SKU0006,Sports,157,4,50,98
2025-02-22,WH_A,East,SKU0007,Office,92,2,17,101
2025-02-22,WH_A,East,SKU0008,Electronics,227,1,31,61
2025-02-22,WH_A,East,SKU0009,Hardware,195,5,34,100
2025-02-22,WH_A,East,SKU0010,Electronics,255,5,22,47
2025-02-22,WH_A,East,SKU0011,Hardware,177,2,47,44
2025-02-22,WH_A,East,SKU0012,Housewares,136,1,30,31
2025-02-22,WH_A,East,SKU0013,Electronics,50,3,48,32
2025-02-22,WH_A,East,SKU0014,Electronics,156,3,47,99
2025-02-22,WH_A,East,SKU0015,Housewares,166,4,15,72
2025-02-22,WH_A,East,SKU0016,Housewares,208,1,47,35
2025-02-22,WH_A,East,SKU0017,Hardware,231,3,22,64
2025-02-22,WH_A,East,SKU0018,Housewares,9,0,27,57
2025-02-22,WH_A,East,SKU0019,Sports,87,3,16,73
2025-02-22,WH_A,East,SKU0020,Electronics,47,0,50,44
2025-02-22,WH_A,East,SKU0021,Sports,203,2,18,73
2025-02-22,WH_A,East,SKU0022,Sports,116,4,29,73
2025-02-22,WH_A,East,SKU0023,Hardware,275,3,48,114
2025-02-22,WH_A,East,SKU0024,Electronics,168,2,17,111
2025-02-22,WH_A,East,SKU0025,Office,75,4,21,60
2025-02-22,WH_A,East,SKU0026,Hardware,58,1,21,82
2025-02-22,WH_A,East,SKU0027,Electronics,264,4,41,102
2025-02-22,WH_A,East,SKU0028,Electronics,123,4,41,32
2025-02-22,WH_A,East,SKU0029,Sports,61,2,19,50
2025-02-22,WH_A,East,SKU0030,Housewares,92,3,42,87
2025-02-22,WH_A,East,SKU0031,Sports,121,0,31,48
2025-02-22,WH_A,East,SKU0032,Sports,148,3,22,49
2025-02-22,WH_A,East,SKU0033,Housewares,213,1,37,102
2025-02-22,WH_A,East,SKU0034,Office,164,0,27,80
2025-02-22,WH_A,East,SKU0035,Hardware,70,2,18,88
2025-02-22,WH_A,East,SKU0036,Housewares,78,0,47,101
2025-02-22,WH_A,East,SKU0037,Sports,106,2,35,106
2025-02-22,WH_A,East,SKU0038,Housewares,62,1,26,79
2025-02-22,WH_A,East,SKU0039,Office,3,5,24,30
2025-02-22,WH_A,East,SKU0040,Housewares,74,3,29,40
2025-02-22,WH_A,East,SKU0041,Sports,72,2,42,77
2025-02-22,WH_A,East,SKU0042,Electronics,162,2,37,93
2025-02-22,WH_A,East,SKU0043,Hardware,65,3,41,80
2025-02-22,WH_A,East,SKU0044,Hardware,160,3,46,95
2025-02-22,WH_A,East,SKU0045,Electronics,257,2,21,57
2025-02-22,WH_A,East,SKU0046,Hardware,30,3,33,103
2025-02-22,WH_A,East,SKU0047,Electronics,249,2,37,37
2025-02-22,WH_A,East,SKU0048,Hardware,139,0,30,94
2025-02-22,WH_A,East,SKU0049,Housewares,179,2,40,67
2025-02-22,WH_A,East,SKU0050,Hardware,261,2,21,80
2025-02-22,WH_A,East,SKU0051,Hardware,131,3,37,35
2025-02-22,WH_A,East,SKU0052,Hardware,216,5,39,48
2025-02-22,WH_A,East,SKU0053,Hardware,247,5,35,54
2025-02-22,WH_A,East,SKU0054,Office,62,0,23,58
2025-02-22,WH_A,East,SKU0055,Housewares,34,5,45,48
2025-02-22,WH_A,East,SKU0056,Housewares,94,0,50,92
2025-02-22,WH_A,East,SKU0057,Electronics,172,5,31,42
2025-02-22,WH_A,East,SKU0058,Sports,61,3,41,42
2025-02-22,WH_A,East,SKU0059,Electronics,101,4,38,76
2025-02-22,WH_A,East,SKU0060,Hardware,199,1,31,71
2025-02-22,WH_A,East,SKU0061,Office,158,0,40,45
2025-02-22,WH_A,East,SKU0062,Housewares,147,3,15,118
2025-02-22,WH_A,East,SKU0063,Housewares,110,3,47,55
2025-02-22,WH_A,East,SKU0064,Sports,152,5,30,69
2025-02-22,WH_A,East,SKU0065,Sports,43,3,48,58
2025-02-22,WH_A,East,SKU0066,Sports,106,1,32,111
2025-02-22,WH_A,East,SKU0067,Hardware,125,3,24,116
2025-02-22,WH_A,East,SKU0068,Electronics,253,1,45,95
2025-02-22,WH_A,East,SKU0069,Hardware,227,3,37,102
2025-02-22,WH_A,East,SKU0070,Hardware,212,3,47,45
2025-02-22,WH_A,East,SKU0071,Hardware,239,1,26,31
2025-02-22,WH_A,East,SKU0072,Office,141,3,39,77
2025-02-22,WH_A,East,SKU0073,Office,114,2,27,52
2025-02-22,WH_A,East,SKU0074,Hardware,164,2,41,48
2025-02-22,WH_A,East,SKU0075,Sports,136,5,42,118
2025-02-22,WH_A,East,SKU0076,Hardware,71,0,23,60
2025-02-22,WH_A,East,SKU0077,Office,133,7,49,60
2025-02-22,WH_A,East,SKU0078,Housewares,49,6,26,90
2025-02-22,WH_A,East,SKU0079,Hardware,145,1,29,62
2025-02-22,WH_A,East,SKU0080,Hardware,75,4,49,56
2025-02-22,WH_A,East,SKU0081,Housewares,162,2,37,73
2025-02-22,WH_A,East,SKU0082,Hardware,254,1,45,101
2025-02-22,WH_A,East,SKU0083,Housewares,22,4,25,47
2025-02-22,WH_A,East,SKU0084,Office,155,4,16,41
2025-02-22,WH_A,East,SKU0085,Hardware,193,1,46,40
2025-02-22,WH_A,East,SKU0086,Hardware,274,1,16,83
2025-02-22,WH_A,East,SKU0087,Office,49,0,33,76
2025-02-22,WH_A,East,SKU0088,Housewares,17,3,23,79
2025-02-22,WH_A,East,SKU0089,Electronics,260,1,33,64
2025-02-22,WH_A,East,SKU0090,Electronics,201,2,29,76
2025-02-22,WH_A,East,SKU0091,Electronics,260,0,28,65
2025-02-22,WH_A,East,SKU0092,Housewares,25,2,33,119
2025-02-22,WH_A,East,SKU0093,Sports,69,4,19,33
2025-02-22,WH_A,East,SKU0094,Hardware,105,6,26,60
2025-02-22,WH_A,East,SKU0095,Electronics,280,1,22,97
2025-02-22,WH_A,East,SKU0096,Hardware,163,4,42,89
2025-02-22,WH_A,East,SKU0097,Office,153,2,18,84
2025-02-22,WH_A,East,SKU0098,Housewares,144,4,46,62
2025-02-22,WH_A,East,SKU0099,Office,143,4,45,112
2025-02-22,WH_A,East,SKU0100,Office,191,6,23,36
2025-02-22,WH_B,Central,SKU0001,Housewares,37,2,20,114
2025-02-22,WH_B,Central,SKU0002,Electronics,39,2,33,30
2025-02-22,WH_B,Central,SKU0003,Hardware,224,0,29,95
2025-02-22,WH_B,Central,SKU0004,Hardware,111,5,30,89
2025-02-22,WH_B,Central,SKU0005,Sports,164,4,26,80
2025-02-22,WH_B,Central,SKU0006,Sports,22,0,20,112
2025-02-22,WH_B,Central,SKU0007,Office,157,5,43,90
2025-02-22,WH_B,Central,SKU0008,Electronics,185,4,37,112
2025-02-22,WH_B,Central,SKU0009,Hardware,89,3,27,66
2025-02-22,WH_B,Central,SKU0010,Electronics,83,2,23,71
2025-02-22,WH_B,Central,SKU0011,Hardware,128,2,29,108
2025-02-22,WH_B,Central,SKU0012,Housewares,47,3,23,63
2025-02-22,WH_B,Central,SKU0013,Electronics,65,0,38,93
2025-02-22,WH_B,Central,SKU0014,Electronics,187,4,43,53
2025-02-22,WH_B,Central,SKU0015,Housewares,132,6,44,62
2025-02-22,WH_B,Central,SKU0016,Housewares,107,4,43,116
2025-02-22,WH_B,Central,SKU0017,Hardware,153,2,18,51
2025-02-22,WH_B,Central,SKU0018,Housewares,38,0,48,97
2025-02-22,WH_B,Central,SKU0019,Sports,113,5,26,41
2025-02-22,WH_B,Central,SKU0020,Electronics,47,2,33,97
2025-02-22,WH_B,Central,SKU0021,Sports,92,4,42,34
2025-02-22,WH_B,Central,SKU0022,Sports,74,5,39,54
2025-02-22,WH_B,Central,SKU0023,Hardware,213,0,29,104
2025-02-22,WH_B,Central,SKU0024,Electronics,164,2,49,92
2025-02-22,WH_B,Central,SKU0025,Office,163,2,47,68
2025-02-22,WH_B,Central,SKU0026,Hardware,95,1,16,115
2025-02-22,WH_B,Central,SKU0027,Electronics,127,1,44,72
2025-02-22,WH_B,Central,SKU0028,Electronics,265,5,50,61
2025-02-22,WH_B,Central,SKU0029,Sports,106,2,47,106
2025-02-22,WH_B,Central,SKU0030,Housewares,109,4,43,90
2025-02-22,WH_B,Central,SKU0031,Sports,50,3,39,103
2025-02-22,WH_B,Central,SKU0032,Sports,192,7,30,117
2025-02-22,WH_B,Central,SKU0033,Housewares,175,2,26,97
2025-02-22,WH_B,Central,SKU0034,Office,107,3,30,46
2025-02-22,WH_B,Central,SKU0035,Hardware,256,0,18,49
2025-02-22,WH_B,Central,SKU0036,Housewares,117,2,34,82
2025-02-22,WH_B,Central,SKU0037,Sports,41,7,41,115
2025-02-22,WH_B,Central,SKU0038,Housewares,193,4,45,105
2025-02-22,WH_B,Central,SKU0039,Office,86,3,41,86
2025-02-22,WH_B,Central,SKU0040,Housewares,187,4,43,97
2025-02-22,WH_B,Central,SKU0041,Sports,202,1,19,96
2025-02-22,WH_B,Central,SKU0042,Electronics,245,5,48,85
2025-02-22,WH_B,Central,SKU0043,Hardware,102,2,41,40
2025-02-22,WH_B,Central,SKU0044,Hardware,102,2,35,109
2025-02-22,WH_B,Central,SKU0045,Electronics,119,4,35,104
2025-02-22,WH_B,Central,SKU0046,Hardware,55,1,19,44
2025-02-22,WH_B,Central,SKU0047,Electronics,227,5,36,86
2025-02-22,WH_B,Central,SKU0048,Hardware,84,3,29,110
2025-02-22,WH_B,Central,SKU0049,Housewares,104,4,18,41
2025-02-22,WH_B,Central,SKU0050,Hardware,252,4,32,88
2025-02-22,WH_B,Central,SKU0051,Hardware,98,0,46,92
2025-02-22,WH_B,Central,SKU0052,Hardware,236,2,42,47
2025-02-22,WH_B,Central,SKU0053,Hardware,171,3,27,94
2025-02-22,WH_B,Central,SKU0054,Office,181,4,39,75
2025-02-22,WH_B,Central,SKU0055,Housewares,87,0,46,116
2025-02-22,WH_B,Central,SKU0056,Housewares,155,0,20,120
2025-02-22,WH_B,Central,SKU0057,Electronics,194,4,50,110
2025-02-22,WH_B,Central,SKU0058,Sports,197,2,24,47
2025-02-22,WH_B,Central,SKU0059,Electronics,35,1,17,100
2025-02-22,WH_B,Central,SKU0060,Hardware,260,0,22,32
2025-02-22,WH_B,Central,SKU0061,Office,19,4,21,62
2025-02-22,WH_B,Central,SKU0062,Housewares,60,4,47,82
2025-02-22,WH_B,Central,SKU0063,Housewares,188,0,41,106
2025-02-22,WH_B,Central,SKU0064,Sports,45,0,40,53
2025-02-22,WH_B,Central,SKU0065,Sports,94,2,20,71
2025-02-22,WH_B,Central,SKU0066,Sports,155,1,35,105
2025-02-22,WH_B,Central,SKU0067,Hardware,140,3,21,62
2025-02-22,WH_B,Central,SKU0068,Electronics,234,2,17,102
2025-02-22,WH_B,Central,SKU0069,Hardware,280,0,40,86
2025-02-22,WH_B,Central,SKU0070,Hardware,45,7,15,114
2025-02-22,WH_B,Central,SKU0071,Hardware,211,3,15,30
2025-02-22,WH_B,Central,SKU0072,Office,79,4,37,95
2025-02-22,WH_B,Central,SKU0073,Office,191,0,45,53
2025-02-22,WH_B,Central,SKU0074,Hardware,118,2,25,114
2025-02-22,WH_B,Central,SKU0075,Sports,62,2,45,116
2025-02-22,WH_B,Central,SKU0076,Hardware,251,1,33,118
2025-02-22,WH_B,Central,SKU0077,Office,167,0,40,84
2025-02-22,WH_B,Central,SKU0078,Housewares,89,3,23,109
2025-02-22,WH_B,Central,SKU0079,Hardware,135,4,48,55
2025-02-22,WH_B,Central,SKU0080,Hardware,40,0,37,44
2025-02-22,WH_B,Central,SKU0081,Housewares,116,1,22,105
2025-02-22,WH_B,Central,SKU0082,Hardware,197,5,24,72
2025-02-22,WH_B,Central,SKU0083,Housewares,36,0,26,113
2025-02-22,WH_B,Central,SKU0084,Office,66,1,31,56
2025-02-22,WH_B,Central,SKU0085,Hardware,107,5,35,59
2025-02-22,WH_B,Central,SKU0086,Hardware,193,2,44,77
2025-02-22,WH_B,Central,SKU0087,Office,193,1,43,117
2025-02-22,WH_B,Central,SKU0088,Housewares,125,6,46,86
2025-02-22,WH_B,Central,SKU0089,Electronics,80,0,31,46
2025-02-22,WH_B,Central,SKU0090,Electronics,184,3,36,98
2025-02-22,WH_B,Central,SKU0091,Electronics,188,4,35,36
2025-02-22,WH_B,Central,SKU0092,Housewares,79,0,19,31
2025-02-22,WH_B,Central,SKU0093,Sports,90,4,43,106
2025-02-22,WH_B,Central,SKU0094,Hardware,52,3,31,30
2025-02-22,WH_B,Central,SKU0095,Electronics,210,0,45,39
2025-02-22,WH_B,Central,SKU0096,Hardware,249,3,26,95
2025-02-22,WH_B,Central,SKU0097,Office,9,1,41,40
2025-02-22,WH_B,Central,SKU0098,Housewares,199,1,17,91
2025-02-22,WH_B,Central,SKU0099,Office,72,5,40,80
2025-02-22,WH_B,Central,SKU0100,Office,129,2,46,115
2025-02-22,WH_C,West,SKU0001,Housewares,88,5,45,49
2025-02-22,WH_C,West,SKU0002,Electronics,63,4,44,45
2025-02-22,WH_C,West,SKU0003,Hardware,81,0,33,59
2025-02-22,WH_C,West,SKU0004,Hardware,165,5,39,84
2025-02-22,WH_C,West,SKU0005,Sports,145,4,30,36
2025-02-22,WH_C,West,SKU0006,Sports,71,2,24,74
2025-02-22,WH_C,West,SKU0007,Office,87,2,39,103
2025-02-22,WH_C,West,SKU0008,Electronics,157,0,24,76
2025-02-22,WH_C,West,SKU0009,Hardware,151,1,49,87
2025-02-22,WH_C,West,SKU0010,Electronics,165,2,46,56
2025-02-22,WH_C,West,SKU0011,Hardware,136,2,15,90
2025-02-22,WH_C,West,SKU0012,Housewares,162,5,20,37
2025-02-22,WH_C,West,SKU0013,Electronics,279,4,46,52
2025-02-22,WH_C,West,SKU0014,Electronics,226,4,29,113
2025-02-22,WH_C,West,SKU0015,Housewares,176,5,34,89
2025-02-22,WH_C,West,SKU0016,Housewares,104,1,32,83
2025-02-22,WH_C,West,SKU0017,Hardware,261,2,19,53
2025-02-22,WH_C,West,SKU0018,Housewares,200,0,39,41
2025-02-22,WH_C,West,SKU0019,Sports,91,1,28,114
2025-02-22,WH_C,West,SKU0020,Electronics,168,3,30,43
2025-02-22,WH_C,West,SKU0021,Sports,182,1,40,52
2025-02-22,WH_C,West,SKU0022,Sports,131,0,36,80
2025-02-22,WH_C,West,SKU0023,Hardware,269,0,34,62
2025-02-22,WH_C,West,SKU0024,Electronics,110,3,17,104
2025-02-22,WH_C,West,SKU0025,Office,107,1,19,110
2025-02-22,WH_C,West,SKU0026,Hardware,248,3,36,80
2025-02-22,WH_C,West,SKU0027,Electronics,170,0,28,32
2025-02-22,WH_C,West,SKU0028,Electronics,50,3,40,55
2025-02-22,WH_C,West,SKU0029,Sports,120,3,24,45
2025-02-22,WH_C,West,SKU0030,Housewares,39,0,37,116
2025-02-22,WH_C,West,SKU0031,Sports,36,4,39,63
2025-02-22,WH_C,West,SKU0032,Sports,31,4,43,95
2025-02-22,WH_C,West,SKU0033,Housewares,138,0,18,68
2025-02-22,WH_C,West,SKU0034,Office,156,2,21,41
2025-02-22,WH_C,West,SKU0035,Hardware,83,2,38,55
2025-02-22,WH_C,West,SKU0036,Housewares,183,4,45,110
2025-02-22,WH_C,West,SKU0037,Sports,190,1,30,107
2025-02-22,WH_C,West,SKU0038,Housewares,134,3,38,50
2025-02-22,WH_C,West,SKU0039,Office,140,0,25,106
2025-02-22,WH_C,West,SKU0040,Housewares,92,1,49,80
2025-02-22,WH_C,West,SKU0041,Sports,139,0,44,90
2025-02-22,WH_C,West,SKU0042,Electronics,276,2,18,72
2025-02-22,WH_C,West,SKU0043,Hardware,167,3,34,96
2025-02-22,WH_C,West,SKU0044,Hardware,244,1,17,90
2025-02-22,WH_C,West,SKU0045,Electronics,46,2,26,118
2025-02-22,WH_C,West,SKU0046,Hardware,245,4,39,107
2025-02-22,WH_C,West,SKU0047,Electronics,237,1,21,71
2025-02-22,WH_C,West,SKU0048,Hardware,121,2,50,53
2025-02-22,WH_C,West,SKU0049,Housewares,143,5,15,36
2025-02-22,WH_C,West,SKU0050,Hardware,264,4,23,103
2025-02-22,WH_C,West,SKU0051,Hardware,108,3,28,119
2025-02-22,WH_C,West,SKU0052,Hardware,65,2,28,46
2025-02-22,WH_C,West,SKU0053,Hardware,167,3,47,103
2025-02-22,WH_C,West,SKU0054,Office,73,5,45,63
2025-02-22,WH_C,West,SKU0055,Housewares,104,5,16,50
2025-02-22,WH_C,West,SKU0056,Housewares,18,3,30,85
2025-02-22,WH_C,West,SKU0057,Electronics,246,2,49,66
2025-02-22,WH_C,West,SKU0058,Sports,40,2,38,93
2025-02-22,WH_C,West,SKU0059,Electronics,206,3,20,118
2025-02-22,WH_C,West,SKU0060,Hardware,68,2,19,97
2025-02-22,WH_C,West,SKU0061,Office,76,2,26,119
2025-02-22,WH_C,West,SKU0062,Housewares,175,3,38,38
2025-02-22,WH_C,West,SKU0063,Housewares,163,2,37,82
2025-02-22,WH_C,West,SKU0064,Sports,41,3,45,85
2025-02-22,WH_C,West,SKU0065,Sports,192,2,38,73
2025-02-22,WH_C,West,SKU0066,Sports,154,3,25,49
2025-02-22,WH_C,West,SKU0067,Hardware,104,5,38,76
2025-02-22,WH_C,West,SKU0068,Electronics,85,0,49,71
2025-02-22,WH_C,West,SKU0069,Hardware,232,4,46,115
2025-02-22,WH_C,West,SKU0070,Hardware,22,4,42,54
2025-02-22,WH_C,West,SKU0071,Hardware,38,1,24,48
2025-02-22,WH_C,West,SKU0072,Office,157,3,26,107
2025-02-22,WH_C,West,SKU0073,Office,82,1,30,75
2025-02-22,WH_C,West,SKU0074,Hardware,89,0,49,86
2025-02-22,WH_C,West,SKU0075,Sports,167,4,46,43
2025-02-22,WH_C,West,SKU0076,Hardware,154,4,27,74
2025-02-22,WH_C,West,SKU0077,Office,162,3,41,68
2025-02-22,WH_C,West,SKU0078,Housewares,146,3,25,82
2025-02-22,WH_C,West,SKU0079,Hardware,207,2,34,93
2025-02-22,WH_C,West,SKU0080,Hardware,124,1,41,65
2025-02-22,WH_C,West,SKU0081,Housewares,195,1,38,71
2025-02-22,WH_C,West,SKU0082,Hardware,49,6,44,117
2025-02-22,WH_C,West,SKU0083,Housewares,55,4,48,61
2025-02-22,WH_C,West,SKU0084,Office,43,1,15,45
2025-02-22,WH_C,West,SKU0085,Hardware,219,3,37,117
2025-02-22,WH_C,West,SKU0086,Hardware,26,4,48,99
2025-02-22,WH_C,West,SKU0087,Office,32,5,49,91
2025-02-22,WH_C,West,SKU0088,Housewares,106,3,40,69
2025-02-22,WH_C,West,SKU0089,Electronics,149,6,16,116
2025-02-22,WH_C,West,SKU0090,Electronics,170,2,49,44
2025-02-22,WH_C,West,SKU0091,Electronics,270,1,15,70
2025-02-22,WH_C,West,SKU0092,Housewares,149,2,15,43
2025-02-22,WH_C,West,SKU0093,Sports,26,0,50,112
2025-02-22,WH_C,West,SKU0094,Hardware,242,4,41,92
2025-02-22,WH_C,West,SKU0095,Electronics,247,2,46,63
2025-02-22,WH_C,West,SKU0096,Hardware,125,0,46,85
2025-02-22,WH_C,West,SKU0097,Office,44,3,28,87
2025-02-22,WH_C,West,SKU0098,Housewares,137,3,50,84
2025-02-22,WH_C,West,SKU0099,Office,121,0,27,79
2025-02-22,WH_C,West,SKU0100,Office,170,7,33,79
2025-02-23,WH_A,East,SKU0001,Housewares,102,4,30,58
2025-02-23,WH_A,East,SKU0002,Electronics,121,3,34,86
2025-02-23,WH_A,East,SKU0003,Hardware,196,0,32,103
2025-02-23,WH_A,East,SKU0004,Hardware,171,0,29,55
2025-02-23,WH_A,East,SKU0005,Sports,124,1,24,49
2025-02-23,WH_A,East,SKU0006,Sports,190,3,42,51
2025-02-23,WH_A,East,SKU0007,Office,147,3,22,108
2025-02-23,WH_A,East,SKU0008,Electronics,56,3,37,30
2025-02-23,WH_A,East,SKU0009,Hardware,82,1,28,92
2025-02-23,WH_A,East,SKU0010,Electronics,131,2,28,100
2025-02-23,WH_A,East,SKU0011,Hardware,245,5,46,61
2025-02-23,WH_A,East,SKU0012,Housewares,100,1,35,36
2025-02-23,WH_A,East,SKU0013,Electronics,140,7,25,44
2025-02-23,WH_A,East,SKU0014,Electronics,243,3,33,31
2025-02-23,WH_A,East,SKU0015,Housewares,94,2,15,62
2025-02-23,WH_A,East,SKU0016,Housewares,156,3,23,83
2025-02-23,WH_A,East,SKU0017,Hardware,35,3,45,112
2025-02-23,WH_A,East,SKU0018,Housewares,189,3,42,50
2025-02-23,WH_A,East,SKU0019,Sports,163,1,19,64
2025-02-23,WH_A,East,SKU0020,Electronics,161,0,46,87
2025-02-23,WH_A,East,SKU0021,Sports,84,1,41,78
2025-02-23,WH_A,East,SKU0022,Sports,5,1,49,70
2025-02-23,WH_A,East,SKU0023,Hardware,235,5,22,107
2025-02-23,WH_A,East,SKU0024,Electronics,235,2,20,86
2025-02-23,WH_A,East,SKU0025,Office,105,2,46,59
2025-02-23,WH_A,East,SKU0026,Hardware,151,3,42,76
2025-02-23,WH_A,East,SKU0027,Electronics,85,4,43,112
2025-02-23,WH_A,East,SKU0028,Electronics,225,1,48,74
2025-02-23,WH_A,East,SKU0029,Sports,155,3,43,68
2025-02-23,WH_A,East,SKU0030,Housewares,157,0,37,113
2025-02-23,WH_A,East,SKU0031,Sports,117,0,43,44
2025-02-23,WH_A,East,SKU0032,Sports,89,5,22,110
2025-02-23,WH_A,East,SKU0033,Housewares,169,5,49,62
2025-02-23,WH_A,East,SKU0034,Office,71,5,31,106
2025-02-23,WH_A,East,SKU0035,Hardware,180,3,19,85
2025-02-23,WH_A,East,SKU0036,Housewares,80,3,35,53
2025-02-23,WH_A,East,SKU0037,Sports,99,8,45,62
2025-02-23,WH_A,East,SKU0038,Housewares,136,5,45,91
2025-02-23,WH_A,East,SKU0039,Office,83,6,30,86
2025-02-23,WH_A,East,SKU0040,Housewares,203,3,25,40
2025-02-23,WH_A,East,SKU0041,Sports,58,1,29,94
2025-02-23,WH_A,East,SKU0042,Electronics,115,3,47,88
2025-02-23,WH_A,East,SKU0043,Hardware,200,1,38,79
2025-02-23,WH_A,East,SKU0044,Hardware,75,1,20,100
2025-02-23,WH_A,East,SKU0045,Electronics,231,3,48,90
2025-02-23,WH_A,East,SKU0046,Hardware,145,0,38,93
2025-02-23,WH_A,East,SKU0047,Electronics,233,3,49,58
2025-02-23,WH_A,East,SKU0048,Hardware,71,4,26,106
2025-02-23,WH_A,East,SKU0049,Housewares,37,2,16,37
2025-02-23,WH_A,East,SKU0050,Hardware,133,6,15,70
2025-02-23,WH_A,East,SKU0051,Hardware,116,1,37,44
2025-02-23,WH_A,East,SKU0052,Hardware,176,4,29,78
2025-02-23,WH_A,East,SKU0053,Hardware,155,2,50,76
2025-02-23,WH_A,East,SKU0054,Office,94,3,17,71
2025-02-23,WH_A,East,SKU0055,Housewares,183,0,19,103
2025-02-23,WH_A,East,SKU0056,Housewares,84,3,32,68
2025-02-23,WH_A,East,SKU0057,Electronics,90,3,33,82
2025-02-23,WH_A,East,SKU0058,Sports,59,4,45,43
2025-02-23,WH_A,East,SKU0059,Electronics,97,3,27,108
2025-02-23,WH_A,East,SKU0060,Hardware,110,2,30,37
2025-02-23,WH_A,East,SKU0061,Office,129,2,36,60
2025-02-23,WH_A,East,SKU0062,Housewares,71,3,38,54
2025-02-23,WH_A,East,SKU0063,Housewares,112,1,45,70
2025-02-23,WH_A,East,SKU0064,Sports,173,2,49,32
2025-02-23,WH_A,East,SKU0065,Sports,172,3,40,50
2025-02-23,WH_A,East,SKU0066,Sports,144,6,26,120
2025-02-23,WH_A,East,SKU0067,Hardware,68,4,40,30
2025-02-23,WH_A,East,SKU0068,Electronics,208,0,46,101
2025-02-23,WH_A,East,SKU0069,Hardware,197,0,35,111
2025-02-23,WH_A,East,SKU0070,Hardware,193,5,47,113
2025-02-23,WH_A,East,SKU0071,Hardware,216,0,24,119
2025-02-23,WH_A,East,SKU0072,Office,156,2,27,89
2025-02-23,WH_A,East,SKU0073,Office,127,4,30,36
2025-02-23,WH_A,East,SKU0074,Hardware,243,4,45,88
2025-02-23,WH_A,East,SKU0075,Sports,85,0,47,61
2025-02-23,WH_A,East,SKU0076,Hardware,169,5,39,82
2025-02-23,WH_A,East,SKU0077,Office,18,1,46,114
2025-02-23,WH_A,East,SKU0078,Housewares,152,2,46,94
2025-02-23,WH_A,East,SKU0079,Hardware,140,1,36,31
2025-02-23,WH_A,East,SKU0080,Hardware,37,3,33,65
2025-02-23,WH_A,East,SKU0081,Housewares,104,1,17,86
2025-02-23,WH_A,East,SKU0082,Hardware,258,6,23,106
2025-02-23,WH_A,East,SKU0083,Housewares,131,2,25,108
2025-02-23,WH_A,East,SKU0084,Office,17,3,20,32
2025-02-23,WH_A,East,SKU0085,Hardware,186,0,29,120
2025-02-23,WH_A,East,SKU0086,Hardware,66,1,24,81
2025-02-23,WH_A,East,SKU0087,Office,95,3,24,87
2025-02-23,WH_A,East,SKU0088,Housewares,153,1,25,74
2025-02-23,WH_A,East,SKU0089,Electronics,126,6,39,60
2025-02-23,WH_A,East,SKU0090,Electronics,41,2,36,109
2025-02-23,WH_A,East,SKU0091,Electronics,158,0,20,74
2025-02-23,WH_A,East,SKU0092,Housewares,119,2,46,45
2025-02-23,WH_A,East,SKU0093,Sports,21,6,44,86
2025-02-23,WH_A,East,SKU0094,Hardware,143,1,28,104
2025-02-23,WH_A,East,SKU0095,Electronics,229,3,43,51
2025-02-23,WH_A,East,SKU0096,Hardware,124,0,35,100
2025-02-23,WH_A,East,SKU0097,Office,28,7,50,88
2025-02-23,WH_A,East,SKU0098,Housewares,177,6,17,94
2025-02-23,WH_A,East,SKU0099,Office,182,4,47,68
2025-02-23,WH_A,East,SKU0100,Office,25,4,46,72
2025-02-23,WH_B,Central,SKU0001,Housewares,107,0,27,118
2025-02-23,WH_B,Central,SKU0002,Electronics,217,0,15,76
2025-02-23,WH_B,Central,SKU0003,Hardware,99,0,40,73
2025-02-23,WH_B,Central,SKU0004,Hardware,229,2,45,48
2025-02-23,WH_B,Central,SKU0005,Sports,108,3,48,57
2025-02-23,WH_B,Central,SKU0006,Sports,165,1,38,34
2025-02-23,WH_B,Central,SKU0007,Office,113,6,16,74
2025-02-23,WH_B,Central,SKU0008,Electronics,42,2,27,35
2025-02-23,WH_B,Central,SKU0009,Hardware,155,1,41,87
2025-02-23,WH_B,Central,SKU0010,Electronics,109,3,19,46
2025-02-23,WH_B,Central,SKU0011,Hardware,211,2,21,70
2025-02-23,WH_B,Central,SKU0012,Housewares,113,2,50,61
2025-02-23,WH_B,Central,SKU0013,Electronics,232,2,43,33
2025-02-23,WH_B,Central,SKU0014,Electronics,94,3,45,96
2025-02-23,WH_B,Central,SKU0015,Housewares,101,1,29,87
2025-02-23,WH_B,Central,SKU0016,Housewares,159,4,50,49
2025-02-23,WH_B,Central,SKU0017,Hardware,75,0,33,103
2025-02-23,WH_B,Central,SKU0018,Housewares,60,1,34,40
2025-02-23,WH_B,Central,SKU0019,Sports,84,2,45,43
2025-02-23,WH_B,Central,SKU0020,Electronics,220,3,30,30
2025-02-23,WH_B,Central,SKU0021,Sports,140,0,27,102
2025-02-23,WH_B,Central,SKU0022,Sports,29,4,48,77
2025-02-23,WH_B,Central,SKU0023,Hardware,206,3,28,34
2025-02-23,WH_B,Central,SKU0024,Electronics,184,2,50,63
2025-02-23,WH_B,Central,SKU0025,Office,185,6,47,56
2025-02-23,WH_B,Central,SKU0026,Hardware,167,3,48,45
2025-02-23,WH_B,Central,SKU0027,Electronics,172,1,43,50
2025-02-23,WH_B,Central,SKU0028,Electronics,105,2,49,80
2025-02-23,WH_B,Central,SKU0029,Sports,132,0,36,115
2025-02-23,WH_B,Central,SKU0030,Housewares,130,1,17,81
2025-02-23,WH_B,Central,SKU0031,Sports,122,6,45,77
2025-02-23,WH_B,Central,SKU0032,Sports,115,3,37,87
2025-02-23,WH_B,Central,SKU0033,Housewares,94,3,35,67
2025-02-23,WH_B,Central,SKU0034,Office,37,2,15,70
2025-02-23,WH_B,Central,SKU0035,Hardware,249,1,43,91
2025-02-23,WH_B,Central,SKU0036,Housewares,175,1,23,75
2025-02-23,WH_B,Central,SKU0037,Sports,31,3,33,35
2025-02-23,WH_B,Central,SKU0038,Housewares,59,0,36,118
2025-02-23,WH_B,Central,SKU0039,Office,151,0,47,100
2025-02-23,WH_B,Central,SKU0040,Housewares,37,4,16,110
2025-02-23,WH_B,Central,SKU0041,Sports,181,0,35,71
2025-02-23,WH_B,Central,SKU0042,Electronics,226,1,43,49
2025-02-23,WH_B,Central,SKU0043,Hardware,92,0,36,92
2025-02-23,WH_B,Central,SKU0044,Hardware,208,1,33,76
2025-02-23,WH_B,Central,SKU0045,Electronics,189,2,24,35
2025-02-23,WH_B,Central,SKU0046,Hardware,208,1,16,49
2025-02-23,WH_B,Central,SKU0047,Electronics,105,3,22,32
2025-02-23,WH_B,Central,SKU0048,Hardware,130,1,20,77
2025-02-23,WH_B,Central,SKU0049,Housewares,38,5,44,68
2025-02-23,WH_B,Central,SKU0050,Hardware,235,5,30,44
2025-02-23,WH_B,Central,SKU0051,Hardware,194,8,39,31
2025-02-23,WH_B,Central,SKU0052,Hardware,202,0,22,84
2025-02-23,WH_B,Central,SKU0053,Hardware,267,3,22,41
2025-02-23,WH_B,Central,SKU0054,Office,122,4,38,110
2025-02-23,WH_B,Central,SKU0055,Housewares,104,1,42,41
2025-02-23,WH_B,Central,SKU0056,Housewares,78,0,33,32
2025-02-23,WH_B,Central,SKU0057,Electronics,280,0,32,86
2025-02-23,WH_B,Central,SKU0058,Sports,172,1,37,35
2025-02-23,WH_B,Central,SKU0059,Electronics,46,3,17,69
2025-02-23,WH_B,Central,SKU0060,Hardware,147,4,50,68
2025-02-23,WH_B,Central,SKU0061,Office,36,3,50,105
2025-02-23,WH_B,Central,SKU0062,Housewares,55,3,23,110
2025-02-23,WH_B,Central,SKU0063,Housewares,140,0,16,81
2025-02-23,WH_B,Central,SKU0064,Sports,177,3,17,113
2025-02-23,WH_B,Central,SKU0065,Sports,105,5,34,107
2025-02-23,WH_B,Central,SKU0066,Sports,92,2,30,72
2025-02-23,WH_B,Central,SKU0067,Hardware,193,3,37,119
2025-02-23,WH_B,Central,SKU0068,Electronics,273,2,47,35
2025-02-23,WH_B,Central,SKU0069,Hardware,287,1,29,113
2025-02-23,WH_B,Central,SKU0070,Hardware,181,0,28,101
2025-02-23,WH_B,Central,SKU0071,Hardware,93,3,40,67
2025-02-23,WH_B,Central,SKU0072,Office,139,2,23,51
2025-02-23,WH_B,Central,SKU0073,Office,97,0,38,71
2025-02-23,WH_B,Central,SKU0074,Hardware,198,3,21,92
2025-02-23,WH_B,Central,SKU0075,Sports,22,5,48,58
2025-02-23,WH_B,Central,SKU0076,Hardware,110,4,37,38
2025-02-23,WH_B,Central,SKU0077,Office,99,1,26,63
2025-02-23,WH_B,Central,SKU0078,Housewares,69,5,41,81
2025-02-23,WH_B,Central,SKU0079,Hardware,268,2,30,115
2025-02-23,WH_B,Central,SKU0080,Hardware,243,2,17,35
2025-02-23,WH_B,Central,SKU0081,Housewares,37,3,31,75
2025-02-23,WH_B,Central,SKU0082,Hardware,102,5,50,32
2025-02-23,WH_B,Central,SKU0083,Housewares,95,1,50,99
2025-02-23,WH_B,Central,SKU0084,Office,114,1,46,110
2025-02-23,WH_B,Central,SKU0085,Hardware,86,0,35,43
2025-02-23,WH_B,Central,SKU0086,Hardware,136,2,15,117
2025-02-23,WH_B,Central,SKU0087,Office,141,0,39,44
2025-02-23,WH_B,Central,SKU0088,Housewares,103,2,18,102
2025-02-23,WH_B,Central,SKU0089,Electronics,245,0,47,87
2025-02-23,WH_B,Central,SKU0090,Electronics,88,2,19,93
2025-02-23,WH_B,Central,SKU0091,Electronics,21,0,47,44
2025-02-23,WH_B,Central,SKU0092,Housewares,126,2,41,98
2025-02-23,WH_B,Central,SKU0093,Sports,148,0,21,58
2025-02-23,WH_B,Central,SKU0094,Hardware,55,5,29,110
2025-02-23,WH_B,Central,SKU0095,Electronics,218,3,33,78
2025-02-23,WH_B,Central,SKU0096,Hardware,238,4,21,116
2025-02-23,WH_B,Central,SKU0097,Office,57,1,50,42
2025-02-23,WH_B,Central,SKU0098,Housewares,117,5,18,42
2025-02-23,WH_B,Central,SKU0099,Office,124,5,31,71
2025-02-23,WH_B,Central,SKU0100,Office,82,1,41,79
2025-02-23,WH_C,West,SKU0001,Housewares,39,3,38,86
2025-02-23,WH_C,West,SKU0002,Electronics,114,2,22,49
2025-02-23,WH_C,West,SKU0003,Hardware,144,5,29,83
2025-02-23,WH_C,West,SKU0004,Hardware,72,5,23,86
2025-02-23,WH_C,West,SKU0005,Sports,113,1,47,87
2025-02-23,WH_C,West,SKU0006,Sports,133,2,26,50
2025-02-23,WH_C,West,SKU0007,Office,163,2,37,93
2025-02-23,WH_C,West,SKU0008,Electronics,256,5,34,92
2025-02-23,WH_C,West,SKU0009,Hardware,125,4,38,34
2025-02-23,WH_C,West,SKU0010,Electronics,231,1,18,110
2025-02-23,WH_C,West,SKU0011,Hardware,220,2,47,108
2025-02-23,WH_C,West,SKU0012,Housewares,121,1,22,89
2025-02-23,WH_C,West,SKU0013,Electronics,125,2,29,41
2025-02-23,WH_C,West,SKU0014,Electronics,140,6,46,42
2025-02-23,WH_C,West,SKU0015,Housewares,118,1,17,65
2025-02-23,WH_C,West,SKU0016,Housewares,76,4,39,40
2025-02-23,WH_C,West,SKU0017,Hardware,120,4,31,87
2025-02-23,WH_C,West,SKU0018,Housewares,45,0,41,72
2025-02-23,WH_C,West,SKU0019,Sports,5,1,31,63
2025-02-23,WH_C,West,SKU0020,Electronics,75,2,38,53
2025-02-23,WH_C,West,SKU0021,Sports,134,3,31,66
2025-02-23,WH_C,West,SKU0022,Sports,91,2,47,111
2025-02-23,WH_C,West,SKU0023,Hardware,81,1,41,106
2025-02-23,WH_C,West,SKU0024,Electronics,126,3,38,62
2025-02-23,WH_C,West,SKU0025,Office,42,5,22,58
2025-02-23,WH_C,West,SKU0026,Hardware,197,1,50,35
2025-02-23,WH_C,West,SKU0027,Electronics,114,3,47,92
2025-02-23,WH_C,West,SKU0028,Electronics,193,2,23,32
2025-02-23,WH_C,West,SKU0029,Sports,156,3,27,100
2025-02-23,WH_C,West,SKU0030,Housewares,61,0,43,61
2025-02-23,WH_C,West,SKU0031,Sports,172,4,40,71
2025-02-23,WH_C,West,SKU0032,Sports,56,3,34,52
2025-02-23,WH_C,West,SKU0033,Housewares,147,4,41,30
2025-02-23,WH_C,West,SKU0034,Office,192,0,46,66
2025-02-23,WH_C,West,SKU0035,Hardware,253,4,22,69
2025-02-23,WH_C,West,SKU0036,Housewares,137,1,31,64
2025-02-23,WH_C,West,SKU0037,Sports,41,0,25,85
2025-02-23,WH_C,West,SKU0038,Housewares,206,6,22,54
2025-02-23,WH_C,West,SKU0039,Office,111,1,27,66
2025-02-23,WH_C,West,SKU0040,Housewares,51,2,35,75
2025-02-23,WH_C,West,SKU0041,Sports,117,0,39,41
2025-02-23,WH_C,West,SKU0042,Electronics,208,3,27,48
2025-02-23,WH_C,West,SKU0043,Hardware,187,6,24,41
2025-02-23,WH_C,West,SKU0044,Hardware,88,2,49,62
2025-02-23,WH_C,West,SKU0045,Electronics,83,3,38,74
2025-02-23,WH_C,West,SKU0046,Hardware,51,4,15,103
2025-02-23,WH_C,West,SKU0047,Electronics,260,4,37,64
2025-02-23,WH_C,West,SKU0048,Hardware,61,0,38,48
2025-02-23,WH_C,West,SKU0049,Housewares,140,0,36,30
2025-02-23,WH_C,West,SKU0050,Hardware,160,0,40,99
2025-02-23,WH_C,West,SKU0051,Hardware,210,3,18,95
2025-02-23,WH_C,West,SKU0052,Hardware,125,3,48,52
2025-02-23,WH_C,West,SKU0053,Hardware,279,2,15,86
2025-02-23,WH_C,West,SKU0054,Office,78,3,45,39
2025-02-23,WH_C,West,SKU0055,Housewares,65,5,40,54
2025-02-23,WH_C,West,SKU0056,Housewares,78,7,34,34
2025-02-23,WH_C,West,SKU0057,Electronics,277,2,26,114
2025-02-23,WH_C,West,SKU0058,Sports,171,2,28,92
2025-02-23,WH_C,West,SKU0059,Electronics,209,4,21,61
2025-02-23,WH_C,West,SKU0060,Hardware,72,3,41,90
2025-02-23,WH_C,West,SKU0061,Office,65,3,43,61
2025-02-23,WH_C,West,SKU0062,Housewares,73,4,24,82
2025-02-23,WH_C,West,SKU0063,Housewares,51,0,43,87
2025-02-23,WH_C,West,SKU0064,Sports,119,5,43,67
2025-02-23,WH_C,West,SKU0065,Sports,145,4,36,94
2025-02-23,WH_C,West,SKU0066,Sports,157,1,22,104
2025-02-23,WH_C,West,SKU0067,Hardware,252,5,33,79
2025-02-23,WH_C,West,SKU0068,Electronics,224,3,43,111
2025-02-23,WH_C,West,SKU0069,Hardware,278,5,44,67
2025-02-23,WH_C,West,SKU0070,Hardware,247,4,24,103
2025-02-23,WH_C,West,SKU0071,Hardware,132,2,32,107
2025-02-23,WH_C,West,SKU0072,Office,182,0,27,39
2025-02-23,WH_C,West,SKU0073,Office,62,0,41,92
2025-02-23,WH_C,West,SKU0074,Hardware,163,1,46,50
2025-02-23,WH_C,West,SKU0075,Sports,127,2,41,94
2025-02-23,WH_C,West,SKU0076,Hardware,149,3,15,117
2025-02-23,WH_C,West,SKU0077,Office,85,5,29,81
2025-02-23,WH_C,West,SKU0078,Housewares,182,2,42,86
2025-02-23,WH_C,West,SKU0079,Hardware,252,3,47,56
2025-02-23,WH_C,West,SKU0080,Hardware,95,1,17,54
2025-02-23,WH_C,West,SKU0081,Housewares,33,3,40,45
2025-02-23,WH_C,West,SKU0082,Hardware,77,0,21,91
2025-02-23,WH_C,West,SKU0083,Housewares,151,3,15,73
2025-02-23,WH_C,West,SKU0084,Office,76,0,34,35
2025-02-23,WH_C,West,SKU0085,Hardware,101,4,50,117
2025-02-23,WH_C,West,SKU0086,Hardware,244,6,29,54
2025-02-23,WH_C,West,SKU0087,Office,62,2,21,113
2025-02-23,WH_C,West,SKU0088,Housewares,86,1,21,95
2025-02-23,WH_C,West,SKU0089,Electronics,31,2,21,80
2025-02-23,WH_C,West,SKU0090,Electronics,192,0,32,99
2025-02-23,WH_C,West,SKU0091,Electronics,30,0,25,61
2025-02-23,WH_C,West,SKU0092,Housewares,131,0,23,98
2025-02-23,WH_C,West,SKU0093,Sports,45,2,22,106
2025-02-23,WH_C,West,SKU0094,Hardware,92,0,47,97
2025-02-23,WH_C,West,SKU0095,Electronics,266,3,38,54
2025-02-23,WH_C,West,SKU0096,Hardware,57,2,22,75
2025-02-23,WH_C,West,SKU0097,Office,99,0,30,102
2025-02-23,WH_C,West,SKU0098,Housewares,113,3,49,42
2025-02-23,WH_C,West,SKU0099,Office,124,5,46,61
2025-02-23,WH_C,West,SKU0100,Office,73,1,20,70
2025-02-24,WH_A,East,SKU0001,Housewares,175,1,20,32
2025-02-24,WH_A,East,SKU0002,Electronics,269,1,39,84
2025-02-24,WH_A,East,SKU0003,Hardware,21,1,47,83
2025-02-24,WH_A,East,SKU0004,Hardware,101,3,30,78
2025-02-24,WH_A,East,SKU0005,Sports,122,4,18,67
2025-02-24,WH_A,East,SKU0006,Sports,137,4,17,48
2025-02-24,WH_A,East,SKU0007,Office,132,2,26,48
2025-02-24,WH_A,East,SKU0008,Electronics,168,3,46,100
2025-02-24,WH_A,East,SKU0009,Hardware,236,3,23,48
2025-02-24,WH_A,East,SKU0010,Electronics,138,5,21,111
2025-02-24,WH_A,East,SKU0011,Hardware,231,2,24,84
2025-02-24,WH_A,East,SKU0012,Housewares,175,3,21,61
2025-02-24,WH_A,East,SKU0013,Electronics,141,4,17,83
2025-02-24,WH_A,East,SKU0014,Electronics,78,8,19,37
2025-02-24,WH_A,East,SKU0015,Housewares,150,2,33,34
2025-02-24,WH_A,East,SKU0016,Housewares,37,2,35,91
2025-02-24,WH_A,East,SKU0017,Hardware,258,2,46,113
2025-02-24,WH_A,East,SKU0018,Housewares,43,4,40,47
2025-02-24,WH_A,East,SKU0019,Sports,172,1,48,38
2025-02-24,WH_A,East,SKU0020,Electronics,51,3,45,112
2025-02-24,WH_A,East,SKU0021,Sports,110,1,26,84
2025-02-24,WH_A,East,SKU0022,Sports,154,1,40,83
2025-02-24,WH_A,East,SKU0023,Hardware,174,4,18,98
2025-02-24,WH_A,East,SKU0024,Electronics,101,2,41,100
2025-02-24,WH_A,East,SKU0025,Office,43,2,40,101
2025-02-24,WH_A,East,SKU0026,Hardware,259,0,25,44
2025-02-24,WH_A,East,SKU0027,Electronics,123,2,17,86
2025-02-24,WH_A,East,SKU0028,Electronics,100,4,45,55
2025-02-24,WH_A,East,SKU0029,Sports,30,6,48,117
2025-02-24,WH_A,East,SKU0030,Housewares,130,3,20,65
2025-02-24,WH_A,East,SKU0031,Sports,67,3,16,54
2025-02-24,WH_A,East,SKU0032,Sports,188,4,15,107
2025-02-24,WH_A,East,SKU0033,Housewares,38,3,16,36
2025-02-24,WH_A,East,SKU0034,Office,96,2,40,52
2025-02-24,WH_A,East,SKU0035,Hardware,176,0,17,91
2025-02-24,WH_A,East,SKU0036,Housewares,32,2,26,113
2025-02-24,WH_A,East,SKU0037,Sports,113,3,46,66
2025-02-24,WH_A,East,SKU0038,Housewares,168,5,35,113
2025-02-24,WH_A,East,SKU0039,Office,127,0,48,98
2025-02-24,WH_A,East,SKU0040,Housewares,156,1,25,38
2025-02-24,WH_A,East,SKU0041,Sports,94,2,25,89
2025-02-24,WH_A,East,SKU0042,Electronics,106,0,49,45
2025-02-24,WH_A,East,SKU0043,Hardware,149,0,26,49
2025-02-24,WH_A,East,SKU0044,Hardware,245,4,28,52
2025-02-24,WH_A,East,SKU0045,Electronics,68,4,44,115
2025-02-24,WH_A,East,SKU0046,Hardware,267,0,26,71
2025-02-24,WH_A,East,SKU0047,Electronics,134,1,17,44
2025-02-24,WH_A,East,SKU0048,Hardware,138,3,30,100
2025-02-24,WH_A,East,SKU0049,Housewares,198,3,33,92
2025-02-24,WH_A,East,SKU0050,Hardware,149,6,33,60
2025-02-24,WH_A,East,SKU0051,Hardware,267,3,20,94
2025-02-24,WH_A,East,SKU0052,Hardware,206,1,40,69
2025-02-24,WH_A,East,SKU0053,Hardware,163,0,32,88
2025-02-24,WH_A,East,SKU0054,Office,162,0,18,37
2025-02-24,WH_A,East,SKU0055,Housewares,132,0,26,64
2025-02-24,WH_A,East,SKU0056,Housewares,131,5,28,81
2025-02-24,WH_A,East,SKU0057,Electronics,178,3,48,60
2025-02-24,WH_A,East,SKU0058,Sports,143,4,37,76
2025-02-24,WH_A,East,SKU0059,Electronics,260,0,38,112
2025-02-24,WH_A,East,SKU0060,Hardware,42,4,32,73
2025-02-24,WH_A,East,SKU0061,Office,155,0,30,99
2025-02-24,WH_A,East,SKU0062,Housewares,148,3,38,34
2025-02-24,WH_A,East,SKU0063,Housewares,18,3,46,89
2025-02-24,WH_A,East,SKU0064,Sports,38,7,18,54
2025-02-24,WH_A,East,SKU0065,Sports,50,3,43,48
2025-02-24,WH_A,East,SKU0066,Sports,35,1,19,59
2025-02-24,WH_A,East,SKU0067,Hardware,155,5,47,30
2025-02-24,WH_A,East,SKU0068,Electronics,136,6,27,56
2025-02-24,WH_A,East,SKU0069,Hardware,97,0,22,77
2025-02-24,WH_A,East,SKU0070,Hardware,279,5,41,104
2025-02-24,WH_A,East,SKU0071,Hardware,178,0,31,32
2025-02-24,WH_A,East,SKU0072,Office,41,3,18,40
2025-02-24,WH_A,East,SKU0073,Office,90,3,40,33
2025-02-24,WH_A,East,SKU0074,Hardware,79,5,27,56
2025-02-24,WH_A,East,SKU0075,Sports,111,2,26,30
2025-02-24,WH_A,East,SKU0076,Hardware,178,4,25,52
2025-02-24,WH_A,East,SKU0077,Office,118,3,18,117
2025-02-24,WH_A,East,SKU0078,Housewares,149,1,28,39
2025-02-24,WH_A,East,SKU0079,Hardware,174,0,32,46
2025-02-24,WH_A,East,SKU0080,Hardware,167,3,40,59
2025-02-24,WH_A,East,SKU0081,Housewares,83,4,22,78
2025-02-24,WH_A,East,SKU0082,Hardware,67,1,33,36
2025-02-24,WH_A,East,SKU0083,Housewares,145,1,24,54
2025-02-24,WH_A,East,SKU0084,Office,53,0,15,38
2025-02-24,WH_A,East,SKU0085,Hardware,186,0,20,118
2025-02-24,WH_A,East,SKU0086,Hardware,169,0,22,107
2025-02-24,WH_A,East,SKU0087,Office,179,1,33,70
2025-02-24,WH_A,East,SKU0088,Housewares,121,1,31,35
2025-02-24,WH_A,East,SKU0089,Electronics,152,0,22,107
2025-02-24,WH_A,East,SKU0090,Electronics,275,0,38,33
2025-02-24,WH_A,East,SKU0091,Electronics,221,2,19,106
2025-02-24,WH_A,East,SKU0092,Housewares,16,2,15,72
2025-02-24,WH_A,East,SKU0093,Sports,132,2,43,59
2025-02-24,WH_A,East,SKU0094,Hardware,250,3,37,50
2025-02-24,WH_A,East,SKU0095,Electronics,178,1,29,76
2025-02-24,WH_A,East,SKU0096,Hardware,242,1,38,41
2025-02-24,WH_A,East,SKU0097,Office,131,4,42,60
2025-02-24,WH_A,East,SKU0098,Housewares,116,4,26,63
2025-02-24,WH_A,East,SKU0099,Office,54,1,30,113
2025-02-24,WH_A,East,SKU0100,Office,37,2,24,120
2025-02-24,WH_B,Central,SKU0001,Housewares,76,2,48,78
2025-02-24,WH_B,Central,SKU0002,Electronics,201,3,21,36
2025-02-24,WH_B,Central,SKU0003,Hardware,177,0,41,71
2025-02-24,WH_B,Central,SKU0004,Hardware,163,4,16,51
2025-02-24,WH_B,Central,SKU0005,Sports,98,1,25,54
2025-02-24,WH_B,Central,SKU0006,Sports,116,0,43,86
2025-02-24,WH_B,Central,SKU0007,Office,165,5,33,40
2025-02-24,WH_B,Central,SKU0008,Electronics,272,3,34,104
2025-02-24,WH_B,Central,SKU0009,Hardware,37,0,38,90
2025-02-24,WH_B,Central,SKU0010,Electronics,56,1,46,73
2025-02-24,WH_B,Central,SKU0011,Hardware,88,0,24,46
2025-02-24,WH_B,Central,SKU0012,Housewares,148,2,46,118
2025-02-24,WH_B,Central,SKU0013,Electronics,275,3,37,50
2025-02-24,WH_B,Central,SKU0014,Electronics,170,8,22,70
2025-02-24,WH_B,Central,SKU0015,Housewares,162,0,44,96
2025-02-24,WH_B,Central,SKU0016,Housewares,183,2,48,106
2025-02-24,WH_B,Central,SKU0017,Hardware,55,0,40,100
2025-02-24,WH_B,Central,SKU0018,Housewares,87,4,21,91
2025-02-24,WH_B,Central,SKU0019,Sports,36,4,35,44
2025-02-24,WH_B,Central,SKU0020,Electronics,63,5,19,63
2025-02-24,WH_B,Central,SKU0021,Sports,71,2,31,44
2025-02-24,WH_B,Central,SKU0022,Sports,76,0,33,119
2025-02-24,WH_B,Central,SKU0023,Hardware,231,1,34,76
2025-02-24,WH_B,Central,SKU0024,Electronics,136,1,41,86
2025-02-24,WH_B,Central,SKU0025,Office,71,8,19,116
2025-02-24,WH_B,Central,SKU0026,Hardware,96,4,43,39
2025-02-24,WH_B,Central,SKU0027,Electronics,193,4,31,41
2025-02-24,WH_B,Central,SKU0028,Electronics,226,3,15,117
2025-02-24,WH_B,Central,SKU0029,Sports,130,1,40,106
2025-02-24,WH_B,Central,SKU0030,Housewares,129,4,34,70
2025-02-24,WH_B,Central,SKU0031,Sports,184,1,18,99
2025-02-24,WH_B,Central,SKU0032,Sports,110,0,45,30
2025-02-24,WH_B,Central,SKU0033,Housewares,86,3,31,30
2025-02-24,WH_B,Central,SKU0034,Office,50,5,20,93
2025-02-24,WH_B,Central,SKU0035,Hardware,164,0,20,89
2025-02-24,WH_B,Central,SKU0036,Housewares,25,3,39,43
2025-02-24,WH_B,Central,SKU0037,Sports,77,0,17,44
2025-02-24,WH_B,Central,SKU0038,Housewares,41,0,23,87
2025-02-24,WH_B,Central,SKU0039,Office,62,4,49,58
2025-02-24,WH_B,Central,SKU0040,Housewares,52,0,48,110
2025-02-24,WH_B,Central,SKU0041,Sports,182,3,20,88
2025-02-24,WH_B,Central,SKU0042,Electronics,96,6,16,61
2025-02-24,WH_B,Central,SKU0043,Hardware,142,2,45,105
2025-02-24,WH_B,Central,SKU0044,Hardware,149,3,37,84
2025-02-24,WH_B,Central,SKU0045,Electronics,141,5,15,33
2025-02-24,WH_B,Central,SKU0046,Hardware,52,3,19,115
2025-02-24,WH_B,Central,SKU0047,Electronics,253,2,35,67
2025-02-24,WH_B,Central,SKU0048,Hardware,75,3,40,37
2025-02-24,WH_B,Central,SKU0049,Housewares,142,4,50,49
2025-02-24,WH_B,Central,SKU0050,Hardware,136,1,19,45
2025-02-24,WH_B,Central,SKU0051,Hardware,168,1,32,56
2025-02-24,WH_B,Central,SKU0052,Hardware,126,0,26,68
2025-02-24,WH_B,Central,SKU0053,Hardware,264,5,19,45
2025-02-24,WH_B,Central,SKU0054,Office,90,2,45,70
2025-02-24,WH_B,Central,SKU0055,Housewares,87,4,40,85
2025-02-24,WH_B,Central,SKU0056,Housewares,59,2,32,97
2025-02-24,WH_B,Central,SKU0057,Electronics,73,3,23,59
2025-02-24,WH_B,Central,SKU0058,Sports,31,4,42,67
2025-02-24,WH_B,Central,SKU0059,Electronics,85,0,19,40
2025-02-24,WH_B,Central,SKU0060,Hardware,166,5,47,63
2025-02-24,WH_B,Central,SKU0061,Office,123,0,18,58
2025-02-24,WH_B,Central,SKU0062,Housewares,161,3,37,42
2025-02-24,WH_B,Central,SKU0063,Housewares,202,2,36,108
2025-02-24,WH_B,Central,SKU0064,Sports,69,0,30,65
2025-02-24,WH_B,Central,SKU0065,Sports,209,4,42,80
2025-02-24,WH_B,Central,SKU0066,Sports,117,5,24,38
2025-02-24,WH_B,Central,SKU0067,Hardware,203,0,33,84
2025-02-24,WH_B,Central,SKU0068,Electronics,112,0,35,54
2025-02-24,WH_B,Central,SKU0069,Hardware,101,3,21,85
2025-02-24,WH_B,Central,SKU0070,Hardware,124,2,35,31
2025-02-24,WH_B,Central,SKU0071,Hardware,174,0,17,71
2025-02-24,WH_B,Central,SKU0072,Office,186,3,33,43
2025-02-24,WH_B,Central,SKU0073,Office,34,1,28,90
2025-02-24,WH_B,Central,SKU0074,Hardware,277,5,21,58
2025-02-24,WH_B,Central,SKU0075,Sports,169,2,33,112
2025-02-24,WH_B,Central,SKU0076,Hardware,193,2,30,110
2025-02-24,WH_B,Central,SKU0077,Office,43,5,15,93
2025-02-24,WH_B,Central,SKU0078,Housewares,168,4,17,111
2025-02-24,WH_B,Central,SKU0079,Hardware,197,4,49,84
2025-02-24,WH_B,Central,SKU0080,Hardware,248,2,35,87
2025-02-24,WH_B,Central,SKU0081,Housewares,111,5,18,44
2025-02-24,WH_B,Central,SKU0082,Hardware,247,7,48,59
2025-02-24,WH_B,Central,SKU0083,Housewares,19,2,32,43
2025-02-24,WH_B,Central,SKU0084,Office,187,3,35,111
2025-02-24,WH_B,Central,SKU0085,Hardware,116,1,33,92
2025-02-24,WH_B,Central,SKU0086,Hardware,144,3,46,60
2025-02-24,WH_B,Central,SKU0087,Office,61,6,32,119
2025-02-24,WH_B,Central,SKU0088,Housewares,66,1,38,113
2025-02-24,WH_B,Central,SKU0089,Electronics,249,1,45,61
2025-02-24,WH_B,Central,SKU0090,Electronics,173,1,45,34
2025-02-24,WH_B,Central,SKU0091,Electronics,36,3,42,94
2025-02-24,WH_B,Central,SKU0092,Housewares,114,7,24,76
2025-02-24,WH_B,Central,SKU0093,Sports,85,2,19,115
2025-02-24,WH_B,Central,SKU0094,Hardware,266,2,45,70
2025-02-24,WH_B,Central,SKU0095,Electronics,49,1,31,30
2025-02-24,WH_B,Central,SKU0096,Hardware,230,6,28,90
2025-02-24,WH_B,Central,SKU0097,Office,20,0,20,44
2025-02-24,WH_B,Central,SKU0098,Housewares,160,3,35,109
2025-02-24,WH_B,Central,SKU0099,Office,103,3,50,103
2025-02-24,WH_B,Central,SKU0100,Office,188,3,43,64
2025-02-24,WH_C,West,SKU0001,Housewares,203,2,16,109
2025-02-24,WH_C,West,SKU0002,Electronics,166,0,25,102
2025-02-24,WH_C,West,SKU0003,Hardware,19,7,35,114
2025-02-24,WH_C,West,SKU0004,Hardware,157,4,17,106
2025-02-24,WH_C,West,SKU0005,Sports,120,1,45,103
2025-02-24,WH_C,West,SKU0006,Sports,67,4,47,38
2025-02-24,WH_C,West,SKU0007,Office,142,6,32,87
2025-02-24,WH_C,West,SKU0008,Electronics,95,0,39,80
2025-02-24,WH_C,West,SKU0009,Hardware,210,2,18,80
2025-02-24,WH_C,West,SKU0010,Electronics,114,0,26,66
2025-02-24,WH_C,West,SKU0011,Hardware,90,2,42,111
2025-02-24,WH_C,West,SKU0012,Housewares,51,5,20,106
2025-02-24,WH_C,West,SKU0013,Electronics,149,2,32,34
2025-02-24,WH_C,West,SKU0014,Electronics,269,1,39,52
2025-02-24,WH_C,West,SKU0015,Housewares,146,2,47,112
2025-02-24,WH_C,West,SKU0016,Housewares,170,2,16,95
2025-02-24,WH_C,West,SKU0017,Hardware,224,1,18,80
2025-02-24,WH_C,West,SKU0018,Housewares,145,4,27,41
2025-02-24,WH_C,West,SKU0019,Sports,53,0,24,115
2025-02-24,WH_C,West,SKU0020,Electronics,69,3,44,104
2025-02-24,WH_C,West,SKU0021,Sports,114,1,23,100
2025-02-24,WH_C,West,SKU0022,Sports,52,1,25,56
2025-02-24,WH_C,West,SKU0023,Hardware,106,3,20,53
2025-02-24,WH_C,West,SKU0024,Electronics,151,5,39,92
2025-02-24,WH_C,West,SKU0025,Office,146,0,23,74
2025-02-24,WH_C,West,SKU0026,Hardware,34,3,28,96
2025-02-24,WH_C,West,SKU0027,Electronics,151,0,42,45
2025-02-24,WH_C,West,SKU0028,Electronics,177,0,26,118
2025-02-24,WH_C,West,SKU0029,Sports,141,2,22,63
2025-02-24,WH_C,West,SKU0030,Housewares,37,0,27,65
2025-02-24,WH_C,West,SKU0031,Sports,74,2,46,113
2025-02-24,WH_C,West,SKU0032,Sports,146,1,27,48
2025-02-24,WH_C,West,SKU0033,Housewares,54,1,35,113
2025-02-24,WH_C,West,SKU0034,Office,141,3,29,119
2025-02-24,WH_C,West,SKU0035,Hardware,199,1,31,53
2025-02-24,WH_C,West,SKU0036,Housewares,29,3,34,49
2025-02-24,WH_C,West,SKU0037,Sports,15,5,31,53
2025-02-24,WH_C,West,SKU0038,Housewares,29,4,43,106
2025-02-24,WH_C,West,SKU0039,Office,78,3,45,63
2025-02-24,WH_C,West,SKU0040,Housewares,39,0,38,113
2025-02-24,WH_C,West,SKU0041,Sports,150,4,44,38
2025-02-24,WH_C,West,SKU0042,Electronics,229,2,33,48
2025-02-24,WH_C,West,SKU0043,Hardware,168,3,18,114
2025-02-24,WH_C,West,SKU0044,Hardware,160,1,23,114
2025-02-24,WH_C,West,SKU0045,Electronics,141,4,29,112
2025-02-24,WH_C,West,SKU0046,Hardware,34,2,38,75
2025-02-24,WH_C,West,SKU0047,Electronics,261,5,50,92
2025-02-24,WH_C,West,SKU0048,Hardware,229,0,29,80
2025-02-24,WH_C,West,SKU0049,Housewares,109,2,26,92
2025-02-24,WH_C,West,SKU0050,Hardware,98,3,44,104
2025-02-24,WH_C,West,SKU0051,Hardware,140,2,44,49
2025-02-24,WH_C,West,SKU0052,Hardware,90,3,48,110
2025-02-24,WH_C,West,SKU0053,Hardware,85,1,42,117
2025-02-24,WH_C,West,SKU0054,Office,36,2,23,104
2025-02-24,WH_C,West,SKU0055,Housewares,67,3,20,60
2025-02-24,WH_C,West,SKU0056,Housewares,111,1,21,43
2025-02-24,WH_C,West,SKU0057,Electronics,267,0,19,60
2025-02-24,WH_C,West,SKU0058,Sports,193,0,28,36
2025-02-24,WH_C,West,SKU0059,Electronics,62,4,16,90
2025-02-24,WH_C,West,SKU0060,Hardware,130,5,27,77
2025-02-24,WH_C,West,SKU0061,Office,191,5,17,52
2025-02-24,WH_C,West,SKU0062,Housewares,76,0,40,103
2025-02-24,WH_C,West,SKU0063,Housewares,90,4,48,66
2025-02-24,WH_C,West,SKU0064,Sports,52,0,25,57
2025-02-24,WH_C,West,SKU0065,Sports,38,2,23,53
2025-02-24,WH_C,West,SKU0066,Sports,83,3,25,34
2025-02-24,WH_C,West,SKU0067,Hardware,242,2,45,61
2025-02-24,WH_C,West,SKU0068,Electronics,197,5,35,120
2025-02-24,WH_C,West,SKU0069,Hardware,199,3,18,103
2025-02-24,WH_C,West,SKU0070,Hardware,143,5,28,104
2025-02-24,WH_C,West,SKU0071,Hardware,64,5,30,91
2025-02-24,WH_C,West,SKU0072,Office,28,1,48,75
2025-02-24,WH_C,West,SKU0073,Office,160,4,43,96
2025-02-24,WH_C,West,SKU0074,Hardware,93,4,45,109
2025-02-24,WH_C,West,SKU0075,Sports,64,3,22,58
2025-02-24,WH_C,West,SKU0076,Hardware,81,3,42,100
2025-02-24,WH_C,West,SKU0077,Office,67,2,23,78
2025-02-24,WH_C,West,SKU0078,Housewares,184,3,18,96
2025-02-24,WH_C,West,SKU0079,Hardware,43,1,28,87
2025-02-24,WH_C,West,SKU0080,Hardware,44,5,38,43
2025-02-24,WH_C,West,SKU0081,Housewares,173,3,29,39
2025-02-24,WH_C,West,SKU0082,Hardware,181,0,49,68
2025-02-24,WH_C,West,SKU0083,Housewares,90,5,49,101
2025-02-24,WH_C,West,SKU0084,Office,82,0,49,30
2025-02-24,WH_C,West,SKU0085,Hardware,99,1,43,111
2025-02-24,WH_C,West,SKU0086,Hardware,101,2,43,59
2025-02-24,WH_C,West,SKU0087,Office,164,5,22,42
2025-02-24,WH_C,West,SKU0088,Housewares,94,4,28,87
2025-02-24,WH_C,West,SKU0089,Electronics,58,0,31,103
2025-02-24,WH_C,West,SKU0090,Electronics,139,5,40,51
2025-02-24,WH_C,West,SKU0091,Electronics,133,4,38,70
2025-02-24,WH_C,West,SKU0092,Housewares,103,5,16,86
2025-02-24,WH_C,West,SKU0093,Sports,142,1,15,31
2025-02-24,WH_C,West,SKU0094,Hardware,137,4,29,75
2025-02-24,WH_C,West,SKU0095,Electronics,123,0,47,96
2025-02-24,WH_C,West,SKU0096,Hardware,83,3,28,63
2025-02-24,WH_C,West,SKU0097,Office,161,0,21,115
2025-02-24,WH_C,West,SKU0098,Housewares,33,1,47,33
2025-02-24,WH_C,West,SKU0099,Office,193,1,50,52
2025-02-24,WH_C,West,SKU0100,Office,173,1,29,96
2025-02-25,WH_A,East,SKU0001,Housewares,96,4,18,47
2025-02-25,WH_A,East,SKU0002,Electronics,214,2,32,92
2025-02-25,WH_A,East,SKU0003,Hardware,193,1,50,51
2025-02-25,WH_A,East,SKU0004,Hardware,153,3,47,92
2025-02-25,WH_A,East,SKU0005,Sports,112,1,29,89
2025-02-25,WH_A,East,SKU0006,Sports,34,6,38,84
2025-02-25,WH_A,East,SKU0007,Office,80,6,21,71
2025-02-25,WH_A,East,SKU0008,Electronics,112,2,28,34
2025-02-25,WH_A,East,SKU0009,Hardware,197,0,16,78
2025-02-25,WH_A,East,SKU0010,Electronics,188,6,41,117
2025-02-25,WH_A,East,SKU0011,Hardware,215,0,18,112
2025-02-25,WH_A,East,SKU0012,Housewares,196,6,40,57
2025-02-25,WH_A,East,SKU0013,Electronics,126,0,20,42
2025-02-25,WH_A,East,SKU0014,Electronics,242,6,19,85
2025-02-25,WH_A,East,SKU0015,Housewares,198,0,20,43
2025-02-25,WH_A,East,SKU0016,Housewares,179,5,36,73
2025-02-25,WH_A,East,SKU0017,Hardware,105,0,16,106
2025-02-25,WH_A,East,SKU0018,Housewares,91,1,46,56
2025-02-25,WH_A,East,SKU0019,Sports,52,6,27,62
2025-02-25,WH_A,East,SKU0020,Electronics,256,4,18,59
2025-02-25,WH_A,East,SKU0021,Sports,141,2,46,109
2025-02-25,WH_A,East,SKU0022,Sports,44,1,44,31
2025-02-25,WH_A,East,SKU0023,Hardware,93,0,46,103
2025-02-25,WH_A,East,SKU0024,Electronics,265,2,28,33
2025-02-25,WH_A,East,SKU0025,Office,131,2,21,98
2025-02-25,WH_A,East,SKU0026,Hardware,223,4,23,36
2025-02-25,WH_A,East,SKU0027,Electronics,35,2,33,77
2025-02-25,WH_A,East,SKU0028,Electronics,215,1,23,35
2025-02-25,WH_A,East,SKU0029,Sports,152,5,24,42
2025-02-25,WH_A,East,SKU0030,Housewares,127,2,26,64
2025-02-25,WH_A,East,SKU0031,Sports,134,6,34,46
2025-02-25,WH_A,East,SKU0032,Sports,108,6,42,101
2025-02-25,WH_A,East,SKU0033,Housewares,81,1,45,61
2025-02-25,WH_A,East,SKU0034,Office,58,3,38,71
2025-02-25,WH_A,East,SKU0035,Hardware,47,2,42,72
2025-02-25,WH_A,East,SKU0036,Housewares,66,2,16,72
2025-02-25,WH_A,East,SKU0037,Sports,63,0,39,86
2025-02-25,WH_A,East,SKU0038,Housewares,181,9,22,46
2025-02-25,WH_A,East,SKU0039,Office,16,2,43,50
2025-02-25,WH_A,East,SKU0040,Housewares,52,2,37,91
2025-02-25,WH_A,East,SKU0041,Sports,164,6,16,59
2025-02-25,WH_A,East,SKU0042,Electronics,130,2,35,31
2025-02-25,WH_A,East,SKU0043,Hardware,214,0,21,102
2025-02-25,WH_A,East,SKU0044,Hardware,259,1,41,99
2025-02-25,WH_A,East,SKU0045,Electronics,113,2,32,71
2025-02-25,WH_A,East,SKU0046,Hardware,192,3,35,120
2025-02-25,WH_A,East,SKU0047,Electronics,179,3,49,40
2025-02-25,WH_A,East,SKU0048,Hardware,195,2,31,67
2025-02-25,WH_A,East,SKU0049,Housewares,64,5,17,70
2025-02-25,WH_A,East,SKU0050,Hardware,118,6,18,111
2025-02-25,WH_A,East,SKU0051,Hardware,149,1,20,77
2025-02-25,WH_A,East,SKU0052,Hardware,265,2,35,83
2025-02-25,WH_A,East,SKU0053,Hardware,200,0,32,31
2025-02-25,WH_A,East,SKU0054,Office,164,4,26,36
2025-02-25,WH_A,East,SKU0055,Housewares,34,1,40,112
2025-02-25,WH_A,East,SKU0056,Housewares,152,0,35,106
2025-02-25,WH_A,East,SKU0057,Electronics,237,5,30,34
2025-02-25,WH_A,East,SKU0058,Sports,43,3,19,58
2025-02-25,WH_A,East,SKU0059,Electronics,117,1,20,68
2025-02-25,WH_A,East,SKU0060,Hardware,48,5,37,110
2025-02-25,WH_A,East,SKU0061,Office,145,4,18,79
2025-02-25,WH_A,East,SKU0062,Housewares,174,1,45,32
2025-02-25,WH_A,East,SKU0063,Housewares,164,4,19,62
2025-02-25,WH_A,East,SKU0064,Sports,92,3,42,75
2025-02-25,WH_A,East,SKU0065,Sports,102,3,48,62
2025-02-25,WH_A,East,SKU0066,Sports,19,4,18,31
2025-02-25,WH_A,East,SKU0067,Hardware,35,4,33,34
2025-02-25,WH_A,East,SKU0068,Electronics,43,4,33,82
2025-02-25,WH_A,East,SKU0069,Hardware,126,3,37,62
2025-02-25,WH_A,East,SKU0070,Hardware,262,0,44,79
2025-02-25,WH_A,East,SKU0071,Hardware,225,6,28,67
2025-02-25,WH_A,East,SKU0072,Office,150,1,43,74
2025-02-25,WH_A,East,SKU0073,Office,75,1,38,82
2025-02-25,WH_A,East,SKU0074,Hardware,26,3,33,100
2025-02-25,WH_A,East,SKU0075,Sports,160,4,24,66
2025-02-25,WH_A,East,SKU0076,Hardware,161,3,42,47
2025-02-25,WH_A,East,SKU0077,Office,102,6,43,84
2025-02-25,WH_A,East,SKU0078,Housewares,46,1,20,54
2025-02-25,WH_A,East,SKU0079,Hardware,204,4,17,119
2025-02-25,WH_A,East,SKU0080,Hardware,189,2,36,40
2025-02-25,WH_A,East,SKU0081,Housewares,31,4,47,44
2025-02-25,WH_A,East,SKU0082,Hardware,81,2,21,79
2025-02-25,WH_A,East,SKU0083,Housewares,109,3,26,117
2025-02-25,WH_A,East,SKU0084,Office,194,2,38,37
2025-02-25,WH_A,East,SKU0085,Hardware,219,0,22,77
2025-02-25,WH_A,East,SKU0086,Hardware,230,2,36,107
2025-02-25,WH_A,East,SKU0087,Office,17,3,34,60
2025-02-25,WH_A,East,SKU0088,Housewares,55,5,36,32
2025-02-25,WH_A,East,SKU0089,Electronics,169,2,19,93
2025-02-25,WH_A,East,SKU0090,Electronics,128,6,19,110
2025-02-25,WH_A,East,SKU0091,Electronics,173,5,32,91
2025-02-25,WH_A,East,SKU0092,Housewares,129,5,39,54
2025-02-25,WH_A,East,SKU0093,Sports,42,6,17,118
2025-02-25,WH_A,East,SKU0094,Hardware,104,2,25,119
2025-02-25,WH_A,East,SKU0095,Electronics,114,0,22,104
2025-02-25,WH_A,East,SKU0096,Hardware,174,4,40,90
2025-02-25,WH_A,East,SKU0097,Office,43,4,25,76
2025-02-25,WH_A,East,SKU0098,Housewares,85,3,39,42
2025-02-25,WH_A,East,SKU0099,Office,115,3,47,62
2025-02-25,WH_A,East,SKU0100,Office,105,3,32,78
2025-02-25,WH_B,Central,SKU0001,Housewares,185,2,41,66
2025-02-25,WH_B,Central,SKU0002,Electronics,156,3,47,107
2025-02-25,WH_B,Central,SKU0003,Hardware,78,2,31,117
2025-02-25,WH_B,Central,SKU0004,Hardware,134,2,20,115
2025-02-25,WH_B,Central,SKU0005,Sports,160,0,29,53
2025-02-25,WH_B,Central,SKU0006,Sports,138,5,19,41
2025-02-25,WH_B,Central,SKU0007,Office,60,4,43,110
2025-02-25,WH_B,Central,SKU0008,Electronics,69,3,32,117
2025-02-25,WH_B,Central,SKU0009,Hardware,287,2,32,93
2025-02-25,WH_B,Central,SKU0010,Electronics,247,3,25,104
2025-02-25,WH_B,Central,SKU0011,Hardware,190,2,35,103
2025-02-25,WH_B,Central,SKU0012,Housewares,50,1,32,68
2025-02-25,WH_B,Central,SKU0013,Electronics,205,3,34,32
2025-02-25,WH_B,Central,SKU0014,Electronics,31,0,34,79
2025-02-25,WH_B,Central,SKU0015,Housewares,105,0,49,62
2025-02-25,WH_B,Central,SKU0016,Housewares,129,0,30,104
2025-02-25,WH_B,Central,SKU0017,Hardware,101,2,33,101
2025-02-25,WH_B,Central,SKU0018,Housewares,139,2,46,101
2025-02-25,WH_B,Central,SKU0019,Sports,29,4,45,61
2025-02-25,WH_B,Central,SKU0020,Electronics,196,0,40,115
2025-02-25,WH_B,Central,SKU0021,Sports,170,3,45,83
2025-02-25,WH_B,Central,SKU0022,Sports,94,5,45,56
2025-02-25,WH_B,Central,SKU0023,Hardware,190,4,48,35
2025-02-25,WH_B,Central,SKU0024,Electronics,161,5,30,65
2025-02-25,WH_B,Central,SKU0025,Office,66,1,37,44
2025-02-25,WH_B,Central,SKU0026,Hardware,239,3,21,98
2025-02-25,WH_B,Central,SKU0027,Electronics,196,5,22,84
2025-02-25,WH_B,Central,SKU0028,Electronics,76,2,49,103
2025-02-25,WH_B,Central,SKU0029,Sports,123,2,34,86
2025-02-25,WH_B,Central,SKU0030,Housewares,133,3,44,85
2025-02-25,WH_B,Central,SKU0031,Sports,130,4,40,37
2025-02-25,WH_B,Central,SKU0032,Sports,205,2,20,105
2025-02-25,WH_B,Central,SKU0033,Housewares,41,3,27,76
2025-02-25,WH_B,Central,SKU0034,Office,83,3,39,62
2025-02-25,WH_B,Central,SKU0035,Hardware,69,4,36,103
2025-02-25,WH_B,Central,SKU0036,Housewares,193,4,28,44
2025-02-25,WH_B,Central,SKU0037,Sports,147,3,42,104
2025-02-25,WH_B,Central,SKU0038,Housewares,160,3,15,97
2025-02-25,WH_B,Central,SKU0039,Office,125,5,41,87
2025-02-25,WH_B,Central,SKU0040,Housewares,110,4,22,33
2025-02-25,WH_B,Central,SKU0041,Sports,203,5,38,113
2025-02-25,WH_B,Central,SKU0042,Electronics,174,3,28,105
2025-02-25,WH_B,Central,SKU0043,Hardware,257,7,41,92
2025-02-25,WH_B,Central,SKU0044,Hardware,55,7,34,65
2025-02-25,WH_B,Central,SKU0045,Electronics,180,5,45,91
2025-02-25,WH_B,Central,SKU0046,Hardware,53,0,32,34
2025-02-25,WH_B,Central,SKU0047,Electronics,150,6,43,89
2025-02-25,WH_B,Central,SKU0048,Hardware,37,2,23,76
2025-02-25,WH_B,Central,SKU0049,Housewares,35,4,20,76
2025-02-25,WH_B,Central,SKU0050,Hardware,181,3,33,62
2025-02-25,WH_B,Central,SKU0051,Hardware,244,0,33,34
2025-02-25,WH_B,Central,SKU0052,Hardware,252,0,49,71
2025-02-25,WH_B,Central,SKU0053,Hardware,173,6,35,46
2025-02-25,WH_B,Central,SKU0054,Office,114,8,39,110
2025-02-25,WH_B,Central,SKU0055,Housewares,66,2,46,63
2025-02-25,WH_B,Central,SKU0056,Housewares,80,1,50,64
2025-02-25,WH_B,Central,SKU0057,Electronics,164,4,36,73
2025-02-25,WH_B,Central,SKU0058,Sports,199,5,45,79
2025-02-25,WH_B,Central,SKU0059,Electronics,279,0,41,56
2025-02-25,WH_B,Central,SKU0060,Hardware,108,3,36,118
2025-02-25,WH_B,Central,SKU0061,Office,126,4,26,30
2025-02-25,WH_B,Central,SKU0062,Housewares,106,4,16,102
2025-02-25,WH_B,Central,SKU0063,Housewares,100,3,28,31
2025-02-25,WH_B,Central,SKU0064,Sports,204,2,43,50
2025-02-25,WH_B,Central,SKU0065,Sports,132,2,45,46
2025-02-25,WH_B,Central,SKU0066,Sports,151,0,24,90
2025-02-25,WH_B,Central,SKU0067,Hardware,160,0,35,116
2025-02-25,WH_B,Central,SKU0068,Electronics,196,0,50,93
2025-02-25,WH_B,Central,SKU0069,Hardware,58,5,50,104
2025-02-25,WH_B,Central,SKU0070,Hardware,109,6,25,112
2025-02-25,WH_B,Central,SKU0071,Hardware,169,4,40,32
2025-02-25,WH_B,Central,SKU0072,Office,82,4,41,84
2025-02-25,WH_B,Central,SKU0073,Office,164,0,49,33
2025-02-25,WH_B,Central,SKU0074,Hardware,246,3,26,89
2025-02-25,WH_B,Central,SKU0075,Sports,150,0,34,63
2025-02-25,WH_B,Central,SKU0076,Hardware,220,1,26,112
2025-02-25,WH_B,Central,SKU0077,Office,172,0,33,55
2025-02-25,WH_B,Central,SKU0078,Housewares,211,3,38,35
2025-02-25,WH_B,Central,SKU0079,Hardware,56,2,45,107
2025-02-25,WH_B,Central,SKU0080,Hardware,171,5,21,85
2025-02-25,WH_B,Central,SKU0081,Housewares,111,3,29,91
2025-02-25,WH_B,Central,SKU0082,Hardware,196,1,44,117
2025-02-25,WH_B,Central,SKU0083,Housewares,143,1,31,47
2025-02-25,WH_B,Central,SKU0084,Office,103,6,46,43
2025-02-25,WH_B,Central,SKU0085,Hardware,165,3,33,102
2025-02-25,WH_B,Central,SKU0086,Hardware,47,5,22,79
2025-02-25,WH_B,Central,SKU0087,Office,70,2,42,104
2025-02-25,WH_B,Central,SKU0088,Housewares,97,0,16,117
2025-02-25,WH_B,Central,SKU0089,Electronics,203,3,26,73
2025-02-25,WH_B,Central,SKU0090,Electronics,248,1,26,74
2025-02-25,WH_B,Central,SKU0091,Electronics,39,4,21,79
2025-02-25,WH_B,Central,SKU0092,Housewares,184,0,19,74
2025-02-25,WH_B,Central,SKU0093,Sports,122,0,45,97
2025-02-25,WH_B,Central,SKU0094,Hardware,51,4,45,109
2025-02-25,WH_B,Central,SKU0095,Electronics,207,1,24,56
2025-02-25,WH_B,Central,SKU0096,Hardware,42,7,45,115
2025-02-25,WH_B,Central,SKU0097,Office,42,4,16,97
2025-02-25,WH_B,Central,SKU0098,Housewares,39,2,27,57
2025-02-25,WH_B,Central,SKU0099,Office,88,0,16,48
2025-02-25,WH_B,Central,SKU0100,Office,67,1,45,68
2025-02-25,WH_C,West,SKU0001,Housewares,72,2,26,85
2025-02-25,WH_C,West,SKU0002,Electronics,232,1,26,65
2025-02-25,WH_C,West,SKU0003,Hardware,255,2,33,42
2025-02-25,WH_C,West,SKU0004,Hardware,227,1,15,41
2025-02-25,WH_C,West,SKU0005,Sports,204,1,39,116
2025-02-25,WH_C,West,SKU0006,Sports,183,2,37,108
2025-02-25,WH_C,West,SKU0007,Office,175,4,22,45
2025-02-25,WH_C,West,SKU0008,Electronics,267,4,26,103
2025-02-25,WH_C,West,SKU0009,Hardware,152,4,41,63
2025-02-25,WH_C,West,SKU0010,Electronics,41,1,30,38
2025-02-25,WH_C,West,SKU0011,Hardware,64,5,49,49
2025-02-25,WH_C,West,SKU0012,Housewares,147,1,44,106
2025-02-25,WH_C,West,SKU0013,Electronics,59,1,31,85
2025-02-25,WH_C,West,SKU0014,Electronics,151,6,37,42
2025-02-25,WH_C,West,SKU0015,Housewares,38,3,24,33
2025-02-25,WH_C,West,SKU0016,Housewares,51,0,29,102
2025-02-25,WH_C,West,SKU0017,Hardware,58,6,38,107
2025-02-25,WH_C,West,SKU0018,Housewares,120,2,42,117
2025-02-25,WH_C,West,SKU0019,Sports,134,0,31,49
2025-02-25,WH_C,West,SKU0020,Electronics,107,0,33,54
2025-02-25,WH_C,West,SKU0021,Sports,169,0,28,91
2025-02-25,WH_C,West,SKU0022,Sports,104,2,33,50
2025-02-25,WH_C,West,SKU0023,Hardware,209,2,47,68
2025-02-25,WH_C,West,SKU0024,Electronics,174,2,30,90
2025-02-25,WH_C,West,SKU0025,Office,132,4,30,69
2025-02-25,WH_C,West,SKU0026,Hardware,254,3,50,110
2025-02-25,WH_C,West,SKU0027,Electronics,135,0,18,61
2025-02-25,WH_C,West,SKU0028,Electronics,21,0,26,87
2025-02-25,WH_C,West,SKU0029,Sports,134,1,23,117
2025-02-25,WH_C,West,SKU0030,Housewares,41,4,44,103
2025-02-25,WH_C,West,SKU0031,Sports,82,4,19,81
2025-02-25,WH_C,West,SKU0032,Sports,51,3,37,35
2025-02-25,WH_C,West,SKU0033,Housewares,119,0,37,55
2025-02-25,WH_C,West,SKU0034,Office,73,1,42,86
2025-02-25,WH_C,West,SKU0035,Hardware,252,3,24,65
2025-02-25,WH_C,West,SKU0036,Housewares,188,7,34,116
2025-02-25,WH_C,West,SKU0037,Sports,195,0,47,61
2025-02-25,WH_C,West,SKU0038,Housewares,199,2,44,48
2025-02-25,WH_C,West,SKU0039,Office,126,4,50,89
2025-02-25,WH_C,West,SKU0040,Housewares,143,3,30,95
2025-02-25,WH_C,West,SKU0041,Sports,191,6,48,102
2025-02-25,WH_C,West,SKU0042,Electronics,119,1,20,51
2025-02-25,WH_C,West,SKU0043,Hardware,224,1,42,86
2025-02-25,WH_C,West,SKU0044,Hardware,90,2,47,92
2025-02-25,WH_C,West,SKU0045,Electronics,197,7,31,93
2025-02-25,WH_C,West,SKU0046,Hardware,232,5,39,108
2025-02-25,WH_C,West,SKU0047,Electronics,62,1,18,67
2025-02-25,WH_C,West,SKU0048,Hardware,36,4,43,78
2025-02-25,WH_C,West,SKU0049,Housewares,201,3,25,106
2025-02-25,WH_C,West,SKU0050,Hardware,158,3,39,70
2025-02-25,WH_C,West,SKU0051,Hardware,87,4,33,42
2025-02-25,WH_C,West,SKU0052,Hardware,121,5,46,58
2025-02-25,WH_C,West,SKU0053,Hardware,41,0,47,36
2025-02-25,WH_C,West,SKU0054,Office,60,4,16,66
2025-02-25,WH_C,West,SKU0055,Housewares,45,3,31,39
2025-02-25,WH_C,West,SKU0056,Housewares,199,3,15,88
2025-02-25,WH_C,West,SKU0057,Electronics,80,7,19,47
2025-02-25,WH_C,West,SKU0058,Sports,170,4,32,61
2025-02-25,WH_C,West,SKU0059,Electronics,273,2,30,88
2025-02-25,WH_C,West,SKU0060,Hardware,66,1,26,84
2025-02-25,WH_C,West,SKU0061,Office,89,3,43,97
2025-02-25,WH_C,West,SKU0062,Housewares,57,3,33,109
2025-02-25,WH_C,West,SKU0063,Housewares,126,4,29,75
2025-02-25,WH_C,West,SKU0064,Sports,102,4,16,40
2025-02-25,WH_C,West,SKU0065,Sports,174,0,28,77
2025-02-25,WH_C,West,SKU0066,Sports,74,0,19,114
2025-02-25,WH_C,West,SKU0067,Hardware,55,2,16,44
2025-02-25,WH_C,West,SKU0068,Electronics,153,3,47,68
2025-02-25,WH_C,West,SKU0069,Hardware,164,2,40,86
2025-02-25,WH_C,West,SKU0070,Hardware,118,0,20,58
2025-02-25,WH_C,West,SKU0071,Hardware,189,5,18,118
2025-02-25,WH_C,West,SKU0072,Office,26,0,19,115
2025-02-25,WH_C,West,SKU0073,Office,211,5,44,65
2025-02-25,WH_C,West,SKU0074,Hardware,238,3,27,41
2025-02-25,WH_C,West,SKU0075,Sports,151,5,38,83
2025-02-25,WH_C,West,SKU0076,Hardware,53,4,46,59
2025-02-25,WH_C,West,SKU0077,Office,22,2,26,43
2025-02-25,WH_C,West,SKU0078,Housewares,187,4,43,57
2025-02-25,WH_C,West,SKU0079,Hardware,196,2,28,60
2025-02-25,WH_C,West,SKU0080,Hardware,246,2,45,111
2025-02-25,WH_C,West,SKU0081,Housewares,196,1,17,40
2025-02-25,WH_C,West,SKU0082,Hardware,18,2,21,114
2025-02-25,WH_C,West,SKU0083,Housewares,102,0,25,82
2025-02-25,WH_C,West,SKU0084,Office,70,0,19,100
2025-02-25,WH_C,West,SKU0085,Hardware,245,0,25,50
2025-02-25,WH_C,West,SKU0086,Hardware,244,3,31,31
2025-02-25,WH_C,West,SKU0087,Office,18,0,41,39
2025-02-25,WH_C,West,SKU0088,Housewares,67,3,48,78
2025-02-25,WH_C,West,SKU0089,Electronics,143,2,32,118
2025-02-25,WH_C,West,SKU0090,Electronics,235,1,42,81
2025-02-25,WH_C,West,SKU0091,Electronics,40,1,25,113
2025-02-25,WH_C,West,SKU0092,Housewares,92,0,20,64
2025-02-25,WH_C,West,SKU0093,Sports,79,1,36,99
2025-02-25,WH_C,West,SKU0094,Hardware,31,4,32,90
2025-02-25,WH_C,West,SKU0095,Electronics,69,2,19,101
2025-02-25,WH_C,West,SKU0096,Hardware,38,1,17,68
2025-02-25,WH_C,West,SKU0097,Office,116,6,18,40
2025-02-25,WH_C,West,SKU0098,Housewares,98,1,30,38
2025-02-25,WH_C,West,SKU0099,Office,51,3,35,108
2025-02-25,WH_C,West,SKU0100,Office,174,3,41,37
2025-02-26,WH_A,East,SKU0001,Housewares,67,1,45,81
2025-02-26,WH_A,East,SKU0002,Electronics,267,0,27,119
2025-02-26,WH_A,East,SKU0003,Hardware,117,3,46,92
2025-02-26,WH_A,East,SKU0004,Hardware,267,1,42,83
2025-02-26,WH_A,East,SKU0005,Sports,21,4,35,62
2025-02-26,WH_A,East,SKU0006,Sports,145,4,36,78
2025-02-26,WH_A,East,SKU0007,Office,57,1,35,90
2025-02-26,WH_A,East,SKU0008,Electronics,176,0,15,64
2025-02-26,WH_A,East,SKU0009,Hardware,106,4,26,69
2025-02-26,WH_A,East,SKU0010,Electronics,163,6,31,37
2025-02-26,WH_A,East,SKU0011,Hardware,152,5,31,114
2025-02-26,WH_A,East,SKU0012,Housewares,176,0,47,83
2025-02-26,WH_A,East,SKU0013,Electronics,55,1,46,73
2025-02-26,WH_A,East,SKU0014,Electronics,120,1,21,96
2025-02-26,WH_A,East,SKU0015,Housewares,39,3,46,93
2025-02-26,WH_A,East,SKU0016,Housewares,47,3,22,68
2025-02-26,WH_A,East,SKU0017,Hardware,229,4,50,42
2025-02-26,WH_A,East,SKU0018,Housewares,116,5,18,77
2025-02-26,WH_A,East,SKU0019,Sports,154,1,16,39
2025-02-26,WH_A,East,SKU0020,Electronics,244,5,46,115
2025-02-26,WH_A,East,SKU0021,Sports,109,1,37,92
2025-02-26,WH_A,East,SKU0022,Sports,20,5,50,51
2025-02-26,WH_A,East,SKU0023,Hardware,183,2,46,100
2025-02-26,WH_A,East,SKU0024,Electronics,187,3,35,35
2025-02-26,WH_A,East,SKU0025,Office,75,2,32,67
2025-02-26,WH_A,East,SKU0026,Hardware,60,3,34,65
2025-02-26,WH_A,East,SKU0027,Electronics,89,1,31,48
2025-02-26,WH_A,East,SKU0028,Electronics,158,4,46,110
2025-02-26,WH_A,East,SKU0029,Sports,18,7,48,98
2025-02-26,WH_A,East,SKU0030,Housewares,44,1,37,35
2025-02-26,WH_A,East,SKU0031,Sports,48,4,36,45
2025-02-26,WH_A,East,SKU0032,Sports,84,2,43,115
2025-02-26,WH_A,East,SKU0033,Housewares,155,0,41,52
2025-02-26,WH_A,East,SKU0034,Office,138,0,47,62
2025-02-26,WH_A,East,SKU0035,Hardware,244,0,43,35
2025-02-26,WH_A,East,SKU0036,Housewares,89,2,24,62
2025-02-26,WH_A,East,SKU0037,Sports,24,0,41,102
2025-02-26,WH_A,East,SKU0038,Housewares,192,7,47,44
2025-02-26,WH_A,East,SKU0039,Office,91,4,24,30
2025-02-26,WH_A,East,SKU0040,Housewares,148,0,39,114
2025-02-26,WH_A,East,SKU0041,Sports,152,0,20,86
2025-02-26,WH_A,East,SKU0042,Electronics,253,6,15,35
2025-02-26,WH_A,East,SKU0043,Hardware,182,4,49,39
2025-02-26,WH_A,East,SKU0044,Hardware,121,0,29,84
2025-02-26,WH_A,East,SKU0045,Electronics,163,5,45,49
2025-02-26,WH_A,East,SKU0046,Hardware,270,3,29,106
2025-02-26,WH_A,East,SKU0047,Electronics,248,4,44,80
2025-02-26,WH_A,East,SKU0048,Hardware,188,3,21,117
2025-02-26,WH_A,East,SKU0049,Housewares,14,6,35,62
2025-02-26,WH_A,East,SKU0050,Hardware,61,3,44,40
2025-02-26,WH_A,East,SKU0051,Hardware,152,5,17,33
2025-02-26,WH_A,East,SKU0052,Hardware,186,3,42,31
2025-02-26,WH_A,East,SKU0053,Hardware,56,5,44,74
2025-02-26,WH_A,East,SKU0054,Office,52,5,49,30
2025-02-26,WH_A,East,SKU0055,Housewares,26,2,43,90
2025-02-26,WH_A,East,SKU0056,Housewares,162,6,31,52
2025-02-26,WH_A,East,SKU0057,Electronics,195,4,33,77
2025-02-26,WH_A,East,SKU0058,Sports,105,1,44,85
2025-02-26,WH_A,East,SKU0059,Electronics,74,1,48,110
2025-02-26,WH_A,East,SKU0060,Hardware,184,2,45,91
2025-02-26,WH_A,East,SKU0061,Office,7,3,42,84
2025-02-26,WH_A,East,SKU0062,Housewares,145,0,23,118
2025-02-26,WH_A,East,SKU0063,Housewares,36,0,25,52
2025-02-26,WH_A,East,SKU0064,Sports,168,5,29,68
2025-02-26,WH_A,East,SKU0065,Sports,178,4,22,63
2025-02-26,WH_A,East,SKU0066,Sports,66,4,15,111
2025-02-26,WH_A,East,SKU0067,Hardware,239,3,24,44
2025-02-26,WH_A,East,SKU0068,Electronics,166,5,25,87
2025-02-26,WH_A,East,SKU0069,Hardware,87,0,38,109
2025-02-26,WH_A,East,SKU0070,Hardware,199,2,49,58
2025-02-26,WH_A,East,SKU0071,Hardware,100,4,42,89
2025-02-26,WH_A,East,SKU0072,Office,71,1,18,97
2025-02-26,WH_A,East,SKU0073,Office,183,5,21,51
2025-02-26,WH_A,East,SKU0074,Hardware,270,1,17,74
2025-02-26,WH_A,East,SKU0075,Sports,176,1,32,66
2025-02-26,WH_A,East,SKU0076,Hardware,274,6,44,110
2025-02-26,WH_A,East,SKU0077,Office,137,2,49,99
2025-02-26,WH_A,East,SKU0078,Housewares,25,1,20,52
2025-02-26,WH_A,East,SKU0079,Hardware,248,5,25,73
2025-02-26,WH_A,East,SKU0080,Hardware,196,2,23,37
2025-02-26,WH_A,East,SKU0081,Housewares,147,2,28,83
2025-02-26,WH_A,East,SKU0082,Hardware,62,0,15,101
2025-02-26,WH_A,East,SKU0083,Housewares,153,5,17,49
2025-02-26,WH_A,East,SKU0084,Office,112,5,46,114
2025-02-26,WH_A,East,SKU0085,Hardware,44,0,19,81
2025-02-26,WH_A,East,SKU0086,Hardware,254,3,25,36
2025-02-26,WH_A,East,SKU0087,Office,175,0,40,60
2025-02-26,WH_A,East,SKU0088,Housewares,125,4,18,58
2025-02-26,WH_A,East,SKU0089,Electronics,157,5,36,109
2025-02-26,WH_A,East,SKU0090,Electronics,145,0,21,70
2025-02-26,WH_A,East,SKU0091,Electronics,70,6,40,86
2025-02-26,WH_A,East,SKU0092,Housewares,116,0,19,85
2025-02-26,WH_A,East,SKU0093,Sports,183,5,41,49
2025-02-26,WH_A,East,SKU0094,Hardware,224,6,40,74
2025-02-26,WH_A,East,SKU0095,Electronics,227,1,40,54
2025-02-26,WH_A,East,SKU0096,Hardware,176,1,18,46
2025-02-26,WH_A,East,SKU0097,Office,97,1,30,78
2025-02-26,WH_A,East,SKU0098,Housewares,158,5,46,54
2025-02-26,WH_A,East,SKU0099,Office,52,0,18,109
2025-02-26,WH_A,East,SKU0100,Office,41,0,26,71
2025-02-26,WH_B,Central,SKU0001,Housewares,77,3,38,35
2025-02-26,WH_B,Central,SKU0002,Electronics,243,4,16,79
2025-02-26,WH_B,Central,SKU0003,Hardware,236,1,32,32
2025-02-26,WH_B,Central,SKU0004,Hardware,241,3,43,101
2025-02-26,WH_B,Central,SKU0005,Sports,153,2,28,113
2025-02-26,WH_B,Central,SKU0006,Sports,178,7,46,42
2025-02-26,WH_B,Central,SKU0007,Office,153,2,27,111
2025-02-26,WH_B,Central,SKU0008,Electronics,126,3,22,37
2025-02-26,WH_B,Central,SKU0009,Hardware,42,4,15,85
2025-02-26,WH_B,Central,SKU0010,Electronics,151,1,35,99
2025-02-26,WH_B,Central,SKU0011,Hardware,134,4,47,66
2025-02-26,WH_B,Central,SKU0012,Housewares,102,0,29,33
2025-02-26,WH_B,Central,SKU0013,Electronics,22,0,32,85
2025-02-26,WH_B,Central,SKU0014,Electronics,37,0,29,119
2025-02-26,WH_B,Central,SKU0015,Housewares,94,2,41,30
2025-02-26,WH_B,Central,SKU0016,Housewares,160,2,46,34
2025-02-26,WH_B,Central,SKU0017,Hardware,169,3,32,102
2025-02-26,WH_B,Central,SKU0018,Housewares,183,0,30,90
2025-02-26,WH_B,Central,SKU0019,Sports,120,6,15,66
2025-02-26,WH_B,Central,SKU0020,Electronics,154,4,44,108
2025-02-26,WH_B,Central,SKU0021,Sports,47,3,35,100
2025-02-26,WH_B,Central,SKU0022,Sports,85,3,18,63
2025-02-26,WH_B,Central,SKU0023,Hardware,194,4,15,46
2025-02-26,WH_B,Central,SKU0024,Electronics,197,2,48,103
2025-02-26,WH_B,Central,SKU0025,Office,14,3,25,88
2025-02-26,WH_B,Central,SKU0026,Hardware,169,3,31,77
2025-02-26,WH_B,Central,SKU0027,Electronics,73,4,27,30
2025-02-26,WH_B,Central,SKU0028,Electronics,280,2,18,71
2025-02-26,WH_B,Central,SKU0029,Sports,185,2,18,45
2025-02-26,WH_B,Central,SKU0030,Housewares,159,4,49,71
2025-02-26,WH_B,Central,SKU0031,Sports,147,5,36,68
2025-02-26,WH_B,Central,SKU0032,Sports,142,0,28,99
2025-02-26,WH_B,Central,SKU0033,Housewares,149,4,15,99
2025-02-26,WH_B,Central,SKU0034,Office,96,2,26,92
2025-02-26,WH_B,Central,SKU0035,Hardware,120,0,16,78
2025-02-26,WH_B,Central,SKU0036,Housewares,64,0,47,51
2025-02-26,WH_B,Central,SKU0037,Sports,144,3,35,30
2025-02-26,WH_B,Central,SKU0038,Housewares,144,4,25,74
2025-02-26,WH_B,Central,SKU0039,Office,109,3,29,53
2025-02-26,WH_B,Central,SKU0040,Housewares,14,1,38,118
2025-02-26,WH_B,Central,SKU0041,Sports,45,4,49,76
2025-02-26,WH_B,Central,SKU0042,Electronics,46,2,35,77
2025-02-26,WH_B,Central,SKU0043,Hardware,47,6,22,54
2025-02-26,WH_B,Central,SKU0044,Hardware,152,1,25,62
2025-02-26,WH_B,Central,SKU0045,Electronics,196,6,20,41
2025-02-26,WH_B,Central,SKU0046,Hardware,190,0,50,95
2025-02-26,WH_B,Central,SKU0047,Electronics,188,1,37,31
2025-02-26,WH_B,Central,SKU0048,Hardware,171,5,22,56
2025-02-26,WH_B,Central,SKU0049,Housewares,172,1,22,97
2025-02-26,WH_B,Central,SKU0050,Hardware,255,3,32,41
2025-02-26,WH_B,Central,SKU0051,Hardware,201,2,16,75
2025-02-26,WH_B,Central,SKU0052,Hardware,45,5,33,43
2025-02-26,WH_B,Central,SKU0053,Hardware,55,0,16,30
2025-02-26,WH_B,Central,SKU0054,Office,150,0,31,110
2025-02-26,WH_B,Central,SKU0055,Housewares,24,3,32,77
2025-02-26,WH_B,Central,SKU0056,Housewares,43,2,36,84
2025-02-26,WH_B,Central,SKU0057,Electronics,252,2,28,57
2025-02-26,WH_B,Central,SKU0058,Sports,70,3,45,82
2025-02-26,WH_B,Central,SKU0059,Electronics,299,5,24,78
2025-02-26,WH_B,Central,SKU0060,Hardware,228,4,31,87
2025-02-26,WH_B,Central,SKU0061,Office,74,2,47,89
2025-02-26,WH_B,Central,SKU0062,Housewares,162,1,27,35
2025-02-26,WH_B,Central,SKU0063,Housewares,185,0,24,116
2025-02-26,WH_B,Central,SKU0064,Sports,107,2,26,56
2025-02-26,WH_B,Central,SKU0065,Sports,173,3,18,78
2025-02-26,WH_B,Central,SKU0066,Sports,28,3,38,82
2025-02-26,WH_B,Central,SKU0067,Hardware,109,5,41,35
2025-02-26,WH_B,Central,SKU0068,Electronics,182,4,20,49
2025-02-26,WH_B,Central,SKU0069,Hardware,124,1,22,56
2025-02-26,WH_B,Central,SKU0070,Hardware,187,2,28,108
2025-02-26,WH_B,Central,SKU0071,Hardware,125,0,20,47
2025-02-26,WH_B,Central,SKU0072,Office,181,0,35,98
2025-02-26,WH_B,Central,SKU0073,Office,50,1,29,85
2025-02-26,WH_B,Central,SKU0074,Hardware,176,2,33,54
2025-02-26,WH_B,Central,SKU0075,Sports,118,5,34,56
2025-02-26,WH_B,Central,SKU0076,Hardware,181,6,37,116
2025-02-26,WH_B,Central,SKU0077,Office,192,2,27,40
2025-02-26,WH_B,Central,SKU0078,Housewares,198,5,34,70
2025-02-26,WH_B,Central,SKU0079,Hardware,277,9,32,77
2025-02-26,WH_B,Central,SKU0080,Hardware,174,0,50,45
2025-02-26,WH_B,Central,SKU0081,Housewares,103,2,17,99
2025-02-26,WH_B,Central,SKU0082,Hardware,251,2,35,43
2025-02-26,WH_B,Central,SKU0083,Housewares,110,3,39,119
2025-02-26,WH_B,Central,SKU0084,Office,89,3,21,98
2025-02-26,WH_B,Central,SKU0085,Hardware,191,4,50,104
2025-02-26,WH_B,Central,SKU0086,Hardware,193,1,41,59
2025-02-26,WH_B,Central,SKU0087,Office,84,6,17,46
2025-02-26,WH_B,Central,SKU0088,Housewares,54,0,15,65
2025-02-26,WH_B,Central,SKU0089,Electronics,79,5,28,60
2025-02-26,WH_B,Central,SKU0090,Electronics,106,0,48,97
2025-02-26,WH_B,Central,SKU0091,Electronics,254,0,30,43
2025-02-26,WH_B,Central,SKU0092,Housewares,195,2,39,30
2025-02-26,WH_B,Central,SKU0093,Sports,56,3,35,33
2025-02-26,WH_B,Central,SKU0094,Hardware,248,1,24,93
2025-02-26,WH_B,Central,SKU0095,Electronics,43,4,31,30
2025-02-26,WH_B,Central,SKU0096,Hardware,18,2,34,61
2025-02-26,WH_B,Central,SKU0097,Office,148,0,42,78
2025-02-26,WH_B,Central,SKU0098,Housewares,134,2,47,68
2025-02-26,WH_B,Central,SKU0099,Office,137,1,17,93
2025-02-26,WH_B,Central,SKU0100,Office,189,4,24,79
2025-02-26,WH_C,West,SKU0001,Housewares,51,2,25,89
2025-02-26,WH_C,West,SKU0002,Electronics,125,1,45,94
2025-02-26,WH_C,West,SKU0003,Hardware,253,1,41,84
2025-02-26,WH_C,West,SKU0004,Hardware,84,1,41,94
2025-02-26,WH_C,West,SKU0005,Sports,21,0,37,56
2025-02-26,WH_C,West,SKU0006,Sports,146,2,27,97
2025-02-26,WH_C,West,SKU0007,Office,41,2,50,97
2025-02-26,WH_C,West,SKU0008,Electronics,85,2,27,54
2025-02-26,WH_C,West,SKU0009,Hardware,32,1,44,33
2025-02-26,WH_C,West,SKU0010,Electronics,44,6,49,51
2025-02-26,WH_C,West,SKU0011,Hardware,134,1,44,93
2025-02-26,WH_C,West,SKU0012,Housewares,28,0,44,76
2025-02-26,WH_C,West,SKU0013,Electronics,77,5,48,118
2025-02-26,WH_C,West,SKU0014,Electronics,170,3,23,43
2025-02-26,WH_C,West,SKU0015,Housewares,7,0,47,114
2025-02-26,WH_C,West,SKU0016,Housewares,163,2,41,54
2025-02-26,WH_C,West,SKU0017,Hardware,182,2,44,97
2025-02-26,WH_C,West,SKU0018,Housewares,198,4,26,94
2025-02-26,WH_C,West,SKU0019,Sports,169,6,19,84
2025-02-26,WH_C,West,SKU0020,Electronics,234,4,39,31
2025-02-26,WH_C,West,SKU0021,Sports,32,4,39,81
2025-02-26,WH_C,West,SKU0022,Sports,151,5,48,38
2025-02-26,WH_C,West,SKU0023,Hardware,79,3,46,105
2025-02-26,WH_C,West,SKU0024,Electronics,58,0,34,50
2025-02-26,WH_C,West,SKU0025,Office,118,4,25,99
2025-02-26,WH_C,West,SKU0026,Hardware,251,3,32,78
2025-02-26,WH_C,West,SKU0027,Electronics,134,3,47,32
2025-02-26,WH_C,West,SKU0028,Electronics,178,1,49,39
2025-02-26,WH_C,West,SKU0029,Sports,204,2,43,106
2025-02-26,WH_C,West,SKU0030,Housewares,56,5,25,110
2025-02-26,WH_C,West,SKU0031,Sports,83,3,21,115
2025-02-26,WH_C,West,SKU0032,Sports,171,2,44,107
2025-02-26,WH_C,West,SKU0033,Housewares,154,3,15,57
2025-02-26,WH_C,West,SKU0034,Office,54,4,17,101
2025-02-26,WH_C,West,SKU0035,Hardware,53,0,48,57
2025-02-26,WH_C,West,SKU0036,Housewares,109,0,50,30
2025-02-26,WH_C,West,SKU0037,Sports,195,4,49,74
2025-02-26,WH_C,West,SKU0038,Housewares,87,2,31,97
2025-02-26,WH_C,West,SKU0039,Office,162,4,50,103
2025-02-26,WH_C,West,SKU0040,Housewares,31,1,32,98
2025-02-26,WH_C,West,SKU0041,Sports,76,3,27,62
2025-02-26,WH_C,West,SKU0042,Electronics,167,4,35,99
2025-02-26,WH_C,West,SKU0043,Hardware,155,5,44,111
2025-02-26,WH_C,West,SKU0044,Hardware,85,2,39,37
2025-02-26,WH_C,West,SKU0045,Electronics,98,4,21,57
2025-02-26,WH_C,West,SKU0046,Hardware,37,6,47,118
2025-02-26,WH_C,West,SKU0047,Electronics,35,4,42,120
2025-02-26,WH_C,West,SKU0048,Hardware,186,0,41,68
2025-02-26,WH_C,West,SKU0049,Housewares,27,4,35,111
2025-02-26,WH_C,West,SKU0050,Hardware,245,4,45,111
2025-02-26,WH_C,West,SKU0051,Hardware,273,5,34,58
2025-02-26,WH_C,West,SKU0052,Hardware,257,5,16,97
2025-02-26,WH_C,West,SKU0053,Hardware,195,2,50,31
2025-02-26,WH_C,West,SKU0054,Office,193,3,28,86
2025-02-26,WH_C,West,SKU0055,Housewares,151,2,26,112
2025-02-26,WH_C,West,SKU0056,Housewares,97,2,30,86
2025-02-26,WH_C,West,SKU0057,Electronics,65,0,23,83
2025-02-26,WH_C,West,SKU0058,Sports,130,3,48,93
2025-02-26,WH_C,West,SKU0059,Electronics,7,2,33,40
2025-02-26,WH_C,West,SKU0060,Hardware,143,4,35,92
2025-02-26,WH_C,West,SKU0061,Office,151,6,21,60
2025-02-26,WH_C,West,SKU0062,Housewares,189,0,43,55
2025-02-26,WH_C,West,SKU0063,Housewares,36,6,33,51
2025-02-26,WH_C,West,SKU0064,Sports,43,2,45,115
2025-02-26,WH_C,West,SKU0065,Sports,120,1,39,47
2025-02-26,WH_C,West,SKU0066,Sports,100,1,45,106
2025-02-26,WH_C,West,SKU0067,Hardware,214,5,32,62
2025-02-26,WH_C,West,SKU0068,Electronics,120,4,27,44
2025-02-26,WH_C,West,SKU0069,Hardware,194,0,49,50
2025-02-26,WH_C,West,SKU0070,Hardware,200,3,29,34
2025-02-26,WH_C,West,SKU0071,Hardware,152,3,45,82
2025-02-26,WH_C,West,SKU0072,Office,146,4,23,34
2025-02-26,WH_C,West,SKU0073,Office,150,0,34,31
2025-02-26,WH_C,West,SKU0074,Hardware,190,1,48,65
2025-02-26,WH_C,West,SKU0075,Sports,110,5,31,31
2025-02-26,WH_C,West,SKU0076,Hardware,77,3,36,86
2025-02-26,WH_C,West,SKU0077,Office,121,6,33,82
2025-02-26,WH_C,West,SKU0078,Housewares,128,2,23,44
2025-02-26,WH_C,West,SKU0079,Hardware,237,3,46,95
2025-02-26,WH_C,West,SKU0080,Hardware,259,7,35,84
2025-02-26,WH_C,West,SKU0081,Housewares,103,0,23,70
2025-02-26,WH_C,West,SKU0082,Hardware,165,1,34,49
2025-02-26,WH_C,West,SKU0083,Housewares,94,4,36,101
2025-02-26,WH_C,West,SKU0084,Office,127,1,40,88
2025-02-26,WH_C,West,SKU0085,Hardware,89,0,26,103
2025-02-26,WH_C,West,SKU0086,Hardware,244,4,18,89
2025-02-26,WH_C,West,SKU0087,Office,78,0,23,83
2025-02-26,WH_C,West,SKU0088,Housewares,137,1,32,35
2025-02-26,WH_C,West,SKU0089,Electronics,184,0,16,42
2025-02-26,WH_C,West,SKU0090,Electronics,130,0,31,43
2025-02-26,WH_C,West,SKU0091,Electronics,94,1,48,50
2025-02-26,WH_C,West,SKU0092,Housewares,148,3,29,101
2025-02-26,WH_C,West,SKU0093,Sports,124,5,49,97
2025-02-26,WH_C,West,SKU0094,Hardware,108,3,30,108
2025-02-26,WH_C,West,SKU0095,Electronics,70,1,27,98
2025-02-26,WH_C,West,SKU0096,Hardware,252,1,48,79
2025-02-26,WH_C,West,SKU0097,Office,52,3,24,75
2025-02-26,WH_C,West,SKU0098,Housewares,184,2,31,84
2025-02-26,WH_C,West,SKU0099,Office,176,3,47,83
2025-02-26,WH_C,West,SKU0100,Office,62,3,41,85
2025-02-27,WH_A,East,SKU0001,Housewares,22,3,18,59
2025-02-27,WH_A,East,SKU0002,Electronics,164,4,40,77
2025-02-27,WH_A,East,SKU0003,Hardware,203,4,32,112
2025-02-27,WH_A,East,SKU0004,Hardware,212,2,18,101
2025-02-27,WH_A,East,SKU0005,Sports,97,5,27,92
2025-02-27,WH_A,East,SKU0006,Sports,165,0,20,120
2025-02-27,WH_A,East,SKU0007,Office,115,0,25,82
2025-02-27,WH_A,East,SKU0008,Electronics,87,1,45,59
2025-02-27,WH_A,East,SKU0009,Hardware,254,5,38,30
2025-02-27,WH_A,East,SKU0010,Electronics,261,5,40,34
2025-02-27,WH_A,East,SKU0011,Hardware,41,2,19,49
2025-02-27,WH_A,East,SKU0012,Housewares,136,2,41,66
2025-02-27,WH_A,East,SKU0013,Electronics,172,5,17,104
2025-02-27,WH_A,East,SKU0014,Electronics,192,0,19,66
2025-02-27,WH_A,East,SKU0015,Housewares,170,3,17,102
2025-02-27,WH_A,East,SKU0016,Housewares,38,3,15,36
2025-02-27,WH_A,East,SKU0017,Hardware,243,1,21,85
2025-02-27,WH_A,East,SKU0018,Housewares,118,0,37,115
2025-02-27,WH_A,East,SKU0019,Sports,166,0,35,69
2025-02-27,WH_A,East,SKU0020,Electronics,149,2,34,61
2025-02-27,WH_A,East,SKU0021,Sports,19,6,18,42
2025-02-27,WH_A,East,SKU0022,Sports,138,3,48,64
2025-02-27,WH_A,East,SKU0023,Hardware,164,2,23,113
2025-02-27,WH_A,East,SKU0024,Electronics,206,2,34,113
2025-02-27,WH_A,East,SKU0025,Office,196,4,25,30
2025-02-27,WH_A,East,SKU0026,Hardware,253,0,35,53
2025-02-27,WH_A,East,SKU0027,Electronics,58,5,36,115
2025-02-27,WH_A,East,SKU0028,Electronics,278,4,50,103
2025-02-27,WH_A,East,SKU0029,Sports,144,0,44,117
2025-02-27,WH_A,East,SKU0030,Housewares,67,2,18,93
2025-02-27,WH_A,East,SKU0031,Sports,58,0,25,43
2025-02-27,WH_A,East,SKU0032,Sports,107,4,40,77
2025-02-27,WH_A,East,SKU0033,Housewares,109,3,21,35
2025-02-27,WH_A,East,SKU0034,Office,130,4,18,110
2025-02-27,WH_A,East,SKU0035,Hardware,221,2,40,38
2025-02-27,WH_A,East,SKU0036,Housewares,51,2,46,41
2025-02-27,WH_A,East,SKU0037,Sports,67,4,31,30
2025-02-27,WH_A,East,SKU0038,Housewares,178,2,24,75
2025-02-27,WH_A,East,SKU0039,Office,13,3,16,82
2025-02-27,WH_A,East,SKU0040,Housewares,82,2,26,48
2025-02-27,WH_A,East,SKU0041,Sports,128,2,41,62
2025-02-27,WH_A,East,SKU0042,Electronics,94,4,34,103
2025-02-27,WH_A,East,SKU0043,Hardware,258,2,34,115
2025-02-27,WH_A,East,SKU0044,Hardware,159,3,36,47
2025-02-27,WH_A,East,SKU0045,Electronics,175,5,37,37
2025-02-27,WH_A,East,SKU0046,Hardware,146,6,27,66
2025-02-27,WH_A,East,SKU0047,Electronics,207,5,46,116
2025-02-27,WH_A,East,SKU0048,Hardware,126,2,20,40
2025-02-27,WH_A,East,SKU0049,Housewares,126,1,15,50
2025-02-27,WH_A,East,SKU0050,Hardware,230,2,38,119
2025-02-27,WH_A,East,SKU0051,Hardware,232,3,37,54
2025-02-27,WH_A,East,SKU0052,Hardware,213,5,49,93
2025-02-27,WH_A,East,SKU0053,Hardware,139,0,37,106
2025-02-27,WH_A,East,SKU0054,Office,181,0,50,93
2025-02-27,WH_A,East,SKU0055,Housewares,116,2,26,37
2025-02-27,WH_A,East,SKU0056,Housewares,53,3,19,116
2025-02-27,WH_A,East,SKU0057,Electronics,156,2,35,50
2025-02-27,WH_A,East,SKU0058,Sports,141,2,25,59
2025-02-27,WH_A,East,SKU0059,Electronics,39,1,21,81
2025-02-27,WH_A,East,SKU0060,Hardware,115,3,29,32
2025-02-27,WH_A,East,SKU0061,Office,197,3,30,110
2025-02-27,WH_A,East,SKU0062,Housewares,36,4,46,88
2025-02-27,WH_A,East,SKU0063,Housewares,207,5,32,67
2025-02-27,WH_A,East,SKU0064,Sports,174,2,33,59
2025-02-27,WH_A,East,SKU0065,Sports,83,1,24,105
2025-02-27,WH_A,East,SKU0066,Sports,204,2,34,74
2025-02-27,WH_A,East,SKU0067,Hardware,261,1,44,97
2025-02-27,WH_A,East,SKU0068,Electronics,193,1,46,118
2025-02-27,WH_A,East,SKU0069,Hardware,245,3,33,120
2025-02-27,WH_A,East,SKU0070,Hardware,45,0,33,90
2025-02-27,WH_A,East,SKU0071,Hardware,185,1,23,63
2025-02-27,WH_A,East,SKU0072,Office,175,8,40,65
2025-02-27,WH_A,East,SKU0073,Office,174,1,45,49
2025-02-27,WH_A,East,SKU0074,Hardware,230,4,28,114
2025-02-27,WH_A,East,SKU0075,Sports,102,1,21,102
2025-02-27,WH_A,East,SKU0076,Hardware,42,4,41,87
2025-02-27,WH_A,East,SKU0077,Office,181,0,19,32
2025-02-27,WH_A,East,SKU0078,Housewares,27,6,43,101
2025-02-27,WH_A,East,SKU0079,Hardware,133,2,33,52
2025-02-27,WH_A,East,SKU0080,Hardware,245,2,47,51
2025-02-27,WH_A,East,SKU0081,Housewares,160,2,30,38
2025-02-27,WH_A,East,SKU0082,Hardware,178,5,31,46
2025-02-27,WH_A,East,SKU0083,Housewares,43,5,23,94
2025-02-27,WH_A,East,SKU0084,Office,59,4,42,75
2025-02-27,WH_A,East,SKU0085,Hardware,212,1,37,107
2025-02-27,WH_A,East,SKU0086,Hardware,191,4,18,53
2025-02-27,WH_A,East,SKU0087,Office,79,0,48,105
2025-02-27,WH_A,East,SKU0088,Housewares,41,1,15,73
2025-02-27,WH_A,East,SKU0089,Electronics,265,1,38,90
2025-02-27,WH_A,East,SKU0090,Electronics,232,3,20,76
2025-02-27,WH_A,East,SKU0091,Electronics,212,2,31,59
2025-02-27,WH_A,East,SKU0092,Housewares,80,2,37,78
2025-02-27,WH_A,East,SKU0093,Sports,99,2,22,113
2025-02-27,WH_A,East,SKU0094,Hardware,87,0,29,66
2025-02-27,WH_A,East,SKU0095,Electronics,95,4,31,65
2025-02-27,WH_A,East,SKU0096,Hardware,26,6,44,118
2025-02-27,WH_A,East,SKU0097,Office,36,0,47,32
2025-02-27,WH_A,East,SKU0098,Housewares,104,3,28,39
2025-02-27,WH_A,East,SKU0099,Office,69,4,36,108
2025-02-27,WH_A,East,SKU0100,Office,189,3,33,60
2025-02-27,WH_B,Central,SKU0001,Housewares,96,6,43,99
2025-02-27,WH_B,Central,SKU0002,Electronics,269,4,32,71
2025-02-27,WH_B,Central,SKU0003,Hardware,261,0,16,90
2025-02-27,WH_B,Central,SKU0004,Hardware,115,2,22,49
2025-02-27,WH_B,Central,SKU0005,Sports,156,2,25,39
2025-02-27,WH_B,Central,SKU0006,Sports,164,4,21,39
2025-02-27,WH_B,Central,SKU0007,Office,47,1,40,69
2025-02-27,WH_B,Central,SKU0008,Electronics,251,0,24,42
2025-02-27,WH_B,Central,SKU0009,Hardware,252,3,47,40
2025-02-27,WH_B,Central,SKU0010,Electronics,137,2,31,63
2025-02-27,WH_B,Central,SKU0011,Hardware,195,3,50,94
2025-02-27,WH_B,Central,SKU0012,Housewares,165,0,28,89
2025-02-27,WH_B,Central,SKU0013,Electronics,252,0,44,36
2025-02-27,WH_B,Central,SKU0014,Electronics,210,2,18,77
2025-02-27,WH_B,Central,SKU0015,Housewares,52,4,43,33
2025-02-27,WH_B,Central,SKU0016,Housewares,177,4,38,112
2025-02-27,WH_B,Central,SKU0017,Hardware,14,4,40,46
2025-02-27,WH_B,Central,SKU0018,Housewares,109,3,28,53
2025-02-27,WH_B,Central,SKU0019,Sports,125,1,40,52
2025-02-27,WH_B,Central,SKU0020,Electronics,117,3,27,46
2025-02-27,WH_B,Central,SKU0021,Sports,128,2,36,87
2025-02-27,WH_B,Central,SKU0022,Sports,42,7,15,93
2025-02-27,WH_B,Central,SKU0023,Hardware,247,3,48,36
2025-02-27,WH_B,Central,SKU0024,Electronics,115,1,46,35
2025-02-27,WH_B,Central,SKU0025,Office,144,3,47,109
2025-02-27,WH_B,Central,SKU0026,Hardware,270,7,30,86
2025-02-27,WH_B,Central,SKU0027,Electronics,258,0,48,93
2025-02-27,WH_B,Central,SKU0028,Electronics,199,3,36,50
2025-02-27,WH_B,Central,SKU0029,Sports,194,2,27,109
2025-02-27,WH_B,Central,SKU0030,Housewares,148,4,42,54
2025-02-27,WH_B,Central,SKU0031,Sports,100,0,21,96
2025-02-27,WH_B,Central,SKU0032,Sports,85,2,38,65
2025-02-27,WH_B,Central,SKU0033,Housewares,71,0,21,116
2025-02-27,WH_B,Central,SKU0034,Office,181,2,49,116
2025-02-27,WH_B,Central,SKU0035,Hardware,112,0,47,76
2025-02-27,WH_B,Central,SKU0036,Housewares,134,2,24,97
2025-02-27,WH_B,Central,SKU0037,Sports,54,2,40,48
2025-02-27,WH_B,Central,SKU0038,Housewares,155,3,16,42
2025-02-27,WH_B,Central,SKU0039,Office,123,2,37,43
2025-02-27,WH_B,Central,SKU0040,Housewares,108,3,35,51
2025-02-27,WH_B,Central,SKU0041,Sports,139,0,33,87
2025-02-27,WH_B,Central,SKU0042,Electronics,235,0,46,42
2025-02-27,WH_B,Central,SKU0043,Hardware,163,0,36,58
2025-02-27,WH_B,Central,SKU0044,Hardware,105,5,28,39
2025-02-27,WH_B,Central,SKU0045,Electronics,239,3,43,103
2025-02-27,WH_B,Central,SKU0046,Hardware,112,4,19,115
2025-02-27,WH_B,Central,SKU0047,Electronics,107,1,34,93
2025-02-27,WH_B,Central,SKU0048,Hardware,143,6,39,38
2025-02-27,WH_B,Central,SKU0049,Housewares,165,3,42,42
2025-02-27,WH_B,Central,SKU0050,Hardware,204,1,39,76
2025-02-27,WH_B,Central,SKU0051,Hardware,239,0,18,48
2025-02-27,WH_B,Central,SKU0052,Hardware,71,0,16,32
2025-02-27,WH_B,Central,SKU0053,Hardware,42,5,25,93
2025-02-27,WH_B,Central,SKU0054,Office,154,1,42,69
2025-02-27,WH_B,Central,SKU0055,Housewares,190,2,37,96
2025-02-27,WH_B,Central,SKU0056,Housewares,195,6,44,37
2025-02-27,WH_B,Central,SKU0057,Electronics,33,7,37,45
2025-02-27,WH_B,Central,SKU0058,Sports,186,1,23,71
2025-02-27,WH_B,Central,SKU0059,Electronics,132,2,47,113
2025-02-27,WH_B,Central,SKU0060,Hardware,35,7,41,54
2025-02-27,WH_B,Central,SKU0061,Office,36,1,15,72
2025-02-27,WH_B,Central,SKU0062,Housewares,69,3,46,79
2025-02-27,WH_B,Central,SKU0063,Housewares,182,0,28,51
2025-02-27,WH_B,Central,SKU0064,Sports,171,1,44,111
2025-02-27,WH_B,Central,SKU0065,Sports,162,6,25,120
2025-02-27,WH_B,Central,SKU0066,Sports,149,3,33,116
2025-02-27,WH_B,Central,SKU0067,Hardware,164,4,26,52
2025-02-27,WH_B,Central,SKU0068,Electronics,185,0,47,116
2025-02-27,WH_B,Central,SKU0069,Hardware,257,6,45,70
2025-02-27,WH_B,Central,SKU0070,Hardware,101,1,20,39
2025-02-27,WH_B,Central,SKU0071,Hardware,141,7,25,115
2025-02-27,WH_B,Central,SKU0072,Office,76,6,28,98
2025-02-27,WH_B,Central,SKU0073,Office,148,7,23,114
2025-02-27,WH_B,Central,SKU0074,Hardware,33,0,43,71
2025-02-27,WH_B,Central,SKU0075,Sports,134,0,27,42
2025-02-27,WH_B,Central,SKU0076,Hardware,165,4,34,62
2025-02-27,WH_B,Central,SKU0077,Office,194,4,32,44
2025-02-27,WH_B,Central,SKU0078,Housewares,164,2,39,114
2025-02-27,WH_B,Central,SKU0079,Hardware,125,6,35,116
2025-02-27,WH_B,Central,SKU0080,Hardware,222,1,39,52
2025-02-27,WH_B,Central,SKU0081,Housewares,178,1,31,115
2025-02-27,WH_B,Central,SKU0082,Hardware,84,0,50,65
2025-02-27,WH_B,Central,SKU0083,Housewares,2,5,24,93
2025-02-27,WH_B,Central,SKU0084,Office,133,4,19,75
2025-02-27,WH_B,Central,SKU0085,Hardware,183,2,29,115
2025-02-27,WH_B,Central,SKU0086,Hardware,270,6,41,97
2025-02-27,WH_B,Central,SKU0087,Office,113,3,15,112
2025-02-27,WH_B,Central,SKU0088,Housewares,138,3,18,71
2025-02-27,WH_B,Central,SKU0089,Electronics,267,2,22,99
2025-02-27,WH_B,Central,SKU0090,Electronics,93,0,37,41
2025-02-27,WH_B,Central,SKU0091,Electronics,273,2,22,33
2025-02-27,WH_B,Central,SKU0092,Housewares,55,1,20,113
2025-02-27,WH_B,Central,SKU0093,Sports,147,1,42,87
2025-02-27,WH_B,Central,SKU0094,Hardware,68,1,16,91
2025-02-27,WH_B,Central,SKU0095,Electronics,150,2,21,65
2025-02-27,WH_B,Central,SKU0096,Hardware,135,2,38,83
2025-02-27,WH_B,Central,SKU0097,Office,132,3,19,109
2025-02-27,WH_B,Central,SKU0098,Housewares,129,3,40,88
2025-02-27,WH_B,Central,SKU0099,Office,188,1,39,31
2025-02-27,WH_B,Central,SKU0100,Office,45,5,36,36
2025-02-27,WH_C,West,SKU0001,Housewares,86,1,30,64
2025-02-27,WH_C,West,SKU0002,Electronics,25,1,20,30
2025-02-27,WH_C,West,SKU0003,Hardware,87,0,40,113
2025-02-27,WH_C,West,SKU0004,Hardware,158,3,36,88
2025-02-27,WH_C,West,SKU0005,Sports,105,1,34,89
2025-02-27,WH_C,West,SKU0006,Sports,104,0,41,112
2025-02-27,WH_C,West,SKU0007,Office,111,2,38,88
2025-02-27,WH_C,West,SKU0008,Electronics,83,2,23,105
2025-02-27,WH_C,West,SKU0009,Hardware,250,1,45,91
2025-02-27,WH_C,West,SKU0010,Electronics,139,1,20,37
2025-02-27,WH_C,West,SKU0011,Hardware,143,5,15,85
2025-02-27,WH_C,West,SKU0012,Housewares,143,6,35,108
2025-02-27,WH_C,West,SKU0013,Electronics,31,0,24,60
2025-02-27,WH_C,West,SKU0014,Electronics,109,3,18,108
2025-02-27,WH_C,West,SKU0015,Housewares,108,4,42,119
2025-02-27,WH_C,West,SKU0016,Housewares,67,5,22,69
2025-02-27,WH_C,West,SKU0017,Hardware,259,3,46,111
2025-02-27,WH_C,West,SKU0018,Housewares,28,3,41,42
2025-02-27,WH_C,West,SKU0019,Sports,99,0,36,58
2025-02-27,WH_C,West,SKU0020,Electronics,191,5,29,31
2025-02-27,WH_C,West,SKU0021,Sports,121,1,28,67
2025-02-27,WH_C,West,SKU0022,Sports,48,4,49,106
2025-02-27,WH_C,West,SKU0023,Hardware,54,5,46,120
2025-02-27,WH_C,West,SKU0024,Electronics,209,8,19,111
2025-02-27,WH_C,West,SKU0025,Office,132,1,24,104
2025-02-27,WH_C,West,SKU0026,Hardware,118,1,18,103
2025-02-27,WH_C,West,SKU0027,Electronics,254,4,39,44
2025-02-27,WH_C,West,SKU0028,Electronics,153,3,18,91
2025-02-27,WH_C,West,SKU0029,Sports,48,5,18,85
2025-02-27,WH_C,West,SKU0030,Housewares,97,3,22,80
2025-02-27,WH_C,West,SKU0031,Sports,171,1,18,58
2025-02-27,WH_C,West,SKU0032,Sports,122,0,44,37
2025-02-27,WH_C,West,SKU0033,Housewares,96,5,18,64
2025-02-27,WH_C,West,SKU0034,Office,58,2,22,88
2025-02-27,WH_C,West,SKU0035,Hardware,249,4,45,86
2025-02-27,WH_C,West,SKU0036,Housewares,188,5,42,116
2025-02-27,WH_C,West,SKU0037,Sports,61,1,21,106
2025-02-27,WH_C,West,SKU0038,Housewares,183,0,33,82
2025-02-27,WH_C,West,SKU0039,Office,137,0,17,102
2025-02-27,WH_C,West,SKU0040,Housewares,175,4,39,116
2025-02-27,WH_C,West,SKU0041,Sports,31,4,50,89
2025-02-27,WH_C,West,SKU0042,Electronics,112,1,41,38
2025-02-27,WH_C,West,SKU0043,Hardware,86,4,24,107
2025-02-27,WH_C,West,SKU0044,Hardware,212,4,29,32
2025-02-27,WH_C,West,SKU0045,Electronics,194,2,46,99
2025-02-27,WH_C,West,SKU0046,Hardware,231,5,34,90
2025-02-27,WH_C,West,SKU0047,Electronics,195,2,49,95
2025-02-27,WH_C,West,SKU0048,Hardware,218,3,24,62
2025-02-27,WH_C,West,SKU0049,Housewares,59,4,44,74
2025-02-27,WH_C,West,SKU0050,Hardware,241,4,40,97
2025-02-27,WH_C,West,SKU0051,Hardware,151,6,49,117
2025-02-27,WH_C,West,SKU0052,Hardware,179,0,26,87
2025-02-27,WH_C,West,SKU0053,Hardware,110,2,47,53
2025-02-27,WH_C,West,SKU0054,Office,197,5,29,31
2025-02-27,WH_C,West,SKU0055,Housewares,29,0,43,38
2025-02-27,WH_C,West,SKU0056,Housewares,90,8,31,92
2025-02-27,WH_C,West,SKU0057,Electronics,148,4,37,32
2025-02-27,WH_C,West,SKU0058,Sports,45,0,27,57
2025-02-27,WH_C,West,SKU0059,Electronics,160,3,43,49
2025-02-27,WH_C,West,SKU0060,Hardware,258,6,20,38
2025-02-27,WH_C,West,SKU0061,Office,96,0,39,87
2025-02-27,WH_C,West,SKU0062,Housewares,161,4,19,65
2025-02-27,WH_C,West,SKU0063,Housewares,24,1,49,50
2025-02-27,WH_C,West,SKU0064,Sports,136,5,26,67
2025-02-27,WH_C,West,SKU0065,Sports,131,2,34,107
2025-02-27,WH_C,West,SKU0066,Sports,184,2,22,112
2025-02-27,WH_C,West,SKU0067,Hardware,129,0,43,40
2025-02-27,WH_C,West,SKU0068,Electronics,171,1,35,37
2025-02-27,WH_C,West,SKU0069,Hardware,234,3,32,115
2025-02-27,WH_C,West,SKU0070,Hardware,258,1,25,114
2025-02-27,WH_C,West,SKU0071,Hardware,119,2,21,77
2025-02-27,WH_C,West,SKU0072,Office,176,9,41,111
2025-02-27,WH_C,West,SKU0073,Office,71,3,45,98
2025-02-27,WH_C,West,SKU0074,Hardware,56,7,29,45
2025-02-27,WH_C,West,SKU0075,Sports,184,3,19,76
2025-02-27,WH_C,West,SKU0076,Hardware,68,2,47,39
2025-02-27,WH_C,West,SKU0077,Office,88,3,39,104
2025-02-27,WH_C,West,SKU0078,Housewares,29,3,16,65
2025-02-27,WH_C,West,SKU0079,Hardware,178,2,18,68
2025-02-27,WH_C,West,SKU0080,Hardware,187,4,34,66
2025-02-27,WH_C,West,SKU0081,Housewares,185,6,31,37
2025-02-27,WH_C,West,SKU0082,Hardware,145,3,49,38
2025-02-27,WH_C,West,SKU0083,Housewares,102,0,21,107
2025-02-27,WH_C,West,SKU0084,Office,82,4,31,49
2025-02-27,WH_C,West,SKU0085,Hardware,193,2,50,102
2025-02-27,WH_C,West,SKU0086,Hardware,55,0,19,109
2025-02-27,WH_C,West,SKU0087,Office,194,0,25,85
2025-02-27,WH_C,West,SKU0088,Housewares,157,3,18,32
2025-02-27,WH_C,West,SKU0089,Electronics,254,3,47,84
2025-02-27,WH_C,West,SKU0090,Electronics,285,1,18,111
2025-02-27,WH_C,West,SKU0091,Electronics,171,4,48,39
2025-02-27,WH_C,West,SKU0092,Housewares,92,5,34,40
2025-02-27,WH_C,West,SKU0093,Sports,134,6,42,79
2025-02-27,WH_C,West,SKU0094,Hardware,60,0,21,91
2025-02-27,WH_C,West,SKU0095,Electronics,198,2,24,107
2025-02-27,WH_C,West,SKU0096,Hardware,132,4,25,30
2025-02-27,WH_C,West,SKU0097,Office,118,0,45,36
2025-02-27,WH_C,West,SKU0098,Housewares,160,0,16,73
2025-02-27,WH_C,West,SKU0099,Office,152,2,37,100
2025-02-27,WH_C,West,SKU0100,Office,67,0,32,116
2025-02-28,WH_A,East,SKU0001,Housewares,22,6,31,109
2025-02-28,WH_A,East,SKU0002,Electronics,265,4,45,92
2025-02-28,WH_A,East,SKU0003,Hardware,276,0,35,119
2025-02-28,WH_A,East,SKU0004,Hardware,201,3,26,66
2025-02-28,WH_A,East,SKU0005,Sports,10,2,17,59
2025-02-28,WH_A,East,SKU0006,Sports,5,2,27,40
2025-02-28,WH_A,East,SKU0007,Office,108,5,19,96
2025-02-28,WH_A,East,SKU0008,Electronics,168,2,20,87
2025-02-28,WH_A,East,SKU0009,Hardware,150,1,50,107
2025-02-28,WH_A,East,SKU0010,Electronics,190,0,26,49
2025-02-28,WH_A,East,SKU0011,Hardware,284,2,34,108
2025-02-28,WH_A,East,SKU0012,Housewares,110,0,44,83
2025-02-28,WH_A,East,SKU0013,Electronics,97,2,21,108
2025-02-28,WH_A,East,SKU0014,Electronics,129,1,37,94
2025-02-28,WH_A,East,SKU0015,Housewares,79,4,26,76
2025-02-28,WH_A,East,SKU0016,Housewares,45,3,17,40
2025-02-28,WH_A,East,SKU0017,Hardware,31,1,23,81
2025-02-28,WH_A,East,SKU0018,Housewares,78,0,28,63
2025-02-28,WH_A,East,SKU0019,Sports,171,4,23,48
2025-02-28,WH_A,East,SKU0020,Electronics,181,1,46,119
2025-02-28,WH_A,East,SKU0021,Sports,145,3,18,98
2025-02-28,WH_A,East,SKU0022,Sports,100,2,34,116
2025-02-28,WH_A,East,SKU0023,Hardware,90,4,42,94
2025-02-28,WH_A,East,SKU0024,Electronics,91,0,30,108
2025-02-28,WH_A,East,SKU0025,Office,185,2,38,77
2025-02-28,WH_A,East,SKU0026,Hardware,111,3,27,118
2025-02-28,WH_A,East,SKU0027,Electronics,133,4,31,98
2025-02-28,WH_A,East,SKU0028,Electronics,82,3,20,60
2025-02-28,WH_A,East,SKU0029,Sports,152,3,15,45
2025-02-28,WH_A,East,SKU0030,Housewares,51,2,35,112
2025-02-28,WH_A,East,SKU0031,Sports,104,5,45,81
2025-02-28,WH_A,East,SKU0032,Sports,165,2,32,42
2025-02-28,WH_A,East,SKU0033,Housewares,202,1,38,43
2025-02-28,WH_A,East,SKU0034,Office,65,4,49,76
2025-02-28,WH_A,East,SKU0035,Hardware,145,4,30,50
2025-02-28,WH_A,East,SKU0036,Housewares,67,3,45,76
2025-02-28,WH_A,East,SKU0037,Sports,10,5,47,57
2025-02-28,WH_A,East,SKU0038,Housewares,163,4,46,61
2025-02-28,WH_A,East,SKU0039,Office,38,6,44,70
2025-02-28,WH_A,East,SKU0040,Housewares,61,6,35,49
2025-02-28,WH_A,East,SKU0041,Sports,185,2,29,48
2025-02-28,WH_A,East,SKU0042,Electronics,139,0,30,62
2025-02-28,WH_A,East,SKU0043,Hardware,270,3,24,42
2025-02-28,WH_A,East,SKU0044,Hardware,90,4,37,91
2025-02-28,WH_A,East,SKU0045,Electronics,235,0,42,71
2025-02-28,WH_A,East,SKU0046,Hardware,193,0,25,100
2025-02-28,WH_A,East,SKU0047,Electronics,37,3,46,55
2025-02-28,WH_A,East,SKU0048,Hardware,103,0,38,32
2025-02-28,WH_A,East,SKU0049,Housewares,26,1,41,120
2025-02-28,WH_A,East,SKU0050,Hardware,132,5,35,71
2025-02-28,WH_A,East,SKU0051,Hardware,230,3,17,69
2025-02-28,WH_A,East,SKU0052,Hardware,208,2,25,108
2025-02-28,WH_A,East,SKU0053,Hardware,127,3,17,90
2025-02-28,WH_A,East,SKU0054,Office,197,5,49,50
2025-02-28,WH_A,East,SKU0055,Housewares,152,0,39,53
2025-02-28,WH_A,East,SKU0056,Housewares,108,6,37,96
2025-02-28,WH_A,East,SKU0057,Electronics,169,4,26,103
2025-02-28,WH_A,East,SKU0058,Sports,64,1,43,32
2025-02-28,WH_A,East,SKU0059,Electronics,184,6,25,110
2025-02-28,WH_A,East,SKU0060,Hardware,259,2,38,94
2025-02-28,WH_A,East,SKU0061,Office,125,2,28,78
2025-02-28,WH_A,East,SKU0062,Housewares,10,2,48,37
2025-02-28,WH_A,East,SKU0063,Housewares,113,0,37,98
2025-02-28,WH_A,East,SKU0064,Sports,67,0,23,83
2025-02-28,WH_A,East,SKU0065,Sports,54,4,27,120
2025-02-28,WH_A,East,SKU0066,Sports,203,1,20,82
2025-02-28,WH_A,East,SKU0067,Hardware,166,5,38,32
2025-02-28,WH_A,East,SKU0068,Electronics,37,3,20,77
2025-02-28,WH_A,East,SKU0069,Hardware,102,0,23,111
2025-02-28,WH_A,East,SKU0070,Hardware,172,2,16,57
2025-02-28,WH_A,East,SKU0071,Hardware,108,0,21,66
2025-02-28,WH_A,East,SKU0072,Office,134,2,45,73
2025-02-28,WH_A,East,SKU0073,Office,120,3,49,95
2025-02-28,WH_A,East,SKU0074,Hardware,260,0,41,57
2025-02-28,WH_A,East,SKU0075,Sports,151,6,20,60
2025-02-28,WH_A,East,SKU0076,Hardware,175,3,49,90
2025-02-28,WH_A,East,SKU0077,Office,30,3,48,33
2025-02-28,WH_A,East,SKU0078,Housewares,193,1,36,61
2025-02-28,WH_A,East,SKU0079,Hardware,228,3,26,99
2025-02-28,WH_A,East,SKU0080,Hardware,240,3,50,39
2025-02-28,WH_A,East,SKU0081,Housewares,56,3,24,113
2025-02-28,WH_A,East,SKU0082,Hardware,104,2,39,72
2025-02-28,WH_A,East,SKU0083,Housewares,138,1,38,54
2025-02-28,WH_A,East,SKU0084,Office,172,4,46,79
2025-02-28,WH_A,East,SKU0085,Hardware,119,2,33,72
2025-02-28,WH_A,East,SKU0086,Hardware,49,4,25,110
2025-02-28,WH_A,East,SKU0087,Office,108,4,39,49
2025-02-28,WH_A,East,SKU0088,Housewares,66,0,24,31
2025-02-28,WH_A,East,SKU0089,Electronics,223,1,28,65
2025-02-28,WH_A,East,SKU0090,Electronics,163,4,31,116
2025-02-28,WH_A,East,SKU0091,Electronics,139,5,23,105
2025-02-28,WH_A,East,SKU0092,Housewares,170,2,39,45
2025-02-28,WH_A,East,SKU0093,Sports,70,1,48,37
2025-02-28,WH_A,East,SKU0094,Hardware,184,4,19,101
2025-02-28,WH_A,East,SKU0095,Electronics,288,1,39,35
2025-02-28,WH_A,East,SKU0096,Hardware,162,1,27,107
2025-02-28,WH_A,East,SKU0097,Office,182,7,31,73
2025-02-28,WH_A,East,SKU0098,Housewares,52,5,17,79
2025-02-28,WH_A,East,SKU0099,Office,179,1,48,55
2025-02-28,WH_A,East,SKU0100,Office,138,1,24,108
2025-02-28,WH_B,Central,SKU0001,Housewares,65,6,19,78
2025-02-28,WH_B,Central,SKU0002,Electronics,83,2,48,78
2025-02-28,WH_B,Central,SKU0003,Hardware,21,2,34,118
2025-02-28,WH_B,Central,SKU0004,Hardware,95,0,46,94
2025-02-28,WH_B,Central,SKU0005,Sports,124,2,46,43
2025-02-28,WH_B,Central,SKU0006,Sports,42,2,30,83
2025-02-28,WH_B,Central,SKU0007,Office,188,1,27,111
2025-02-28,WH_B,Central,SKU0008,Electronics,28,4,38,78
2025-02-28,WH_B,Central,SKU0009,Hardware,240,0,36,113
2025-02-28,WH_B,Central,SKU0010,Electronics,261,3,41,52
2025-02-28,WH_B,Central,SKU0011,Hardware,153,5,17,117
2025-02-28,WH_B,Central,SKU0012,Housewares,167,1,39,108
2025-02-28,WH_B,Central,SKU0013,Electronics,132,1,19,47
2025-02-28,WH_B,Central,SKU0014,Electronics,108,5,35,51
2025-02-28,WH_B,Central,SKU0015,Housewares,172,2,48,99
2025-02-28,WH_B,Central,SKU0016,Housewares,171,2,15,116
2025-02-28,WH_B,Central,SKU0017,Hardware,204,0,47,96
2025-02-28,WH_B,Central,SKU0018,Housewares,117,3,16,97
2025-02-28,WH_B,Central,SKU0019,Sports,41,1,20,30
2025-02-28,WH_B,Central,SKU0020,Electronics,186,2,21,66
2025-02-28,WH_B,Central,SKU0021,Sports,168,4,26,56
2025-02-28,WH_B,Central,SKU0022,Sports,186,0,40,33
2025-02-28,WH_B,Central,SKU0023,Hardware,111,0,41,95
2025-02-28,WH_B,Central,SKU0024,Electronics,18,0,47,113
2025-02-28,WH_B,Central,SKU0025,Office,102,4,50,114
2025-02-28,WH_B,Central,SKU0026,Hardware,215,6,33,63
2025-02-28,WH_B,Central,SKU0027,Electronics,125,3,28,92
2025-02-28,WH_B,Central,SKU0028,Electronics,73,2,22,55
2025-02-28,WH_B,Central,SKU0029,Sports,84,3,42,120
2025-02-28,WH_B,Central,SKU0030,Housewares,149,0,46,83
2025-02-28,WH_B,Central,SKU0031,Sports,78,4,50,58
2025-02-28,WH_B,Central,SKU0032,Sports,49,4,19,117
2025-02-28,WH_B,Central,SKU0033,Housewares,147,2,18,68
2025-02-28,WH_B,Central,SKU0034,Office,78,3,47,68
2025-02-28,WH_B,Central,SKU0035,Hardware,289,5,30,35
2025-02-28,WH_B,Central,SKU0036,Housewares,178,7,45,102
2025-02-28,WH_B,Central,SKU0037,Sports,117,2,36,78
2025-02-28,WH_B,Central,SKU0038,Housewares,150,1,31,52
2025-02-28,WH_B,Central,SKU0039,Office,40,0,50,45
2025-02-28,WH_B,Central,SKU0040,Housewares,158,4,17,38
2025-02-28,WH_B,Central,SKU0041,Sports,161,1,45,65
2025-02-28,WH_B,Central,SKU0042,Electronics,195,5,25,106
2025-02-28,WH_B,Central,SKU0043,Hardware,44,2,29,43
2025-02-28,WH_B,Central,SKU0044,Hardware,74,3,25,79
2025-02-28,WH_B,Central,SKU0045,Electronics,163,0,43,69
2025-02-28,WH_B,Central,SKU0046,Hardware,156,4,15,57
2025-02-28,WH_B,Central,SKU0047,Electronics,30,4,23,117
2025-02-28,WH_B,Central,SKU0048,Hardware,108,4,21,47
2025-02-28,WH_B,Central,SKU0049,Housewares,33,4,46,97
2025-02-28,WH_B,Central,SKU0050,Hardware,56,2,43,32
2025-02-28,WH_B,Central,SKU0051,Hardware,137,1,26,120
2025-02-28,WH_B,Central,SKU0052,Hardware,116,0,23,93
2025-02-28,WH_B,Central,SKU0053,Hardware,142,6,48,99
2025-02-28,WH_B,Central,SKU0054,Office,148,2,20,40
2025-02-28,WH_B,Central,SKU0055,Housewares,139,1,35,108
2025-02-28,WH_B,Central,SKU0056,Housewares,69,2,16,83
2025-02-28,WH_B,Central,SKU0057,Electronics,112,3,16,63
2025-02-28,WH_B,Central,SKU0058,Sports,48,0,39,74
2025-02-28,WH_B,Central,SKU0059,Electronics,81,3,44,51
2025-02-28,WH_B,Central,SKU0060,Hardware,154,1,20,100
2025-02-28,WH_B,Central,SKU0061,Office,137,0,21,31
2025-02-28,WH_B,Central,SKU0062,Housewares,163,0,37,58
2025-02-28,WH_B,Central,SKU0063,Housewares,35,5,17,32
2025-02-28,WH_B,Central,SKU0064,Sports,47,1,44,107
2025-02-28,WH_B,Central,SKU0065,Sports,195,5,26,71
2025-02-28,WH_B,Central,SKU0066,Sports,42,3,29,80
2025-02-28,WH_B,Central,SKU0067,Hardware,267,4,25,49
2025-02-28,WH_B,Central,SKU0068,Electronics,84,2,49,113
2025-02-28,WH_B,Central,SKU0069,Hardware,28,5,19,57
2025-02-28,WH_B,Central,SKU0070,Hardware,258,1,43,34
2025-02-28,WH_B,Central,SKU0071,Hardware,101,3,16,102
2025-02-28,WH_B,Central,SKU0072,Office,208,1,50,41
2025-02-28,WH_B,Central,SKU0073,Office,166,5,34,30
2025-02-28,WH_B,Central,SKU0074,Hardware,41,5,32,79
2025-02-28,WH_B,Central,SKU0075,Sports,164,4,39,40
2025-02-28,WH_B,Central,SKU0076,Hardware,261,3,30,81
2025-02-28,WH_B,Central,SKU0077,Office,15,6,44,93
2025-02-28,WH_B,Central,SKU0078,Housewares,45,1,46,50
2025-02-28,WH_B,Central,SKU0079,Hardware,45,1,33,76
2025-02-28,WH_B,Central,SKU0080,Hardware,51,1,50,30
2025-02-28,WH_B,Central,SKU0081,Housewares,123,2,28,118
2025-02-28,WH_B,Central,SKU0082,Hardware,260,3,37,59
2025-02-28,WH_B,Central,SKU0083,Housewares,89,4,28,76
2025-02-28,WH_B,Central,SKU0084,Office,32,0,22,81
2025-02-28,WH_B,Central,SKU0085,Hardware,89,2,41,46
2025-02-28,WH_B,Central,SKU0086,Hardware,158,1,19,34
2025-02-28,WH_B,Central,SKU0087,Office,75,0,32,78
2025-02-28,WH_B,Central,SKU0088,Housewares,43,0,46,61
2025-02-28,WH_B,Central,SKU0089,Electronics,50,0,38,115
2025-02-28,WH_B,Central,SKU0090,Electronics,59,0,36,42
2025-02-28,WH_B,Central,SKU0091,Electronics,115,2,29,114
2025-02-28,WH_B,Central,SKU0092,Housewares,47,4,16,105
2025-02-28,WH_B,Central,SKU0093,Sports,110,4,43,55
2025-02-28,WH_B,Central,SKU0094,Hardware,42,1,24,67
2025-02-28,WH_B,Central,SKU0095,Electronics,27,0,45,69
2025-02-28,WH_B,Central,SKU0096,Hardware,58,3,27,73
2025-02-28,WH_B,Central,SKU0097,Office,141,5,41,83
2025-02-28,WH_B,Central,SKU0098,Housewares,114,0,30,60
2025-02-28,WH_B,Central,SKU0099,Office,143,4,18,58
2025-02-28,WH_B,Central,SKU0100,Office,125,4,29,114
2025-02-28,WH_C,West,SKU0001,Housewares,137,6,38,91
2025-02-28,WH_C,West,SKU0002,Electronics,119,3,27,58
2025-02-28,WH_C,West,SKU0003,Hardware,246,6,21,105
2025-02-28,WH_C,West,SKU0004,Hardware,142,3,47,32
2025-02-28,WH_C,West,SKU0005,Sports,198,0,15,33
2025-02-28,WH_C,West,SKU0006,Sports,137,3,34,43
2025-02-28,WH_C,West,SKU0007,Office,105,3,24,117
2025-02-28,WH_C,West,SKU0008,Electronics,163,3,46,76
2025-02-28,WH_C,West,SKU0009,Hardware,32,5,20,69
2025-02-28,WH_C,West,SKU0010,Electronics,186,0,48,60
2025-02-28,WH_C,West,SKU0011,Hardware,279,2,22,64
2025-02-28,WH_C,West,SKU0012,Housewares,106,1,38,30
2025-02-28,WH_C,West,SKU0013,Electronics,18,5,29,103
2025-02-28,WH_C,West,SKU0014,Electronics,129,4,38,76
2025-02-28,WH_C,West,SKU0015,Housewares,155,5,33,79
2025-02-28,WH_C,West,SKU0016,Housewares,90,3,25,37
2025-02-28,WH_C,West,SKU0017,Hardware,54,2,47,43
2025-02-28,WH_C,West,SKU0018,Housewares,189,0,16,47
2025-02-28,WH_C,West,SKU0019,Sports,67,3,25,30
2025-02-28,WH_C,West,SKU0020,Electronics,60,2,39,74
2025-02-28,WH_C,West,SKU0021,Sports,51,1,48,100
2025-02-28,WH_C,West,SKU0022,Sports,161,5,15,81
2025-02-28,WH_C,West,SKU0023,Hardware,44,1,22,92
2025-02-28,WH_C,West,SKU0024,Electronics,151,4,17,88
2025-02-28,WH_C,West,SKU0025,Office,107,4,22,104
2025-02-28,WH_C,West,SKU0026,Hardware,90,2,39,89
2025-02-28,WH_C,West,SKU0027,Electronics,202,1,37,32
2025-02-28,WH_C,West,SKU0028,Electronics,131,2,40,42
2025-02-28,WH_C,West,SKU0029,Sports,116,0,25,114
2025-02-28,WH_C,West,SKU0030,Housewares,58,3,47,110
2025-02-28,WH_C,West,SKU0031,Sports,83,0,27,107
2025-02-28,WH_C,West,SKU0032,Sports,175,2,42,74
2025-02-28,WH_C,West,SKU0033,Housewares,131,6,49,111
2025-02-28,WH_C,West,SKU0034,Office,161,0,46,51
2025-02-28,WH_C,West,SKU0035,Hardware,28,5,24,30
2025-02-28,WH_C,West,SKU0036,Housewares,78,5,50,92
2025-02-28,WH_C,West,SKU0037,Sports,41,4,16,59
2025-02-28,WH_C,West,SKU0038,Housewares,136,0,36,59
2025-02-28,WH_C,West,SKU0039,Office,100,2,46,78
2025-02-28,WH_C,West,SKU0040,Housewares,85,2,20,62
2025-02-28,WH_C,West,SKU0041,Sports,110,5,24,120
2025-02-28,WH_C,West,SKU0042,Electronics,175,1,22,117
2025-02-28,WH_C,West,SKU0043,Hardware,246,2,43,67
2025-02-28,WH_C,West,SKU0044,Hardware,148,0,28,38
2025-02-28,WH_C,West,SKU0045,Electronics,125,0,38,104
2025-02-28,WH_C,West,SKU0046,Hardware,143,0,37,31
2025-02-28,WH_C,West,SKU0047,Electronics,218,1,18,36
2025-02-28,WH_C,West,SKU0048,Hardware,71,5,16,84
2025-02-28,WH_C,West,SKU0049,Housewares,159,5,37,69
2025-02-28,WH_C,West,SKU0050,Hardware,191,3,27,70
2025-02-28,WH_C,West,SKU0051,Hardware,183,1,31,47
2025-02-28,WH_C,West,SKU0052,Hardware,184,1,23,105
2025-02-28,WH_C,West,SKU0053,Hardware,122,2,28,82
2025-02-28,WH_C,West,SKU0054,Office,173,3,20,34
2025-02-28,WH_C,West,SKU0055,Housewares,179,6,16,102
2025-02-28,WH_C,West,SKU0056,Housewares,153,3,25,63
2025-02-28,WH_C,West,SKU0057,Electronics,147,1,18,112
2025-02-28,WH_C,West,SKU0058,Sports,135,2,22,63
2025-02-28,WH_C,West,SKU0059,Electronics,192,5,34,86
2025-02-28,WH_C,West,SKU0060,Hardware,23,4,24,55
2025-02-28,WH_C,West,SKU0061,Office,105,3,15,86
2025-02-28,WH_C,West,SKU0062,Housewares,98,0,22,92
2025-02-28,WH_C,West,SKU0063,Housewares,45,6,42,31
2025-02-28,WH_C,West,SKU0064,Sports,61,3,26,76
2025-02-28,WH_C,West,SKU0065,Sports,77,0,36,71
2025-02-28,WH_C,West,SKU0066,Sports,59,1,20,54
2025-02-28,WH_C,West,SKU0067,Hardware,119,3,20,87
2025-02-28,WH_C,West,SKU0068,Electronics,172,2,26,53
2025-02-28,WH_C,West,SKU0069,Hardware,217,2,16,103
2025-02-28,WH_C,West,SKU0070,Hardware,143,1,34,38
2025-02-28,WH_C,West,SKU0071,Hardware,182,2,38,64
2025-02-28,WH_C,West,SKU0072,Office,173,4,17,42
2025-02-28,WH_C,West,SKU0073,Office,113,2,30,87
2025-02-28,WH_C,West,SKU0074,Hardware,244,2,17,74
2025-02-28,WH_C,West,SKU0075,Sports,172,0,32,100
2025-02-28,WH_C,West,SKU0076,Hardware,70,3,50,44
2025-02-28,WH_C,West,SKU0077,Office,129,3,27,108
2025-02-28,WH_C,West,SKU0078,Housewares,79,0,28,108
2025-02-28,WH_C,West,SKU0079,Hardware,178,0,21,33
2025-02-28,WH_C,West,SKU0080,Hardware,223,0,25,104
2025-02-28,WH_C,West,SKU0081,Housewares,129,2,37,85
2025-02-28,WH_C,West,SKU0082,Hardware,54,0,23,37
2025-02-28,WH_C,West,SKU0083,Housewares,124,2,33,79
2025-02-28,WH_C,West,SKU0084,Office,101,1,41,91
2025-02-28,WH_C,West,SKU0085,Hardware,175,1,31,89
2025-02-28,WH_C,West,SKU0086,Hardware,241,3,37,78
2025-02-28,WH_C,West,SKU0087,Office,66,0,36,36
2025-02-28,WH_C,West,SKU0088,Housewares,169,4,31,75
2025-02-28,WH_C,West,SKU0089,Electronics,44,0,19,113
2025-02-28,WH_C,West,SKU0090,Electronics,126,0,30,103
2025-02-28,WH_C,West,SKU0091,Electronics,239,2,24,75
2025-02-28,WH_C,West,SKU0092,Housewares,134,1,15,104
2025-02-28,WH_C,West,SKU0093,Sports,182,3,25,95
2025-02-28,WH_C,West,SKU0094,Hardware,183,1,22,31
2025-02-28,WH_C,West,SKU0095,Electronics,78,1,48,74
2025-02-28,WH_C,West,SKU0096,Hardware,255,0,36,43
2025-02-28,WH_C,West,SKU0097,Office,91,1,30,97
2025-02-28,WH_C,West,SKU0098,Housewares,202,6,24,71
2025-02-28,WH_C,West,SKU0099,Office,194,5,36,48
2025-02-28,WH_C,West,SKU0100,Office,29,0,30,53
2025-03-01,WH_A,East,SKU0001,Housewares,193,4,49,82
2025-03-01,WH_A,East,SKU0002,Electronics,154,3,22,98
2025-03-01,WH_A,East,SKU0003,Hardware,73,3,48,34
2025-03-01,WH_A,East,SKU0004,Hardware,153,0,26,97
2025-03-01,WH_A,East,SKU0005,Sports,69,0,17,73
2025-03-01,WH_A,East,SKU0006,Sports,64,1,15,85
2025-03-01,WH_A,East,SKU0007,Office,138,0,29,31
2025-03-01,WH_A,East,SKU0008,Electronics,270,2,49,58
2025-03-01,WH_A,East,SKU0009,Hardware,41,0,29,101
2025-03-01,WH_A,East,SKU0010,Electronics,212,5,33,32
2025-03-01,WH_A,East,SKU0011,Hardware,76,3,42,111
2025-03-01,WH_A,East,SKU0012,Housewares,138,4,44,81
2025-03-01,WH_A,East,SKU0013,Electronics,232,2,24,119
2025-03-01,WH_A,East,SKU0014,Electronics,266,4,19,104
2025-03-01,WH_A,East,SKU0015,Housewares,192,2,22,32
2025-03-01,WH_A,East,SKU0016,Housewares,121,3,15,92
2025-03-01,WH_A,East,SKU0017,Hardware,66,3,44,34
2025-03-01,WH_A,East,SKU0018,Housewares,161,1,37,92
2025-03-01,WH_A,East,SKU0019,Sports,94,2,34,74
2025-03-01,WH_A,East,SKU0020,Electronics,285,1,32,33
2025-03-01,WH_A,East,SKU0021,Sports,131,3,22,69
2025-03-01,WH_A,East,SKU0022,Sports,84,3,47,88
2025-03-01,WH_A,East,SKU0023,Hardware,169,0,45,56
2025-03-01,WH_A,East,SKU0024,Electronics,215,1,34,61
2025-03-01,WH_A,East,SKU0025,Office,37,2,35,77
2025-03-01,WH_A,East,SKU0026,Hardware,185,4,46,84
2025-03-01,WH_A,East,SKU0027,Electronics,249,4,35,106
2025-03-01,WH_A,East,SKU0028,Electronics,183,2,25,102
2025-03-01,WH_A,East,SKU0029,Sports,122,2,26,82
2025-03-01,WH_A,East,SKU0030,Housewares,73,6,25,90
2025-03-01,WH_A,East,SKU0031,Sports,75,6,25,63
2025-03-01,WH_A,East,SKU0032,Sports,59,1,46,35
2025-03-01,WH_A,East,SKU0033,Housewares,72,3,20,103
2025-03-01,WH_A,East,SKU0034,Office,169,2,17,71
2025-03-01,WH_A,East,SKU0035,Hardware,198,3,40,71
2025-03-01,WH_A,East,SKU0036,Housewares,200,1,21,63
2025-03-01,WH_A,East,SKU0037,Sports,38,2,29,69
2025-03-01,WH_A,East,SKU0038,Housewares,79,5,16,87
2025-03-01,WH_A,East,SKU0039,Office,125,3,48,113
2025-03-01,WH_A,East,SKU0040,Housewares,62,0,24,103
2025-03-01,WH_A,East,SKU0041,Sports,149,4,43,79
2025-03-01,WH_A,East,SKU0042,Electronics,289,1,50,40
2025-03-01,WH_A,East,SKU0043,Hardware,242,4,42,34
2025-03-01,WH_A,East,SKU0044,Hardware,145,0,20,104
2025-03-01,WH_A,East,SKU0045,Electronics,59,1,45,30
2025-03-01,WH_A,East,SKU0046,Hardware,97,4,32,53
2025-03-01,WH_A,East,SKU0047,Electronics,104,5,42,60
2025-03-01,WH_A,East,SKU0048,Hardware,187,5,31,114
2025-03-01,WH_A,East,SKU0049,Housewares,88,2,44,61
2025-03-01,WH_A,East,SKU0050,Hardware,224,2,17,38
2025-03-01,WH_A,East,SKU0051,Hardware,114,3,19,97
2025-03-01,WH_A,East,SKU0052,Hardware,131,6,27,66
2025-03-01,WH_A,East,SKU0053,Hardware,60,2,27,74
2025-03-01,WH_A,East,SKU0054,Office,191,0,45,45
2025-03-01,WH_A,East,SKU0055,Housewares,123,4,50,48
2025-03-01,WH_A,East,SKU0056,Housewares,134,1,22,38
2025-03-01,WH_A,East,SKU0057,Electronics,67,2,33,89
2025-03-01,WH_A,East,SKU0058,Sports,123,7,25,33
2025-03-01,WH_A,East,SKU0059,Electronics,193,1,28,62
2025-03-01,WH_A,East,SKU0060,Hardware,192,5,49,91
2025-03-01,WH_A,East,SKU0061,Office,63,1,37,69
2025-03-01,WH_A,East,SKU0062,Housewares,57,5,32,71
2025-03-01,WH_A,East,SKU0063,Housewares,115,1,41,69
2025-03-01,WH_A,East,SKU0064,Sports,140,3,27,38
2025-03-01,WH_A,East,SKU0065,Sports,189,2,21,80
2025-03-01,WH_A,East,SKU0066,Sports,151,1,49,71
2025-03-01,WH_A,East,SKU0067,Hardware,264,3,26,81
2025-03-01,WH_A,East,SKU0068,Electronics,177,2,29,90
2025-03-01,WH_A,East,SKU0069,Hardware,264,0,16,31
2025-03-01,WH_A,East,SKU0070,Hardware,205,2,48,107
2025-03-01,WH_A,East,SKU0071,Hardware,143,5,29,100
2025-03-01,WH_A,East,SKU0072,Office,60,4,17,45
2025-03-01,WH_A,East,SKU0073,Office,89,3,50,115
2025-03-01,WH_A,East,SKU0074,Hardware,163,4,45,94
2025-03-01,WH_A,East,SKU0075,Sports,30,0,40,77
2025-03-01,WH_A,East,SKU0076,Hardware,181,0,15,96
2025-03-01,WH_A,East,SKU0077,Office,143,3,18,116
2025-03-01,WH_A,East,SKU0078,Housewares,77,7,19,95
2025-03-01,WH_A,East,SKU0079,Hardware,267,2,17,115
2025-03-01,WH_A,East,SKU0080,Hardware,77,0,33,66
2025-03-01,WH_A,East,SKU0081,Housewares,127,3,26,101
2025-03-01,WH_A,East,SKU0082,Hardware,212,3,25,85
2025-03-01,WH_A,East,SKU0083,Housewares,40,5,44,56
2025-03-01,WH_A,East,SKU0084,Office,112,0,39,34
2025-03-01,WH_A,East,SKU0085,Hardware,209,3,44,57
2025-03-01,WH_A,East,SKU0086,Hardware,162,4,27,40
2025-03-01,WH_A,East,SKU0087,Office,88,3,27,118
2025-03-01,WH_A,East,SKU0088,Housewares,39,3,48,40
2025-03-01,WH_A,East,SKU0089,Electronics,99,3,43,47
2025-03-01,WH_A,East,SKU0090,Electronics,67,3,27,96
2025-03-01,WH_A,East,SKU0091,Electronics,47,3,34,73
2025-03-01,WH_A,East,SKU0092,Housewares,22,6,29,30
2025-03-01,WH_A,East,SKU0093,Sports,176,4,48,59
2025-03-01,WH_A,East,SKU0094,Hardware,120,5,22,113
2025-03-01,WH_A,East,SKU0095,Electronics,63,2,40,66
2025-03-01,WH_A,East,SKU0096,Hardware,200,4,41,62
2025-03-01,WH_A,East,SKU0097,Office,149,2,26,91
2025-03-01,WH_A,East,SKU0098,Housewares,76,2,50,118
2025-03-01,WH_A,East,SKU0099,Office,125,0,50,42
2025-03-01,WH_A,East,SKU0100,Office,63,4,29,90
2025-03-01,WH_B,Central,SKU0001,Housewares,178,0,23,119
2025-03-01,WH_B,Central,SKU0002,Electronics,96,4,46,119
2025-03-01,WH_B,Central,SKU0003,Hardware,215,3,21,101
2025-03-01,WH_B,Central,SKU0004,Hardware,44,2,38,74
2025-03-01,WH_B,Central,SKU0005,Sports,74,1,26,76
2025-03-01,WH_B,Central,SKU0006,Sports,203,4,47,98
2025-03-01,WH_B,Central,SKU0007,Office,85,3,17,52
2025-03-01,WH_B,Central,SKU0008,Electronics,44,5,27,80
2025-03-01,WH_B,Central,SKU0009,Hardware,200,1,19,82
2025-03-01,WH_B,Central,SKU0010,Electronics,47,4,30,61
2025-03-01,WH_B,Central,SKU0011,Hardware,212,0,34,39
2025-03-01,WH_B,Central,SKU0012,Housewares,148,2,48,88
2025-03-01,WH_B,Central,SKU0013,Electronics,177,1,15,49
2025-03-01,WH_B,Central,SKU0014,Electronics,220,3,46,69
2025-03-01,WH_B,Central,SKU0015,Housewares,184,0,15,90
2025-03-01,WH_B,Central,SKU0016,Housewares,45,2,41,118
2025-03-01,WH_B,Central,SKU0017,Hardware,287,6,31,97
2025-03-01,WH_B,Central,SKU0018,Housewares,141,3,19,30
2025-03-01,WH_B,Central,SKU0019,Sports,107,4,16,61
2025-03-01,WH_B,Central,SKU0020,Electronics,246,0,20,83
2025-03-01,WH_B,Central,SKU0021,Sports,143,0,49,39
2025-03-01,WH_B,Central,SKU0022,Sports,72,2,48,95
2025-03-01,WH_B,Central,SKU0023,Hardware,255,3,30,86
2025-03-01,WH_B,Central,SKU0024,Electronics,242,5,29,107
2025-03-01,WH_B,Central,SKU0025,Office,176,7,49,72
2025-03-01,WH_B,Central,SKU0026,Hardware,263,5,29,37
2025-03-01,WH_B,Central,SKU0027,Electronics,216,6,24,53
2025-03-01,WH_B,Central,SKU0028,Electronics,175,2,48,42
2025-03-01,WH_B,Central,SKU0029,Sports,103,4,42,103
2025-03-01,WH_B,Central,SKU0030,Housewares,96,5,30,105
2025-03-01,WH_B,Central,SKU0031,Sports,104,2,30,83
2025-03-01,WH_B,Central,SKU0032,Sports,155,3,48,49
2025-03-01,WH_B,Central,SKU0033,Housewares,80,3,26,35
2025-03-01,WH_B,Central,SKU0034,Office,116,2,25,110
2025-03-01,WH_B,Central,SKU0035,Hardware,139,6,47,83
2025-03-01,WH_B,Central,SKU0036,Housewares,42,5,20,73
2025-03-01,WH_B,Central,SKU0037,Sports,137,3,25,59
2025-03-01,WH_B,Central,SKU0038,Housewares,22,1,39,93
2025-03-01,WH_B,Central,SKU0039,Office,167,1,16,38
2025-03-01,WH_B,Central,SKU0040,Housewares,186,2,32,79
2025-03-01,WH_B,Central,SKU0041,Sports,143,4,17,40
2025-03-01,WH_B,Central,SKU0042,Electronics,120,4,19,49
2025-03-01,WH_B,Central,SKU0043,Hardware,232,0,15,62
2025-03-01,WH_B,Central,SKU0044,Hardware,135,0,43,43
2025-03-01,WH_B,Central,SKU0045,Electronics,75,3,17,101
2025-03-01,WH_B,Central,SKU0046,Hardware,99,0,41,46
2025-03-01,WH_B,Central,SKU0047,Electronics,117,0,50,87
2025-03-01,WH_B,Central,SKU0048,Hardware,123,4,47,72
2025-03-01,WH_B,Central,SKU0049,Housewares,117,3,26,57
2025-03-01,WH_B,Central,SKU0050,Hardware,187,3,49,112
2025-03-01,WH_B,Central,SKU0051,Hardware,237,2,42,119
2025-03-01,WH_B,Central,SKU0052,Hardware,60,0,45,58
2025-03-01,WH_B,Central,SKU0053,Hardware,85,0,43,88
2025-03-01,WH_B,Central,SKU0054,Office,113,1,16,120
2025-03-01,WH_B,Central,SKU0055,Housewares,136,1,27,108
2025-03-01,WH_B,Central,SKU0056,Housewares,179,1,36,111
2025-03-01,WH_B,Central,SKU0057,Electronics,52,4,30,82
2025-03-01,WH_B,Central,SKU0058,Sports,179,7,18,84
2025-03-01,WH_B,Central,SKU0059,Electronics,163,3,45,67
2025-03-01,WH_B,Central,SKU0060,Hardware,42,6,41,105
2025-03-01,WH_B,Central,SKU0061,Office,162,2,31,112
2025-03-01,WH_B,Central,SKU0062,Housewares,79,1,41,81
2025-03-01,WH_B,Central,SKU0063,Housewares,58,4,30,90
2025-03-01,WH_B,Central,SKU0064,Sports,128,4,41,40
2025-03-01,WH_B,Central,SKU0065,Sports,148,3,32,75
2025-03-01,WH_B,Central,SKU0066,Sports,77,3,36,91
2025-03-01,WH_B,Central,SKU0067,Hardware,188,3,45,93
2025-03-01,WH_B,Central,SKU0068,Electronics,231,3,38,102
2025-03-01,WH_B,Central,SKU0069,Hardware,78,4,32,73
2025-03-01,WH_B,Central,SKU0070,Hardware,215,4,29,82
2025-03-01,WH_B,Central,SKU0071,Hardware,45,2,49,117
2025-03-01,WH_B,Central,SKU0072,Office,142,4,27,86
2025-03-01,WH_B,Central,SKU0073,Office,101,0,34,99
2025-03-01,WH_B,Central,SKU0074,Hardware,233,5,25,54
2025-03-01,WH_B,Central,SKU0075,Sports,175,3,39,34
2025-03-01,WH_B,Central,SKU0076,Hardware,136,0,23,64
2025-03-01,WH_B,Central,SKU0077,Office,89,5,35,30
2025-03-01,WH_B,Central,SKU0078,Housewares,60,4,37,79
2025-03-01,WH_B,Central,SKU0079,Hardware,206,1,18,49
2025-03-01,WH_B,Central,SKU0080,Hardware,69,1,45,96
2025-03-01,WH_B,Central,SKU0081,Housewares,55,2,36,105
2025-03-01,WH_B,Central,SKU0082,Hardware,227,2,49,39
2025-03-01,WH_B,Central,SKU0083,Housewares,118,3,21,30
2025-03-01,WH_B,Central,SKU0084,Office,84,0,43,82
2025-03-01,WH_B,Central,SKU0085,Hardware,99,0,25,105
2025-03-01,WH_B,Central,SKU0086,Hardware,129,3,15,58
2025-03-01,WH_B,Central,SKU0087,Office,155,3,16,68
2025-03-01,WH_B,Central,SKU0088,Housewares,79,3,46,62
2025-03-01,WH_B,Central,SKU0089,Electronics,53,0,25,85
2025-03-01,WH_B,Central,SKU0090,Electronics,243,1,50,31
2025-03-01,WH_B,Central,SKU0091,Electronics,210,2,39,70
2025-03-01,WH_B,Central,SKU0092,Housewares,105,3,22,31
2025-03-01,WH_B,Central,SKU0093,Sports,158,3,41,43
2025-03-01,WH_B,Central,SKU0094,Hardware,246,2,44,30
2025-03-01,WH_B,Central,SKU0095,Electronics,209,7,47,56
2025-03-01,WH_B,Central,SKU0096,Hardware,240,3,28,116
2025-03-01,WH_B,Central,SKU0097,Office,28,2,30,46
2025-03-01,WH_B,Central,SKU0098,Housewares,172,2,34,34
2025-03-01,WH_B,Central,SKU0099,Office,63,2,45,76
2025-03-01,WH_B,Central,SKU0100,Office,152,5,33,53
2025-03-01,WH_C,West,SKU0001,Housewares,119,2,17,38
2025-03-01,WH_C,West,SKU0002,Electronics,163,3,38,87
2025-03-01,WH_C,West,SKU0003,Hardware,161,4,38,70
2025-03-01,WH_C,West,SKU0004,Hardware,206,5,34,96
2025-03-01,WH_C,West,SKU0005,Sports,98,2,28,111
2025-03-01,WH_C,West,SKU0006,Sports,67,1,50,39
2025-03-01,WH_C,West,SKU0007,Office,34,6,46,115
2025-03-01,WH_C,West,SKU0008,Electronics,39,4,36,80
2025-03-01,WH_C,West,SKU0009,Hardware,44,3,36,70
2025-03-01,WH_C,West,SKU0010,Electronics,185,1,28,96
2025-03-01,WH_C,West,SKU0011,Hardware,244,3,33,44
2025-03-01,WH_C,West,SKU0012,Housewares,29,3,40,30
2025-03-01,WH_C,West,SKU0013,Electronics,46,1,42,78
2025-03-01,WH_C,West,SKU0014,Electronics,70,2,41,116
2025-03-01,WH_C,West,SKU0015,Housewares,38,4,36,54
2025-03-01,WH_C,West,SKU0016,Housewares,49,4,43,78
2025-03-01,WH_C,West,SKU0017,Hardware,176,0,16,118
2025-03-01,WH_C,West,SKU0018,Housewares,51,1,33,67
2025-03-01,WH_C,West,SKU0019,Sports,200,0,38,78
2025-03-01,WH_C,West,SKU0020,Electronics,245,3,44,119
2025-03-01,WH_C,West,SKU0021,Sports,151,0,20,95
2025-03-01,WH_C,West,SKU0022,Sports,51,4,33,57
2025-03-01,WH_C,West,SKU0023,Hardware,100,0,39,109
2025-03-01,WH_C,West,SKU0024,Electronics,164,5,36,88
2025-03-01,WH_C,West,SKU0025,Office,105,6,38,63
2025-03-01,WH_C,West,SKU0026,Hardware,166,3,16,79
2025-03-01,WH_C,West,SKU0027,Electronics,235,6,27,64
2025-03-01,WH_C,West,SKU0028,Electronics,97,3,41,32
2025-03-01,WH_C,West,SKU0029,Sports,115,0,27,60
2025-03-01,WH_C,West,SKU0030,Housewares,150,3,49,50
2025-03-01,WH_C,West,SKU0031,Sports,194,2,34,107
2025-03-01,WH_C,West,SKU0032,Sports,210,2,42,105
2025-03-01,WH_C,West,SKU0033,Housewares,134,4,39,36
2025-03-01,WH_C,West,SKU0034,Office,165,4,22,95
2025-03-01,WH_C,West,SKU0035,Hardware,202,5,35,96
2025-03-01,WH_C,West,SKU0036,Housewares,183,6,17,66
2025-03-01,WH_C,West,SKU0037,Sports,51,2,33,111
2025-03-01,WH_C,West,SKU0038,Housewares,28,0,27,83
2025-03-01,WH_C,West,SKU0039,Office,85,0,34,97
2025-03-01,WH_C,West,SKU0040,Housewares,144,6,31,72
2025-03-01,WH_C,West,SKU0041,Sports,31,2,23,79
2025-03-01,WH_C,West,SKU0042,Electronics,59,0,30,87
2025-03-01,WH_C,West,SKU0043,Hardware,245,4,18,51
2025-03-01,WH_C,West,SKU0044,Hardware,91,3,28,32
2025-03-01,WH_C,West,SKU0045,Electronics,225,3,33,67
2025-03-01,WH_C,West,SKU0046,Hardware,90,0,19,117
2025-03-01,WH_C,West,SKU0047,Electronics,75,5,20,55
2025-03-01,WH_C,West,SKU0048,Hardware,131,3,35,72
2025-03-01,WH_C,West,SKU0049,Housewares,123,2,16,35
2025-03-01,WH_C,West,SKU0050,Hardware,183,5,26,73
2025-03-01,WH_C,West,SKU0051,Hardware,192,4,39,101
2025-03-01,WH_C,West,SKU0052,Hardware,208,2,23,61
2025-03-01,WH_C,West,SKU0053,Hardware,31,1,39,112
2025-03-01,WH_C,West,SKU0054,Office,68,2,41,74
2025-03-01,WH_C,West,SKU0055,Housewares,127,3,48,55
2025-03-01,WH_C,West,SKU0056,Housewares,124,7,19,112
2025-03-01,WH_C,West,SKU0057,Electronics,257,4,38,43
2025-03-01,WH_C,West,SKU0058,Sports,30,3,33,42
2025-03-01,WH_C,West,SKU0059,Electronics,117,3,40,92
2025-03-01,WH_C,West,SKU0060,Hardware,179,2,45,78
2025-03-01,WH_C,West,SKU0061,Office,145,3,38,104
2025-03-01,WH_C,West,SKU0062,Housewares,177,5,27,46
2025-03-01,WH_C,West,SKU0063,Housewares,28,2,32,106
2025-03-01,WH_C,West,SKU0064,Sports,108,3,45,57
2025-03-01,WH_C,West,SKU0065,Sports,149,0,20,105
2025-03-01,WH_C,West,SKU0066,Sports,150,3,45,70
2025-03-01,WH_C,West,SKU0067,Hardware,149,0,43,104
2025-03-01,WH_C,West,SKU0068,Electronics,69,4,23,33
2025-03-01,WH_C,West,SKU0069,Hardware,245,3,34,72
2025-03-01,WH_C,West,SKU0070,Hardware,121,0,16,50
2025-03-01,WH_C,West,SKU0071,Hardware,205,5,32,68
2025-03-01,WH_C,West,SKU0072,Office,80,5,50,97
2025-03-01,WH_C,West,SKU0073,Office,46,2,39,105
2025-03-01,WH_C,West,SKU0074,Hardware,199,0,40,103
2025-03-01,WH_C,West,SKU0075,Sports,102,1,22,60
2025-03-01,WH_C,West,SKU0076,Hardware,260,2,39,79
2025-03-01,WH_C,West,SKU0077,Office,132,0,32,99
2025-03-01,WH_C,West,SKU0078,Housewares,153,4,42,94
2025-03-01,WH_C,West,SKU0079,Hardware,255,4,40,107
2025-03-01,WH_C,West,SKU0080,Hardware,50,5,48,91
2025-03-01,WH_C,West,SKU0081,Housewares,159,3,42,59
2025-03-01,WH_C,West,SKU0082,Hardware,241,0,20,68
2025-03-01,WH_C,West,SKU0083,Housewares,46,0,49,118
2025-03-01,WH_C,West,SKU0084,Office,87,1,35,104
2025-03-01,WH_C,West,SKU0085,Hardware,70,1,33,108
2025-03-01,WH_C,West,SKU0086,Hardware,47,2,33,67
2025-03-01,WH_C,West,SKU0087,Office,81,0,44,65
2025-03-01,WH_C,West,SKU0088,Housewares,54,0,44,36
2025-03-01,WH_C,West,SKU0089,Electronics,194,2,23,76
2025-03-01,WH_C,West,SKU0090,Electronics,153,0,32,73
2025-03-01,WH_C,West,SKU0091,Electronics,95,6,45,101
2025-03-01,WH_C,West,SKU0092,Housewares,137,3,19,37
2025-03-01,WH_C,West,SKU0093,Sports,170,5,36,62
2025-03-01,WH_C,West,SKU0094,Hardware,183,3,25,100
2025-03-01,WH_C,West,SKU0095,Electronics,196,1,32,37
2025-03-01,WH_C,West,SKU0096,Hardware,193,4,35,41
2025-03-01,WH_C,West,SKU0097,Office,167,3,30,108
2025-03-01,WH_C,West,SKU0098,Housewares,28,0,31,78
2025-03-01,WH_C,West,SKU0099,Office,16,3,30,87
2025-03-01,WH_C,West,SKU0100,Office,167,3,25,101
