order_id,order_date,warehouse_id,region,sku_id,category,qty_ordered,unit_price
100000,2025-01-01,WH_A,East,SKU0095,Electronics,6,213.82
100001,2025-01-01,WH_B,Central,SKU0032,Sports,1,235.57
100002,2025-01-01,WH_C,West,SKU0060,Hardware,4,213.53
100003,2025-01-01,WH_A,East,SKU0068,Electronics,8,234.57
100004,2025-01-01,WH_B,Central,SKU0066,Sports,1,36.28
100005,2025-01-01,WH_B,Central,SKU0050,Hardware,3,142.99
100006,2025-01-01,WH_B,Central,SKU0090,Electronics,1,172.69
100007,2025-01-01,WH_A,East,SKU0003,Hardware,1,16.57
100008,2025-01-01,WH_B,Central,SKU0066,Sports,1,52.49
100009,2025-01-01,WH_B,Central,SKU0084,Office,3,237.27
100010,2025-01-01,WH_A,East,SKU0018,Housewares,3,165.42
100011,2025-01-01,WH_B,Central,SKU0097,Office,1,130.51
100012,2025-01-01,WH_C,West,SKU0062,Housewares,5,165.26
100013,2025-01-01,WH_C,West,SKU0100,Office,1,212.88
100014,2025-01-01,WH_C,West,SKU0031,Sports,10,73.35
100015,2025-01-01,WH_A,East,SKU0040,Housewares,1,87.94
100016,2025-01-01,WH_B,Central,SKU0077,Office,1,218.99
100017,2025-01-01,WH_B,Central,SKU0049,Housewares,7,160.16
100018,2025-01-01,WH_B,Central,SKU0019,Sports,4,168.82
100019,2025-01-01,WH_C,West,SKU0044,Hardware,1,159.85
100020,2025-01-01,WH_A,East,SKU0053,Hardware,5,203.43
100021,2025-01-01,WH_C,West,SKU0091,Electronics,1,118.34
100022,2025-01-01,WH_B,Central,SKU0077,Office,1,189.24
100023,2025-01-01,WH_A,East,SKU0080,Hardware,2,90.68
100024,2025-01-01,WH_A,East,SKU0002,Electronics,3,121.03
100025,2025-01-01,WH_B,Central,SKU0075,Sports,1,223.15
100026,2025-01-01,WH_C,West,SKU0031,Sports,1,9.43
100027,2025-01-01,WH_A,East,SKU0052,Hardware,1,45.09
100028,2025-01-01,WH_B,Central,SKU0062,Housewares,2,158.09
100029,2025-01-01,WH_C,West,SKU0037,Sports,1,55.02
100030,2025-01-01,WH_B,Central,SKU0057,Electronics,1,125.58
100031,2025-01-01,WH_A,East,SKU0078,Housewares,2,79.47
100032,2025-01-01,WH_C,West,SKU0030,Housewares,1,24.75
100033,2025-01-01,WH_C,West,SKU0081,Housewares,1,30.91
100034,2025-01-01,WH_B,Central,SKU0097,Office,4,89.28
100035,2025-01-01,WH_A,East,SKU0029,Sports,1,129.5
100036,2025-01-01,WH_B,Central,SKU0066,Sports,2,110.03
100037,2025-01-01,WH_B,Central,SKU0005,Sports,1,189.97
100038,2025-01-01,WH_A,East,SKU0004,Hardware,3,101.71
100039,2025-01-01,WH_B,Central,SKU0018,Housewares,1,43.2
100040,2025-01-01,WH_A,East,SKU0025,Office,4,151.9
100041,2025-01-01,WH_B,Central,SKU0051,Hardware,1,97.63
100042,2025-01-01,WH_C,West,SKU0092,Housewares,7,115.83
100043,2025-01-01,WH_C,West,SKU0059,Electronics,1,162.73
100044,2025-01-01,WH_C,West,SKU0036,Housewares,1,133.33
100045,2025-01-01,WH_A,East,SKU0033,Housewares,3,214.45
100046,2025-01-01,WH_B,Central,SKU0036,Housewares,3,99.18
100047,2025-01-01,WH_B,Central,SKU0062,Housewares,4,225.11
100048,2025-01-01,WH_A,East,SKU0004,Hardware,1,6.1
100049,2025-01-01,WH_A,East,SKU0017,Hardware,6,45.53
100050,2025-01-01,WH_C,West,SKU0009,Hardware,1,80.38
100051,2025-01-01,WH_A,East,SKU0014,Electronics,1,200.85
100052,2025-01-01,WH_C,West,SKU0095,Electronics,1,16.96
100053,2025-01-01,WH_A,East,SKU0013,Electronics,3,169.45
100054,2025-01-01,WH_B,Central,SKU0046,Hardware,5,102.72
100055,2025-01-01,WH_C,West,SKU0027,Electronics,1,140.5
100056,2025-01-01,WH_B,Central,SKU0047,Electronics,1,9.18
100057,2025-01-01,WH_A,East,SKU0098,Housewares,4,103.84
100058,2025-01-01,WH_B,Central,SKU0082,Hardware,2,167.4
100059,2025-01-01,WH_C,West,SKU0082,Hardware,1,17.53
100060,2025-01-01,WH_C,West,SKU0085,Hardware,1,52.61
100061,2025-01-01,WH_A,East,SKU0020,Electronics,11,186.18
100062,2025-01-01,WH_A,East,SKU0024,Electronics,1,20.53
100063,2025-01-01,WH_B,Central,SKU0094,Hardware,1,204.16
100064,2025-01-01,WH_A,East,SKU0091,Electronics,8,12.68
100065,2025-01-01,WH_A,East,SKU0056,Housewares,7,98.24
100066,2025-01-01,WH_B,Central,SKU0033,Housewares,1,30.05
100067,2025-01-01,WH_B,Central,SKU0038,Housewares,4,119.88
100068,2025-01-01,WH_C,West,SKU0083,Housewares,5,60.41
100069,2025-01-01,WH_B,Central,SKU0018,Housewares,3,33.94
100070,2025-01-01,WH_C,West,SKU0084,Office,1,37.68
100071,2025-01-01,WH_C,West,SKU0037,Sports,4,165.63
100072,2025-01-01,WH_A,East,SKU0029,Sports,1,99.27
100073,2025-01-01,WH_A,East,SKU0008,Electronics,4,74.99
100074,2025-01-01,WH_C,West,SKU0064,Sports,7,229.08
100075,2025-01-01,WH_C,West,SKU0100,Office,2,159.83
100076,2025-01-01,WH_B,Central,SKU0067,Hardware,3,68.32
100077,2025-01-01,WH_A,East,SKU0037,Sports,1,38.31
100078,2025-01-01,WH_C,West,SKU0026,Hardware,7,182.34
100079,2025-01-01,WH_C,West,SKU0037,Sports,1,139.6
100080,2025-01-01,WH_B,Central,SKU0037,Sports,1,204.75
100081,2025-01-01,WH_C,West,SKU0007,Office,1,162.82
100082,2025-01-01,WH_A,East,SKU0081,Housewares,1,141.9
100083,2025-01-01,WH_A,East,SKU0076,Hardware,1,45.4
100084,2025-01-01,WH_B,Central,SKU0098,Housewares,2,161.47
100085,2025-01-01,WH_A,East,SKU0018,Housewares,12,168.93
100086,2025-01-01,WH_A,East,SKU0068,Electronics,2,228.59
100087,2025-01-01,WH_C,West,SKU0061,Office,5,139.44
100088,2025-01-01,WH_A,East,SKU0052,Hardware,2,235.78
100089,2025-01-01,WH_C,West,SKU0099,Office,2,179.88
100090,2025-01-01,WH_A,East,SKU0012,Housewares,1,180.98
100091,2025-01-01,WH_B,Central,SKU0022,Sports,1,33.31
100092,2025-01-01,WH_C,West,SKU0022,Sports,5,174.34
100093,2025-01-01,WH_C,West,SKU0065,Sports,1,110.7
100094,2025-01-01,WH_C,West,SKU0035,Hardware,1,7.34
100095,2025-01-01,WH_A,East,SKU0082,Hardware,1,41.36
100096,2025-01-01,WH_C,West,SKU0099,Office,1,209.29
100097,2025-01-01,WH_C,West,SKU0043,Hardware,1,27.48
100098,2025-01-01,WH_C,West,SKU0001,Housewares,6,187.56
100099,2025-01-01,WH_C,West,SKU0052,Hardware,1,24.49
100100,2025-01-01,WH_C,West,SKU0025,Office,3,95.73
100101,2025-01-01,WH_C,West,SKU0051,Hardware,3,104.09
100102,2025-01-01,WH_A,East,SKU0046,Hardware,10,175.13
100103,2025-01-01,WH_C,West,SKU0008,Electronics,1,85.97
100104,2025-01-01,WH_A,East,SKU0026,Hardware,2,39.76
100105,2025-01-01,WH_B,Central,SKU0068,Electronics,1,24.43
100106,2025-01-01,WH_C,West,SKU0051,Hardware,2,159.9
100107,2025-01-01,WH_C,West,SKU0002,Electronics,1,167.96
100108,2025-01-01,WH_C,West,SKU0054,Office,2,235.27
100109,2025-01-01,WH_A,East,SKU0067,Hardware,5,236.09
100110,2025-01-01,WH_C,West,SKU0035,Hardware,10,113.0
100111,2025-01-01,WH_B,Central,SKU0077,Office,2,74.0
100112,2025-01-01,WH_A,East,SKU0036,Housewares,2,41.93
100113,2025-01-01,WH_A,East,SKU0041,Sports,3,11.11
100114,2025-01-01,WH_B,Central,SKU0063,Housewares,1,55.98
100115,2025-01-01,WH_C,West,SKU0010,Electronics,8,40.5
100116,2025-01-01,WH_C,West,SKU0073,Office,6,35.47
100117,2025-01-01,WH_B,Central,SKU0046,Hardware,3,83.37
100118,2025-01-01,WH_A,East,SKU0016,Housewares,1,249.58
100119,2025-01-01,WH_A,East,SKU0001,Housewares,1,54.63
100120,2025-01-01,WH_B,Central,SKU0054,Office,2,186.48
100121,2025-01-01,WH_C,West,SKU0023,Hardware,12,176.85
100122,2025-01-01,WH_A,East,SKU0079,Hardware,2,105.24
100123,2025-01-01,WH_A,East,SKU0084,Office,2,152.2
100124,2025-01-01,WH_A,East,SKU0002,Electronics,1,169.45
100125,2025-01-01,WH_A,East,SKU0068,Electronics,1,125.04
100126,2025-01-01,WH_C,West,SKU0099,Office,1,81.64
100127,2025-01-01,WH_A,East,SKU0074,Hardware,2,20.8
100128,2025-01-01,WH_C,West,SKU0058,Sports,1,37.0
100129,2025-01-01,WH_B,Central,SKU0005,Sports,1,53.48
100130,2025-01-01,WH_A,East,SKU0050,Hardware,4,114.48
100131,2025-01-01,WH_C,West,SKU0086,Hardware,1,162.86
100132,2025-01-01,WH_C,West,SKU0059,Electronics,3,5.86
100133,2025-01-01,WH_A,East,SKU0024,Electronics,5,247.17
100134,2025-01-01,WH_B,Central,SKU0074,Hardware,1,164.51
100135,2025-01-01,WH_C,West,SKU0095,Electronics,1,17.01
100136,2025-01-01,WH_B,Central,SKU0016,Housewares,1,212.37
100137,2025-01-01,WH_A,East,SKU0003,Hardware,3,114.23
100138,2025-01-01,WH_C,West,SKU0037,Sports,1,119.18
100139,2025-01-01,WH_C,West,SKU0071,Hardware,1,220.04
100140,2025-01-01,WH_B,Central,SKU0073,Office,2,123.57
100141,2025-01-01,WH_B,Central,SKU0015,Housewares,1,234.28
100142,2025-01-01,WH_B,Central,SKU0061,Office,3,40.48
100143,2025-01-01,WH_C,West,SKU0080,Hardware,1,75.65
100144,2025-01-01,WH_C,West,SKU0045,Electronics,12,106.77
100145,2025-01-01,WH_C,West,SKU0084,Office,1,105.75
100146,2025-01-01,WH_B,Central,SKU0060,Hardware,1,151.9
100147,2025-01-01,WH_A,East,SKU0078,Housewares,1,13.81
100148,2025-01-01,WH_C,West,SKU0003,Hardware,1,74.37
100149,2025-01-01,WH_B,Central,SKU0008,Electronics,1,209.44
100150,2025-01-01,WH_C,West,SKU0051,Hardware,1,12.72
100151,2025-01-01,WH_B,Central,SKU0055,Housewares,4,217.88
100152,2025-01-01,WH_C,West,SKU0019,Sports,2,74.81
100153,2025-01-01,WH_A,East,SKU0095,Electronics,4,7.18
100154,2025-01-01,WH_B,Central,SKU0085,Hardware,7,217.06
100155,2025-01-01,WH_C,West,SKU0019,Sports,2,73.01
100156,2025-01-01,WH_B,Central,SKU0051,Hardware,1,249.96
100157,2025-01-01,WH_A,East,SKU0052,Hardware,4,87.98
100158,2025-01-01,WH_B,Central,SKU0086,Hardware,1,161.63
100159,2025-01-01,WH_C,West,SKU0057,Electronics,13,178.23
100160,2025-01-01,WH_B,Central,SKU0064,Sports,1,103.56
100161,2025-01-01,WH_B,Central,SKU0077,Office,1,228.48
100162,2025-01-01,WH_C,West,SKU0041,Sports,1,184.68
100163,2025-01-01,WH_A,East,SKU0070,Hardware,1,36.46
100164,2025-01-01,WH_A,East,SKU0046,Hardware,3,211.65
100165,2025-01-01,WH_A,East,SKU0087,Office,1,107.49
100166,2025-01-01,WH_C,West,SKU0032,Sports,2,200.09
100167,2025-01-01,WH_A,East,SKU0065,Sports,2,28.38
100168,2025-01-01,WH_A,East,SKU0021,Sports,2,221.73
100169,2025-01-01,WH_B,Central,SKU0010,Electronics,6,148.33
100170,2025-01-01,WH_B,Central,SKU0064,Sports,16,30.76
100171,2025-01-01,WH_C,West,SKU0053,Hardware,1,194.91
100172,2025-01-01,WH_B,Central,SKU0006,Sports,1,243.32
100173,2025-01-01,WH_B,Central,SKU0088,Housewares,1,90.78
100174,2025-01-01,WH_B,Central,SKU0004,Hardware,1,75.56
100175,2025-01-01,WH_C,West,SKU0099,Office,2,110.19
100176,2025-01-01,WH_B,Central,SKU0005,Sports,1,203.24
100177,2025-01-01,WH_C,West,SKU0090,Electronics,1,209.49
100178,2025-01-01,WH_C,West,SKU0089,Electronics,1,126.5
100179,2025-01-01,WH_A,East,SKU0021,Sports,1,144.8
100180,2025-01-02,WH_A,East,SKU0040,Housewares,4,247.38
100181,2025-01-02,WH_B,Central,SKU0054,Office,1,140.68
100182,2025-01-02,WH_B,Central,SKU0050,Hardware,1,249.74
100183,2025-01-02,WH_A,East,SKU0005,Sports,4,102.29
100184,2025-01-02,WH_C,West,SKU0080,Hardware,1,65.26
100185,2025-01-02,WH_A,East,SKU0078,Housewares,4,212.08
100186,2025-01-02,WH_B,Central,SKU0048,Hardware,10,143.63
100187,2025-01-02,WH_A,East,SKU0058,Sports,3,114.28
100188,2025-01-02,WH_B,Central,SKU0055,Housewares,2,90.44
100189,2025-01-02,WH_A,East,SKU0068,Electronics,4,10.56
100190,2025-01-02,WH_C,West,SKU0019,Sports,1,180.45
100191,2025-01-02,WH_B,Central,SKU0076,Hardware,8,159.9
100192,2025-01-02,WH_C,West,SKU0018,Housewares,3,206.86
100193,2025-01-02,WH_C,West,SKU0065,Sports,1,31.49
100194,2025-01-02,WH_B,Central,SKU0062,Housewares,8,234.95
100195,2025-01-02,WH_C,West,SKU0093,Sports,1,58.21
100196,2025-01-02,WH_B,Central,SKU0009,Hardware,6,178.56
100197,2025-01-02,WH_B,Central,SKU0099,Office,1,31.39
100198,2025-01-02,WH_B,Central,SKU0043,Hardware,12,14.34
100199,2025-01-02,WH_B,Central,SKU0100,Office,1,139.38
100200,2025-01-02,WH_B,Central,SKU0058,Sports,1,61.85
100201,2025-01-02,WH_B,Central,SKU0045,Electronics,1,71.04
100202,2025-01-02,WH_C,West,SKU0014,Electronics,4,127.57
100203,2025-01-02,WH_A,East,SKU0003,Hardware,1,81.71
100204,2025-01-02,WH_C,West,SKU0096,Hardware,1,17.1
100205,2025-01-02,WH_A,East,SKU0077,Office,3,32.66
100206,2025-01-02,WH_A,East,SKU0066,Sports,1,211.38
100207,2025-01-02,WH_B,Central,SKU0039,Office,1,89.71
100208,2025-01-02,WH_A,East,SKU0053,Hardware,6,216.89
100209,2025-01-02,WH_C,West,SKU0034,Office,6,145.12
100210,2025-01-02,WH_A,East,SKU0094,Hardware,9,205.65
100211,2025-01-02,WH_A,East,SKU0096,Hardware,1,159.24
100212,2025-01-02,WH_B,Central,SKU0081,Housewares,1,140.08
100213,2025-01-02,WH_C,West,SKU0038,Housewares,1,74.47
100214,2025-01-02,WH_A,East,SKU0022,Sports,1,92.76
100215,2025-01-02,WH_C,West,SKU0038,Housewares,1,152.09
100216,2025-01-02,WH_C,West,SKU0015,Housewares,1,199.1
100217,2025-01-02,WH_B,Central,SKU0024,Electronics,2,161.32
100218,2025-01-02,WH_A,East,SKU0015,Housewares,1,204.46
100219,2025-01-02,WH_B,Central,SKU0100,Office,2,216.28
100220,2025-01-02,WH_C,West,SKU0074,Hardware,1,98.26
100221,2025-01-02,WH_A,East,SKU0048,Hardware,1,57.8
100222,2025-01-02,WH_B,Central,SKU0005,Sports,1,224.17
100223,2025-01-02,WH_C,West,SKU0044,Hardware,2,85.94
100224,2025-01-02,WH_C,West,SKU0024,Electronics,4,9.82
100225,2025-01-02,WH_C,West,SKU0053,Hardware,1,152.2
100226,2025-01-02,WH_A,East,SKU0017,Hardware,2,153.85
100227,2025-01-02,WH_A,East,SKU0055,Housewares,1,87.58
100228,2025-01-02,WH_C,West,SKU0046,Hardware,8,243.62
100229,2025-01-02,WH_B,Central,SKU0003,Hardware,1,162.9
100230,2025-01-02,WH_C,West,SKU0048,Hardware,1,95.29
100231,2025-01-02,WH_C,West,SKU0084,Office,4,127.79
100232,2025-01-02,WH_B,Central,SKU0073,Office,5,159.04
100233,2025-01-02,WH_C,West,SKU0046,Hardware,2,13.3
100234,2025-01-02,WH_A,East,SKU0077,Office,4,244.58
100235,2025-01-02,WH_C,West,SKU0064,Sports,1,43.85
100236,2025-01-02,WH_B,Central,SKU0075,Sports,11,76.08
100237,2025-01-02,WH_C,West,SKU0038,Housewares,1,23.95
100238,2025-01-02,WH_A,East,SKU0045,Electronics,1,58.06
100239,2025-01-02,WH_C,West,SKU0023,Hardware,2,141.66
100240,2025-01-02,WH_B,Central,SKU0040,Housewares,2,148.04
100241,2025-01-02,WH_B,Central,SKU0073,Office,2,201.51
100242,2025-01-02,WH_C,West,SKU0076,Hardware,8,71.09
100243,2025-01-02,WH_C,West,SKU0077,Office,1,109.15
100244,2025-01-02,WH_C,West,SKU0098,Housewares,1,221.41
100245,2025-01-02,WH_B,Central,SKU0003,Hardware,1,139.58
100246,2025-01-02,WH_B,Central,SKU0062,Housewares,1,140.55
100247,2025-01-02,WH_A,East,SKU0084,Office,1,193.36
100248,2025-01-02,WH_B,Central,SKU0083,Housewares,9,80.21
100249,2025-01-02,WH_C,West,SKU0029,Sports,1,114.76
100250,2025-01-02,WH_A,East,SKU0041,Sports,2,51.3
100251,2025-01-02,WH_B,Central,SKU0078,Housewares,4,53.64
100252,2025-01-02,WH_C,West,SKU0029,Sports,1,133.44
100253,2025-01-02,WH_C,West,SKU0020,Electronics,1,176.07
100254,2025-01-02,WH_B,Central,SKU0003,Hardware,1,205.26
100255,2025-01-02,WH_A,East,SKU0055,Housewares,1,143.74
100256,2025-01-02,WH_A,East,SKU0047,Electronics,1,40.94
100257,2025-01-02,WH_B,Central,SKU0003,Hardware,2,67.59
100258,2025-01-02,WH_B,Central,SKU0077,Office,1,122.47
100259,2025-01-02,WH_B,Central,SKU0027,Electronics,1,199.88
100260,2025-01-02,WH_C,West,SKU0082,Hardware,8,110.81
100261,2025-01-02,WH_A,East,SKU0044,Hardware,7,221.26
100262,2025-01-02,WH_C,West,SKU0072,Office,1,47.48
100263,2025-01-02,WH_A,East,SKU0022,Sports,1,133.84
100264,2025-01-02,WH_B,Central,SKU0009,Hardware,1,81.67
100265,2025-01-02,WH_C,West,SKU0082,Hardware,1,174.17
100266,2025-01-02,WH_A,East,SKU0064,Sports,1,179.09
100267,2025-01-02,WH_B,Central,SKU0085,Hardware,7,192.06
100268,2025-01-02,WH_B,Central,SKU0017,Hardware,1,26.43
100269,2025-01-02,WH_C,West,SKU0096,Hardware,2,239.32
100270,2025-01-02,WH_C,West,SKU0096,Hardware,5,142.87
100271,2025-01-02,WH_B,Central,SKU0087,Office,1,179.89
100272,2025-01-02,WH_C,West,SKU0091,Electronics,5,234.09
100273,2025-01-02,WH_A,East,SKU0075,Sports,2,131.04
100274,2025-01-02,WH_C,West,SKU0094,Hardware,2,236.1
100275,2025-01-02,WH_B,Central,SKU0064,Sports,2,68.11
100276,2025-01-02,WH_C,West,SKU0054,Office,3,220.54
100277,2025-01-02,WH_C,West,SKU0072,Office,2,128.16
100278,2025-01-02,WH_A,East,SKU0008,Electronics,3,166.94
100279,2025-01-02,WH_A,East,SKU0037,Sports,1,182.7
100280,2025-01-02,WH_C,West,SKU0031,Sports,1,235.52
100281,2025-01-02,WH_C,West,SKU0007,Office,10,114.94
100282,2025-01-02,WH_C,West,SKU0069,Hardware,10,81.15
100283,2025-01-02,WH_A,East,SKU0093,Sports,3,23.39
100284,2025-01-02,WH_B,Central,SKU0010,Electronics,1,216.81
100285,2025-01-02,WH_B,Central,SKU0071,Hardware,6,135.49
100286,2025-01-02,WH_B,Central,SKU0001,Housewares,1,115.5
100287,2025-01-02,WH_C,West,SKU0010,Electronics,6,56.69
100288,2025-01-02,WH_B,Central,SKU0066,Sports,1,197.43
100289,2025-01-02,WH_B,Central,SKU0042,Electronics,8,27.77
100290,2025-01-02,WH_B,Central,SKU0024,Electronics,4,163.04
100291,2025-01-02,WH_A,East,SKU0009,Hardware,1,190.18
100292,2025-01-02,WH_A,East,SKU0042,Electronics,3,39.8
100293,2025-01-02,WH_A,East,SKU0066,Sports,2,190.78
100294,2025-01-02,WH_C,West,SKU0002,Electronics,1,118.38
100295,2025-01-02,WH_B,Central,SKU0094,Hardware,1,80.17
100296,2025-01-02,WH_B,Central,SKU0053,Hardware,1,128.74
100297,2025-01-02,WH_C,West,SKU0042,Electronics,1,98.87
100298,2025-01-02,WH_A,East,SKU0031,Sports,1,187.78
100299,2025-01-02,WH_B,Central,SKU0089,Electronics,3,28.26
100300,2025-01-02,WH_A,East,SKU0061,Office,9,187.45
100301,2025-01-02,WH_B,Central,SKU0055,Housewares,2,122.04
100302,2025-01-02,WH_A,East,SKU0064,Sports,1,240.69
100303,2025-01-02,WH_A,East,SKU0019,Sports,1,174.66
100304,2025-01-02,WH_C,West,SKU0046,Hardware,2,226.13
100305,2025-01-02,WH_C,West,SKU0054,Office,1,132.07
100306,2025-01-02,WH_B,Central,SKU0065,Sports,4,16.65
100307,2025-01-02,WH_C,West,SKU0049,Housewares,1,56.86
100308,2025-01-02,WH_B,Central,SKU0069,Hardware,1,6.58
100309,2025-01-02,WH_B,Central,SKU0009,Hardware,2,200.0
100310,2025-01-02,WH_A,East,SKU0039,Office,9,113.02
100311,2025-01-02,WH_C,West,SKU0017,Hardware,1,216.66
100312,2025-01-02,WH_B,Central,SKU0025,Office,5,158.09
100313,2025-01-02,WH_A,East,SKU0083,Housewares,1,227.59
100314,2025-01-02,WH_A,East,SKU0068,Electronics,1,15.69
100315,2025-01-02,WH_C,West,SKU0062,Housewares,4,143.1
100316,2025-01-02,WH_C,West,SKU0097,Office,1,169.37
100317,2025-01-02,WH_C,West,SKU0080,Hardware,4,211.91
100318,2025-01-02,WH_C,West,SKU0036,Housewares,1,11.27
100319,2025-01-02,WH_B,Central,SKU0010,Electronics,2,214.74
100320,2025-01-02,WH_C,West,SKU0038,Housewares,1,108.18
100321,2025-01-02,WH_A,East,SKU0074,Hardware,1,8.27
100322,2025-01-02,WH_A,East,SKU0006,Sports,6,38.09
100323,2025-01-02,WH_A,East,SKU0092,Housewares,4,89.92
100324,2025-01-02,WH_B,Central,SKU0072,Office,1,235.55
100325,2025-01-02,WH_B,Central,SKU0071,Hardware,3,173.3
100326,2025-01-02,WH_B,Central,SKU0097,Office,4,88.53
100327,2025-01-02,WH_C,West,SKU0071,Hardware,2,71.2
100328,2025-01-02,WH_A,East,SKU0063,Housewares,5,151.83
100329,2025-01-02,WH_B,Central,SKU0081,Housewares,1,225.44
100330,2025-01-02,WH_B,Central,SKU0030,Housewares,2,126.28
100331,2025-01-02,WH_C,West,SKU0093,Sports,1,227.9
100332,2025-01-02,WH_C,West,SKU0082,Hardware,9,142.84
100333,2025-01-02,WH_C,West,SKU0091,Electronics,1,93.09
100334,2025-01-02,WH_B,Central,SKU0044,Hardware,1,145.76
100335,2025-01-02,WH_A,East,SKU0077,Office,1,230.2
100336,2025-01-02,WH_C,West,SKU0072,Office,1,187.65
100337,2025-01-02,WH_B,Central,SKU0040,Housewares,1,60.39
100338,2025-01-02,WH_A,East,SKU0080,Hardware,2,192.46
100339,2025-01-02,WH_B,Central,SKU0098,Housewares,3,62.27
100340,2025-01-02,WH_C,West,SKU0006,Sports,1,217.86
100341,2025-01-02,WH_A,East,SKU0064,Sports,3,179.61
100342,2025-01-02,WH_A,East,SKU0094,Hardware,1,199.04
100343,2025-01-02,WH_B,Central,SKU0057,Electronics,1,103.34
100344,2025-01-02,WH_B,Central,SKU0033,Housewares,1,34.74
100345,2025-01-02,WH_C,West,SKU0070,Hardware,1,9.15
100346,2025-01-02,WH_B,Central,SKU0050,Hardware,1,182.63
100347,2025-01-02,WH_C,West,SKU0092,Housewares,9,24.26
100348,2025-01-02,WH_B,Central,SKU0025,Office,1,126.06
100349,2025-01-02,WH_C,West,SKU0030,Housewares,1,33.62
100350,2025-01-02,WH_B,Central,SKU0010,Electronics,1,147.28
100351,2025-01-02,WH_A,East,SKU0039,Office,5,249.46
100352,2025-01-02,WH_C,West,SKU0054,Office,4,59.23
100353,2025-01-02,WH_B,Central,SKU0025,Office,4,136.6
100354,2025-01-02,WH_A,East,SKU0029,Sports,1,234.25
100355,2025-01-02,WH_A,East,SKU0061,Office,3,172.01
100356,2025-01-02,WH_A,East,SKU0040,Housewares,1,216.94
100357,2025-01-02,WH_B,Central,SKU0031,Sports,4,78.24
100358,2025-01-02,WH_C,West,SKU0061,Office,1,18.1
100359,2025-01-02,WH_C,West,SKU0018,Housewares,1,168.81
100360,2025-01-02,WH_C,West,SKU0011,Hardware,1,231.27
100361,2025-01-02,WH_B,Central,SKU0057,Electronics,5,90.48
100362,2025-01-02,WH_B,Central,SKU0056,Housewares,1,85.18
100363,2025-01-02,WH_A,East,SKU0053,Hardware,1,12.7
100364,2025-01-02,WH_B,Central,SKU0014,Electronics,1,236.04
100365,2025-01-02,WH_A,East,SKU0021,Sports,7,203.41
100366,2025-01-02,WH_B,Central,SKU0093,Sports,2,214.77
100367,2025-01-02,WH_C,West,SKU0010,Electronics,2,49.14
100368,2025-01-02,WH_B,Central,SKU0096,Hardware,3,230.56
100369,2025-01-02,WH_C,West,SKU0047,Electronics,1,66.6
100370,2025-01-02,WH_A,East,SKU0023,Hardware,1,29.26
100371,2025-01-02,WH_B,Central,SKU0080,Hardware,1,99.08
100372,2025-01-02,WH_C,West,SKU0098,Housewares,8,215.77
100373,2025-01-02,WH_C,West,SKU0027,Electronics,8,34.54
100374,2025-01-02,WH_C,West,SKU0043,Hardware,1,31.92
100375,2025-01-02,WH_A,East,SKU0085,Hardware,7,43.58
100376,2025-01-02,WH_B,Central,SKU0041,Sports,2,60.76
100377,2025-01-02,WH_A,East,SKU0052,Hardware,1,25.73
100378,2025-01-02,WH_B,Central,SKU0077,Office,3,49.68
100379,2025-01-02,WH_B,Central,SKU0018,Housewares,1,97.43
100380,2025-01-02,WH_A,East,SKU0008,Electronics,3,120.0
100381,2025-01-02,WH_B,Central,SKU0038,Housewares,8,111.37
100382,2025-01-02,WH_A,East,SKU0063,Housewares,1,136.35
100383,2025-01-02,WH_B,Central,SKU0027,Electronics,1,197.85
100384,2025-01-02,WH_C,West,SKU0072,Office,8,209.89
100385,2025-01-02,WH_A,East,SKU0001,Housewares,1,57.95
100386,2025-01-02,WH_B,Central,SKU0081,Housewares,7,99.56
100387,2025-01-02,WH_C,West,SKU0069,Hardware,4,247.43
100388,2025-01-02,WH_B,Central,SKU0096,Hardware,2,122.57
100389,2025-01-02,WH_B,Central,SKU0042,Electronics,3,52.51
100390,2025-01-02,WH_A,East,SKU0052,Hardware,2,81.52
100391,2025-01-02,WH_A,East,SKU0055,Housewares,1,154.48
100392,2025-01-02,WH_B,Central,SKU0018,Housewares,2,191.49
100393,2025-01-02,WH_C,West,SKU0050,Hardware,6,58.99
100394,2025-01-02,WH_B,Central,SKU0020,Electronics,4,95.01
100395,2025-01-02,WH_B,Central,SKU0055,Housewares,2,213.31
100396,2025-01-02,WH_A,East,SKU0088,Housewares,1,152.24
100397,2025-01-02,WH_A,East,SKU0026,Hardware,1,198.69
100398,2025-01-02,WH_C,West,SKU0083,Housewares,3,193.56
100399,2025-01-02,WH_A,East,SKU0055,Housewares,1,177.57
100400,2025-01-02,WH_B,Central,SKU0088,Housewares,2,116.89
100401,2025-01-02,WH_C,West,SKU0088,Housewares,1,86.24
100402,2025-01-02,WH_B,Central,SKU0031,Sports,1,46.54
100403,2025-01-02,WH_B,Central,SKU0071,Hardware,1,212.85
100404,2025-01-02,WH_C,West,SKU0041,Sports,5,212.32
100405,2025-01-02,WH_B,Central,SKU0010,Electronics,5,59.23
100406,2025-01-02,WH_A,East,SKU0058,Sports,2,227.42
100407,2025-01-02,WH_A,East,SKU0066,Sports,4,5.45
100408,2025-01-02,WH_C,West,SKU0078,Housewares,1,7.61
100409,2025-01-02,WH_B,Central,SKU0057,Electronics,1,111.76
100410,2025-01-02,WH_B,Central,SKU0089,Electronics,6,165.32
100411,2025-01-02,WH_B,Central,SKU0083,Housewares,1,125.21
100412,2025-01-02,WH_C,West,SKU0066,Sports,5,78.42
100413,2025-01-02,WH_A,East,SKU0032,Sports,2,69.25
100414,2025-01-02,WH_C,West,SKU0057,Electronics,1,11.04
100415,2025-01-02,WH_A,East,SKU0001,Housewares,5,16.85
100416,2025-01-02,WH_A,East,SKU0046,Hardware,1,86.71
100417,2025-01-02,WH_C,West,SKU0089,Electronics,2,181.41
100418,2025-01-02,WH_C,West,SKU0070,Hardware,1,15.65
100419,2025-01-02,WH_B,Central,SKU0039,Office,4,179.48
100420,2025-01-02,WH_C,West,SKU0034,Office,5,170.75
100421,2025-01-02,WH_C,West,SKU0061,Office,4,97.86
100422,2025-01-02,WH_B,Central,SKU0010,Electronics,2,202.32
100423,2025-01-02,WH_B,Central,SKU0028,Electronics,1,108.59
100424,2025-01-02,WH_A,East,SKU0095,Electronics,4,135.5
100425,2025-01-02,WH_B,Central,SKU0053,Hardware,3,76.75
100426,2025-01-02,WH_C,West,SKU0003,Hardware,1,12.14
100427,2025-01-02,WH_B,Central,SKU0088,Housewares,8,236.41
100428,2025-01-02,WH_A,East,SKU0074,Hardware,1,41.13
100429,2025-01-02,WH_C,West,SKU0064,Sports,1,61.66
100430,2025-01-03,WH_A,East,SKU0027,Electronics,1,64.1
100431,2025-01-03,WH_B,Central,SKU0062,Housewares,4,188.61
100432,2025-01-03,WH_A,East,SKU0056,Housewares,1,175.84
100433,2025-01-03,WH_B,Central,SKU0016,Housewares,2,37.38
100434,2025-01-03,WH_A,East,SKU0047,Electronics,4,26.08
100435,2025-01-03,WH_B,Central,SKU0013,Electronics,1,41.56
100436,2025-01-03,WH_B,Central,SKU0032,Sports,8,176.05
100437,2025-01-03,WH_A,East,SKU0013,Electronics,1,206.44
100438,2025-01-03,WH_B,Central,SKU0017,Hardware,1,233.12
100439,2025-01-03,WH_B,Central,SKU0039,Office,3,142.1
100440,2025-01-03,WH_A,East,SKU0100,Office,4,162.97
100441,2025-01-03,WH_A,East,SKU0002,Electronics,6,208.14
100442,2025-01-03,WH_A,East,SKU0058,Sports,1,63.72
100443,2025-01-03,WH_C,West,SKU0087,Office,1,58.95
100444,2025-01-03,WH_B,Central,SKU0077,Office,1,12.06
100445,2025-01-03,WH_A,East,SKU0001,Housewares,1,194.03
100446,2025-01-03,WH_C,West,SKU0001,Housewares,5,7.17
100447,2025-01-03,WH_A,East,SKU0046,Hardware,1,40.85
100448,2025-01-03,WH_C,West,SKU0098,Housewares,6,119.97
100449,2025-01-03,WH_B,Central,SKU0074,Hardware,12,222.4
100450,2025-01-03,WH_B,Central,SKU0079,Hardware,6,36.48
100451,2025-01-03,WH_A,East,SKU0063,Housewares,1,248.43
100452,2025-01-03,WH_A,East,SKU0076,Hardware,1,145.69
100453,2025-01-03,WH_A,East,SKU0046,Hardware,1,100.03
100454,2025-01-03,WH_A,East,SKU0086,Hardware,6,149.04
100455,2025-01-03,WH_B,Central,SKU0077,Office,4,169.94
100456,2025-01-03,WH_A,East,SKU0018,Housewares,2,198.97
100457,2025-01-03,WH_B,Central,SKU0088,Housewares,10,241.87
100458,2025-01-03,WH_B,Central,SKU0038,Housewares,4,124.4
100459,2025-01-03,WH_B,Central,SKU0017,Hardware,1,15.9
100460,2025-01-03,WH_C,West,SKU0007,Office,1,88.36
100461,2025-01-03,WH_C,West,SKU0070,Hardware,1,60.07
100462,2025-01-03,WH_A,East,SKU0100,Office,1,133.3
100463,2025-01-03,WH_C,West,SKU0001,Housewares,1,186.98
100464,2025-01-03,WH_B,Central,SKU0090,Electronics,1,169.66
100465,2025-01-03,WH_B,Central,SKU0014,Electronics,6,26.07
100466,2025-01-03,WH_C,West,SKU0084,Office,13,163.08
100467,2025-01-03,WH_C,West,SKU0031,Sports,1,81.93
100468,2025-01-03,WH_B,Central,SKU0016,Housewares,6,151.08
100469,2025-01-03,WH_B,Central,SKU0022,Sports,1,235.42
100470,2025-01-03,WH_A,East,SKU0086,Hardware,4,185.21
100471,2025-01-03,WH_C,West,SKU0017,Hardware,6,193.6
100472,2025-01-03,WH_B,Central,SKU0021,Sports,1,148.05
100473,2025-01-03,WH_C,West,SKU0090,Electronics,5,49.31
100474,2025-01-03,WH_B,Central,SKU0049,Housewares,1,43.95
100475,2025-01-03,WH_B,Central,SKU0062,Housewares,1,30.29
100476,2025-01-03,WH_B,Central,SKU0009,Hardware,5,205.49
100477,2025-01-03,WH_C,West,SKU0078,Housewares,1,177.86
100478,2025-01-03,WH_B,Central,SKU0095,Electronics,2,72.67
100479,2025-01-03,WH_B,Central,SKU0085,Hardware,1,66.39
100480,2025-01-03,WH_C,West,SKU0046,Hardware,3,83.23
100481,2025-01-03,WH_B,Central,SKU0090,Electronics,1,10.51
100482,2025-01-03,WH_B,Central,SKU0027,Electronics,7,189.41
100483,2025-01-03,WH_C,West,SKU0065,Sports,1,236.02
100484,2025-01-03,WH_B,Central,SKU0010,Electronics,1,170.3
100485,2025-01-03,WH_A,East,SKU0067,Hardware,1,82.07
100486,2025-01-03,WH_C,West,SKU0033,Housewares,5,197.82
100487,2025-01-03,WH_A,East,SKU0049,Housewares,1,24.94
100488,2025-01-03,WH_A,East,SKU0070,Hardware,1,191.21
100489,2025-01-03,WH_A,East,SKU0041,Sports,1,169.66
100490,2025-01-03,WH_C,West,SKU0059,Electronics,6,48.91
100491,2025-01-03,WH_C,West,SKU0006,Sports,5,17.58
100492,2025-01-03,WH_C,West,SKU0068,Electronics,3,198.8
100493,2025-01-03,WH_A,East,SKU0061,Office,1,54.91
100494,2025-01-03,WH_A,East,SKU0047,Electronics,7,9.89
100495,2025-01-03,WH_B,Central,SKU0066,Sports,2,96.35
100496,2025-01-03,WH_B,Central,SKU0019,Sports,1,136.46
100497,2025-01-03,WH_B,Central,SKU0092,Housewares,2,54.89
100498,2025-01-03,WH_A,East,SKU0074,Hardware,3,9.69
100499,2025-01-03,WH_A,East,SKU0033,Housewares,1,122.23
100500,2025-01-03,WH_C,West,SKU0055,Housewares,2,72.35
100501,2025-01-03,WH_B,Central,SKU0057,Electronics,2,131.45
100502,2025-01-03,WH_B,Central,SKU0013,Electronics,1,164.68
100503,2025-01-03,WH_B,Central,SKU0052,Hardware,9,125.25
100504,2025-01-03,WH_B,Central,SKU0052,Hardware,4,65.66
100505,2025-01-03,WH_B,Central,SKU0049,Housewares,4,163.98
100506,2025-01-03,WH_A,East,SKU0005,Sports,3,223.79
100507,2025-01-03,WH_B,Central,SKU0087,Office,1,95.27
100508,2025-01-03,WH_C,West,SKU0056,Housewares,1,182.9
100509,2025-01-03,WH_B,Central,SKU0098,Housewares,5,104.43
100510,2025-01-03,WH_A,East,SKU0055,Housewares,1,166.37
100511,2025-01-03,WH_B,Central,SKU0089,Electronics,1,76.99
100512,2025-01-03,WH_C,West,SKU0099,Office,1,132.05
100513,2025-01-03,WH_B,Central,SKU0056,Housewares,1,56.13
100514,2025-01-03,WH_C,West,SKU0036,Housewares,2,231.84
100515,2025-01-03,WH_C,West,SKU0009,Hardware,1,171.68
100516,2025-01-03,WH_A,East,SKU0029,Sports,2,231.48
100517,2025-01-03,WH_B,Central,SKU0077,Office,3,158.09
100518,2025-01-03,WH_A,East,SKU0033,Housewares,4,70.61
100519,2025-01-03,WH_C,West,SKU0015,Housewares,2,132.26
100520,2025-01-03,WH_B,Central,SKU0013,Electronics,1,24.47
100521,2025-01-03,WH_C,West,SKU0082,Hardware,1,73.6
100522,2025-01-03,WH_B,Central,SKU0038,Housewares,3,230.56
100523,2025-01-03,WH_C,West,SKU0051,Hardware,1,23.28
100524,2025-01-03,WH_B,Central,SKU0055,Housewares,30,174.35
100525,2025-01-03,WH_A,East,SKU0060,Hardware,6,40.25
100526,2025-01-03,WH_C,West,SKU0011,Hardware,4,204.26
100527,2025-01-03,WH_A,East,SKU0057,Electronics,1,44.54
100528,2025-01-03,WH_C,West,SKU0022,Sports,1,58.11
100529,2025-01-03,WH_A,East,SKU0028,Electronics,11,93.92
100530,2025-01-03,WH_C,West,SKU0063,Housewares,4,202.24
100531,2025-01-03,WH_B,Central,SKU0029,Sports,1,172.23
100532,2025-01-03,WH_A,East,SKU0004,Hardware,1,102.26
100533,2025-01-03,WH_A,East,SKU0092,Housewares,10,46.29
100534,2025-01-03,WH_B,Central,SKU0070,Hardware,1,198.68
100535,2025-01-03,WH_C,West,SKU0066,Sports,3,159.72
100536,2025-01-03,WH_A,East,SKU0031,Sports,5,12.13
100537,2025-01-03,WH_B,Central,SKU0043,Hardware,4,221.22
100538,2025-01-03,WH_C,West,SKU0036,Housewares,1,141.95
100539,2025-01-03,WH_C,West,SKU0069,Hardware,1,17.44
100540,2025-01-03,WH_B,Central,SKU0084,Office,1,162.79
100541,2025-01-03,WH_B,Central,SKU0049,Housewares,7,157.03
100542,2025-01-03,WH_C,West,SKU0025,Office,5,34.79
100543,2025-01-03,WH_C,West,SKU0006,Sports,1,242.72
100544,2025-01-03,WH_B,Central,SKU0022,Sports,6,62.63
100545,2025-01-03,WH_B,Central,SKU0067,Hardware,2,93.85
100546,2025-01-03,WH_A,East,SKU0095,Electronics,1,215.92
100547,2025-01-03,WH_A,East,SKU0079,Hardware,3,63.42
100548,2025-01-03,WH_C,West,SKU0072,Office,1,75.98
100549,2025-01-03,WH_B,Central,SKU0025,Office,4,125.07
100550,2025-01-03,WH_C,West,SKU0031,Sports,9,205.09
100551,2025-01-03,WH_A,East,SKU0009,Hardware,1,197.56
100552,2025-01-03,WH_C,West,SKU0027,Electronics,2,67.16
100553,2025-01-03,WH_A,East,SKU0005,Sports,1,243.17
100554,2025-01-03,WH_A,East,SKU0020,Electronics,1,181.3
100555,2025-01-03,WH_B,Central,SKU0087,Office,1,96.03
100556,2025-01-03,WH_A,East,SKU0035,Hardware,4,212.84
100557,2025-01-03,WH_C,West,SKU0099,Office,1,73.35
100558,2025-01-03,WH_C,West,SKU0100,Office,2,82.54
100559,2025-01-03,WH_C,West,SKU0076,Hardware,4,33.11
100560,2025-01-03,WH_B,Central,SKU0085,Hardware,4,156.38
100561,2025-01-03,WH_B,Central,SKU0096,Hardware,1,89.39
100562,2025-01-03,WH_A,East,SKU0036,Housewares,1,66.88
100563,2025-01-03,WH_B,Central,SKU0051,Hardware,3,97.09
100564,2025-01-03,WH_C,West,SKU0095,Electronics,3,130.96
100565,2025-01-03,WH_C,West,SKU0037,Sports,1,127.27
100566,2025-01-03,WH_B,Central,SKU0043,Hardware,4,77.93
100567,2025-01-03,WH_B,Central,SKU0099,Office,3,53.76
100568,2025-01-03,WH_B,Central,SKU0053,Hardware,1,93.26
100569,2025-01-03,WH_C,West,SKU0031,Sports,1,191.45
100570,2025-01-03,WH_A,East,SKU0048,Hardware,1,24.9
100571,2025-01-03,WH_A,East,SKU0006,Sports,3,119.97
100572,2025-01-03,WH_B,Central,SKU0036,Housewares,1,201.54
100573,2025-01-03,WH_C,West,SKU0027,Electronics,1,228.74
100574,2025-01-03,WH_B,Central,SKU0024,Electronics,1,117.93
100575,2025-01-03,WH_A,East,SKU0051,Hardware,7,191.5
100576,2025-01-03,WH_B,Central,SKU0027,Electronics,1,146.68
100577,2025-01-03,WH_A,East,SKU0051,Hardware,1,129.58
100578,2025-01-03,WH_C,West,SKU0001,Housewares,4,126.56
100579,2025-01-03,WH_A,East,SKU0069,Hardware,1,134.85
100580,2025-01-03,WH_B,Central,SKU0004,Hardware,1,90.36
100581,2025-01-03,WH_C,West,SKU0039,Office,1,162.95
100582,2025-01-03,WH_B,Central,SKU0049,Housewares,2,42.23
100583,2025-01-03,WH_B,Central,SKU0091,Electronics,8,164.32
100584,2025-01-03,WH_B,Central,SKU0086,Hardware,1,241.66
100585,2025-01-03,WH_B,Central,SKU0060,Hardware,6,40.16
100586,2025-01-03,WH_B,Central,SKU0020,Electronics,3,142.22
100587,2025-01-03,WH_B,Central,SKU0086,Hardware,1,62.2
100588,2025-01-03,WH_A,East,SKU0062,Housewares,2,83.72
100589,2025-01-03,WH_A,East,SKU0028,Electronics,5,28.95
100590,2025-01-03,WH_A,East,SKU0053,Hardware,7,210.94
100591,2025-01-03,WH_C,West,SKU0020,Electronics,4,69.33
100592,2025-01-03,WH_A,East,SKU0065,Sports,3,112.5
100593,2025-01-03,WH_B,Central,SKU0062,Housewares,3,81.58
100594,2025-01-03,WH_C,West,SKU0085,Hardware,5,14.94
100595,2025-01-03,WH_A,East,SKU0072,Office,3,208.01
100596,2025-01-03,WH_A,East,SKU0001,Housewares,3,52.04
100597,2025-01-03,WH_B,Central,SKU0070,Hardware,1,131.15
100598,2025-01-03,WH_A,East,SKU0079,Hardware,1,6.2
100599,2025-01-03,WH_B,Central,SKU0082,Hardware,1,193.1
100600,2025-01-03,WH_B,Central,SKU0083,Housewares,1,232.37
100601,2025-01-03,WH_C,West,SKU0098,Housewares,1,190.76
100602,2025-01-03,WH_B,Central,SKU0052,Hardware,1,231.99
100603,2025-01-03,WH_C,West,SKU0044,Hardware,1,15.32
100604,2025-01-03,WH_B,Central,SKU0023,Hardware,1,30.33
100605,2025-01-03,WH_B,Central,SKU0077,Office,2,198.13
100606,2025-01-03,WH_A,East,SKU0100,Office,1,187.72
100607,2025-01-03,WH_C,West,SKU0064,Sports,4,227.53
100608,2025-01-03,WH_C,West,SKU0040,Housewares,1,38.21
100609,2025-01-03,WH_A,East,SKU0054,Office,1,93.03
100610,2025-01-04,WH_A,East,SKU0051,Hardware,2,118.09
100611,2025-01-04,WH_A,East,SKU0064,Sports,1,157.39
100612,2025-01-04,WH_B,Central,SKU0093,Sports,1,94.69
100613,2025-01-04,WH_B,Central,SKU0081,Housewares,1,150.1
100614,2025-01-04,WH_A,East,SKU0097,Office,3,190.7
100615,2025-01-04,WH_B,Central,SKU0068,Electronics,7,192.67
100616,2025-01-04,WH_C,West,SKU0019,Sports,1,62.74
100617,2025-01-04,WH_A,East,SKU0042,Electronics,7,198.58
100618,2025-01-04,WH_C,West,SKU0073,Office,4,181.33
100619,2025-01-04,WH_B,Central,SKU0045,Electronics,1,212.62
100620,2025-01-04,WH_C,West,SKU0004,Hardware,1,90.75
100621,2025-01-04,WH_A,East,SKU0086,Hardware,1,142.23
100622,2025-01-04,WH_C,West,SKU0007,Office,1,117.65
100623,2025-01-04,WH_A,East,SKU0002,Electronics,2,106.78
100624,2025-01-04,WH_A,East,SKU0085,Hardware,1,167.71
100625,2025-01-04,WH_B,Central,SKU0014,Electronics,4,122.35
100626,2025-01-04,WH_C,West,SKU0080,Hardware,3,136.16
100627,2025-01-04,WH_B,Central,SKU0031,Sports,1,108.66
100628,2025-01-04,WH_C,West,SKU0037,Sports,1,167.16
100629,2025-01-04,WH_B,Central,SKU0095,Electronics,2,36.07
100630,2025-01-04,WH_B,Central,SKU0033,Housewares,2,225.11
100631,2025-01-04,WH_B,Central,SKU0084,Office,1,245.68
100632,2025-01-04,WH_A,East,SKU0042,Electronics,9,197.4
100633,2025-01-04,WH_B,Central,SKU0004,Hardware,5,105.58
100634,2025-01-04,WH_A,East,SKU0046,Hardware,1,238.83
100635,2025-01-04,WH_C,West,SKU0079,Hardware,1,28.73
100636,2025-01-04,WH_B,Central,SKU0025,Office,1,179.05
100637,2025-01-04,WH_A,East,SKU0031,Sports,1,53.84
100638,2025-01-04,WH_C,West,SKU0024,Electronics,5,124.73
100639,2025-01-04,WH_B,Central,SKU0027,Electronics,2,42.72
100640,2025-01-04,WH_A,East,SKU0018,Housewares,1,35.83
100641,2025-01-04,WH_B,Central,SKU0037,Sports,2,195.04
100642,2025-01-04,WH_A,East,SKU0097,Office,3,69.0
100643,2025-01-04,WH_C,West,SKU0035,Hardware,5,30.89
100644,2025-01-04,WH_A,East,SKU0008,Electronics,1,213.08
100645,2025-01-04,WH_A,East,SKU0039,Office,1,178.49
100646,2025-01-04,WH_A,East,SKU0070,Hardware,1,27.93
100647,2025-01-04,WH_A,East,SKU0021,Sports,2,49.69
100648,2025-01-04,WH_B,Central,SKU0079,Hardware,1,119.4
100649,2025-01-04,WH_B,Central,SKU0052,Hardware,1,201.55
100650,2025-01-04,WH_C,West,SKU0014,Electronics,5,155.53
100651,2025-01-04,WH_A,East,SKU0016,Housewares,1,118.1
100652,2025-01-04,WH_C,West,SKU0026,Hardware,3,21.98
100653,2025-01-04,WH_B,Central,SKU0004,Hardware,1,206.48
100654,2025-01-04,WH_C,West,SKU0008,Electronics,1,158.04
100655,2025-01-04,WH_B,Central,SKU0001,Housewares,1,195.38
100656,2025-01-04,WH_A,East,SKU0049,Housewares,1,216.07
100657,2025-01-04,WH_A,East,SKU0030,Housewares,1,223.27
100658,2025-01-04,WH_B,Central,SKU0028,Electronics,1,158.01
100659,2025-01-04,WH_C,West,SKU0019,Sports,5,7.51
100660,2025-01-04,WH_B,Central,SKU0089,Electronics,1,227.54
100661,2025-01-04,WH_A,East,SKU0097,Office,1,178.06
100662,2025-01-04,WH_A,East,SKU0037,Sports,1,171.2
100663,2025-01-04,WH_B,Central,SKU0072,Office,1,180.74
100664,2025-01-04,WH_B,Central,SKU0060,Hardware,1,119.13
100665,2025-01-04,WH_A,East,SKU0095,Electronics,1,158.82
100666,2025-01-04,WH_A,East,SKU0018,Housewares,1,98.93
100667,2025-01-04,WH_C,West,SKU0036,Housewares,3,48.82
100668,2025-01-04,WH_C,West,SKU0009,Hardware,5,186.13
100669,2025-01-04,WH_A,East,SKU0096,Hardware,2,36.44
100670,2025-01-04,WH_C,West,SKU0036,Housewares,3,9.43
100671,2025-01-04,WH_B,Central,SKU0048,Hardware,4,79.43
100672,2025-01-04,WH_C,West,SKU0067,Hardware,1,45.3
100673,2025-01-04,WH_A,East,SKU0037,Sports,9,194.59
100674,2025-01-04,WH_B,Central,SKU0075,Sports,1,241.05
100675,2025-01-04,WH_A,East,SKU0054,Office,1,184.71
100676,2025-01-04,WH_C,West,SKU0006,Sports,3,206.26
100677,2025-01-04,WH_C,West,SKU0015,Housewares,1,103.45
100678,2025-01-04,WH_A,East,SKU0025,Office,2,102.56
100679,2025-01-04,WH_C,West,SKU0048,Hardware,1,183.78
100680,2025-01-04,WH_C,West,SKU0026,Hardware,3,108.81
100681,2025-01-04,WH_C,West,SKU0093,Sports,1,83.58
100682,2025-01-04,WH_C,West,SKU0081,Housewares,4,183.64
100683,2025-01-04,WH_B,Central,SKU0005,Sports,5,191.73
100684,2025-01-04,WH_A,East,SKU0008,Electronics,4,66.68
100685,2025-01-04,WH_A,East,SKU0023,Hardware,1,191.63
100686,2025-01-04,WH_B,Central,SKU0027,Electronics,1,245.62
100687,2025-01-04,WH_A,East,SKU0092,Housewares,6,135.7
100688,2025-01-04,WH_B,Central,SKU0037,Sports,1,134.08
100689,2025-01-04,WH_A,East,SKU0020,Electronics,3,190.3
100690,2025-01-04,WH_C,West,SKU0050,Hardware,1,202.19
100691,2025-01-04,WH_C,West,SKU0042,Electronics,3,14.94
100692,2025-01-04,WH_B,Central,SKU0099,Office,1,130.11
100693,2025-01-04,WH_B,Central,SKU0022,Sports,1,43.03
100694,2025-01-04,WH_A,East,SKU0036,Housewares,1,228.33
100695,2025-01-04,WH_B,Central,SKU0038,Housewares,1,94.67
100696,2025-01-04,WH_A,East,SKU0053,Hardware,1,186.55
100697,2025-01-04,WH_A,East,SKU0027,Electronics,3,202.52
100698,2025-01-04,WH_B,Central,SKU0057,Electronics,2,149.96
100699,2025-01-04,WH_B,Central,SKU0053,Hardware,1,160.91
100700,2025-01-04,WH_A,East,SKU0057,Electronics,1,172.71
100701,2025-01-04,WH_B,Central,SKU0035,Hardware,1,216.13
100702,2025-01-04,WH_A,East,SKU0072,Office,2,134.94
100703,2025-01-04,WH_A,East,SKU0087,Office,2,195.13
100704,2025-01-04,WH_B,Central,SKU0053,Hardware,1,109.76
100705,2025-01-04,WH_C,West,SKU0098,Housewares,1,36.37
100706,2025-01-04,WH_B,Central,SKU0041,Sports,1,5.13
100707,2025-01-04,WH_A,East,SKU0058,Sports,6,192.41
100708,2025-01-04,WH_B,Central,SKU0031,Sports,1,5.59
100709,2025-01-04,WH_A,East,SKU0091,Electronics,2,106.08
100710,2025-01-04,WH_A,East,SKU0046,Hardware,4,103.71
100711,2025-01-04,WH_C,West,SKU0034,Office,5,28.48
100712,2025-01-04,WH_C,West,SKU0040,Housewares,1,233.82
100713,2025-01-04,WH_C,West,SKU0052,Hardware,1,100.74
100714,2025-01-04,WH_C,West,SKU0064,Sports,1,135.31
100715,2025-01-04,WH_A,East,SKU0065,Sports,1,218.13
100716,2025-01-04,WH_C,West,SKU0094,Hardware,8,213.04
100717,2025-01-04,WH_C,West,SKU0050,Hardware,1,247.53
100718,2025-01-04,WH_A,East,SKU0072,Office,3,92.12
100719,2025-01-04,WH_A,East,SKU0021,Sports,1,168.43
100720,2025-01-04,WH_A,East,SKU0005,Sports,3,35.0
100721,2025-01-04,WH_A,East,SKU0007,Office,2,246.84
100722,2025-01-04,WH_A,East,SKU0007,Office,1,78.96
100723,2025-01-04,WH_B,Central,SKU0004,Hardware,7,33.77
100724,2025-01-04,WH_C,West,SKU0057,Electronics,8,195.97
100725,2025-01-04,WH_C,West,SKU0011,Hardware,1,25.47
100726,2025-01-04,WH_A,East,SKU0039,Office,1,97.08
100727,2025-01-04,WH_C,West,SKU0060,Hardware,3,124.44
100728,2025-01-04,WH_A,East,SKU0080,Hardware,4,169.29
100729,2025-01-04,WH_C,West,SKU0031,Sports,2,242.04
100730,2025-01-04,WH_C,West,SKU0084,Office,3,229.08
100731,2025-01-04,WH_B,Central,SKU0016,Housewares,1,179.84
100732,2025-01-04,WH_A,East,SKU0014,Electronics,2,231.45
100733,2025-01-04,WH_B,Central,SKU0016,Housewares,2,73.51
100734,2025-01-04,WH_C,West,SKU0086,Hardware,1,58.61
100735,2025-01-04,WH_A,East,SKU0013,Electronics,1,120.25
100736,2025-01-04,WH_B,Central,SKU0078,Housewares,6,52.01
100737,2025-01-04,WH_A,East,SKU0093,Sports,1,213.98
100738,2025-01-04,WH_C,West,SKU0015,Housewares,1,240.79
100739,2025-01-04,WH_A,East,SKU0016,Housewares,1,113.33
100740,2025-01-04,WH_A,East,SKU0003,Hardware,1,248.08
100741,2025-01-04,WH_C,West,SKU0014,Electronics,6,205.3
100742,2025-01-04,WH_A,East,SKU0002,Electronics,1,242.49
100743,2025-01-04,WH_B,Central,SKU0013,Electronics,7,111.74
100744,2025-01-04,WH_B,Central,SKU0061,Office,3,248.15
100745,2025-01-04,WH_A,East,SKU0068,Electronics,1,32.7
100746,2025-01-04,WH_A,East,SKU0024,Electronics,6,121.74
100747,2025-01-04,WH_B,Central,SKU0059,Electronics,13,139.97
100748,2025-01-04,WH_C,West,SKU0010,Electronics,1,125.47
100749,2025-01-04,WH_C,West,SKU0034,Office,3,11.38
100750,2025-01-04,WH_C,West,SKU0061,Office,1,43.11
100751,2025-01-04,WH_C,West,SKU0012,Housewares,3,239.55
100752,2025-01-04,WH_A,East,SKU0100,Office,2,175.25
100753,2025-01-04,WH_C,West,SKU0029,Sports,1,142.97
100754,2025-01-04,WH_B,Central,SKU0052,Hardware,2,191.1
100755,2025-01-04,WH_B,Central,SKU0049,Housewares,5,167.41
100756,2025-01-04,WH_C,West,SKU0006,Sports,11,207.93
100757,2025-01-04,WH_C,West,SKU0076,Hardware,1,129.33
100758,2025-01-04,WH_B,Central,SKU0060,Hardware,7,236.26
100759,2025-01-04,WH_B,Central,SKU0059,Electronics,1,182.8
100760,2025-01-04,WH_C,West,SKU0038,Housewares,1,35.3
100761,2025-01-04,WH_A,East,SKU0001,Housewares,6,233.33
100762,2025-01-04,WH_A,East,SKU0065,Sports,2,9.49
100763,2025-01-04,WH_A,East,SKU0006,Sports,5,121.86
100764,2025-01-04,WH_B,Central,SKU0093,Sports,1,51.4
100765,2025-01-04,WH_C,West,SKU0013,Electronics,1,173.14
100766,2025-01-04,WH_C,West,SKU0091,Electronics,1,36.28
100767,2025-01-04,WH_B,Central,SKU0034,Office,7,239.35
100768,2025-01-04,WH_B,Central,SKU0073,Office,1,61.41
100769,2025-01-04,WH_C,West,SKU0049,Housewares,2,41.87
100770,2025-01-04,WH_B,Central,SKU0079,Hardware,1,87.46
100771,2025-01-04,WH_A,East,SKU0059,Electronics,8,240.8
100772,2025-01-04,WH_C,West,SKU0082,Hardware,5,175.45
100773,2025-01-04,WH_C,West,SKU0058,Sports,3,120.05
100774,2025-01-04,WH_A,East,SKU0087,Office,2,160.44
100775,2025-01-04,WH_A,East,SKU0073,Office,3,28.73
100776,2025-01-04,WH_C,West,SKU0031,Sports,1,240.92
100777,2025-01-04,WH_A,East,SKU0016,Housewares,1,70.78
100778,2025-01-04,WH_A,East,SKU0017,Hardware,1,76.28
100779,2025-01-04,WH_A,East,SKU0019,Sports,1,55.95
100780,2025-01-04,WH_A,East,SKU0054,Office,3,59.68
100781,2025-01-04,WH_C,West,SKU0053,Hardware,3,29.52
100782,2025-01-04,WH_C,West,SKU0020,Electronics,1,216.08
100783,2025-01-04,WH_C,West,SKU0033,Housewares,4,168.18
100784,2025-01-04,WH_B,Central,SKU0022,Sports,1,63.64
100785,2025-01-04,WH_A,East,SKU0003,Hardware,5,40.44
100786,2025-01-04,WH_C,West,SKU0069,Hardware,5,148.14
100787,2025-01-04,WH_A,East,SKU0087,Office,4,162.9
100788,2025-01-04,WH_C,West,SKU0099,Office,1,76.53
100789,2025-01-04,WH_C,West,SKU0088,Housewares,3,202.69
100790,2025-01-05,WH_A,East,SKU0100,Office,1,98.08
100791,2025-01-05,WH_B,Central,SKU0018,Housewares,1,142.07
100792,2025-01-05,WH_B,Central,SKU0017,Hardware,1,233.69
100793,2025-01-05,WH_C,West,SKU0016,Housewares,2,231.32
100794,2025-01-05,WH_C,West,SKU0039,Office,5,51.95
100795,2025-01-05,WH_C,West,SKU0053,Hardware,1,216.01
100796,2025-01-05,WH_B,Central,SKU0057,Electronics,2,9.84
100797,2025-01-05,WH_C,West,SKU0023,Hardware,8,120.89
100798,2025-01-05,WH_A,East,SKU0065,Sports,1,131.57
100799,2025-01-05,WH_A,East,SKU0042,Electronics,5,32.02
100800,2025-01-05,WH_C,West,SKU0097,Office,1,83.12
100801,2025-01-05,WH_C,West,SKU0020,Electronics,5,195.72
100802,2025-01-05,WH_B,Central,SKU0028,Electronics,1,167.8
100803,2025-01-05,WH_B,Central,SKU0020,Electronics,1,144.97
100804,2025-01-05,WH_C,West,SKU0082,Hardware,14,136.22
100805,2025-01-05,WH_A,East,SKU0093,Sports,13,188.06
100806,2025-01-05,WH_B,Central,SKU0072,Office,1,200.01
100807,2025-01-05,WH_B,Central,SKU0065,Sports,1,135.42
100808,2025-01-05,WH_A,East,SKU0079,Hardware,2,223.6
100809,2025-01-05,WH_C,West,SKU0091,Electronics,1,219.61
100810,2025-01-05,WH_A,East,SKU0003,Hardware,8,26.92
100811,2025-01-05,WH_B,Central,SKU0004,Hardware,6,68.5
100812,2025-01-05,WH_B,Central,SKU0027,Electronics,1,239.85
100813,2025-01-05,WH_B,Central,SKU0037,Sports,1,157.63
100814,2025-01-05,WH_C,West,SKU0051,Hardware,2,57.23
100815,2025-01-05,WH_C,West,SKU0035,Hardware,3,16.3
100816,2025-01-05,WH_A,East,SKU0013,Electronics,1,236.44
100817,2025-01-05,WH_A,East,SKU0070,Hardware,9,123.25
100818,2025-01-05,WH_A,East,SKU0001,Housewares,1,108.3
100819,2025-01-05,WH_C,West,SKU0043,Hardware,6,22.22
100820,2025-01-05,WH_B,Central,SKU0056,Housewares,1,224.43
100821,2025-01-05,WH_C,West,SKU0031,Sports,1,25.45
100822,2025-01-05,WH_B,Central,SKU0040,Housewares,1,221.2
100823,2025-01-05,WH_B,Central,SKU0047,Electronics,2,44.93
100824,2025-01-05,WH_C,West,SKU0036,Housewares,6,212.09
100825,2025-01-05,WH_B,Central,SKU0010,Electronics,1,147.34
100826,2025-01-05,WH_C,West,SKU0074,Hardware,1,135.62
100827,2025-01-05,WH_B,Central,SKU0039,Office,1,82.39
100828,2025-01-05,WH_C,West,SKU0056,Housewares,2,137.02
100829,2025-01-05,WH_B,Central,SKU0058,Sports,1,31.35
100830,2025-01-05,WH_C,West,SKU0014,Electronics,10,47.78
100831,2025-01-05,WH_B,Central,SKU0087,Office,3,25.27
100832,2025-01-05,WH_A,East,SKU0075,Sports,3,28.24
100833,2025-01-05,WH_C,West,SKU0014,Electronics,1,163.51
100834,2025-01-05,WH_B,Central,SKU0081,Housewares,1,135.55
100835,2025-01-05,WH_C,West,SKU0071,Hardware,1,54.59
100836,2025-01-05,WH_A,East,SKU0011,Hardware,3,13.61
100837,2025-01-05,WH_C,West,SKU0067,Hardware,1,57.66
100838,2025-01-05,WH_B,Central,SKU0088,Housewares,1,28.37
100839,2025-01-05,WH_B,Central,SKU0042,Electronics,1,27.76
100840,2025-01-05,WH_A,East,SKU0098,Housewares,6,21.19
100841,2025-01-05,WH_B,Central,SKU0066,Sports,5,206.6
100842,2025-01-05,WH_B,Central,SKU0090,Electronics,1,11.17
100843,2025-01-05,WH_C,West,SKU0079,Hardware,1,149.64
100844,2025-01-05,WH_C,West,SKU0083,Housewares,3,157.06
100845,2025-01-05,WH_B,Central,SKU0074,Hardware,2,47.8
100846,2025-01-05,WH_A,East,SKU0031,Sports,5,85.25
100847,2025-01-05,WH_C,West,SKU0021,Sports,12,99.29
100848,2025-01-05,WH_A,East,SKU0018,Housewares,1,224.09
100849,2025-01-05,WH_C,West,SKU0077,Office,2,181.85
100850,2025-01-05,WH_A,East,SKU0098,Housewares,1,222.29
100851,2025-01-05,WH_A,East,SKU0044,Hardware,7,112.01
100852,2025-01-05,WH_A,East,SKU0073,Office,1,163.68
100853,2025-01-05,WH_B,Central,SKU0098,Housewares,9,157.5
100854,2025-01-05,WH_A,East,SKU0030,Housewares,9,89.23
100855,2025-01-05,WH_C,West,SKU0087,Office,7,32.58
100856,2025-01-05,WH_C,West,SKU0091,Electronics,1,126.15
100857,2025-01-05,WH_A,East,SKU0100,Office,3,77.06
100858,2025-01-05,WH_A,East,SKU0008,Electronics,7,226.36
100859,2025-01-05,WH_A,East,SKU0085,Hardware,4,33.02
100860,2025-01-05,WH_A,East,SKU0080,Hardware,1,127.04
100861,2025-01-05,WH_C,West,SKU0007,Office,4,35.19
100862,2025-01-05,WH_B,Central,SKU0094,Hardware,3,134.32
100863,2025-01-05,WH_A,East,SKU0066,Sports,3,111.67
100864,2025-01-05,WH_C,West,SKU0092,Housewares,3,44.1
100865,2025-01-05,WH_C,West,SKU0025,Office,1,226.32
100866,2025-01-05,WH_C,West,SKU0008,Electronics,1,246.45
100867,2025-01-05,WH_B,Central,SKU0017,Hardware,1,126.49
100868,2025-01-05,WH_C,West,SKU0074,Hardware,1,249.01
100869,2025-01-05,WH_B,Central,SKU0028,Electronics,13,62.63
100870,2025-01-05,WH_B,Central,SKU0044,Hardware,1,188.67
100871,2025-01-05,WH_B,Central,SKU0044,Hardware,6,167.61
100872,2025-01-05,WH_A,East,SKU0067,Hardware,6,20.51
100873,2025-01-05,WH_B,Central,SKU0017,Hardware,3,176.54
100874,2025-01-05,WH_A,East,SKU0094,Hardware,1,195.6
100875,2025-01-05,WH_B,Central,SKU0047,Electronics,8,225.0
100876,2025-01-05,WH_B,Central,SKU0003,Hardware,1,84.38
100877,2025-01-05,WH_C,West,SKU0074,Hardware,2,43.8
100878,2025-01-05,WH_A,East,SKU0074,Hardware,9,44.59
100879,2025-01-05,WH_C,West,SKU0030,Housewares,4,88.65
100880,2025-01-05,WH_C,West,SKU0029,Sports,2,16.56
100881,2025-01-05,WH_B,Central,SKU0038,Housewares,1,113.88
100882,2025-01-05,WH_A,East,SKU0030,Housewares,3,195.5
100883,2025-01-05,WH_B,Central,SKU0012,Housewares,1,42.36
100884,2025-01-05,WH_B,Central,SKU0031,Sports,3,204.2
100885,2025-01-05,WH_A,East,SKU0002,Electronics,1,61.26
100886,2025-01-05,WH_C,West,SKU0059,Electronics,1,41.82
100887,2025-01-05,WH_C,West,SKU0066,Sports,1,149.51
100888,2025-01-05,WH_A,East,SKU0007,Office,7,41.65
100889,2025-01-05,WH_A,East,SKU0020,Electronics,4,145.55
100890,2025-01-05,WH_A,East,SKU0084,Office,8,200.54
100891,2025-01-05,WH_C,West,SKU0058,Sports,5,161.59
100892,2025-01-05,WH_B,Central,SKU0029,Sports,5,90.96
100893,2025-01-05,WH_C,West,SKU0002,Electronics,1,228.57
100894,2025-01-05,WH_C,West,SKU0029,Sports,3,27.22
100895,2025-01-05,WH_A,East,SKU0009,Hardware,6,90.48
100896,2025-01-05,WH_C,West,SKU0046,Hardware,1,157.71
100897,2025-01-05,WH_C,West,SKU0028,Electronics,2,136.87
100898,2025-01-05,WH_C,West,SKU0008,Electronics,1,240.14
100899,2025-01-05,WH_A,East,SKU0038,Housewares,8,6.02
100900,2025-01-05,WH_C,West,SKU0009,Hardware,1,16.16
100901,2025-01-05,WH_B,Central,SKU0052,Hardware,5,222.2
100902,2025-01-05,WH_B,Central,SKU0004,Hardware,2,210.72
100903,2025-01-05,WH_B,Central,SKU0078,Housewares,3,127.4
100904,2025-01-05,WH_B,Central,SKU0081,Housewares,1,70.23
100905,2025-01-05,WH_A,East,SKU0027,Electronics,1,142.71
100906,2025-01-05,WH_C,West,SKU0023,Hardware,1,47.82
100907,2025-01-05,WH_A,East,SKU0034,Office,1,155.27
100908,2025-01-05,WH_A,East,SKU0036,Housewares,15,222.86
100909,2025-01-05,WH_B,Central,SKU0014,Electronics,3,197.45
100910,2025-01-05,WH_A,East,SKU0006,Sports,1,78.03
100911,2025-01-05,WH_A,East,SKU0035,Hardware,1,24.95
100912,2025-01-05,WH_A,East,SKU0039,Office,3,47.84
100913,2025-01-05,WH_A,East,SKU0034,Office,4,51.54
100914,2025-01-05,WH_B,Central,SKU0091,Electronics,1,239.54
100915,2025-01-05,WH_B,Central,SKU0087,Office,1,127.22
100916,2025-01-05,WH_A,East,SKU0010,Electronics,1,27.15
100917,2025-01-05,WH_A,East,SKU0037,Sports,3,159.53
100918,2025-01-05,WH_B,Central,SKU0012,Housewares,1,218.76
100919,2025-01-05,WH_B,Central,SKU0065,Sports,3,78.65
100920,2025-01-05,WH_B,Central,SKU0033,Housewares,1,189.8
100921,2025-01-05,WH_C,West,SKU0096,Hardware,3,41.46
100922,2025-01-05,WH_A,East,SKU0019,Sports,1,58.09
100923,2025-01-05,WH_C,West,SKU0022,Sports,1,75.45
100924,2025-01-05,WH_A,East,SKU0004,Hardware,11,188.8
100925,2025-01-05,WH_A,East,SKU0090,Electronics,4,72.97
100926,2025-01-05,WH_A,East,SKU0001,Housewares,1,19.25
100927,2025-01-05,WH_B,Central,SKU0074,Hardware,2,74.94
100928,2025-01-05,WH_A,East,SKU0099,Office,1,17.16
100929,2025-01-05,WH_A,East,SKU0073,Office,6,152.03
100930,2025-01-05,WH_B,Central,SKU0093,Sports,1,192.77
100931,2025-01-05,WH_C,West,SKU0044,Hardware,4,75.9
100932,2025-01-05,WH_B,Central,SKU0074,Hardware,1,204.43
100933,2025-01-05,WH_A,East,SKU0060,Hardware,1,212.62
100934,2025-01-05,WH_C,West,SKU0095,Electronics,1,127.33
100935,2025-01-05,WH_A,East,SKU0041,Sports,1,169.65
100936,2025-01-05,WH_C,West,SKU0002,Electronics,17,106.07
100937,2025-01-05,WH_B,Central,SKU0074,Hardware,1,82.83
100938,2025-01-05,WH_A,East,SKU0024,Electronics,6,192.61
100939,2025-01-05,WH_C,West,SKU0088,Housewares,1,238.63
100940,2025-01-05,WH_C,West,SKU0095,Electronics,2,46.17
100941,2025-01-05,WH_A,East,SKU0027,Electronics,2,115.56
100942,2025-01-05,WH_B,Central,SKU0082,Hardware,5,89.32
100943,2025-01-05,WH_A,East,SKU0051,Hardware,6,203.93
100944,2025-01-05,WH_B,Central,SKU0072,Office,3,68.36
100945,2025-01-05,WH_A,East,SKU0095,Electronics,10,139.42
100946,2025-01-05,WH_A,East,SKU0080,Hardware,7,57.85
100947,2025-01-05,WH_C,West,SKU0071,Hardware,12,204.93
100948,2025-01-05,WH_B,Central,SKU0019,Sports,8,57.03
100949,2025-01-05,WH_A,East,SKU0086,Hardware,1,28.92
100950,2025-01-05,WH_C,West,SKU0008,Electronics,1,74.57
100951,2025-01-05,WH_A,East,SKU0087,Office,9,168.46
100952,2025-01-05,WH_B,Central,SKU0016,Housewares,1,238.87
100953,2025-01-05,WH_A,East,SKU0064,Sports,4,227.21
100954,2025-01-05,WH_A,East,SKU0034,Office,7,188.94
100955,2025-01-05,WH_A,East,SKU0041,Sports,1,249.16
100956,2025-01-05,WH_A,East,SKU0018,Housewares,1,169.57
100957,2025-01-05,WH_B,Central,SKU0094,Hardware,5,47.91
100958,2025-01-05,WH_B,Central,SKU0060,Hardware,2,96.92
100959,2025-01-05,WH_A,East,SKU0044,Hardware,1,7.88
100960,2025-01-05,WH_A,East,SKU0007,Office,6,38.29
100961,2025-01-05,WH_C,West,SKU0034,Office,6,152.17
100962,2025-01-05,WH_B,Central,SKU0018,Housewares,2,208.02
100963,2025-01-05,WH_C,West,SKU0014,Electronics,2,92.53
100964,2025-01-05,WH_A,East,SKU0015,Housewares,1,144.75
100965,2025-01-05,WH_B,Central,SKU0002,Electronics,2,77.0
100966,2025-01-05,WH_B,Central,SKU0048,Hardware,2,112.64
100967,2025-01-05,WH_B,Central,SKU0024,Electronics,4,142.07
100968,2025-01-05,WH_A,East,SKU0046,Hardware,8,131.91
100969,2025-01-05,WH_B,Central,SKU0050,Hardware,6,132.53
100970,2025-01-06,WH_A,East,SKU0090,Electronics,2,94.87
100971,2025-01-06,WH_B,Central,SKU0006,Sports,1,233.61
100972,2025-01-06,WH_B,Central,SKU0023,Hardware,1,34.76
100973,2025-01-06,WH_C,West,SKU0072,Office,5,146.34
100974,2025-01-06,WH_C,West,SKU0022,Sports,1,110.94
100975,2025-01-06,WH_B,Central,SKU0010,Electronics,2,150.07
100976,2025-01-06,WH_A,East,SKU0058,Sports,5,101.62
100977,2025-01-06,WH_A,East,SKU0019,Sports,3,209.52
100978,2025-01-06,WH_A,East,SKU0044,Hardware,5,67.29
100979,2025-01-06,WH_B,Central,SKU0072,Office,1,150.75
100980,2025-01-06,WH_B,Central,SKU0002,Electronics,6,198.66
100981,2025-01-06,WH_A,East,SKU0098,Housewares,2,246.01
100982,2025-01-06,WH_A,East,SKU0082,Hardware,1,211.4
100983,2025-01-06,WH_A,East,SKU0012,Housewares,5,227.47
100984,2025-01-06,WH_C,West,SKU0065,Sports,13,126.45
100985,2025-01-06,WH_C,West,SKU0006,Sports,1,117.92
100986,2025-01-06,WH_B,Central,SKU0092,Housewares,5,209.85
100987,2025-01-06,WH_C,West,SKU0059,Electronics,1,16.59
100988,2025-01-06,WH_C,West,SKU0098,Housewares,2,121.15
100989,2025-01-06,WH_A,East,SKU0002,Electronics,1,199.75
100990,2025-01-06,WH_B,Central,SKU0068,Electronics,1,163.21
100991,2025-01-06,WH_A,East,SKU0075,Sports,1,215.87
100992,2025-01-06,WH_C,West,SKU0066,Sports,4,100.16
100993,2025-01-06,WH_C,West,SKU0048,Hardware,2,50.93
100994,2025-01-06,WH_B,Central,SKU0022,Sports,12,200.05
100995,2025-01-06,WH_B,Central,SKU0078,Housewares,4,42.58
100996,2025-01-06,WH_A,East,SKU0089,Electronics,1,148.42
100997,2025-01-06,WH_B,Central,SKU0082,Hardware,1,196.21
100998,2025-01-06,WH_A,East,SKU0098,Housewares,1,87.96
100999,2025-01-06,WH_B,Central,SKU0040,Housewares,1,249.04
101000,2025-01-06,WH_B,Central,SKU0100,Office,9,37.24
101001,2025-01-06,WH_B,Central,SKU0080,Hardware,1,100.74
101002,2025-01-06,WH_B,Central,SKU0002,Electronics,1,233.94
101003,2025-01-06,WH_B,Central,SKU0065,Sports,3,239.2
101004,2025-01-06,WH_C,West,SKU0093,Sports,6,189.86
101005,2025-01-06,WH_A,East,SKU0006,Sports,3,217.21
101006,2025-01-06,WH_B,Central,SKU0042,Electronics,3,51.24
101007,2025-01-06,WH_C,West,SKU0037,Sports,3,131.18
101008,2025-01-06,WH_B,Central,SKU0060,Hardware,12,129.94
101009,2025-01-06,WH_C,West,SKU0004,Hardware,1,69.73
101010,2025-01-06,WH_C,West,SKU0097,Office,7,240.78
101011,2025-01-06,WH_A,East,SKU0093,Sports,3,18.93
101012,2025-01-06,WH_B,Central,SKU0008,Electronics,1,122.5
101013,2025-01-06,WH_A,East,SKU0029,Sports,24,217.98
101014,2025-01-06,WH_A,East,SKU0013,Electronics,8,157.77
101015,2025-01-06,WH_A,East,SKU0007,Office,5,83.33
101016,2025-01-06,WH_A,East,SKU0002,Electronics,1,229.97
101017,2025-01-06,WH_C,West,SKU0064,Sports,1,183.48
101018,2025-01-06,WH_A,East,SKU0062,Housewares,3,43.75
101019,2025-01-06,WH_B,Central,SKU0040,Housewares,1,85.62
101020,2025-01-06,WH_B,Central,SKU0077,Office,4,14.61
101021,2025-01-06,WH_C,West,SKU0075,Sports,1,167.95
101022,2025-01-06,WH_B,Central,SKU0062,Housewares,1,34.26
101023,2025-01-06,WH_B,Central,SKU0042,Electronics,1,75.21
101024,2025-01-06,WH_A,East,SKU0061,Office,3,242.54
101025,2025-01-06,WH_A,East,SKU0084,Office,1,226.08
101026,2025-01-06,WH_B,Central,SKU0045,Electronics,1,167.68
101027,2025-01-06,WH_A,East,SKU0096,Hardware,5,145.5
101028,2025-01-06,WH_B,Central,SKU0012,Housewares,1,39.45
101029,2025-01-06,WH_B,Central,SKU0044,Hardware,4,61.13
101030,2025-01-06,WH_C,West,SKU0097,Office,2,109.88
101031,2025-01-06,WH_A,East,SKU0080,Hardware,1,197.81
101032,2025-01-06,WH_B,Central,SKU0083,Housewares,3,163.3
101033,2025-01-06,WH_C,West,SKU0088,Housewares,1,60.49
101034,2025-01-06,WH_C,West,SKU0011,Hardware,2,205.19
101035,2025-01-06,WH_C,West,SKU0036,Housewares,2,242.68
101036,2025-01-06,WH_C,West,SKU0086,Hardware,1,249.59
101037,2025-01-06,WH_A,East,SKU0063,Housewares,3,209.01
101038,2025-01-06,WH_C,West,SKU0054,Office,1,129.54
101039,2025-01-06,WH_C,West,SKU0040,Housewares,4,191.36
101040,2025-01-06,WH_A,East,SKU0095,Electronics,1,84.48
101041,2025-01-06,WH_A,East,SKU0043,Hardware,3,233.75
101042,2025-01-06,WH_C,West,SKU0043,Hardware,1,91.47
101043,2025-01-06,WH_B,Central,SKU0089,Electronics,6,172.35
101044,2025-01-06,WH_A,East,SKU0037,Sports,1,19.03
101045,2025-01-06,WH_C,West,SKU0080,Hardware,3,91.46
101046,2025-01-06,WH_A,East,SKU0089,Electronics,1,155.01
101047,2025-01-06,WH_C,West,SKU0067,Hardware,1,87.92
101048,2025-01-06,WH_A,East,SKU0050,Hardware,1,180.78
101049,2025-01-06,WH_B,Central,SKU0094,Hardware,1,24.83
101050,2025-01-06,WH_A,East,SKU0052,Hardware,1,18.46
101051,2025-01-06,WH_A,East,SKU0046,Hardware,3,240.01
101052,2025-01-06,WH_A,East,SKU0083,Housewares,3,72.47
101053,2025-01-06,WH_A,East,SKU0050,Hardware,1,62.03
101054,2025-01-06,WH_A,East,SKU0001,Housewares,1,81.89
101055,2025-01-06,WH_C,West,SKU0064,Sports,1,224.45
101056,2025-01-06,WH_A,East,SKU0001,Housewares,6,155.73
101057,2025-01-06,WH_C,West,SKU0024,Electronics,1,201.98
101058,2025-01-06,WH_B,Central,SKU0082,Hardware,1,31.07
101059,2025-01-06,WH_B,Central,SKU0060,Hardware,1,110.71
101060,2025-01-06,WH_B,Central,SKU0058,Sports,1,45.48
101061,2025-01-06,WH_B,Central,SKU0071,Hardware,1,215.56
101062,2025-01-06,WH_A,East,SKU0080,Hardware,1,58.56
101063,2025-01-06,WH_A,East,SKU0041,Sports,2,14.02
101064,2025-01-06,WH_C,West,SKU0002,Electronics,2,65.88
101065,2025-01-06,WH_A,East,SKU0027,Electronics,2,155.46
101066,2025-01-06,WH_A,East,SKU0060,Hardware,4,61.33
101067,2025-01-06,WH_A,East,SKU0079,Hardware,1,240.66
101068,2025-01-06,WH_C,West,SKU0068,Electronics,3,243.96
101069,2025-01-06,WH_A,East,SKU0040,Housewares,7,154.63
101070,2025-01-06,WH_A,East,SKU0096,Hardware,1,190.45
101071,2025-01-06,WH_C,West,SKU0069,Hardware,3,149.28
101072,2025-01-06,WH_C,West,SKU0069,Hardware,3,155.33
101073,2025-01-06,WH_A,East,SKU0014,Electronics,2,106.91
101074,2025-01-06,WH_C,West,SKU0035,Hardware,1,217.09
101075,2025-01-06,WH_C,West,SKU0080,Hardware,6,150.54
101076,2025-01-06,WH_B,Central,SKU0017,Hardware,1,11.89
101077,2025-01-06,WH_A,East,SKU0075,Sports,1,22.86
101078,2025-01-06,WH_C,West,SKU0065,Sports,1,51.16
101079,2025-01-06,WH_C,West,SKU0042,Electronics,1,176.42
101080,2025-01-06,WH_C,West,SKU0059,Electronics,9,55.66
101081,2025-01-06,WH_B,Central,SKU0071,Hardware,1,247.91
101082,2025-01-06,WH_B,Central,SKU0039,Office,8,91.32
101083,2025-01-06,WH_A,East,SKU0041,Sports,1,64.33
101084,2025-01-06,WH_B,Central,SKU0098,Housewares,1,117.71
101085,2025-01-06,WH_A,East,SKU0022,Sports,1,187.49
101086,2025-01-06,WH_C,West,SKU0059,Electronics,1,185.4
101087,2025-01-06,WH_C,West,SKU0036,Housewares,1,150.22
101088,2025-01-06,WH_B,Central,SKU0097,Office,3,169.59
101089,2025-01-06,WH_B,Central,SKU0018,Housewares,1,74.26
101090,2025-01-06,WH_B,Central,SKU0056,Housewares,1,146.16
101091,2025-01-06,WH_A,East,SKU0079,Hardware,1,131.97
101092,2025-01-06,WH_C,West,SKU0026,Hardware,1,87.58
101093,2025-01-06,WH_C,West,SKU0085,Hardware,3,106.08
101094,2025-01-06,WH_C,West,SKU0077,Office,1,155.89
101095,2025-01-06,WH_B,Central,SKU0038,Housewares,4,67.37
101096,2025-01-06,WH_C,West,SKU0004,Hardware,1,161.87
101097,2025-01-06,WH_A,East,SKU0007,Office,10,57.4
101098,2025-01-06,WH_C,West,SKU0034,Office,3,227.11
101099,2025-01-06,WH_A,East,SKU0047,Electronics,1,82.63
101100,2025-01-06,WH_A,East,SKU0040,Housewares,3,12.7
101101,2025-01-06,WH_A,East,SKU0053,Hardware,1,68.2
101102,2025-01-06,WH_C,West,SKU0026,Hardware,1,49.04
101103,2025-01-06,WH_A,East,SKU0002,Electronics,4,239.0
101104,2025-01-06,WH_A,East,SKU0094,Hardware,1,17.03
101105,2025-01-06,WH_C,West,SKU0049,Housewares,3,136.86
101106,2025-01-06,WH_C,West,SKU0035,Hardware,3,163.74
101107,2025-01-06,WH_C,West,SKU0030,Housewares,7,39.41
101108,2025-01-06,WH_A,East,SKU0066,Sports,1,88.68
101109,2025-01-06,WH_C,West,SKU0079,Hardware,2,231.8
101110,2025-01-06,WH_C,West,SKU0016,Housewares,7,218.61
101111,2025-01-06,WH_B,Central,SKU0043,Hardware,1,183.77
101112,2025-01-06,WH_B,Central,SKU0001,Housewares,1,233.14
101113,2025-01-06,WH_A,East,SKU0061,Office,1,39.61
101114,2025-01-06,WH_C,West,SKU0002,Electronics,5,180.64
101115,2025-01-06,WH_A,East,SKU0043,Hardware,5,43.7
101116,2025-01-06,WH_B,Central,SKU0089,Electronics,6,171.02
101117,2025-01-06,WH_C,West,SKU0068,Electronics,3,147.73
101118,2025-01-06,WH_B,Central,SKU0013,Electronics,4,106.82
101119,2025-01-06,WH_B,Central,SKU0043,Hardware,1,137.12
101120,2025-01-06,WH_A,East,SKU0076,Hardware,4,42.64
101121,2025-01-06,WH_A,East,SKU0082,Hardware,1,175.65
101122,2025-01-06,WH_A,East,SKU0064,Sports,1,46.64
101123,2025-01-06,WH_C,West,SKU0066,Sports,6,44.42
101124,2025-01-06,WH_A,East,SKU0063,Housewares,1,109.97
101125,2025-01-06,WH_B,Central,SKU0024,Electronics,1,93.52
101126,2025-01-06,WH_B,Central,SKU0040,Housewares,7,166.36
101127,2025-01-06,WH_C,West,SKU0091,Electronics,1,92.64
101128,2025-01-06,WH_C,West,SKU0038,Housewares,2,13.25
101129,2025-01-06,WH_C,West,SKU0040,Housewares,7,59.71
101130,2025-01-06,WH_C,West,SKU0053,Hardware,3,195.54
101131,2025-01-06,WH_B,Central,SKU0030,Housewares,5,45.58
101132,2025-01-06,WH_A,East,SKU0100,Office,2,25.5
101133,2025-01-06,WH_C,West,SKU0072,Office,4,124.18
101134,2025-01-06,WH_A,East,SKU0099,Office,1,181.08
101135,2025-01-06,WH_C,West,SKU0056,Housewares,1,33.05
101136,2025-01-06,WH_B,Central,SKU0087,Office,1,62.64
101137,2025-01-06,WH_A,East,SKU0094,Hardware,9,93.53
101138,2025-01-06,WH_C,West,SKU0002,Electronics,2,237.35
101139,2025-01-06,WH_A,East,SKU0080,Hardware,1,92.74
101140,2025-01-06,WH_A,East,SKU0005,Sports,1,234.88
101141,2025-01-06,WH_B,Central,SKU0053,Hardware,4,59.15
101142,2025-01-06,WH_A,East,SKU0043,Hardware,1,229.15
101143,2025-01-06,WH_B,Central,SKU0036,Housewares,2,141.3
101144,2025-01-06,WH_C,West,SKU0077,Office,3,191.73
101145,2025-01-06,WH_A,East,SKU0092,Housewares,8,201.55
101146,2025-01-06,WH_C,West,SKU0100,Office,8,206.05
101147,2025-01-06,WH_B,Central,SKU0008,Electronics,1,33.8
101148,2025-01-06,WH_C,West,SKU0015,Housewares,6,11.79
101149,2025-01-06,WH_B,Central,SKU0075,Sports,4,213.21
101150,2025-01-06,WH_B,Central,SKU0076,Hardware,1,91.94
101151,2025-01-06,WH_B,Central,SKU0020,Electronics,1,16.99
101152,2025-01-06,WH_A,East,SKU0053,Hardware,4,23.06
101153,2025-01-06,WH_C,West,SKU0050,Hardware,8,77.7
101154,2025-01-06,WH_C,West,SKU0031,Sports,4,19.62
101155,2025-01-06,WH_C,West,SKU0003,Hardware,2,90.53
101156,2025-01-06,WH_B,Central,SKU0031,Sports,1,165.67
101157,2025-01-06,WH_C,West,SKU0014,Electronics,8,7.63
101158,2025-01-06,WH_C,West,SKU0060,Hardware,1,177.38
101159,2025-01-06,WH_C,West,SKU0006,Sports,6,51.74
101160,2025-01-06,WH_B,Central,SKU0006,Sports,1,7.12
101161,2025-01-06,WH_C,West,SKU0045,Electronics,1,22.47
101162,2025-01-06,WH_A,East,SKU0034,Office,1,112.83
101163,2025-01-06,WH_C,West,SKU0033,Housewares,1,39.87
101164,2025-01-06,WH_C,West,SKU0032,Sports,1,7.22
101165,2025-01-06,WH_B,Central,SKU0086,Hardware,1,95.43
101166,2025-01-06,WH_C,West,SKU0082,Hardware,1,204.43
101167,2025-01-06,WH_B,Central,SKU0066,Sports,1,189.95
101168,2025-01-06,WH_A,East,SKU0046,Hardware,1,122.54
101169,2025-01-06,WH_A,East,SKU0039,Office,3,15.85
101170,2025-01-06,WH_B,Central,SKU0098,Housewares,1,85.08
101171,2025-01-06,WH_B,Central,SKU0009,Hardware,1,110.34
101172,2025-01-06,WH_C,West,SKU0083,Housewares,3,5.17
101173,2025-01-06,WH_A,East,SKU0074,Hardware,9,47.75
101174,2025-01-06,WH_B,Central,SKU0032,Sports,1,226.88
101175,2025-01-06,WH_A,East,SKU0007,Office,1,247.87
101176,2025-01-06,WH_C,West,SKU0089,Electronics,1,34.53
101177,2025-01-06,WH_C,West,SKU0070,Hardware,1,112.49
101178,2025-01-06,WH_A,East,SKU0027,Electronics,2,30.66
101179,2025-01-06,WH_B,Central,SKU0031,Sports,1,12.81
101180,2025-01-06,WH_A,East,SKU0045,Electronics,1,230.78
101181,2025-01-06,WH_B,Central,SKU0045,Electronics,1,192.18
101182,2025-01-06,WH_A,East,SKU0050,Hardware,1,20.85
101183,2025-01-06,WH_A,East,SKU0077,Office,2,206.41
101184,2025-01-06,WH_B,Central,SKU0088,Housewares,6,138.82
101185,2025-01-06,WH_C,West,SKU0009,Hardware,1,31.83
101186,2025-01-06,WH_B,Central,SKU0077,Office,3,73.71
101187,2025-01-06,WH_C,West,SKU0031,Sports,5,153.25
101188,2025-01-06,WH_C,West,SKU0007,Office,5,143.83
101189,2025-01-06,WH_A,East,SKU0059,Electronics,4,77.1
101190,2025-01-06,WH_C,West,SKU0068,Electronics,2,9.75
101191,2025-01-06,WH_C,West,SKU0091,Electronics,2,135.77
101192,2025-01-06,WH_B,Central,SKU0093,Sports,4,183.59
101193,2025-01-06,WH_A,East,SKU0043,Hardware,2,18.89
101194,2025-01-06,WH_B,Central,SKU0053,Hardware,6,9.41
101195,2025-01-06,WH_B,Central,SKU0097,Office,4,122.44
101196,2025-01-06,WH_A,East,SKU0048,Hardware,5,118.94
101197,2025-01-06,WH_A,East,SKU0001,Housewares,3,94.0
101198,2025-01-06,WH_B,Central,SKU0094,Hardware,4,67.27
101199,2025-01-06,WH_B,Central,SKU0013,Electronics,3,52.38
101200,2025-01-06,WH_B,Central,SKU0089,Electronics,3,76.95
101201,2025-01-06,WH_A,East,SKU0066,Sports,1,203.82
101202,2025-01-06,WH_B,Central,SKU0013,Electronics,5,174.39
101203,2025-01-06,WH_C,West,SKU0017,Hardware,7,43.27
101204,2025-01-06,WH_B,Central,SKU0080,Hardware,1,77.03
101205,2025-01-06,WH_B,Central,SKU0044,Hardware,1,85.37
101206,2025-01-06,WH_C,West,SKU0058,Sports,3,71.34
101207,2025-01-06,WH_B,Central,SKU0038,Housewares,1,144.75
101208,2025-01-06,WH_B,Central,SKU0018,Housewares,1,94.4
101209,2025-01-06,WH_C,West,SKU0026,Hardware,1,238.37
101210,2025-01-06,WH_A,East,SKU0026,Hardware,1,213.26
101211,2025-01-06,WH_B,Central,SKU0031,Sports,2,60.91
101212,2025-01-06,WH_C,West,SKU0052,Hardware,1,175.27
101213,2025-01-06,WH_B,Central,SKU0058,Sports,10,49.85
101214,2025-01-06,WH_B,Central,SKU0037,Sports,1,99.84
101215,2025-01-06,WH_B,Central,SKU0024,Electronics,1,202.53
101216,2025-01-06,WH_A,East,SKU0063,Housewares,1,20.3
101217,2025-01-06,WH_C,West,SKU0069,Hardware,7,96.43
101218,2025-01-06,WH_A,East,SKU0027,Electronics,3,168.53
101219,2025-01-06,WH_A,East,SKU0026,Hardware,1,5.88
101220,2025-01-07,WH_B,Central,SKU0087,Office,1,239.35
101221,2025-01-07,WH_C,West,SKU0088,Housewares,4,37.34
101222,2025-01-07,WH_C,West,SKU0062,Housewares,2,154.93
101223,2025-01-07,WH_C,West,SKU0071,Hardware,1,110.12
101224,2025-01-07,WH_B,Central,SKU0007,Office,3,50.76
101225,2025-01-07,WH_B,Central,SKU0066,Sports,5,166.77
101226,2025-01-07,WH_B,Central,SKU0070,Hardware,1,214.45
101227,2025-01-07,WH_A,East,SKU0084,Office,1,222.54
101228,2025-01-07,WH_B,Central,SKU0086,Hardware,1,176.17
101229,2025-01-07,WH_C,West,SKU0034,Office,4,73.91
101230,2025-01-07,WH_B,Central,SKU0087,Office,1,129.84
101231,2025-01-07,WH_C,West,SKU0007,Office,2,76.55
101232,2025-01-07,WH_B,Central,SKU0077,Office,14,185.57
101233,2025-01-07,WH_C,West,SKU0028,Electronics,1,161.91
101234,2025-01-07,WH_A,East,SKU0078,Housewares,1,215.78
101235,2025-01-07,WH_B,Central,SKU0014,Electronics,1,51.02
101236,2025-01-07,WH_B,Central,SKU0069,Hardware,1,246.16
101237,2025-01-07,WH_B,Central,SKU0072,Office,1,59.03
101238,2025-01-07,WH_C,West,SKU0032,Sports,2,76.45
101239,2025-01-07,WH_A,East,SKU0018,Housewares,1,156.01
101240,2025-01-07,WH_C,West,SKU0016,Housewares,1,129.7
101241,2025-01-07,WH_C,West,SKU0077,Office,1,135.47
101242,2025-01-07,WH_A,East,SKU0054,Office,1,144.73
101243,2025-01-07,WH_B,Central,SKU0070,Hardware,1,97.16
101244,2025-01-07,WH_C,West,SKU0039,Office,1,112.33
101245,2025-01-07,WH_C,West,SKU0063,Housewares,1,159.64
101246,2025-01-07,WH_B,Central,SKU0056,Housewares,2,106.27
101247,2025-01-07,WH_B,Central,SKU0054,Office,1,147.57
101248,2025-01-07,WH_C,West,SKU0020,Electronics,10,50.43
101249,2025-01-07,WH_B,Central,SKU0026,Hardware,1,69.82
101250,2025-01-07,WH_A,East,SKU0049,Housewares,1,80.02
101251,2025-01-07,WH_A,East,SKU0081,Housewares,5,125.79
101252,2025-01-07,WH_B,Central,SKU0036,Housewares,1,237.8
101253,2025-01-07,WH_C,West,SKU0020,Electronics,1,35.11
101254,2025-01-07,WH_B,Central,SKU0054,Office,1,23.81
101255,2025-01-07,WH_C,West,SKU0041,Sports,4,81.64
101256,2025-01-07,WH_A,East,SKU0041,Sports,3,191.87
101257,2025-01-07,WH_B,Central,SKU0049,Housewares,1,132.0
101258,2025-01-07,WH_A,East,SKU0048,Hardware,2,218.48
101259,2025-01-07,WH_C,West,SKU0075,Sports,1,82.62
101260,2025-01-07,WH_A,East,SKU0020,Electronics,6,63.02
101261,2025-01-07,WH_C,West,SKU0070,Hardware,1,146.15
101262,2025-01-07,WH_B,Central,SKU0091,Electronics,1,119.49
101263,2025-01-07,WH_B,Central,SKU0085,Hardware,5,132.57
101264,2025-01-07,WH_C,West,SKU0042,Electronics,2,73.15
101265,2025-01-07,WH_A,East,SKU0013,Electronics,4,186.25
101266,2025-01-07,WH_B,Central,SKU0075,Sports,1,83.4
101267,2025-01-07,WH_B,Central,SKU0062,Housewares,4,92.64
101268,2025-01-07,WH_B,Central,SKU0073,Office,1,94.28
101269,2025-01-07,WH_C,West,SKU0044,Hardware,1,88.52
101270,2025-01-07,WH_C,West,SKU0040,Housewares,4,125.31
101271,2025-01-07,WH_A,East,SKU0008,Electronics,1,43.31
101272,2025-01-07,WH_B,Central,SKU0032,Sports,1,15.52
101273,2025-01-07,WH_A,East,SKU0063,Housewares,1,124.56
101274,2025-01-07,WH_B,Central,SKU0026,Hardware,1,72.47
101275,2025-01-07,WH_C,West,SKU0098,Housewares,13,102.51
101276,2025-01-07,WH_A,East,SKU0043,Hardware,4,56.58
101277,2025-01-07,WH_A,East,SKU0069,Hardware,1,144.26
101278,2025-01-07,WH_A,East,SKU0085,Hardware,1,9.27
101279,2025-01-07,WH_B,Central,SKU0027,Electronics,1,59.66
101280,2025-01-07,WH_B,Central,SKU0036,Housewares,2,173.13
101281,2025-01-07,WH_B,Central,SKU0034,Office,1,63.57
101282,2025-01-07,WH_A,East,SKU0070,Hardware,5,44.88
101283,2025-01-07,WH_A,East,SKU0032,Sports,3,233.18
101284,2025-01-07,WH_C,West,SKU0051,Hardware,1,26.31
101285,2025-01-07,WH_B,Central,SKU0003,Hardware,11,71.34
101286,2025-01-07,WH_A,East,SKU0030,Housewares,1,123.52
101287,2025-01-07,WH_A,East,SKU0078,Housewares,1,248.25
101288,2025-01-07,WH_A,East,SKU0035,Hardware,1,115.61
101289,2025-01-07,WH_C,West,SKU0029,Sports,2,119.4
101290,2025-01-07,WH_A,East,SKU0082,Hardware,2,246.96
101291,2025-01-07,WH_C,West,SKU0007,Office,6,80.57
101292,2025-01-07,WH_A,East,SKU0052,Hardware,2,5.08
101293,2025-01-07,WH_A,East,SKU0019,Sports,1,45.15
101294,2025-01-07,WH_B,Central,SKU0012,Housewares,3,59.17
101295,2025-01-07,WH_A,East,SKU0009,Hardware,4,81.72
101296,2025-01-07,WH_A,East,SKU0061,Office,7,114.13
101297,2025-01-07,WH_B,Central,SKU0083,Housewares,5,158.9
101298,2025-01-07,WH_B,Central,SKU0048,Hardware,11,186.97
101299,2025-01-07,WH_A,East,SKU0067,Hardware,3,69.89
101300,2025-01-07,WH_A,East,SKU0088,Housewares,2,76.08
101301,2025-01-07,WH_B,Central,SKU0080,Hardware,1,179.09
101302,2025-01-07,WH_A,East,SKU0087,Office,1,102.34
101303,2025-01-07,WH_A,East,SKU0056,Housewares,1,53.91
101304,2025-01-07,WH_A,East,SKU0089,Electronics,1,87.78
101305,2025-01-07,WH_A,East,SKU0033,Housewares,1,137.38
101306,2025-01-07,WH_B,Central,SKU0023,Hardware,1,235.3
101307,2025-01-07,WH_C,West,SKU0025,Office,10,79.64
101308,2025-01-07,WH_C,West,SKU0075,Sports,1,30.58
101309,2025-01-07,WH_A,East,SKU0082,Hardware,7,148.78
101310,2025-01-07,WH_B,Central,SKU0011,Hardware,2,224.48
101311,2025-01-07,WH_B,Central,SKU0030,Housewares,7,207.94
101312,2025-01-07,WH_C,West,SKU0033,Housewares,4,219.92
101313,2025-01-07,WH_B,Central,SKU0007,Office,6,95.32
101314,2025-01-07,WH_B,Central,SKU0067,Hardware,10,178.74
101315,2025-01-07,WH_C,West,SKU0058,Sports,1,113.3
101316,2025-01-07,WH_A,East,SKU0045,Electronics,3,93.47
101317,2025-01-07,WH_C,West,SKU0010,Electronics,5,41.28
101318,2025-01-07,WH_B,Central,SKU0001,Housewares,7,78.79
101319,2025-01-07,WH_A,East,SKU0066,Sports,1,215.22
101320,2025-01-07,WH_A,East,SKU0056,Housewares,1,211.63
101321,2025-01-07,WH_A,East,SKU0007,Office,1,233.8
101322,2025-01-07,WH_A,East,SKU0093,Sports,1,22.06
101323,2025-01-07,WH_C,West,SKU0038,Housewares,8,45.58
101324,2025-01-07,WH_C,West,SKU0087,Office,8,206.87
101325,2025-01-07,WH_B,Central,SKU0088,Housewares,1,114.06
101326,2025-01-07,WH_C,West,SKU0052,Hardware,1,85.8
101327,2025-01-07,WH_B,Central,SKU0098,Housewares,1,151.91
101328,2025-01-07,WH_B,Central,SKU0044,Hardware,11,46.59
101329,2025-01-07,WH_A,East,SKU0086,Hardware,1,148.84
101330,2025-01-07,WH_C,West,SKU0067,Hardware,1,179.12
101331,2025-01-07,WH_B,Central,SKU0090,Electronics,1,237.65
101332,2025-01-07,WH_B,Central,SKU0012,Housewares,2,93.95
101333,2025-01-07,WH_A,East,SKU0094,Hardware,3,210.49
101334,2025-01-07,WH_B,Central,SKU0014,Electronics,4,69.38
101335,2025-01-07,WH_A,East,SKU0045,Electronics,1,115.78
101336,2025-01-07,WH_A,East,SKU0014,Electronics,1,81.16
101337,2025-01-07,WH_C,West,SKU0083,Housewares,4,7.99
101338,2025-01-07,WH_C,West,SKU0028,Electronics,1,39.7
101339,2025-01-07,WH_A,East,SKU0059,Electronics,1,72.85
101340,2025-01-07,WH_A,East,SKU0061,Office,4,242.51
101341,2025-01-07,WH_B,Central,SKU0008,Electronics,2,88.05
101342,2025-01-07,WH_B,Central,SKU0018,Housewares,5,21.44
101343,2025-01-07,WH_B,Central,SKU0096,Hardware,1,89.61
101344,2025-01-07,WH_B,Central,SKU0080,Hardware,1,200.47
101345,2025-01-07,WH_B,Central,SKU0044,Hardware,7,135.16
101346,2025-01-07,WH_A,East,SKU0055,Housewares,2,57.19
101347,2025-01-07,WH_C,West,SKU0058,Sports,1,231.29
101348,2025-01-07,WH_A,East,SKU0051,Hardware,1,56.62
101349,2025-01-07,WH_A,East,SKU0012,Housewares,1,131.08
101350,2025-01-07,WH_B,Central,SKU0002,Electronics,2,110.95
101351,2025-01-07,WH_B,Central,SKU0073,Office,4,148.19
101352,2025-01-07,WH_C,West,SKU0020,Electronics,3,216.42
101353,2025-01-07,WH_C,West,SKU0098,Housewares,6,54.86
101354,2025-01-07,WH_A,East,SKU0092,Housewares,2,180.58
101355,2025-01-07,WH_C,West,SKU0089,Electronics,1,211.48
101356,2025-01-07,WH_C,West,SKU0096,Hardware,1,200.82
101357,2025-01-07,WH_B,Central,SKU0037,Sports,1,186.74
101358,2025-01-07,WH_C,West,SKU0030,Housewares,1,97.81
101359,2025-01-07,WH_B,Central,SKU0008,Electronics,1,71.33
101360,2025-01-07,WH_C,West,SKU0076,Hardware,12,31.38
101361,2025-01-07,WH_B,Central,SKU0098,Housewares,1,170.85
101362,2025-01-07,WH_A,East,SKU0096,Hardware,1,31.71
101363,2025-01-07,WH_C,West,SKU0073,Office,1,163.02
101364,2025-01-07,WH_C,West,SKU0001,Housewares,7,207.37
101365,2025-01-07,WH_C,West,SKU0069,Hardware,12,146.64
101366,2025-01-07,WH_B,Central,SKU0088,Housewares,9,79.71
101367,2025-01-07,WH_C,West,SKU0008,Electronics,1,102.03
101368,2025-01-07,WH_C,West,SKU0021,Sports,1,208.28
101369,2025-01-07,WH_A,East,SKU0091,Electronics,1,183.82
101370,2025-01-07,WH_A,East,SKU0025,Office,1,6.53
101371,2025-01-07,WH_A,East,SKU0036,Housewares,1,89.8
101372,2025-01-07,WH_C,West,SKU0019,Sports,10,166.96
101373,2025-01-07,WH_C,West,SKU0011,Hardware,2,36.13
101374,2025-01-07,WH_B,Central,SKU0035,Hardware,1,13.76
101375,2025-01-07,WH_C,West,SKU0062,Housewares,4,44.88
101376,2025-01-07,WH_A,East,SKU0065,Sports,2,176.35
101377,2025-01-07,WH_C,West,SKU0009,Hardware,1,159.99
101378,2025-01-07,WH_C,West,SKU0060,Hardware,4,50.11
101379,2025-01-07,WH_C,West,SKU0060,Hardware,2,184.8
101380,2025-01-07,WH_B,Central,SKU0100,Office,1,44.81
101381,2025-01-07,WH_B,Central,SKU0066,Sports,1,233.6
101382,2025-01-07,WH_B,Central,SKU0007,Office,1,31.39
101383,2025-01-07,WH_B,Central,SKU0007,Office,1,49.22
101384,2025-01-07,WH_C,West,SKU0032,Sports,1,126.29
101385,2025-01-07,WH_C,West,SKU0013,Electronics,1,211.14
101386,2025-01-07,WH_C,West,SKU0083,Housewares,6,120.95
101387,2025-01-07,WH_B,Central,SKU0031,Sports,6,115.36
101388,2025-01-07,WH_A,East,SKU0079,Hardware,3,44.82
101389,2025-01-07,WH_A,East,SKU0058,Sports,1,44.22
101390,2025-01-07,WH_A,East,SKU0088,Housewares,1,188.99
101391,2025-01-07,WH_A,East,SKU0083,Housewares,1,37.01
101392,2025-01-07,WH_B,Central,SKU0076,Hardware,7,173.76
101393,2025-01-07,WH_B,Central,SKU0099,Office,1,28.27
101394,2025-01-07,WH_B,Central,SKU0100,Office,5,31.52
101395,2025-01-07,WH_A,East,SKU0063,Housewares,2,168.58
101396,2025-01-07,WH_B,Central,SKU0061,Office,1,228.25
101397,2025-01-07,WH_A,East,SKU0085,Hardware,1,205.44
101398,2025-01-07,WH_B,Central,SKU0027,Electronics,2,154.74
101399,2025-01-07,WH_A,East,SKU0021,Sports,12,147.75
101400,2025-01-08,WH_B,Central,SKU0086,Hardware,4,42.62
101401,2025-01-08,WH_B,Central,SKU0095,Electronics,4,191.46
101402,2025-01-08,WH_C,West,SKU0034,Office,10,234.25
101403,2025-01-08,WH_C,West,SKU0099,Office,1,118.91
101404,2025-01-08,WH_A,East,SKU0036,Housewares,7,161.99
101405,2025-01-08,WH_C,West,SKU0078,Housewares,1,31.69
101406,2025-01-08,WH_C,West,SKU0075,Sports,1,167.98
101407,2025-01-08,WH_C,West,SKU0068,Electronics,4,114.56
101408,2025-01-08,WH_C,West,SKU0055,Housewares,1,160.13
101409,2025-01-08,WH_C,West,SKU0065,Sports,7,126.62
101410,2025-01-08,WH_A,East,SKU0097,Office,7,91.75
101411,2025-01-08,WH_C,West,SKU0080,Hardware,6,197.65
101412,2025-01-08,WH_A,East,SKU0050,Hardware,9,198.8
101413,2025-01-08,WH_C,West,SKU0028,Electronics,1,225.64
101414,2025-01-08,WH_B,Central,SKU0034,Office,3,44.71
101415,2025-01-08,WH_C,West,SKU0100,Office,1,94.63
101416,2025-01-08,WH_A,East,SKU0058,Sports,4,156.46
101417,2025-01-08,WH_A,East,SKU0072,Office,2,5.91
101418,2025-01-08,WH_C,West,SKU0034,Office,1,43.64
101419,2025-01-08,WH_C,West,SKU0090,Electronics,1,247.98
101420,2025-01-08,WH_C,West,SKU0068,Electronics,6,81.1
101421,2025-01-08,WH_C,West,SKU0010,Electronics,2,128.01
101422,2025-01-08,WH_B,Central,SKU0057,Electronics,1,247.5
101423,2025-01-08,WH_B,Central,SKU0057,Electronics,1,128.89
101424,2025-01-08,WH_B,Central,SKU0024,Electronics,3,51.93
101425,2025-01-08,WH_C,West,SKU0058,Sports,1,52.18
101426,2025-01-08,WH_B,Central,SKU0082,Hardware,1,53.92
101427,2025-01-08,WH_A,East,SKU0045,Electronics,7,180.01
101428,2025-01-08,WH_C,West,SKU0087,Office,6,212.88
101429,2025-01-08,WH_C,West,SKU0016,Housewares,3,64.47
101430,2025-01-08,WH_A,East,SKU0092,Housewares,2,50.64
101431,2025-01-08,WH_C,West,SKU0051,Hardware,1,159.98
101432,2025-01-08,WH_C,West,SKU0054,Office,2,43.37
101433,2025-01-08,WH_C,West,SKU0027,Electronics,1,21.24
101434,2025-01-08,WH_A,East,SKU0061,Office,3,246.94
101435,2025-01-08,WH_C,West,SKU0002,Electronics,4,211.82
101436,2025-01-08,WH_B,Central,SKU0052,Hardware,1,28.42
101437,2025-01-08,WH_A,East,SKU0059,Electronics,3,67.85
101438,2025-01-08,WH_C,West,SKU0078,Housewares,1,177.26
101439,2025-01-08,WH_A,East,SKU0083,Housewares,7,124.13
101440,2025-01-08,WH_A,East,SKU0052,Hardware,9,132.38
101441,2025-01-08,WH_C,West,SKU0072,Office,1,132.02
101442,2025-01-08,WH_B,Central,SKU0005,Sports,5,136.82
101443,2025-01-08,WH_B,Central,SKU0022,Sports,4,139.25
101444,2025-01-08,WH_A,East,SKU0076,Hardware,2,74.77
101445,2025-01-08,WH_B,Central,SKU0037,Sports,1,73.34
101446,2025-01-08,WH_B,Central,SKU0056,Housewares,1,203.35
101447,2025-01-08,WH_B,Central,SKU0069,Hardware,5,45.03
101448,2025-01-08,WH_A,East,SKU0021,Sports,2,106.93
101449,2025-01-08,WH_B,Central,SKU0026,Hardware,2,163.67
101450,2025-01-08,WH_C,West,SKU0056,Housewares,1,230.21
101451,2025-01-08,WH_A,East,SKU0026,Hardware,8,30.81
101452,2025-01-08,WH_C,West,SKU0060,Hardware,3,13.14
101453,2025-01-08,WH_A,East,SKU0012,Housewares,1,239.66
101454,2025-01-08,WH_C,West,SKU0032,Sports,3,84.51
101455,2025-01-08,WH_A,East,SKU0056,Housewares,3,212.23
101456,2025-01-08,WH_B,Central,SKU0085,Hardware,6,10.03
101457,2025-01-08,WH_A,East,SKU0050,Hardware,5,214.03
101458,2025-01-08,WH_A,East,SKU0004,Hardware,2,122.58
101459,2025-01-08,WH_A,East,SKU0082,Hardware,1,63.71
101460,2025-01-08,WH_C,West,SKU0066,Sports,2,216.94
101461,2025-01-08,WH_C,West,SKU0078,Housewares,4,126.5
101462,2025-01-08,WH_B,Central,SKU0069,Hardware,4,192.6
101463,2025-01-08,WH_A,East,SKU0051,Hardware,2,58.98
101464,2025-01-08,WH_B,Central,SKU0088,Housewares,1,45.2
101465,2025-01-08,WH_A,East,SKU0068,Electronics,1,24.73
101466,2025-01-08,WH_A,East,SKU0033,Housewares,4,13.2
101467,2025-01-08,WH_A,East,SKU0058,Sports,1,246.52
101468,2025-01-08,WH_B,Central,SKU0085,Hardware,4,188.9
101469,2025-01-08,WH_A,East,SKU0028,Electronics,1,162.22
101470,2025-01-08,WH_C,West,SKU0016,Housewares,2,157.84
101471,2025-01-08,WH_C,West,SKU0077,Office,1,135.09
101472,2025-01-08,WH_B,Central,SKU0098,Housewares,13,85.68
101473,2025-01-08,WH_C,West,SKU0007,Office,1,114.88
101474,2025-01-08,WH_A,East,SKU0006,Sports,2,25.98
101475,2025-01-08,WH_A,East,SKU0013,Electronics,4,108.4
101476,2025-01-08,WH_A,East,SKU0059,Electronics,1,166.42
101477,2025-01-08,WH_A,East,SKU0081,Housewares,4,246.56
101478,2025-01-08,WH_C,West,SKU0010,Electronics,1,89.66
101479,2025-01-08,WH_A,East,SKU0052,Hardware,1,220.81
101480,2025-01-08,WH_C,West,SKU0026,Hardware,2,213.85
101481,2025-01-08,WH_C,West,SKU0060,Hardware,12,139.8
101482,2025-01-08,WH_A,East,SKU0093,Sports,1,93.51
101483,2025-01-08,WH_C,West,SKU0068,Electronics,1,213.08
101484,2025-01-08,WH_B,Central,SKU0014,Electronics,1,150.09
101485,2025-01-08,WH_C,West,SKU0079,Hardware,1,6.85
101486,2025-01-08,WH_B,Central,SKU0057,Electronics,1,140.2
101487,2025-01-08,WH_C,West,SKU0092,Housewares,1,155.65
101488,2025-01-08,WH_A,East,SKU0007,Office,3,242.58
101489,2025-01-08,WH_A,East,SKU0017,Hardware,6,143.86
101490,2025-01-08,WH_A,East,SKU0098,Housewares,4,94.09
101491,2025-01-08,WH_B,Central,SKU0042,Electronics,2,103.82
101492,2025-01-08,WH_C,West,SKU0039,Office,1,183.27
101493,2025-01-08,WH_B,Central,SKU0063,Housewares,1,98.24
101494,2025-01-08,WH_A,East,SKU0047,Electronics,1,218.25
101495,2025-01-08,WH_C,West,SKU0023,Hardware,1,98.46
101496,2025-01-08,WH_C,West,SKU0080,Hardware,6,8.75
101497,2025-01-08,WH_A,East,SKU0039,Office,8,225.23
101498,2025-01-08,WH_A,East,SKU0030,Housewares,1,164.99
101499,2025-01-08,WH_A,East,SKU0040,Housewares,14,140.96
101500,2025-01-08,WH_A,East,SKU0081,Housewares,1,214.14
101501,2025-01-08,WH_B,Central,SKU0049,Housewares,1,68.03
101502,2025-01-08,WH_A,East,SKU0065,Sports,6,67.73
101503,2025-01-08,WH_C,West,SKU0020,Electronics,4,114.68
101504,2025-01-08,WH_B,Central,SKU0086,Hardware,4,61.93
101505,2025-01-08,WH_B,Central,SKU0065,Sports,1,82.95
101506,2025-01-08,WH_A,East,SKU0062,Housewares,1,82.04
101507,2025-01-08,WH_C,West,SKU0077,Office,1,239.07
101508,2025-01-08,WH_A,East,SKU0098,Housewares,2,118.2
101509,2025-01-08,WH_B,Central,SKU0065,Sports,2,249.05
101510,2025-01-08,WH_A,East,SKU0024,Electronics,3,177.35
101511,2025-01-08,WH_B,Central,SKU0096,Hardware,1,120.53
101512,2025-01-08,WH_C,West,SKU0009,Hardware,1,172.87
101513,2025-01-08,WH_B,Central,SKU0050,Hardware,1,188.33
101514,2025-01-08,WH_A,East,SKU0096,Hardware,1,103.86
101515,2025-01-08,WH_C,West,SKU0006,Sports,1,45.8
101516,2025-01-08,WH_C,West,SKU0059,Electronics,1,82.68
101517,2025-01-08,WH_C,West,SKU0092,Housewares,2,164.91
101518,2025-01-08,WH_B,Central,SKU0091,Electronics,1,127.57
101519,2025-01-08,WH_C,West,SKU0075,Sports,2,130.42
101520,2025-01-08,WH_B,Central,SKU0009,Hardware,1,104.23
101521,2025-01-08,WH_A,East,SKU0010,Electronics,1,135.77
101522,2025-01-08,WH_C,West,SKU0036,Housewares,4,146.97
101523,2025-01-08,WH_B,Central,SKU0037,Sports,1,55.9
101524,2025-01-08,WH_B,Central,SKU0026,Hardware,1,109.46
101525,2025-01-08,WH_A,East,SKU0015,Housewares,1,62.93
101526,2025-01-08,WH_B,Central,SKU0020,Electronics,4,99.69
101527,2025-01-08,WH_C,West,SKU0015,Housewares,3,161.82
101528,2025-01-08,WH_B,Central,SKU0048,Hardware,2,227.48
101529,2025-01-08,WH_B,Central,SKU0018,Housewares,1,21.67
101530,2025-01-08,WH_A,East,SKU0067,Hardware,3,91.61
101531,2025-01-08,WH_A,East,SKU0016,Housewares,12,58.02
101532,2025-01-08,WH_C,West,SKU0093,Sports,1,149.11
101533,2025-01-08,WH_C,West,SKU0039,Office,1,88.42
101534,2025-01-08,WH_A,East,SKU0066,Sports,7,11.43
101535,2025-01-08,WH_A,East,SKU0027,Electronics,2,87.05
101536,2025-01-08,WH_C,West,SKU0063,Housewares,1,65.71
101537,2025-01-08,WH_A,East,SKU0052,Hardware,1,13.45
101538,2025-01-08,WH_A,East,SKU0099,Office,13,166.79
101539,2025-01-08,WH_C,West,SKU0037,Sports,4,20.93
101540,2025-01-08,WH_C,West,SKU0038,Housewares,1,152.07
101541,2025-01-08,WH_A,East,SKU0023,Hardware,3,101.74
101542,2025-01-08,WH_A,East,SKU0089,Electronics,1,99.2
101543,2025-01-08,WH_A,East,SKU0007,Office,1,189.71
101544,2025-01-08,WH_A,East,SKU0012,Housewares,1,84.48
101545,2025-01-08,WH_A,East,SKU0029,Sports,3,5.03
101546,2025-01-08,WH_A,East,SKU0031,Sports,4,225.28
101547,2025-01-08,WH_B,Central,SKU0025,Office,1,149.95
101548,2025-01-08,WH_C,West,SKU0051,Hardware,1,24.22
101549,2025-01-08,WH_C,West,SKU0003,Hardware,3,155.02
101550,2025-01-08,WH_C,West,SKU0034,Office,3,204.31
101551,2025-01-08,WH_A,East,SKU0014,Electronics,1,170.88
101552,2025-01-08,WH_B,Central,SKU0048,Hardware,4,46.36
101553,2025-01-08,WH_A,East,SKU0095,Electronics,9,88.3
101554,2025-01-08,WH_A,East,SKU0006,Sports,3,189.73
101555,2025-01-08,WH_B,Central,SKU0047,Electronics,2,36.54
101556,2025-01-08,WH_B,Central,SKU0066,Sports,1,62.39
101557,2025-01-08,WH_B,Central,SKU0074,Hardware,2,69.01
101558,2025-01-08,WH_A,East,SKU0045,Electronics,2,75.61
101559,2025-01-08,WH_B,Central,SKU0041,Sports,1,94.0
101560,2025-01-08,WH_A,East,SKU0065,Sports,2,194.56
101561,2025-01-08,WH_B,Central,SKU0007,Office,1,68.29
101562,2025-01-08,WH_C,West,SKU0086,Hardware,12,69.14
101563,2025-01-08,WH_B,Central,SKU0079,Hardware,4,129.8
101564,2025-01-08,WH_A,East,SKU0039,Office,1,162.63
101565,2025-01-08,WH_B,Central,SKU0045,Electronics,10,222.27
101566,2025-01-08,WH_B,Central,SKU0022,Sports,3,130.48
101567,2025-01-08,WH_A,East,SKU0003,Hardware,1,92.46
101568,2025-01-08,WH_A,East,SKU0012,Housewares,1,230.91
101569,2025-01-08,WH_B,Central,SKU0087,Office,1,97.62
101570,2025-01-08,WH_C,West,SKU0005,Sports,1,105.18
101571,2025-01-08,WH_A,East,SKU0036,Housewares,1,71.39
101572,2025-01-08,WH_A,East,SKU0005,Sports,2,191.32
101573,2025-01-08,WH_C,West,SKU0089,Electronics,2,99.29
101574,2025-01-08,WH_C,West,SKU0049,Housewares,3,168.14
101575,2025-01-08,WH_A,East,SKU0001,Housewares,1,30.42
101576,2025-01-08,WH_C,West,SKU0013,Electronics,4,134.8
101577,2025-01-08,WH_C,West,SKU0094,Hardware,1,69.21
101578,2025-01-08,WH_C,West,SKU0024,Electronics,4,165.05
101579,2025-01-08,WH_C,West,SKU0014,Electronics,8,118.91
101580,2025-01-09,WH_A,East,SKU0009,Hardware,1,176.6
101581,2025-01-09,WH_B,Central,SKU0022,Sports,1,84.34
101582,2025-01-09,WH_A,East,SKU0098,Housewares,1,80.69
101583,2025-01-09,WH_C,West,SKU0099,Office,5,146.29
101584,2025-01-09,WH_B,Central,SKU0063,Housewares,1,148.72
101585,2025-01-09,WH_A,East,SKU0031,Sports,3,221.78
101586,2025-01-09,WH_B,Central,SKU0088,Housewares,5,20.4
101587,2025-01-09,WH_A,East,SKU0004,Hardware,6,17.47
101588,2025-01-09,WH_B,Central,SKU0061,Office,1,32.33
101589,2025-01-09,WH_A,East,SKU0072,Office,1,201.8
101590,2025-01-09,WH_A,East,SKU0007,Office,3,173.31
101591,2025-01-09,WH_B,Central,SKU0038,Housewares,7,101.0
101592,2025-01-09,WH_A,East,SKU0046,Hardware,1,161.74
101593,2025-01-09,WH_A,East,SKU0007,Office,6,244.18
101594,2025-01-09,WH_B,Central,SKU0012,Housewares,1,206.43
101595,2025-01-09,WH_B,Central,SKU0094,Hardware,5,40.39
101596,2025-01-09,WH_B,Central,SKU0002,Electronics,2,47.42
101597,2025-01-09,WH_B,Central,SKU0014,Electronics,1,220.42
101598,2025-01-09,WH_C,West,SKU0018,Housewares,4,144.73
101599,2025-01-09,WH_B,Central,SKU0034,Office,4,42.44
101600,2025-01-09,WH_A,East,SKU0073,Office,1,56.17
101601,2025-01-09,WH_B,Central,SKU0038,Housewares,4,223.29
101602,2025-01-09,WH_A,East,SKU0021,Sports,2,239.7
101603,2025-01-09,WH_B,Central,SKU0029,Sports,3,143.1
101604,2025-01-09,WH_C,West,SKU0050,Hardware,2,213.14
101605,2025-01-09,WH_A,East,SKU0052,Hardware,1,46.16
101606,2025-01-09,WH_B,Central,SKU0065,Sports,1,224.22
101607,2025-01-09,WH_C,West,SKU0007,Office,8,92.26
101608,2025-01-09,WH_B,Central,SKU0082,Hardware,7,138.98
101609,2025-01-09,WH_A,East,SKU0026,Hardware,1,209.03
101610,2025-01-09,WH_A,East,SKU0005,Sports,2,116.35
101611,2025-01-09,WH_A,East,SKU0049,Housewares,1,8.16
101612,2025-01-09,WH_A,East,SKU0051,Hardware,2,22.99
101613,2025-01-09,WH_C,West,SKU0028,Electronics,4,157.47
101614,2025-01-09,WH_C,West,SKU0045,Electronics,1,178.9
101615,2025-01-09,WH_B,Central,SKU0041,Sports,14,65.36
101616,2025-01-09,WH_A,East,SKU0006,Sports,2,211.5
101617,2025-01-09,WH_C,West,SKU0076,Hardware,1,54.86
101618,2025-01-09,WH_A,East,SKU0074,Hardware,2,140.3
101619,2025-01-09,WH_A,East,SKU0054,Office,1,104.82
101620,2025-01-09,WH_A,East,SKU0007,Office,2,108.63
101621,2025-01-09,WH_B,Central,SKU0049,Housewares,3,193.98
101622,2025-01-09,WH_C,West,SKU0023,Hardware,1,109.29
101623,2025-01-09,WH_B,Central,SKU0047,Electronics,3,141.05
101624,2025-01-09,WH_B,Central,SKU0044,Hardware,6,122.88
101625,2025-01-09,WH_C,West,SKU0030,Housewares,2,36.56
101626,2025-01-09,WH_A,East,SKU0047,Electronics,5,108.46
101627,2025-01-09,WH_B,Central,SKU0099,Office,3,110.22
101628,2025-01-09,WH_B,Central,SKU0065,Sports,1,103.1
101629,2025-01-09,WH_C,West,SKU0083,Housewares,1,102.66
101630,2025-01-09,WH_B,Central,SKU0011,Hardware,1,54.62
101631,2025-01-09,WH_A,East,SKU0033,Housewares,1,183.5
101632,2025-01-09,WH_C,West,SKU0082,Hardware,4,69.92
101633,2025-01-09,WH_C,West,SKU0028,Electronics,2,118.7
101634,2025-01-09,WH_B,Central,SKU0064,Sports,1,73.02
101635,2025-01-09,WH_B,Central,SKU0044,Hardware,1,218.86
101636,2025-01-09,WH_C,West,SKU0081,Housewares,5,107.21
101637,2025-01-09,WH_C,West,SKU0061,Office,3,127.09
101638,2025-01-09,WH_B,Central,SKU0048,Hardware,1,206.49
101639,2025-01-09,WH_A,East,SKU0006,Sports,1,178.17
101640,2025-01-09,WH_B,Central,SKU0064,Sports,2,174.18
101641,2025-01-09,WH_C,West,SKU0022,Sports,1,177.13
101642,2025-01-09,WH_A,East,SKU0008,Electronics,1,15.01
101643,2025-01-09,WH_A,East,SKU0078,Housewares,6,188.68
101644,2025-01-09,WH_A,East,SKU0016,Housewares,5,116.86
101645,2025-01-09,WH_A,East,SKU0036,Housewares,1,135.83
101646,2025-01-09,WH_B,Central,SKU0064,Sports,1,184.71
101647,2025-01-09,WH_B,Central,SKU0056,Housewares,5,227.27
101648,2025-01-09,WH_A,East,SKU0070,Hardware,2,106.57
101649,2025-01-09,WH_B,Central,SKU0037,Sports,5,189.4
101650,2025-01-09,WH_B,Central,SKU0065,Sports,6,165.65
101651,2025-01-09,WH_C,West,SKU0033,Housewares,6,26.82
101652,2025-01-09,WH_A,East,SKU0050,Hardware,3,26.75
101653,2025-01-09,WH_B,Central,SKU0054,Office,4,158.97
101654,2025-01-09,WH_B,Central,SKU0016,Housewares,1,151.82
101655,2025-01-09,WH_A,East,SKU0031,Sports,1,39.89
101656,2025-01-09,WH_A,East,SKU0088,Housewares,1,123.54
101657,2025-01-09,WH_A,East,SKU0044,Hardware,1,35.79
101658,2025-01-09,WH_C,West,SKU0075,Sports,1,5.21
101659,2025-01-09,WH_A,East,SKU0003,Hardware,1,156.51
101660,2025-01-09,WH_A,East,SKU0028,Electronics,2,242.54
101661,2025-01-09,WH_B,Central,SKU0030,Housewares,1,217.06
101662,2025-01-09,WH_A,East,SKU0005,Sports,1,99.82
101663,2025-01-09,WH_C,West,SKU0035,Hardware,1,35.56
101664,2025-01-09,WH_C,West,SKU0096,Hardware,1,197.91
101665,2025-01-09,WH_A,East,SKU0011,Hardware,6,240.9
101666,2025-01-09,WH_A,East,SKU0047,Electronics,4,157.66
101667,2025-01-09,WH_C,West,SKU0042,Electronics,2,219.35
101668,2025-01-09,WH_B,Central,SKU0044,Hardware,4,44.51
101669,2025-01-09,WH_A,East,SKU0006,Sports,3,110.6
101670,2025-01-09,WH_A,East,SKU0017,Hardware,2,225.1
101671,2025-01-09,WH_B,Central,SKU0058,Sports,3,234.99
101672,2025-01-09,WH_B,Central,SKU0084,Office,6,36.58
101673,2025-01-09,WH_A,East,SKU0079,Hardware,1,99.18
101674,2025-01-09,WH_B,Central,SKU0074,Hardware,6,61.38
101675,2025-01-09,WH_B,Central,SKU0035,Hardware,3,121.62
101676,2025-01-09,WH_C,West,SKU0057,Electronics,4,45.42
101677,2025-01-09,WH_C,West,SKU0012,Housewares,1,64.42
101678,2025-01-09,WH_C,West,SKU0099,Office,2,75.96
101679,2025-01-09,WH_A,East,SKU0052,Hardware,5,89.96
101680,2025-01-09,WH_A,East,SKU0036,Housewares,3,237.38
101681,2025-01-09,WH_C,West,SKU0026,Hardware,2,64.33
101682,2025-01-09,WH_C,West,SKU0008,Electronics,5,8.07
101683,2025-01-09,WH_A,East,SKU0003,Hardware,1,99.94
101684,2025-01-09,WH_A,East,SKU0089,Electronics,1,152.98
101685,2025-01-09,WH_B,Central,SKU0054,Office,2,104.59
101686,2025-01-09,WH_A,East,SKU0041,Sports,1,111.31
101687,2025-01-09,WH_C,West,SKU0006,Sports,1,59.21
101688,2025-01-09,WH_C,West,SKU0015,Housewares,1,152.57
101689,2025-01-09,WH_B,Central,SKU0010,Electronics,3,77.85
101690,2025-01-09,WH_C,West,SKU0070,Hardware,8,69.18
101691,2025-01-09,WH_B,Central,SKU0032,Sports,3,24.96
101692,2025-01-09,WH_C,West,SKU0048,Hardware,3,117.69
101693,2025-01-09,WH_B,Central,SKU0090,Electronics,2,50.1
101694,2025-01-09,WH_B,Central,SKU0034,Office,1,192.74
101695,2025-01-09,WH_C,West,SKU0024,Electronics,4,63.2
101696,2025-01-09,WH_A,East,SKU0068,Electronics,1,5.93
101697,2025-01-09,WH_A,East,SKU0090,Electronics,1,36.05
101698,2025-01-09,WH_A,East,SKU0050,Hardware,1,190.96
101699,2025-01-09,WH_A,East,SKU0029,Sports,2,199.19
101700,2025-01-09,WH_C,West,SKU0069,Hardware,4,148.85
101701,2025-01-09,WH_A,East,SKU0046,Hardware,2,233.17
101702,2025-01-09,WH_A,East,SKU0057,Electronics,2,123.29
101703,2025-01-09,WH_B,Central,SKU0094,Hardware,6,22.5
101704,2025-01-09,WH_B,Central,SKU0034,Office,3,32.69
101705,2025-01-09,WH_B,Central,SKU0020,Electronics,5,199.2
101706,2025-01-09,WH_A,East,SKU0094,Hardware,2,166.96
101707,2025-01-09,WH_A,East,SKU0073,Office,4,123.41
101708,2025-01-09,WH_B,Central,SKU0049,Housewares,7,112.07
101709,2025-01-09,WH_B,Central,SKU0089,Electronics,6,147.77
101710,2025-01-09,WH_B,Central,SKU0067,Hardware,1,6.0
101711,2025-01-09,WH_C,West,SKU0096,Hardware,1,217.64
101712,2025-01-09,WH_B,Central,SKU0077,Office,1,108.26
101713,2025-01-09,WH_A,East,SKU0012,Housewares,2,75.14
101714,2025-01-09,WH_B,Central,SKU0021,Sports,2,97.06
101715,2025-01-09,WH_C,West,SKU0018,Housewares,7,143.17
101716,2025-01-09,WH_A,East,SKU0016,Housewares,5,173.28
101717,2025-01-09,WH_C,West,SKU0023,Hardware,1,217.58
101718,2025-01-09,WH_A,East,SKU0017,Hardware,1,114.92
101719,2025-01-09,WH_A,East,SKU0050,Hardware,1,136.7
101720,2025-01-09,WH_B,Central,SKU0029,Sports,1,182.09
101721,2025-01-09,WH_B,Central,SKU0003,Hardware,8,178.73
101722,2025-01-09,WH_A,East,SKU0063,Housewares,1,152.02
101723,2025-01-09,WH_B,Central,SKU0056,Housewares,6,71.16
101724,2025-01-09,WH_B,Central,SKU0055,Housewares,1,37.04
101725,2025-01-09,WH_A,East,SKU0028,Electronics,2,184.37
101726,2025-01-09,WH_A,East,SKU0094,Hardware,3,116.2
101727,2025-01-09,WH_C,West,SKU0011,Hardware,3,160.32
101728,2025-01-09,WH_B,Central,SKU0037,Sports,2,54.58
101729,2025-01-09,WH_B,Central,SKU0013,Electronics,1,89.38
101730,2025-01-09,WH_B,Central,SKU0020,Electronics,4,194.9
101731,2025-01-09,WH_A,East,SKU0047,Electronics,1,18.51
101732,2025-01-09,WH_A,East,SKU0089,Electronics,4,105.42
101733,2025-01-09,WH_C,West,SKU0039,Office,1,33.67
101734,2025-01-09,WH_C,West,SKU0062,Housewares,1,109.79
101735,2025-01-09,WH_B,Central,SKU0004,Hardware,1,175.64
101736,2025-01-09,WH_A,East,SKU0039,Office,11,55.66
101737,2025-01-09,WH_C,West,SKU0097,Office,1,87.64
101738,2025-01-09,WH_B,Central,SKU0067,Hardware,1,175.94
101739,2025-01-09,WH_A,East,SKU0099,Office,1,30.53
101740,2025-01-09,WH_C,West,SKU0009,Hardware,3,199.69
101741,2025-01-09,WH_A,East,SKU0076,Hardware,1,38.51
101742,2025-01-09,WH_C,West,SKU0049,Housewares,2,56.04
101743,2025-01-09,WH_B,Central,SKU0017,Hardware,1,195.45
101744,2025-01-09,WH_C,West,SKU0046,Hardware,1,202.53
101745,2025-01-09,WH_A,East,SKU0034,Office,3,58.83
101746,2025-01-09,WH_C,West,SKU0042,Electronics,2,155.45
101747,2025-01-09,WH_C,West,SKU0017,Hardware,1,40.51
101748,2025-01-09,WH_C,West,SKU0082,Hardware,2,174.99
101749,2025-01-09,WH_C,West,SKU0028,Electronics,1,22.16
101750,2025-01-09,WH_C,West,SKU0078,Housewares,7,175.27
101751,2025-01-09,WH_A,East,SKU0081,Housewares,2,162.69
101752,2025-01-09,WH_C,West,SKU0054,Office,1,246.18
101753,2025-01-09,WH_A,East,SKU0036,Housewares,1,186.09
101754,2025-01-09,WH_A,East,SKU0059,Electronics,1,220.87
101755,2025-01-09,WH_C,West,SKU0041,Sports,3,142.75
101756,2025-01-09,WH_A,East,SKU0074,Hardware,8,228.55
101757,2025-01-09,WH_B,Central,SKU0019,Sports,1,52.18
101758,2025-01-09,WH_C,West,SKU0061,Office,3,230.85
101759,2025-01-09,WH_B,Central,SKU0008,Electronics,1,14.38
101760,2025-01-09,WH_A,East,SKU0034,Office,3,52.7
101761,2025-01-09,WH_A,East,SKU0061,Office,2,99.25
101762,2025-01-09,WH_C,West,SKU0046,Hardware,2,233.45
101763,2025-01-09,WH_B,Central,SKU0059,Electronics,1,13.46
101764,2025-01-09,WH_A,East,SKU0030,Housewares,2,84.81
101765,2025-01-09,WH_C,West,SKU0015,Housewares,4,120.13
101766,2025-01-09,WH_C,West,SKU0061,Office,4,227.66
101767,2025-01-09,WH_A,East,SKU0025,Office,1,247.4
101768,2025-01-09,WH_A,East,SKU0056,Housewares,1,162.76
101769,2025-01-09,WH_C,West,SKU0087,Office,1,57.2
101770,2025-01-09,WH_B,Central,SKU0040,Housewares,3,16.32
101771,2025-01-09,WH_B,Central,SKU0038,Housewares,1,76.3
101772,2025-01-09,WH_A,East,SKU0016,Housewares,2,8.92
101773,2025-01-09,WH_B,Central,SKU0092,Housewares,1,158.31
101774,2025-01-09,WH_C,West,SKU0053,Hardware,1,21.57
101775,2025-01-09,WH_C,West,SKU0098,Housewares,2,153.43
101776,2025-01-09,WH_A,East,SKU0044,Hardware,2,174.82
101777,2025-01-09,WH_A,East,SKU0059,Electronics,1,171.24
101778,2025-01-09,WH_A,East,SKU0100,Office,1,101.21
101779,2025-01-09,WH_C,West,SKU0052,Hardware,1,205.69
101780,2025-01-09,WH_B,Central,SKU0081,Housewares,2,242.91
101781,2025-01-09,WH_C,West,SKU0022,Sports,8,249.65
101782,2025-01-09,WH_C,West,SKU0012,Housewares,1,153.61
101783,2025-01-09,WH_C,West,SKU0058,Sports,1,135.5
101784,2025-01-09,WH_B,Central,SKU0042,Electronics,1,16.78
101785,2025-01-09,WH_A,East,SKU0065,Sports,3,241.63
101786,2025-01-09,WH_B,Central,SKU0095,Electronics,2,85.75
101787,2025-01-09,WH_B,Central,SKU0037,Sports,8,94.34
101788,2025-01-09,WH_A,East,SKU0006,Sports,7,214.64
101789,2025-01-09,WH_B,Central,SKU0082,Hardware,2,170.83
101790,2025-01-09,WH_B,Central,SKU0037,Sports,3,162.07
101791,2025-01-09,WH_B,Central,SKU0070,Hardware,1,174.73
101792,2025-01-09,WH_B,Central,SKU0002,Electronics,1,178.96
101793,2025-01-09,WH_A,East,SKU0001,Housewares,2,68.64
101794,2025-01-09,WH_C,West,SKU0004,Hardware,4,104.29
101795,2025-01-09,WH_A,East,SKU0046,Hardware,1,11.78
101796,2025-01-09,WH_A,East,SKU0015,Housewares,1,46.0
101797,2025-01-09,WH_A,East,SKU0081,Housewares,1,66.77
101798,2025-01-09,WH_B,Central,SKU0083,Housewares,1,117.82
101799,2025-01-09,WH_B,Central,SKU0057,Electronics,2,144.91
101800,2025-01-09,WH_C,West,SKU0064,Sports,1,218.03
101801,2025-01-09,WH_C,West,SKU0099,Office,1,155.38
101802,2025-01-09,WH_C,West,SKU0063,Housewares,6,15.05
101803,2025-01-09,WH_A,East,SKU0033,Housewares,2,149.31
101804,2025-01-09,WH_C,West,SKU0083,Housewares,1,66.86
101805,2025-01-09,WH_A,East,SKU0013,Electronics,4,144.01
101806,2025-01-09,WH_A,East,SKU0073,Office,1,192.37
101807,2025-01-09,WH_B,Central,SKU0040,Housewares,4,89.62
101808,2025-01-09,WH_A,East,SKU0097,Office,2,167.81
101809,2025-01-09,WH_A,East,SKU0076,Hardware,1,159.11
101810,2025-01-09,WH_C,West,SKU0048,Hardware,1,76.55
101811,2025-01-09,WH_C,West,SKU0052,Hardware,1,234.33
101812,2025-01-09,WH_B,Central,SKU0062,Housewares,5,143.47
101813,2025-01-09,WH_B,Central,SKU0051,Hardware,2,18.76
101814,2025-01-09,WH_C,West,SKU0067,Hardware,3,85.39
101815,2025-01-09,WH_A,East,SKU0067,Hardware,2,210.86
101816,2025-01-09,WH_C,West,SKU0080,Hardware,1,153.73
101817,2025-01-09,WH_B,Central,SKU0004,Hardware,2,55.66
101818,2025-01-09,WH_A,East,SKU0073,Office,3,140.93
101819,2025-01-09,WH_A,East,SKU0063,Housewares,4,32.1
101820,2025-01-09,WH_B,Central,SKU0073,Office,1,249.49
101821,2025-01-09,WH_C,West,SKU0100,Office,3,172.65
101822,2025-01-09,WH_A,East,SKU0033,Housewares,1,28.0
101823,2025-01-09,WH_B,Central,SKU0049,Housewares,8,30.84
101824,2025-01-09,WH_B,Central,SKU0014,Electronics,14,35.82
101825,2025-01-09,WH_C,West,SKU0080,Hardware,1,80.55
101826,2025-01-09,WH_B,Central,SKU0072,Office,2,198.65
101827,2025-01-09,WH_A,East,SKU0019,Sports,10,92.91
101828,2025-01-09,WH_C,West,SKU0081,Housewares,1,156.09
101829,2025-01-09,WH_A,East,SKU0024,Electronics,3,102.37
101830,2025-01-10,WH_B,Central,SKU0078,Housewares,1,79.97
101831,2025-01-10,WH_A,East,SKU0087,Office,3,126.07
101832,2025-01-10,WH_B,Central,SKU0088,Housewares,4,58.45
101833,2025-01-10,WH_A,East,SKU0091,Electronics,5,43.19
101834,2025-01-10,WH_C,West,SKU0010,Electronics,1,149.85
101835,2025-01-10,WH_C,West,SKU0040,Housewares,4,70.21
101836,2025-01-10,WH_C,West,SKU0099,Office,8,178.0
101837,2025-01-10,WH_B,Central,SKU0043,Hardware,1,182.81
101838,2025-01-10,WH_C,West,SKU0018,Housewares,3,189.41
101839,2025-01-10,WH_C,West,SKU0084,Office,7,179.37
101840,2025-01-10,WH_A,East,SKU0088,Housewares,1,198.68
101841,2025-01-10,WH_B,Central,SKU0059,Electronics,3,145.69
101842,2025-01-10,WH_C,West,SKU0073,Office,1,230.66
101843,2025-01-10,WH_C,West,SKU0096,Hardware,2,158.89
101844,2025-01-10,WH_A,East,SKU0033,Housewares,1,196.3
101845,2025-01-10,WH_B,Central,SKU0058,Sports,1,203.61
101846,2025-01-10,WH_C,West,SKU0031,Sports,1,178.7
101847,2025-01-10,WH_C,West,SKU0007,Office,1,176.19
101848,2025-01-10,WH_A,East,SKU0052,Hardware,2,37.91
101849,2025-01-10,WH_B,Central,SKU0090,Electronics,1,241.32
101850,2025-01-10,WH_A,East,SKU0046,Hardware,4,78.55
101851,2025-01-10,WH_B,Central,SKU0058,Sports,8,195.84
101852,2025-01-10,WH_A,East,SKU0009,Hardware,1,152.88
101853,2025-01-10,WH_C,West,SKU0040,Housewares,1,28.69
101854,2025-01-10,WH_C,West,SKU0087,Office,4,51.81
101855,2025-01-10,WH_B,Central,SKU0094,Hardware,1,177.15
101856,2025-01-10,WH_C,West,SKU0070,Hardware,8,20.37
101857,2025-01-10,WH_C,West,SKU0035,Hardware,1,155.59
101858,2025-01-10,WH_B,Central,SKU0007,Office,4,230.63
101859,2025-01-10,WH_C,West,SKU0089,Electronics,1,158.8
101860,2025-01-10,WH_B,Central,SKU0065,Sports,1,197.88
101861,2025-01-10,WH_C,West,SKU0063,Housewares,1,224.18
101862,2025-01-10,WH_C,West,SKU0059,Electronics,1,192.26
101863,2025-01-10,WH_C,West,SKU0060,Hardware,1,141.53
101864,2025-01-10,WH_B,Central,SKU0042,Electronics,2,55.66
101865,2025-01-10,WH_A,East,SKU0007,Office,1,31.34
101866,2025-01-10,WH_A,East,SKU0020,Electronics,1,63.67
101867,2025-01-10,WH_C,West,SKU0031,Sports,2,179.83
101868,2025-01-10,WH_B,Central,SKU0080,Hardware,4,22.09
101869,2025-01-10,WH_A,East,SKU0011,Hardware,1,193.7
101870,2025-01-10,WH_A,East,SKU0046,Hardware,1,49.64
101871,2025-01-10,WH_C,West,SKU0027,Electronics,1,71.16
101872,2025-01-10,WH_A,East,SKU0026,Hardware,1,192.09
101873,2025-01-10,WH_C,West,SKU0061,Office,1,236.56
101874,2025-01-10,WH_A,East,SKU0016,Housewares,6,180.49
101875,2025-01-10,WH_B,Central,SKU0050,Hardware,1,73.58
101876,2025-01-10,WH_C,West,SKU0028,Electronics,1,91.88
101877,2025-01-10,WH_A,East,SKU0015,Housewares,6,35.26
101878,2025-01-10,WH_C,West,SKU0086,Hardware,3,154.67
101879,2025-01-10,WH_B,Central,SKU0014,Electronics,4,137.91
101880,2025-01-10,WH_C,West,SKU0082,Hardware,2,240.87
101881,2025-01-10,WH_A,East,SKU0085,Hardware,1,30.69
101882,2025-01-10,WH_C,West,SKU0052,Hardware,1,120.82
101883,2025-01-10,WH_C,West,SKU0088,Housewares,1,25.25
101884,2025-01-10,WH_A,East,SKU0003,Hardware,1,192.33
101885,2025-01-10,WH_A,East,SKU0045,Electronics,1,211.63
101886,2025-01-10,WH_A,East,SKU0033,Housewares,1,177.34
101887,2025-01-10,WH_C,West,SKU0018,Housewares,2,154.96
101888,2025-01-10,WH_C,West,SKU0055,Housewares,1,24.89
101889,2025-01-10,WH_B,Central,SKU0033,Housewares,8,209.84
101890,2025-01-10,WH_A,East,SKU0021,Sports,1,239.88
101891,2025-01-10,WH_A,East,SKU0011,Hardware,1,113.53
101892,2025-01-10,WH_C,West,SKU0021,Sports,4,80.71
101893,2025-01-10,WH_A,East,SKU0009,Hardware,1,105.47
101894,2025-01-10,WH_C,West,SKU0066,Sports,1,35.29
101895,2025-01-10,WH_C,West,SKU0099,Office,1,230.19
101896,2025-01-10,WH_A,East,SKU0100,Office,1,29.91
101897,2025-01-10,WH_A,East,SKU0044,Hardware,4,77.29
101898,2025-01-10,WH_B,Central,SKU0068,Electronics,1,240.84
101899,2025-01-10,WH_C,West,SKU0007,Office,7,30.91
101900,2025-01-10,WH_C,West,SKU0024,Electronics,6,223.26
101901,2025-01-10,WH_A,East,SKU0076,Hardware,3,134.79
101902,2025-01-10,WH_C,West,SKU0063,Housewares,1,34.74
101903,2025-01-10,WH_C,West,SKU0088,Housewares,2,206.38
101904,2025-01-10,WH_C,West,SKU0022,Sports,3,49.3
101905,2025-01-10,WH_C,West,SKU0064,Sports,1,138.87
101906,2025-01-10,WH_A,East,SKU0017,Hardware,2,22.7
101907,2025-01-10,WH_B,Central,SKU0049,Housewares,2,185.4
101908,2025-01-10,WH_A,East,SKU0058,Sports,1,65.32
101909,2025-01-10,WH_A,East,SKU0068,Electronics,1,235.25
101910,2025-01-10,WH_A,East,SKU0093,Sports,1,134.99
101911,2025-01-10,WH_B,Central,SKU0095,Electronics,3,96.01
101912,2025-01-10,WH_B,Central,SKU0073,Office,1,165.31
101913,2025-01-10,WH_A,East,SKU0056,Housewares,3,68.83
101914,2025-01-10,WH_C,West,SKU0093,Sports,1,168.01
101915,2025-01-10,WH_A,East,SKU0035,Hardware,3,11.39
101916,2025-01-10,WH_B,Central,SKU0056,Housewares,3,235.04
101917,2025-01-10,WH_A,East,SKU0069,Hardware,1,132.72
101918,2025-01-10,WH_B,Central,SKU0057,Electronics,3,61.37
101919,2025-01-10,WH_B,Central,SKU0098,Housewares,4,217.68
101920,2025-01-10,WH_C,West,SKU0018,Housewares,5,68.43
101921,2025-01-10,WH_A,East,SKU0060,Hardware,4,106.27
101922,2025-01-10,WH_A,East,SKU0093,Sports,1,46.15
101923,2025-01-10,WH_B,Central,SKU0073,Office,7,109.59
101924,2025-01-10,WH_C,West,SKU0021,Sports,6,44.09
101925,2025-01-10,WH_A,East,SKU0097,Office,4,31.95
101926,2025-01-10,WH_B,Central,SKU0023,Hardware,1,248.79
101927,2025-01-10,WH_B,Central,SKU0030,Housewares,1,118.08
101928,2025-01-10,WH_B,Central,SKU0044,Hardware,6,205.75
101929,2025-01-10,WH_A,East,SKU0002,Electronics,1,154.66
101930,2025-01-10,WH_C,West,SKU0023,Hardware,2,31.91
101931,2025-01-10,WH_C,West,SKU0049,Housewares,1,78.74
101932,2025-01-10,WH_A,East,SKU0070,Hardware,1,72.11
101933,2025-01-10,WH_A,East,SKU0047,Electronics,1,91.92
101934,2025-01-10,WH_B,Central,SKU0071,Hardware,1,124.37
101935,2025-01-10,WH_C,West,SKU0042,Electronics,1,198.14
101936,2025-01-10,WH_C,West,SKU0086,Hardware,5,65.8
101937,2025-01-10,WH_A,East,SKU0081,Housewares,1,181.97
101938,2025-01-10,WH_B,Central,SKU0046,Hardware,7,13.61
101939,2025-01-10,WH_A,East,SKU0077,Office,1,49.94
101940,2025-01-10,WH_C,West,SKU0001,Housewares,3,241.37
101941,2025-01-10,WH_B,Central,SKU0063,Housewares,4,145.39
101942,2025-01-10,WH_B,Central,SKU0099,Office,3,61.52
101943,2025-01-10,WH_C,West,SKU0099,Office,3,83.75
101944,2025-01-10,WH_B,Central,SKU0028,Electronics,1,62.96
101945,2025-01-10,WH_A,East,SKU0017,Hardware,3,192.97
101946,2025-01-10,WH_C,West,SKU0062,Housewares,2,20.64
101947,2025-01-10,WH_C,West,SKU0065,Sports,1,58.21
101948,2025-01-10,WH_C,West,SKU0056,Housewares,1,104.18
101949,2025-01-10,WH_C,West,SKU0046,Hardware,1,182.66
101950,2025-01-10,WH_B,Central,SKU0094,Hardware,3,89.94
101951,2025-01-10,WH_C,West,SKU0026,Hardware,2,29.72
101952,2025-01-10,WH_C,West,SKU0002,Electronics,1,215.1
101953,2025-01-10,WH_C,West,SKU0012,Housewares,3,30.47
101954,2025-01-10,WH_B,Central,SKU0064,Sports,5,171.77
101955,2025-01-10,WH_B,Central,SKU0088,Housewares,1,174.56
101956,2025-01-10,WH_C,West,SKU0034,Office,1,139.87
101957,2025-01-10,WH_C,West,SKU0027,Electronics,2,232.3
101958,2025-01-10,WH_A,East,SKU0044,Hardware,1,96.82
101959,2025-01-10,WH_C,West,SKU0024,Electronics,8,58.22
101960,2025-01-10,WH_A,East,SKU0091,Electronics,5,5.39
101961,2025-01-10,WH_C,West,SKU0023,Hardware,1,85.27
101962,2025-01-10,WH_B,Central,SKU0013,Electronics,4,30.52
101963,2025-01-10,WH_B,Central,SKU0034,Office,1,37.21
101964,2025-01-10,WH_B,Central,SKU0042,Electronics,1,128.23
101965,2025-01-10,WH_A,East,SKU0006,Sports,1,56.92
101966,2025-01-10,WH_B,Central,SKU0026,Hardware,1,176.76
101967,2025-01-10,WH_A,East,SKU0067,Hardware,1,122.5
101968,2025-01-10,WH_A,East,SKU0036,Housewares,1,97.76
101969,2025-01-10,WH_A,East,SKU0068,Electronics,5,232.78
101970,2025-01-10,WH_B,Central,SKU0051,Hardware,1,159.34
101971,2025-01-10,WH_C,West,SKU0017,Hardware,3,211.41
101972,2025-01-10,WH_A,East,SKU0019,Sports,6,119.66
101973,2025-01-10,WH_B,Central,SKU0022,Sports,12,242.85
101974,2025-01-10,WH_B,Central,SKU0100,Office,2,137.8
101975,2025-01-10,WH_C,West,SKU0022,Sports,3,96.58
101976,2025-01-10,WH_C,West,SKU0031,Sports,3,131.0
101977,2025-01-10,WH_C,West,SKU0054,Office,1,213.92
101978,2025-01-10,WH_B,Central,SKU0037,Sports,8,11.43
101979,2025-01-10,WH_B,Central,SKU0088,Housewares,4,99.52
101980,2025-01-10,WH_B,Central,SKU0078,Housewares,2,127.5
101981,2025-01-10,WH_B,Central,SKU0052,Hardware,2,126.32
101982,2025-01-10,WH_C,West,SKU0040,Housewares,5,172.46
101983,2025-01-10,WH_A,East,SKU0058,Sports,1,173.7
101984,2025-01-10,WH_C,West,SKU0072,Office,10,24.68
101985,2025-01-10,WH_B,Central,SKU0027,Electronics,1,218.26
101986,2025-01-10,WH_B,Central,SKU0041,Sports,4,234.06
101987,2025-01-10,WH_B,Central,SKU0018,Housewares,1,216.38
101988,2025-01-10,WH_C,West,SKU0008,Electronics,4,204.68
101989,2025-01-10,WH_B,Central,SKU0097,Office,2,17.72
101990,2025-01-10,WH_C,West,SKU0087,Office,2,104.9
101991,2025-01-10,WH_C,West,SKU0035,Hardware,2,186.37
101992,2025-01-10,WH_A,East,SKU0035,Hardware,2,76.68
101993,2025-01-10,WH_B,Central,SKU0027,Electronics,2,25.37
101994,2025-01-10,WH_B,Central,SKU0005,Sports,1,103.37
101995,2025-01-10,WH_B,Central,SKU0053,Hardware,4,206.55
101996,2025-01-10,WH_A,East,SKU0078,Housewares,2,217.66
101997,2025-01-10,WH_B,Central,SKU0027,Electronics,1,241.21
101998,2025-01-10,WH_A,East,SKU0079,Hardware,7,151.81
101999,2025-01-10,WH_B,Central,SKU0058,Sports,1,116.28
102000,2025-01-10,WH_B,Central,SKU0016,Housewares,1,158.96
102001,2025-01-10,WH_A,East,SKU0070,Hardware,1,123.04
102002,2025-01-10,WH_A,East,SKU0045,Electronics,1,49.55
102003,2025-01-10,WH_B,Central,SKU0084,Office,1,12.15
102004,2025-01-10,WH_A,East,SKU0092,Housewares,3,80.15
102005,2025-01-10,WH_C,West,SKU0090,Electronics,3,165.1
102006,2025-01-10,WH_C,West,SKU0027,Electronics,1,81.45
102007,2025-01-10,WH_A,East,SKU0036,Housewares,2,230.01
102008,2025-01-10,WH_C,West,SKU0088,Housewares,1,128.67
102009,2025-01-10,WH_B,Central,SKU0058,Sports,4,201.81
102010,2025-01-11,WH_A,East,SKU0039,Office,7,126.81
102011,2025-01-11,WH_C,West,SKU0015,Housewares,1,192.28
102012,2025-01-11,WH_A,East,SKU0037,Sports,1,107.49
102013,2025-01-11,WH_C,West,SKU0031,Sports,2,174.5
102014,2025-01-11,WH_C,West,SKU0038,Housewares,3,52.42
102015,2025-01-11,WH_B,Central,SKU0070,Hardware,11,48.71
102016,2025-01-11,WH_C,West,SKU0047,Electronics,1,167.69
102017,2025-01-11,WH_B,Central,SKU0002,Electronics,7,142.05
102018,2025-01-11,WH_B,Central,SKU0093,Sports,2,136.93
102019,2025-01-11,WH_C,West,SKU0094,Hardware,1,171.92
102020,2025-01-11,WH_C,West,SKU0024,Electronics,1,234.24
102021,2025-01-11,WH_B,Central,SKU0079,Hardware,1,79.02
102022,2025-01-11,WH_C,West,SKU0045,Electronics,2,121.95
102023,2025-01-11,WH_A,East,SKU0049,Housewares,1,82.03
102024,2025-01-11,WH_B,Central,SKU0065,Sports,1,206.13
102025,2025-01-11,WH_B,Central,SKU0040,Housewares,1,145.37
102026,2025-01-11,WH_C,West,SKU0077,Office,2,145.99
102027,2025-01-11,WH_C,West,SKU0010,Electronics,3,159.2
102028,2025-01-11,WH_A,East,SKU0003,Hardware,1,140.66
102029,2025-01-11,WH_A,East,SKU0080,Hardware,1,149.26
102030,2025-01-11,WH_B,Central,SKU0096,Hardware,1,14.66
102031,2025-01-11,WH_A,East,SKU0037,Sports,3,72.29
102032,2025-01-11,WH_C,West,SKU0012,Housewares,7,73.74
102033,2025-01-11,WH_B,Central,SKU0050,Hardware,17,118.42
102034,2025-01-11,WH_A,East,SKU0057,Electronics,1,23.69
102035,2025-01-11,WH_C,West,SKU0059,Electronics,1,18.77
102036,2025-01-11,WH_C,West,SKU0009,Hardware,1,84.52
102037,2025-01-11,WH_A,East,SKU0062,Housewares,1,112.34
102038,2025-01-11,WH_B,Central,SKU0059,Electronics,1,160.9
102039,2025-01-11,WH_C,West,SKU0007,Office,1,228.93
102040,2025-01-11,WH_A,East,SKU0031,Sports,2,157.81
102041,2025-01-11,WH_C,West,SKU0068,Electronics,1,141.98
102042,2025-01-11,WH_B,Central,SKU0018,Housewares,1,231.42
102043,2025-01-11,WH_C,West,SKU0071,Hardware,6,161.22
102044,2025-01-11,WH_A,East,SKU0033,Housewares,4,162.93
102045,2025-01-11,WH_C,West,SKU0051,Hardware,1,177.27
102046,2025-01-11,WH_B,Central,SKU0003,Hardware,1,172.23
102047,2025-01-11,WH_B,Central,SKU0092,Housewares,1,81.17
102048,2025-01-11,WH_A,East,SKU0071,Hardware,2,86.63
102049,2025-01-11,WH_B,Central,SKU0038,Housewares,3,133.06
102050,2025-01-11,WH_C,West,SKU0029,Sports,9,92.66
102051,2025-01-11,WH_A,East,SKU0024,Electronics,3,209.78
102052,2025-01-11,WH_C,West,SKU0095,Electronics,1,189.76
102053,2025-01-11,WH_B,Central,SKU0086,Hardware,1,36.54
102054,2025-01-11,WH_C,West,SKU0090,Electronics,1,187.22
102055,2025-01-11,WH_B,Central,SKU0087,Office,1,17.54
102056,2025-01-11,WH_A,East,SKU0058,Sports,2,89.94
102057,2025-01-11,WH_B,Central,SKU0072,Office,3,31.3
102058,2025-01-11,WH_B,Central,SKU0080,Hardware,1,104.01
102059,2025-01-11,WH_A,East,SKU0030,Housewares,2,206.93
102060,2025-01-11,WH_C,West,SKU0012,Housewares,2,226.14
102061,2025-01-11,WH_C,West,SKU0041,Sports,1,151.07
102062,2025-01-11,WH_C,West,SKU0026,Hardware,3,182.82
102063,2025-01-11,WH_B,Central,SKU0027,Electronics,13,119.67
102064,2025-01-11,WH_B,Central,SKU0021,Sports,1,213.79
102065,2025-01-11,WH_C,West,SKU0057,Electronics,1,14.07
102066,2025-01-11,WH_C,West,SKU0030,Housewares,1,65.57
102067,2025-01-11,WH_C,West,SKU0097,Office,1,246.59
102068,2025-01-11,WH_B,Central,SKU0074,Hardware,1,178.45
102069,2025-01-11,WH_A,East,SKU0020,Electronics,1,79.34
102070,2025-01-11,WH_A,East,SKU0069,Hardware,1,145.18
102071,2025-01-11,WH_B,Central,SKU0076,Hardware,1,181.0
102072,2025-01-11,WH_C,West,SKU0096,Hardware,3,108.21
102073,2025-01-11,WH_B,Central,SKU0092,Housewares,1,10.55
102074,2025-01-11,WH_C,West,SKU0055,Housewares,2,210.6
102075,2025-01-11,WH_A,East,SKU0084,Office,2,111.73
102076,2025-01-11,WH_A,East,SKU0086,Hardware,6,53.26
102077,2025-01-11,WH_C,West,SKU0081,Housewares,1,143.5
102078,2025-01-11,WH_B,Central,SKU0089,Electronics,1,249.44
102079,2025-01-11,WH_C,West,SKU0057,Electronics,1,17.67
102080,2025-01-11,WH_C,West,SKU0007,Office,1,135.46
102081,2025-01-11,WH_B,Central,SKU0047,Electronics,2,246.12
102082,2025-01-11,WH_C,West,SKU0053,Hardware,2,168.32
102083,2025-01-11,WH_C,West,SKU0067,Hardware,1,31.18
102084,2025-01-11,WH_C,West,SKU0055,Housewares,2,216.9
102085,2025-01-11,WH_C,West,SKU0007,Office,2,113.48
102086,2025-01-11,WH_B,Central,SKU0024,Electronics,2,119.85
102087,2025-01-11,WH_B,Central,SKU0025,Office,1,186.59
102088,2025-01-11,WH_B,Central,SKU0058,Sports,2,102.83
102089,2025-01-11,WH_C,West,SKU0001,Housewares,2,64.1
102090,2025-01-11,WH_C,West,SKU0080,Hardware,1,157.5
102091,2025-01-11,WH_B,Central,SKU0036,Housewares,1,188.5
102092,2025-01-11,WH_C,West,SKU0032,Sports,2,216.12
102093,2025-01-11,WH_A,East,SKU0043,Hardware,5,126.16
102094,2025-01-11,WH_A,East,SKU0007,Office,1,185.48
102095,2025-01-11,WH_A,East,SKU0066,Sports,1,150.68
102096,2025-01-11,WH_C,West,SKU0030,Housewares,1,159.74
102097,2025-01-11,WH_B,Central,SKU0070,Hardware,1,86.88
102098,2025-01-11,WH_C,West,SKU0025,Office,11,110.95
102099,2025-01-11,WH_A,East,SKU0071,Hardware,3,158.79
102100,2025-01-11,WH_B,Central,SKU0081,Housewares,1,188.24
102101,2025-01-11,WH_C,West,SKU0024,Electronics,1,200.74
102102,2025-01-11,WH_A,East,SKU0097,Office,2,82.69
102103,2025-01-11,WH_B,Central,SKU0023,Hardware,1,184.22
102104,2025-01-11,WH_A,East,SKU0035,Hardware,2,168.75
102105,2025-01-11,WH_B,Central,SKU0033,Housewares,1,197.81
102106,2025-01-11,WH_A,East,SKU0061,Office,1,156.87
102107,2025-01-11,WH_C,West,SKU0020,Electronics,1,83.75
102108,2025-01-11,WH_A,East,SKU0077,Office,3,72.18
102109,2025-01-11,WH_B,Central,SKU0090,Electronics,6,167.0
102110,2025-01-11,WH_A,East,SKU0062,Housewares,6,101.87
102111,2025-01-11,WH_C,West,SKU0096,Hardware,1,146.15
102112,2025-01-11,WH_A,East,SKU0088,Housewares,1,114.81
102113,2025-01-11,WH_C,West,SKU0039,Office,3,176.66
102114,2025-01-11,WH_A,East,SKU0023,Hardware,1,193.48
102115,2025-01-11,WH_B,Central,SKU0052,Hardware,2,141.39
102116,2025-01-11,WH_A,East,SKU0098,Housewares,1,108.1
102117,2025-01-11,WH_C,West,SKU0022,Sports,3,195.29
102118,2025-01-11,WH_A,East,SKU0055,Housewares,1,174.32
102119,2025-01-11,WH_A,East,SKU0018,Housewares,1,208.85
102120,2025-01-11,WH_B,Central,SKU0039,Office,2,194.92
102121,2025-01-11,WH_A,East,SKU0058,Sports,1,61.13
102122,2025-01-11,WH_B,Central,SKU0097,Office,1,98.46
102123,2025-01-11,WH_A,East,SKU0035,Hardware,1,56.98
102124,2025-01-11,WH_A,East,SKU0019,Sports,4,26.16
102125,2025-01-11,WH_A,East,SKU0069,Hardware,6,47.88
102126,2025-01-11,WH_C,West,SKU0064,Sports,11,247.17
102127,2025-01-11,WH_C,West,SKU0070,Hardware,1,247.02
102128,2025-01-11,WH_A,East,SKU0037,Sports,6,25.2
102129,2025-01-11,WH_B,Central,SKU0078,Housewares,8,15.42
102130,2025-01-11,WH_B,Central,SKU0032,Sports,1,148.23
102131,2025-01-11,WH_A,East,SKU0001,Housewares,1,44.62
102132,2025-01-11,WH_C,West,SKU0037,Sports,9,248.7
102133,2025-01-11,WH_B,Central,SKU0083,Housewares,4,131.23
102134,2025-01-11,WH_A,East,SKU0098,Housewares,6,32.42
102135,2025-01-11,WH_A,East,SKU0019,Sports,8,91.13
102136,2025-01-11,WH_B,Central,SKU0011,Hardware,5,168.75
102137,2025-01-11,WH_B,Central,SKU0046,Hardware,9,216.85
102138,2025-01-11,WH_B,Central,SKU0006,Sports,6,159.78
102139,2025-01-11,WH_C,West,SKU0026,Hardware,5,190.5
102140,2025-01-11,WH_C,West,SKU0060,Hardware,1,163.91
102141,2025-01-11,WH_A,East,SKU0025,Office,1,218.02
102142,2025-01-11,WH_A,East,SKU0097,Office,1,246.83
102143,2025-01-11,WH_A,East,SKU0001,Housewares,1,46.8
102144,2025-01-11,WH_A,East,SKU0073,Office,8,16.13
102145,2025-01-11,WH_B,Central,SKU0049,Housewares,1,193.71
102146,2025-01-11,WH_C,West,SKU0007,Office,1,134.56
102147,2025-01-11,WH_C,West,SKU0091,Electronics,3,238.23
102148,2025-01-11,WH_B,Central,SKU0046,Hardware,1,43.52
102149,2025-01-11,WH_B,Central,SKU0082,Hardware,2,107.53
102150,2025-01-11,WH_C,West,SKU0100,Office,1,77.76
102151,2025-01-11,WH_B,Central,SKU0012,Housewares,2,221.41
102152,2025-01-11,WH_B,Central,SKU0047,Electronics,1,57.75
102153,2025-01-11,WH_B,Central,SKU0050,Hardware,3,18.77
102154,2025-01-11,WH_C,West,SKU0078,Housewares,3,82.04
102155,2025-01-11,WH_A,East,SKU0075,Sports,1,104.36
102156,2025-01-11,WH_A,East,SKU0003,Hardware,1,211.1
102157,2025-01-11,WH_B,Central,SKU0035,Hardware,8,139.26
102158,2025-01-11,WH_C,West,SKU0043,Hardware,2,22.27
102159,2025-01-11,WH_A,East,SKU0063,Housewares,3,148.1
102160,2025-01-11,WH_B,Central,SKU0091,Electronics,1,53.61
102161,2025-01-11,WH_A,East,SKU0042,Electronics,1,46.89
102162,2025-01-11,WH_A,East,SKU0021,Sports,3,232.47
102163,2025-01-11,WH_C,West,SKU0058,Sports,4,121.96
102164,2025-01-11,WH_B,Central,SKU0057,Electronics,1,99.68
102165,2025-01-11,WH_C,West,SKU0095,Electronics,2,93.01
102166,2025-01-11,WH_B,Central,SKU0094,Hardware,1,152.7
102167,2025-01-11,WH_C,West,SKU0007,Office,1,8.46
102168,2025-01-11,WH_C,West,SKU0060,Hardware,1,72.16
102169,2025-01-11,WH_A,East,SKU0085,Hardware,2,91.79
102170,2025-01-11,WH_B,Central,SKU0090,Electronics,1,59.67
102171,2025-01-11,WH_A,East,SKU0088,Housewares,1,237.41
102172,2025-01-11,WH_B,Central,SKU0030,Housewares,1,8.62
102173,2025-01-11,WH_B,Central,SKU0021,Sports,3,61.95
102174,2025-01-11,WH_C,West,SKU0085,Hardware,2,41.93
102175,2025-01-11,WH_C,West,SKU0077,Office,12,242.71
102176,2025-01-11,WH_A,East,SKU0098,Housewares,3,178.26
102177,2025-01-11,WH_C,West,SKU0097,Office,1,240.73
102178,2025-01-11,WH_B,Central,SKU0077,Office,1,63.67
102179,2025-01-11,WH_A,East,SKU0043,Hardware,1,55.99
102180,2025-01-11,WH_B,Central,SKU0050,Hardware,2,65.05
102181,2025-01-11,WH_B,Central,SKU0036,Housewares,3,98.64
102182,2025-01-11,WH_B,Central,SKU0068,Electronics,6,141.83
102183,2025-01-11,WH_A,East,SKU0001,Housewares,2,141.36
102184,2025-01-11,WH_B,Central,SKU0041,Sports,6,20.54
102185,2025-01-11,WH_B,Central,SKU0084,Office,1,176.93
102186,2025-01-11,WH_C,West,SKU0060,Hardware,4,111.23
102187,2025-01-11,WH_A,East,SKU0042,Electronics,1,73.1
102188,2025-01-11,WH_A,East,SKU0034,Office,1,228.43
102189,2025-01-11,WH_A,East,SKU0059,Electronics,1,163.78
102190,2025-01-12,WH_C,West,SKU0062,Housewares,4,10.38
102191,2025-01-12,WH_B,Central,SKU0085,Hardware,1,86.62
102192,2025-01-12,WH_A,East,SKU0046,Hardware,3,68.9
102193,2025-01-12,WH_A,East,SKU0017,Hardware,1,75.6
102194,2025-01-12,WH_B,Central,SKU0096,Hardware,1,58.76
102195,2025-01-12,WH_C,West,SKU0036,Housewares,1,36.37
102196,2025-01-12,WH_C,West,SKU0055,Housewares,3,67.7
102197,2025-01-12,WH_B,Central,SKU0030,Housewares,3,151.76
102198,2025-01-12,WH_C,West,SKU0084,Office,6,26.54
102199,2025-01-12,WH_A,East,SKU0063,Housewares,1,216.97
102200,2025-01-12,WH_C,West,SKU0071,Hardware,5,52.07
102201,2025-01-12,WH_B,Central,SKU0019,Sports,1,214.78
102202,2025-01-12,WH_A,East,SKU0072,Office,1,218.42
102203,2025-01-12,WH_B,Central,SKU0015,Housewares,9,59.1
102204,2025-01-12,WH_C,West,SKU0001,Housewares,5,108.84
102205,2025-01-12,WH_A,East,SKU0064,Sports,4,104.81
102206,2025-01-12,WH_A,East,SKU0062,Housewares,1,179.61
102207,2025-01-12,WH_A,East,SKU0018,Housewares,1,232.12
102208,2025-01-12,WH_A,East,SKU0078,Housewares,1,25.09
102209,2025-01-12,WH_B,Central,SKU0002,Electronics,1,216.32
102210,2025-01-12,WH_A,East,SKU0068,Electronics,1,214.8
102211,2025-01-12,WH_B,Central,SKU0070,Hardware,1,119.71
102212,2025-01-12,WH_C,West,SKU0099,Office,6,16.86
102213,2025-01-12,WH_B,Central,SKU0090,Electronics,1,227.91
102214,2025-01-12,WH_C,West,SKU0033,Housewares,2,180.48
102215,2025-01-12,WH_A,East,SKU0089,Electronics,5,133.28
102216,2025-01-12,WH_B,Central,SKU0047,Electronics,5,161.5
102217,2025-01-12,WH_A,East,SKU0048,Hardware,3,42.45
102218,2025-01-12,WH_A,East,SKU0068,Electronics,8,200.04
102219,2025-01-12,WH_A,East,SKU0060,Hardware,1,147.1
102220,2025-01-12,WH_C,West,SKU0037,Sports,1,166.8
102221,2025-01-12,WH_C,West,SKU0060,Hardware,15,16.21
102222,2025-01-12,WH_A,East,SKU0055,Housewares,9,22.74
102223,2025-01-12,WH_C,West,SKU0064,Sports,1,123.12
102224,2025-01-12,WH_C,West,SKU0034,Office,1,143.84
102225,2025-01-12,WH_B,Central,SKU0030,Housewares,5,77.02
102226,2025-01-12,WH_C,West,SKU0084,Office,1,159.91
102227,2025-01-12,WH_A,East,SKU0085,Hardware,4,238.86
102228,2025-01-12,WH_A,East,SKU0060,Hardware,1,225.83
102229,2025-01-12,WH_C,West,SKU0035,Hardware,1,62.76
102230,2025-01-12,WH_C,West,SKU0065,Sports,9,63.42
102231,2025-01-12,WH_B,Central,SKU0015,Housewares,3,197.3
102232,2025-01-12,WH_C,West,SKU0048,Hardware,1,174.05
102233,2025-01-12,WH_C,West,SKU0008,Electronics,2,52.05
102234,2025-01-12,WH_A,East,SKU0058,Sports,4,232.36
102235,2025-01-12,WH_B,Central,SKU0055,Housewares,2,248.61
102236,2025-01-12,WH_B,Central,SKU0031,Sports,1,122.54
102237,2025-01-12,WH_A,East,SKU0025,Office,3,50.51
102238,2025-01-12,WH_C,West,SKU0008,Electronics,6,201.31
102239,2025-01-12,WH_A,East,SKU0043,Hardware,6,154.34
102240,2025-01-12,WH_B,Central,SKU0086,Hardware,6,171.59
102241,2025-01-12,WH_A,East,SKU0062,Housewares,2,233.29
102242,2025-01-12,WH_A,East,SKU0088,Housewares,1,127.64
102243,2025-01-12,WH_C,West,SKU0001,Housewares,1,237.18
102244,2025-01-12,WH_B,Central,SKU0076,Hardware,1,54.35
102245,2025-01-12,WH_C,West,SKU0039,Office,1,116.07
102246,2025-01-12,WH_B,Central,SKU0062,Housewares,1,186.49
102247,2025-01-12,WH_A,East,SKU0065,Sports,1,181.59
102248,2025-01-12,WH_C,West,SKU0003,Hardware,1,61.34
102249,2025-01-12,WH_B,Central,SKU0062,Housewares,4,95.92
102250,2025-01-12,WH_A,East,SKU0052,Hardware,1,240.54
102251,2025-01-12,WH_A,East,SKU0068,Electronics,1,41.8
102252,2025-01-12,WH_A,East,SKU0061,Office,1,28.43
102253,2025-01-12,WH_C,West,SKU0009,Hardware,1,212.38
102254,2025-01-12,WH_C,West,SKU0017,Hardware,1,32.3
102255,2025-01-12,WH_C,West,SKU0091,Electronics,6,113.73
102256,2025-01-12,WH_A,East,SKU0088,Housewares,1,147.47
102257,2025-01-12,WH_C,West,SKU0063,Housewares,1,109.71
102258,2025-01-12,WH_B,Central,SKU0033,Housewares,2,239.49
102259,2025-01-12,WH_B,Central,SKU0084,Office,1,192.44
102260,2025-01-12,WH_A,East,SKU0018,Housewares,1,111.23
102261,2025-01-12,WH_A,East,SKU0071,Hardware,1,125.65
102262,2025-01-12,WH_C,West,SKU0034,Office,1,245.05
102263,2025-01-12,WH_B,Central,SKU0061,Office,7,147.64
102264,2025-01-12,WH_C,West,SKU0046,Hardware,1,141.45
102265,2025-01-12,WH_C,West,SKU0076,Hardware,4,14.32
102266,2025-01-12,WH_C,West,SKU0099,Office,1,15.45
102267,2025-01-12,WH_B,Central,SKU0083,Housewares,1,27.57
102268,2025-01-12,WH_C,West,SKU0038,Housewares,9,46.36
102269,2025-01-12,WH_C,West,SKU0099,Office,1,243.15
102270,2025-01-12,WH_C,West,SKU0010,Electronics,2,190.71
102271,2025-01-12,WH_A,East,SKU0059,Electronics,1,135.55
102272,2025-01-12,WH_C,West,SKU0077,Office,1,105.16
102273,2025-01-12,WH_B,Central,SKU0018,Housewares,2,131.03
102274,2025-01-12,WH_B,Central,SKU0079,Hardware,1,198.04
102275,2025-01-12,WH_B,Central,SKU0038,Housewares,2,160.85
102276,2025-01-12,WH_C,West,SKU0098,Housewares,1,216.07
102277,2025-01-12,WH_B,Central,SKU0059,Electronics,1,123.12
102278,2025-01-12,WH_B,Central,SKU0097,Office,1,223.52
102279,2025-01-12,WH_C,West,SKU0074,Hardware,6,59.95
102280,2025-01-12,WH_C,West,SKU0059,Electronics,4,30.21
102281,2025-01-12,WH_B,Central,SKU0089,Electronics,1,209.96
102282,2025-01-12,WH_A,East,SKU0084,Office,1,42.92
102283,2025-01-12,WH_B,Central,SKU0038,Housewares,2,205.11
102284,2025-01-12,WH_A,East,SKU0068,Electronics,1,32.98
102285,2025-01-12,WH_C,West,SKU0003,Hardware,1,11.09
102286,2025-01-12,WH_B,Central,SKU0086,Hardware,1,235.96
102287,2025-01-12,WH_A,East,SKU0050,Hardware,1,151.4
102288,2025-01-12,WH_C,West,SKU0002,Electronics,7,158.82
102289,2025-01-12,WH_A,East,SKU0036,Housewares,1,151.12
102290,2025-01-12,WH_C,West,SKU0014,Electronics,7,84.03
102291,2025-01-12,WH_A,East,SKU0077,Office,1,65.97
102292,2025-01-12,WH_C,West,SKU0100,Office,2,63.3
102293,2025-01-12,WH_A,East,SKU0039,Office,3,162.99
102294,2025-01-12,WH_B,Central,SKU0096,Hardware,1,182.03
102295,2025-01-12,WH_B,Central,SKU0071,Hardware,1,188.63
102296,2025-01-12,WH_B,Central,SKU0089,Electronics,2,159.37
102297,2025-01-12,WH_B,Central,SKU0093,Sports,1,156.44
102298,2025-01-12,WH_B,Central,SKU0021,Sports,2,124.04
102299,2025-01-12,WH_B,Central,SKU0057,Electronics,1,6.87
102300,2025-01-12,WH_B,Central,SKU0073,Office,1,103.22
102301,2025-01-12,WH_C,West,SKU0009,Hardware,1,154.94
102302,2025-01-12,WH_C,West,SKU0074,Hardware,1,71.0
102303,2025-01-12,WH_C,West,SKU0053,Hardware,2,150.12
102304,2025-01-12,WH_B,Central,SKU0012,Housewares,2,221.0
102305,2025-01-12,WH_B,Central,SKU0063,Housewares,4,17.79
102306,2025-01-12,WH_C,West,SKU0086,Hardware,2,107.36
102307,2025-01-12,WH_A,East,SKU0012,Housewares,1,239.68
102308,2025-01-12,WH_B,Central,SKU0080,Hardware,1,181.26
102309,2025-01-12,WH_C,West,SKU0088,Housewares,10,42.0
102310,2025-01-12,WH_A,East,SKU0021,Sports,1,81.84
102311,2025-01-12,WH_A,East,SKU0024,Electronics,1,33.61
102312,2025-01-12,WH_B,Central,SKU0063,Housewares,14,240.24
102313,2025-01-12,WH_C,West,SKU0067,Hardware,3,189.48
102314,2025-01-12,WH_A,East,SKU0077,Office,1,150.83
102315,2025-01-12,WH_C,West,SKU0051,Hardware,1,97.7
102316,2025-01-12,WH_A,East,SKU0042,Electronics,1,155.42
102317,2025-01-12,WH_C,West,SKU0051,Hardware,1,30.35
102318,2025-01-12,WH_A,East,SKU0062,Housewares,2,160.85
102319,2025-01-12,WH_A,East,SKU0052,Hardware,1,40.98
102320,2025-01-12,WH_A,East,SKU0068,Electronics,6,17.97
102321,2025-01-12,WH_C,West,SKU0074,Hardware,3,39.31
102322,2025-01-12,WH_A,East,SKU0094,Hardware,3,167.6
102323,2025-01-12,WH_A,East,SKU0006,Sports,4,101.78
102324,2025-01-12,WH_C,West,SKU0030,Housewares,1,203.71
102325,2025-01-12,WH_A,East,SKU0024,Electronics,1,212.54
102326,2025-01-12,WH_B,Central,SKU0061,Office,4,127.09
102327,2025-01-12,WH_B,Central,SKU0088,Housewares,22,118.21
102328,2025-01-12,WH_A,East,SKU0042,Electronics,3,169.1
102329,2025-01-12,WH_A,East,SKU0036,Housewares,2,148.41
102330,2025-01-12,WH_C,West,SKU0076,Hardware,4,145.05
102331,2025-01-12,WH_C,West,SKU0098,Housewares,1,167.21
102332,2025-01-12,WH_B,Central,SKU0035,Hardware,1,31.75
102333,2025-01-12,WH_C,West,SKU0002,Electronics,1,109.31
102334,2025-01-12,WH_A,East,SKU0087,Office,6,162.61
102335,2025-01-12,WH_A,East,SKU0030,Housewares,10,14.79
102336,2025-01-12,WH_B,Central,SKU0077,Office,3,81.98
102337,2025-01-12,WH_B,Central,SKU0071,Hardware,1,207.35
102338,2025-01-12,WH_C,West,SKU0079,Hardware,1,57.45
102339,2025-01-12,WH_C,West,SKU0099,Office,1,198.15
102340,2025-01-12,WH_A,East,SKU0079,Hardware,2,69.89
102341,2025-01-12,WH_A,East,SKU0050,Hardware,1,31.84
102342,2025-01-12,WH_A,East,SKU0026,Hardware,1,217.7
102343,2025-01-12,WH_A,East,SKU0089,Electronics,7,242.15
102344,2025-01-12,WH_C,West,SKU0035,Hardware,5,222.41
102345,2025-01-12,WH_A,East,SKU0058,Sports,5,239.72
102346,2025-01-12,WH_A,East,SKU0081,Housewares,5,118.19
102347,2025-01-12,WH_A,East,SKU0023,Hardware,1,148.13
102348,2025-01-12,WH_A,East,SKU0035,Hardware,2,145.85
102349,2025-01-12,WH_A,East,SKU0041,Sports,3,176.25
102350,2025-01-12,WH_A,East,SKU0017,Hardware,1,74.95
102351,2025-01-12,WH_C,West,SKU0088,Housewares,6,149.56
102352,2025-01-12,WH_C,West,SKU0062,Housewares,1,213.36
102353,2025-01-12,WH_B,Central,SKU0049,Housewares,1,105.25
102354,2025-01-12,WH_A,East,SKU0037,Sports,1,218.48
102355,2025-01-12,WH_A,East,SKU0018,Housewares,3,117.76
102356,2025-01-12,WH_A,East,SKU0096,Hardware,8,232.22
102357,2025-01-12,WH_A,East,SKU0006,Sports,3,223.54
102358,2025-01-12,WH_C,West,SKU0052,Hardware,3,158.91
102359,2025-01-12,WH_A,East,SKU0083,Housewares,1,72.0
102360,2025-01-12,WH_C,West,SKU0046,Hardware,1,201.21
102361,2025-01-12,WH_A,East,SKU0038,Housewares,1,105.54
102362,2025-01-12,WH_B,Central,SKU0064,Sports,1,116.38
102363,2025-01-12,WH_B,Central,SKU0082,Hardware,1,208.27
102364,2025-01-12,WH_A,East,SKU0083,Housewares,11,235.68
102365,2025-01-12,WH_A,East,SKU0076,Hardware,2,244.92
102366,2025-01-12,WH_A,East,SKU0073,Office,1,133.01
102367,2025-01-12,WH_A,East,SKU0086,Hardware,1,225.01
102368,2025-01-12,WH_C,West,SKU0028,Electronics,1,154.57
102369,2025-01-12,WH_C,West,SKU0038,Housewares,4,150.87
102370,2025-01-13,WH_C,West,SKU0098,Housewares,1,154.8
102371,2025-01-13,WH_A,East,SKU0058,Sports,4,51.02
102372,2025-01-13,WH_B,Central,SKU0014,Electronics,4,220.25
102373,2025-01-13,WH_B,Central,SKU0085,Hardware,12,105.46
102374,2025-01-13,WH_B,Central,SKU0051,Hardware,1,107.67
102375,2025-01-13,WH_B,Central,SKU0060,Hardware,3,223.38
102376,2025-01-13,WH_C,West,SKU0067,Hardware,8,227.85
102377,2025-01-13,WH_B,Central,SKU0028,Electronics,3,172.22
102378,2025-01-13,WH_A,East,SKU0015,Housewares,1,94.11
102379,2025-01-13,WH_B,Central,SKU0085,Hardware,7,173.96
102380,2025-01-13,WH_A,East,SKU0077,Office,1,30.54
102381,2025-01-13,WH_C,West,SKU0026,Hardware,1,140.96
102382,2025-01-13,WH_C,West,SKU0100,Office,6,28.47
102383,2025-01-13,WH_B,Central,SKU0045,Electronics,1,165.48
102384,2025-01-13,WH_A,East,SKU0024,Electronics,1,46.58
102385,2025-01-13,WH_A,East,SKU0001,Housewares,1,125.69
102386,2025-01-13,WH_A,East,SKU0039,Office,2,226.57
102387,2025-01-13,WH_A,East,SKU0029,Sports,2,174.36
102388,2025-01-13,WH_C,West,SKU0043,Hardware,1,179.8
102389,2025-01-13,WH_B,Central,SKU0049,Housewares,3,57.96
102390,2025-01-13,WH_C,West,SKU0080,Hardware,3,56.82
102391,2025-01-13,WH_A,East,SKU0017,Hardware,2,168.87
102392,2025-01-13,WH_C,West,SKU0089,Electronics,3,227.77
102393,2025-01-13,WH_C,West,SKU0054,Office,8,203.5
102394,2025-01-13,WH_A,East,SKU0030,Housewares,6,9.74
102395,2025-01-13,WH_B,Central,SKU0002,Electronics,1,14.73
102396,2025-01-13,WH_A,East,SKU0023,Hardware,1,98.52
102397,2025-01-13,WH_A,East,SKU0024,Electronics,6,130.38
102398,2025-01-13,WH_A,East,SKU0093,Sports,3,93.89
102399,2025-01-13,WH_C,West,SKU0008,Electronics,2,204.81
102400,2025-01-13,WH_C,West,SKU0010,Electronics,1,233.4
102401,2025-01-13,WH_B,Central,SKU0071,Hardware,1,230.23
102402,2025-01-13,WH_A,East,SKU0050,Hardware,1,137.97
102403,2025-01-13,WH_A,East,SKU0022,Sports,12,154.4
102404,2025-01-13,WH_C,West,SKU0049,Housewares,2,172.21
102405,2025-01-13,WH_C,West,SKU0014,Electronics,1,18.21
102406,2025-01-13,WH_A,East,SKU0045,Electronics,1,48.18
102407,2025-01-13,WH_C,West,SKU0037,Sports,7,213.8
102408,2025-01-13,WH_A,East,SKU0017,Hardware,1,209.84
102409,2025-01-13,WH_C,West,SKU0100,Office,1,53.9
102410,2025-01-13,WH_A,East,SKU0099,Office,4,85.1
102411,2025-01-13,WH_B,Central,SKU0021,Sports,1,181.4
102412,2025-01-13,WH_C,West,SKU0022,Sports,13,143.66
102413,2025-01-13,WH_B,Central,SKU0019,Sports,1,96.36
102414,2025-01-13,WH_C,West,SKU0019,Sports,3,176.84
102415,2025-01-13,WH_C,West,SKU0086,Hardware,6,227.66
102416,2025-01-13,WH_A,East,SKU0005,Sports,5,163.88
102417,2025-01-13,WH_B,Central,SKU0007,Office,1,171.43
102418,2025-01-13,WH_B,Central,SKU0022,Sports,3,58.41
102419,2025-01-13,WH_A,East,SKU0095,Electronics,2,56.01
102420,2025-01-13,WH_A,East,SKU0043,Hardware,6,84.2
102421,2025-01-13,WH_C,West,SKU0060,Hardware,4,97.42
102422,2025-01-13,WH_B,Central,SKU0056,Housewares,4,59.12
102423,2025-01-13,WH_C,West,SKU0091,Electronics,4,48.99
102424,2025-01-13,WH_C,West,SKU0021,Sports,2,32.84
102425,2025-01-13,WH_C,West,SKU0016,Housewares,2,206.08
102426,2025-01-13,WH_C,West,SKU0054,Office,4,17.43
102427,2025-01-13,WH_B,Central,SKU0019,Sports,2,213.8
102428,2025-01-13,WH_C,West,SKU0037,Sports,3,19.5
102429,2025-01-13,WH_C,West,SKU0055,Housewares,1,141.36
102430,2025-01-13,WH_B,Central,SKU0018,Housewares,1,172.07
102431,2025-01-13,WH_C,West,SKU0023,Hardware,3,54.6
102432,2025-01-13,WH_A,East,SKU0053,Hardware,2,203.87
102433,2025-01-13,WH_C,West,SKU0099,Office,1,65.51
102434,2025-01-13,WH_C,West,SKU0088,Housewares,3,22.35
102435,2025-01-13,WH_B,Central,SKU0056,Housewares,5,236.15
102436,2025-01-13,WH_C,West,SKU0051,Hardware,10,110.97
102437,2025-01-13,WH_C,West,SKU0058,Sports,2,215.05
102438,2025-01-13,WH_B,Central,SKU0067,Hardware,1,11.79
102439,2025-01-13,WH_C,West,SKU0092,Housewares,1,221.67
102440,2025-01-13,WH_A,East,SKU0061,Office,2,134.9
102441,2025-01-13,WH_B,Central,SKU0057,Electronics,3,145.76
102442,2025-01-13,WH_B,Central,SKU0089,Electronics,1,142.41
102443,2025-01-13,WH_C,West,SKU0029,Sports,3,162.19
102444,2025-01-13,WH_A,East,SKU0001,Housewares,3,132.38
102445,2025-01-13,WH_C,West,SKU0021,Sports,6,118.74
102446,2025-01-13,WH_C,West,SKU0075,Sports,2,196.17
102447,2025-01-13,WH_A,East,SKU0032,Sports,5,163.85
102448,2025-01-13,WH_A,East,SKU0031,Sports,1,86.33
102449,2025-01-13,WH_B,Central,SKU0057,Electronics,1,77.39
102450,2025-01-13,WH_B,Central,SKU0010,Electronics,2,202.28
102451,2025-01-13,WH_A,East,SKU0013,Electronics,2,14.77
102452,2025-01-13,WH_C,West,SKU0006,Sports,1,146.63
102453,2025-01-13,WH_C,West,SKU0057,Electronics,3,217.28
102454,2025-01-13,WH_A,East,SKU0019,Sports,10,223.49
102455,2025-01-13,WH_C,West,SKU0078,Housewares,1,188.0
102456,2025-01-13,WH_C,West,SKU0098,Housewares,1,20.64
102457,2025-01-13,WH_A,East,SKU0004,Hardware,1,64.12
102458,2025-01-13,WH_C,West,SKU0065,Sports,1,213.32
102459,2025-01-13,WH_B,Central,SKU0097,Office,2,203.67
102460,2025-01-13,WH_A,East,SKU0012,Housewares,8,248.51
102461,2025-01-13,WH_B,Central,SKU0014,Electronics,8,180.56
102462,2025-01-13,WH_B,Central,SKU0001,Housewares,1,151.51
102463,2025-01-13,WH_B,Central,SKU0080,Hardware,5,224.9
102464,2025-01-13,WH_A,East,SKU0097,Office,9,184.0
102465,2025-01-13,WH_A,East,SKU0049,Housewares,2,242.25
102466,2025-01-13,WH_A,East,SKU0058,Sports,9,122.0
102467,2025-01-13,WH_C,West,SKU0049,Housewares,3,203.27
102468,2025-01-13,WH_C,West,SKU0009,Hardware,1,208.2
102469,2025-01-13,WH_B,Central,SKU0037,Sports,1,122.88
102470,2025-01-13,WH_B,Central,SKU0054,Office,1,172.74
102471,2025-01-13,WH_C,West,SKU0094,Hardware,1,30.29
102472,2025-01-13,WH_A,East,SKU0005,Sports,6,79.42
102473,2025-01-13,WH_C,West,SKU0012,Housewares,1,195.33
102474,2025-01-13,WH_B,Central,SKU0084,Office,1,209.07
102475,2025-01-13,WH_A,East,SKU0048,Hardware,1,191.35
102476,2025-01-13,WH_B,Central,SKU0029,Sports,2,234.28
102477,2025-01-13,WH_C,West,SKU0036,Housewares,1,93.86
102478,2025-01-13,WH_B,Central,SKU0045,Electronics,10,185.69
102479,2025-01-13,WH_A,East,SKU0063,Housewares,4,77.51
102480,2025-01-13,WH_C,West,SKU0015,Housewares,2,81.82
102481,2025-01-13,WH_A,East,SKU0022,Sports,1,136.13
102482,2025-01-13,WH_B,Central,SKU0078,Housewares,13,57.58
102483,2025-01-13,WH_B,Central,SKU0051,Hardware,1,64.57
102484,2025-01-13,WH_B,Central,SKU0043,Hardware,4,130.07
102485,2025-01-13,WH_C,West,SKU0092,Housewares,1,211.73
102486,2025-01-13,WH_A,East,SKU0088,Housewares,1,101.09
102487,2025-01-13,WH_A,East,SKU0038,Housewares,1,34.13
102488,2025-01-13,WH_A,East,SKU0003,Hardware,1,90.01
102489,2025-01-13,WH_A,East,SKU0044,Hardware,2,5.18
102490,2025-01-13,WH_A,East,SKU0067,Hardware,1,48.03
102491,2025-01-13,WH_A,East,SKU0010,Electronics,1,45.69
102492,2025-01-13,WH_B,Central,SKU0085,Hardware,1,246.05
102493,2025-01-13,WH_A,East,SKU0003,Hardware,2,191.86
102494,2025-01-13,WH_C,West,SKU0022,Sports,5,168.58
102495,2025-01-13,WH_B,Central,SKU0076,Hardware,3,159.91
102496,2025-01-13,WH_A,East,SKU0087,Office,3,232.47
102497,2025-01-13,WH_C,West,SKU0078,Housewares,1,72.31
102498,2025-01-13,WH_A,East,SKU0100,Office,1,210.14
102499,2025-01-13,WH_C,West,SKU0028,Electronics,1,227.24
102500,2025-01-13,WH_C,West,SKU0098,Housewares,1,113.44
102501,2025-01-13,WH_C,West,SKU0010,Electronics,1,155.06
102502,2025-01-13,WH_C,West,SKU0027,Electronics,4,91.07
102503,2025-01-13,WH_C,West,SKU0051,Hardware,2,54.97
102504,2025-01-13,WH_A,East,SKU0023,Hardware,2,138.91
102505,2025-01-13,WH_A,East,SKU0018,Housewares,6,224.48
102506,2025-01-13,WH_B,Central,SKU0081,Housewares,2,11.03
102507,2025-01-13,WH_A,East,SKU0020,Electronics,5,5.15
102508,2025-01-13,WH_C,West,SKU0086,Hardware,1,9.85
102509,2025-01-13,WH_A,East,SKU0034,Office,1,161.01
102510,2025-01-13,WH_B,Central,SKU0014,Electronics,1,232.09
102511,2025-01-13,WH_C,West,SKU0094,Hardware,3,163.38
102512,2025-01-13,WH_C,West,SKU0021,Sports,1,14.44
102513,2025-01-13,WH_A,East,SKU0009,Hardware,4,180.48
102514,2025-01-13,WH_B,Central,SKU0016,Housewares,2,106.99
102515,2025-01-13,WH_B,Central,SKU0037,Sports,2,187.97
102516,2025-01-13,WH_A,East,SKU0046,Hardware,3,166.24
102517,2025-01-13,WH_A,East,SKU0073,Office,7,154.42
102518,2025-01-13,WH_C,West,SKU0036,Housewares,1,156.43
102519,2025-01-13,WH_A,East,SKU0016,Housewares,2,22.06
102520,2025-01-13,WH_C,West,SKU0029,Sports,1,164.52
102521,2025-01-13,WH_C,West,SKU0040,Housewares,3,223.8
102522,2025-01-13,WH_C,West,SKU0076,Hardware,5,33.56
102523,2025-01-13,WH_A,East,SKU0050,Hardware,2,151.14
102524,2025-01-13,WH_B,Central,SKU0008,Electronics,1,50.11
102525,2025-01-13,WH_B,Central,SKU0030,Housewares,1,48.5
102526,2025-01-13,WH_C,West,SKU0060,Hardware,4,41.36
102527,2025-01-13,WH_B,Central,SKU0021,Sports,1,58.36
102528,2025-01-13,WH_C,West,SKU0036,Housewares,3,43.81
102529,2025-01-13,WH_A,East,SKU0086,Hardware,1,96.69
102530,2025-01-13,WH_A,East,SKU0084,Office,1,102.44
102531,2025-01-13,WH_C,West,SKU0016,Housewares,4,8.03
102532,2025-01-13,WH_B,Central,SKU0044,Hardware,1,67.63
102533,2025-01-13,WH_C,West,SKU0039,Office,6,46.42
102534,2025-01-13,WH_C,West,SKU0017,Hardware,17,202.39
102535,2025-01-13,WH_A,East,SKU0049,Housewares,1,188.23
102536,2025-01-13,WH_B,Central,SKU0031,Sports,2,143.67
102537,2025-01-13,WH_C,West,SKU0002,Electronics,2,163.94
102538,2025-01-13,WH_B,Central,SKU0100,Office,1,156.04
102539,2025-01-13,WH_A,East,SKU0017,Hardware,3,81.13
102540,2025-01-13,WH_A,East,SKU0073,Office,11,40.39
102541,2025-01-13,WH_B,Central,SKU0005,Sports,7,170.73
102542,2025-01-13,WH_C,West,SKU0043,Hardware,3,219.63
102543,2025-01-13,WH_A,East,SKU0015,Housewares,5,89.63
102544,2025-01-13,WH_A,East,SKU0045,Electronics,3,17.4
102545,2025-01-13,WH_B,Central,SKU0028,Electronics,1,234.76
102546,2025-01-13,WH_C,West,SKU0062,Housewares,1,17.24
102547,2025-01-13,WH_B,Central,SKU0066,Sports,2,92.0
102548,2025-01-13,WH_A,East,SKU0070,Hardware,1,147.7
102549,2025-01-13,WH_C,West,SKU0086,Hardware,2,112.14
102550,2025-01-13,WH_C,West,SKU0063,Housewares,2,248.35
102551,2025-01-13,WH_A,East,SKU0023,Hardware,9,178.29
102552,2025-01-13,WH_B,Central,SKU0005,Sports,1,93.19
102553,2025-01-13,WH_A,East,SKU0085,Hardware,6,108.77
102554,2025-01-13,WH_B,Central,SKU0089,Electronics,9,124.63
102555,2025-01-13,WH_A,East,SKU0019,Sports,5,13.67
102556,2025-01-13,WH_B,Central,SKU0078,Housewares,1,176.56
102557,2025-01-13,WH_A,East,SKU0095,Electronics,5,154.36
102558,2025-01-13,WH_A,East,SKU0082,Hardware,1,222.02
102559,2025-01-13,WH_A,East,SKU0010,Electronics,2,31.46
102560,2025-01-13,WH_A,East,SKU0075,Sports,1,176.24
102561,2025-01-13,WH_B,Central,SKU0064,Sports,1,218.34
102562,2025-01-13,WH_C,West,SKU0079,Hardware,1,147.95
102563,2025-01-13,WH_B,Central,SKU0042,Electronics,1,130.61
102564,2025-01-13,WH_B,Central,SKU0054,Office,1,60.17
102565,2025-01-13,WH_C,West,SKU0034,Office,1,15.83
102566,2025-01-13,WH_B,Central,SKU0037,Sports,1,108.97
102567,2025-01-13,WH_C,West,SKU0051,Hardware,1,37.68
102568,2025-01-13,WH_A,East,SKU0023,Hardware,10,109.64
102569,2025-01-13,WH_B,Central,SKU0027,Electronics,1,70.6
102570,2025-01-13,WH_B,Central,SKU0038,Housewares,2,151.04
102571,2025-01-13,WH_C,West,SKU0058,Sports,1,101.48
102572,2025-01-13,WH_A,East,SKU0072,Office,3,237.7
102573,2025-01-13,WH_A,East,SKU0035,Hardware,6,34.06
102574,2025-01-13,WH_B,Central,SKU0017,Hardware,3,6.73
102575,2025-01-13,WH_C,West,SKU0099,Office,3,118.77
102576,2025-01-13,WH_A,East,SKU0085,Hardware,2,149.07
102577,2025-01-13,WH_C,West,SKU0054,Office,4,183.72
102578,2025-01-13,WH_B,Central,SKU0033,Housewares,1,185.44
102579,2025-01-13,WH_B,Central,SKU0059,Electronics,5,21.7
102580,2025-01-13,WH_A,East,SKU0068,Electronics,1,199.06
102581,2025-01-13,WH_C,West,SKU0081,Housewares,2,175.25
102582,2025-01-13,WH_C,West,SKU0046,Hardware,2,244.66
102583,2025-01-13,WH_C,West,SKU0088,Housewares,8,73.88
102584,2025-01-13,WH_A,East,SKU0049,Housewares,1,110.68
102585,2025-01-13,WH_A,East,SKU0032,Sports,1,104.0
102586,2025-01-13,WH_B,Central,SKU0052,Hardware,4,212.49
102587,2025-01-13,WH_C,West,SKU0001,Housewares,6,8.57
102588,2025-01-13,WH_B,Central,SKU0097,Office,4,128.14
102589,2025-01-13,WH_C,West,SKU0078,Housewares,1,127.19
102590,2025-01-13,WH_A,East,SKU0027,Electronics,5,111.39
102591,2025-01-13,WH_C,West,SKU0085,Hardware,13,156.09
102592,2025-01-13,WH_C,West,SKU0091,Electronics,2,77.25
102593,2025-01-13,WH_C,West,SKU0086,Hardware,1,154.58
102594,2025-01-13,WH_A,East,SKU0042,Electronics,2,131.62
102595,2025-01-13,WH_B,Central,SKU0072,Office,2,211.66
102596,2025-01-13,WH_B,Central,SKU0060,Hardware,1,139.81
102597,2025-01-13,WH_B,Central,SKU0018,Housewares,3,56.41
102598,2025-01-13,WH_C,West,SKU0011,Hardware,7,185.6
102599,2025-01-13,WH_C,West,SKU0073,Office,1,216.95
102600,2025-01-13,WH_C,West,SKU0063,Housewares,7,199.45
102601,2025-01-13,WH_B,Central,SKU0087,Office,1,248.62
102602,2025-01-13,WH_A,East,SKU0020,Electronics,1,136.47
102603,2025-01-13,WH_C,West,SKU0077,Office,1,112.64
102604,2025-01-13,WH_A,East,SKU0036,Housewares,7,199.59
102605,2025-01-13,WH_A,East,SKU0021,Sports,4,91.69
102606,2025-01-13,WH_A,East,SKU0057,Electronics,8,95.22
102607,2025-01-13,WH_C,West,SKU0008,Electronics,1,161.26
102608,2025-01-13,WH_A,East,SKU0003,Hardware,1,42.66
102609,2025-01-13,WH_A,East,SKU0081,Housewares,8,161.12
102610,2025-01-13,WH_B,Central,SKU0097,Office,8,147.83
102611,2025-01-13,WH_C,West,SKU0049,Housewares,1,12.34
102612,2025-01-13,WH_B,Central,SKU0084,Office,6,14.49
102613,2025-01-13,WH_A,East,SKU0008,Electronics,2,78.0
102614,2025-01-13,WH_A,East,SKU0043,Hardware,3,74.76
102615,2025-01-13,WH_B,Central,SKU0096,Hardware,1,184.06
102616,2025-01-13,WH_A,East,SKU0079,Hardware,1,139.95
102617,2025-01-13,WH_C,West,SKU0071,Hardware,4,177.19
102618,2025-01-13,WH_C,West,SKU0073,Office,1,188.22
102619,2025-01-13,WH_A,East,SKU0027,Electronics,7,154.44
102620,2025-01-14,WH_A,East,SKU0010,Electronics,3,217.15
102621,2025-01-14,WH_A,East,SKU0019,Sports,5,91.14
102622,2025-01-14,WH_C,West,SKU0025,Office,14,12.0
102623,2025-01-14,WH_B,Central,SKU0003,Hardware,12,65.27
102624,2025-01-14,WH_B,Central,SKU0053,Hardware,1,221.5
102625,2025-01-14,WH_A,East,SKU0046,Hardware,1,60.07
102626,2025-01-14,WH_C,West,SKU0047,Electronics,3,177.84
102627,2025-01-14,WH_A,East,SKU0024,Electronics,1,115.36
102628,2025-01-14,WH_C,West,SKU0064,Sports,2,71.6
102629,2025-01-14,WH_C,West,SKU0081,Housewares,2,42.87
102630,2025-01-14,WH_B,Central,SKU0045,Electronics,1,179.74
102631,2025-01-14,WH_B,Central,SKU0050,Hardware,6,149.4
102632,2025-01-14,WH_A,East,SKU0005,Sports,1,171.29
102633,2025-01-14,WH_B,Central,SKU0097,Office,6,128.56
102634,2025-01-14,WH_C,West,SKU0092,Housewares,2,247.9
102635,2025-01-14,WH_A,East,SKU0048,Hardware,3,202.48
102636,2025-01-14,WH_B,Central,SKU0060,Hardware,3,59.12
102637,2025-01-14,WH_A,East,SKU0007,Office,1,168.1
102638,2025-01-14,WH_C,West,SKU0038,Housewares,1,104.07
102639,2025-01-14,WH_B,Central,SKU0079,Hardware,1,221.67
102640,2025-01-14,WH_B,Central,SKU0087,Office,6,117.94
102641,2025-01-14,WH_A,East,SKU0038,Housewares,3,48.57
102642,2025-01-14,WH_C,West,SKU0092,Housewares,2,112.52
102643,2025-01-14,WH_A,East,SKU0082,Hardware,3,120.06
102644,2025-01-14,WH_C,West,SKU0050,Hardware,2,77.45
102645,2025-01-14,WH_C,West,SKU0011,Hardware,1,229.67
102646,2025-01-14,WH_A,East,SKU0076,Hardware,1,73.92
102647,2025-01-14,WH_C,West,SKU0012,Housewares,1,83.18
102648,2025-01-14,WH_A,East,SKU0056,Housewares,2,118.1
102649,2025-01-14,WH_B,Central,SKU0098,Housewares,1,26.56
102650,2025-01-14,WH_C,West,SKU0032,Sports,1,124.15
102651,2025-01-14,WH_C,West,SKU0004,Hardware,5,29.66
102652,2025-01-14,WH_C,West,SKU0084,Office,3,199.06
102653,2025-01-14,WH_C,West,SKU0090,Electronics,1,168.72
102654,2025-01-14,WH_B,Central,SKU0074,Hardware,3,178.41
102655,2025-01-14,WH_C,West,SKU0079,Hardware,6,102.64
102656,2025-01-14,WH_C,West,SKU0012,Housewares,1,138.24
102657,2025-01-14,WH_B,Central,SKU0092,Housewares,1,86.81
102658,2025-01-14,WH_B,Central,SKU0052,Hardware,6,135.35
102659,2025-01-14,WH_C,West,SKU0007,Office,1,70.09
102660,2025-01-14,WH_B,Central,SKU0011,Hardware,1,62.97
102661,2025-01-14,WH_C,West,SKU0008,Electronics,5,246.33
102662,2025-01-14,WH_C,West,SKU0095,Electronics,2,24.56
102663,2025-01-14,WH_A,East,SKU0023,Hardware,4,219.88
102664,2025-01-14,WH_A,East,SKU0015,Housewares,8,159.05
102665,2025-01-14,WH_B,Central,SKU0012,Housewares,2,157.03
102666,2025-01-14,WH_C,West,SKU0078,Housewares,1,165.58
102667,2025-01-14,WH_C,West,SKU0092,Housewares,3,181.9
102668,2025-01-14,WH_B,Central,SKU0051,Hardware,2,176.51
102669,2025-01-14,WH_A,East,SKU0044,Hardware,3,33.3
102670,2025-01-14,WH_C,West,SKU0007,Office,6,157.57
102671,2025-01-14,WH_C,West,SKU0002,Electronics,3,89.01
102672,2025-01-14,WH_A,East,SKU0082,Hardware,7,128.14
102673,2025-01-14,WH_C,West,SKU0031,Sports,3,238.28
102674,2025-01-14,WH_A,East,SKU0040,Housewares,7,162.98
102675,2025-01-14,WH_C,West,SKU0098,Housewares,1,237.89
102676,2025-01-14,WH_A,East,SKU0093,Sports,12,30.33
102677,2025-01-14,WH_C,West,SKU0072,Office,1,139.32
102678,2025-01-14,WH_C,West,SKU0067,Hardware,1,51.47
102679,2025-01-14,WH_C,West,SKU0092,Housewares,2,240.96
102680,2025-01-14,WH_B,Central,SKU0027,Electronics,1,228.55
102681,2025-01-14,WH_B,Central,SKU0034,Office,6,215.01
102682,2025-01-14,WH_C,West,SKU0035,Hardware,1,125.25
102683,2025-01-14,WH_C,West,SKU0033,Housewares,1,237.16
102684,2025-01-14,WH_A,East,SKU0018,Housewares,2,24.75
102685,2025-01-14,WH_C,West,SKU0026,Hardware,1,118.2
102686,2025-01-14,WH_A,East,SKU0042,Electronics,9,144.39
102687,2025-01-14,WH_A,East,SKU0038,Housewares,3,26.69
102688,2025-01-14,WH_B,Central,SKU0066,Sports,6,137.06
102689,2025-01-14,WH_B,Central,SKU0029,Sports,7,114.14
102690,2025-01-14,WH_C,West,SKU0095,Electronics,3,120.36
102691,2025-01-14,WH_A,East,SKU0097,Office,1,71.65
102692,2025-01-14,WH_B,Central,SKU0016,Housewares,1,112.87
102693,2025-01-14,WH_B,Central,SKU0070,Hardware,3,64.71
102694,2025-01-14,WH_A,East,SKU0064,Sports,2,117.45
102695,2025-01-14,WH_B,Central,SKU0011,Hardware,2,50.22
102696,2025-01-14,WH_C,West,SKU0045,Electronics,2,94.23
102697,2025-01-14,WH_B,Central,SKU0079,Hardware,1,148.57
102698,2025-01-14,WH_C,West,SKU0031,Sports,1,225.66
102699,2025-01-14,WH_C,West,SKU0018,Housewares,8,166.85
102700,2025-01-14,WH_B,Central,SKU0056,Housewares,1,158.37
102701,2025-01-14,WH_A,East,SKU0020,Electronics,2,100.86
102702,2025-01-14,WH_C,West,SKU0093,Sports,1,46.27
102703,2025-01-14,WH_A,East,SKU0062,Housewares,1,164.99
102704,2025-01-14,WH_C,West,SKU0070,Hardware,6,99.31
102705,2025-01-14,WH_C,West,SKU0042,Electronics,1,8.14
102706,2025-01-14,WH_B,Central,SKU0076,Hardware,1,61.98
102707,2025-01-14,WH_A,East,SKU0057,Electronics,1,64.21
102708,2025-01-14,WH_C,West,SKU0016,Housewares,3,161.44
102709,2025-01-14,WH_B,Central,SKU0061,Office,7,176.44
102710,2025-01-14,WH_C,West,SKU0066,Sports,1,189.14
102711,2025-01-14,WH_C,West,SKU0060,Hardware,1,141.86
102712,2025-01-14,WH_A,East,SKU0064,Sports,1,16.59
102713,2025-01-14,WH_A,East,SKU0072,Office,1,30.72
102714,2025-01-14,WH_C,West,SKU0042,Electronics,1,88.01
102715,2025-01-14,WH_C,West,SKU0060,Hardware,4,86.51
102716,2025-01-14,WH_C,West,SKU0099,Office,2,194.28
102717,2025-01-14,WH_C,West,SKU0064,Sports,1,202.2
102718,2025-01-14,WH_C,West,SKU0074,Hardware,5,247.27
102719,2025-01-14,WH_B,Central,SKU0035,Hardware,1,95.81
102720,2025-01-14,WH_A,East,SKU0095,Electronics,3,19.25
102721,2025-01-14,WH_B,Central,SKU0082,Hardware,1,87.07
102722,2025-01-14,WH_A,East,SKU0012,Housewares,3,33.53
102723,2025-01-14,WH_B,Central,SKU0017,Hardware,3,71.03
102724,2025-01-14,WH_B,Central,SKU0059,Electronics,3,116.96
102725,2025-01-14,WH_C,West,SKU0018,Housewares,1,65.58
102726,2025-01-14,WH_A,East,SKU0047,Electronics,1,45.32
102727,2025-01-14,WH_C,West,SKU0094,Hardware,1,238.89
102728,2025-01-14,WH_C,West,SKU0081,Housewares,3,209.82
102729,2025-01-14,WH_A,East,SKU0043,Hardware,11,137.45
102730,2025-01-14,WH_B,Central,SKU0076,Hardware,1,232.31
102731,2025-01-14,WH_B,Central,SKU0029,Sports,3,239.94
102732,2025-01-14,WH_B,Central,SKU0031,Sports,3,194.91
102733,2025-01-14,WH_C,West,SKU0080,Hardware,6,191.02
102734,2025-01-14,WH_B,Central,SKU0069,Hardware,2,120.62
102735,2025-01-14,WH_A,East,SKU0028,Electronics,5,194.14
102736,2025-01-14,WH_A,East,SKU0090,Electronics,1,127.09
102737,2025-01-14,WH_B,Central,SKU0003,Hardware,3,11.95
102738,2025-01-14,WH_A,East,SKU0085,Hardware,1,66.3
102739,2025-01-14,WH_C,West,SKU0042,Electronics,6,86.21
102740,2025-01-14,WH_B,Central,SKU0090,Electronics,2,208.74
102741,2025-01-14,WH_C,West,SKU0036,Housewares,1,35.32
102742,2025-01-14,WH_B,Central,SKU0056,Housewares,8,177.65
102743,2025-01-14,WH_A,East,SKU0099,Office,1,205.83
102744,2025-01-14,WH_A,East,SKU0099,Office,4,210.2
102745,2025-01-14,WH_C,West,SKU0096,Hardware,1,114.9
102746,2025-01-14,WH_B,Central,SKU0022,Sports,3,100.71
102747,2025-01-14,WH_A,East,SKU0052,Hardware,1,38.43
102748,2025-01-14,WH_C,West,SKU0014,Electronics,2,96.92
102749,2025-01-14,WH_C,West,SKU0060,Hardware,1,192.88
102750,2025-01-14,WH_B,Central,SKU0042,Electronics,1,81.87
102751,2025-01-14,WH_B,Central,SKU0049,Housewares,3,116.5
102752,2025-01-14,WH_B,Central,SKU0061,Office,3,8.23
102753,2025-01-14,WH_C,West,SKU0067,Hardware,1,142.18
102754,2025-01-14,WH_C,West,SKU0098,Housewares,12,71.73
102755,2025-01-14,WH_A,East,SKU0062,Housewares,3,47.2
102756,2025-01-14,WH_C,West,SKU0021,Sports,1,24.13
102757,2025-01-14,WH_B,Central,SKU0047,Electronics,6,81.06
102758,2025-01-14,WH_A,East,SKU0080,Hardware,1,184.0
102759,2025-01-14,WH_B,Central,SKU0037,Sports,1,63.87
102760,2025-01-14,WH_A,East,SKU0098,Housewares,1,240.9
102761,2025-01-14,WH_A,East,SKU0032,Sports,1,248.94
102762,2025-01-14,WH_B,Central,SKU0093,Sports,1,10.06
102763,2025-01-14,WH_A,East,SKU0078,Housewares,6,147.1
102764,2025-01-14,WH_A,East,SKU0039,Office,1,130.77
102765,2025-01-14,WH_A,East,SKU0007,Office,1,160.52
102766,2025-01-14,WH_B,Central,SKU0028,Electronics,2,24.65
102767,2025-01-14,WH_B,Central,SKU0012,Housewares,7,117.83
102768,2025-01-14,WH_C,West,SKU0088,Housewares,1,80.31
102769,2025-01-14,WH_B,Central,SKU0034,Office,6,98.88
102770,2025-01-14,WH_A,East,SKU0007,Office,2,237.18
102771,2025-01-14,WH_C,West,SKU0061,Office,3,170.55
102772,2025-01-14,WH_B,Central,SKU0037,Sports,1,168.73
102773,2025-01-14,WH_C,West,SKU0044,Hardware,1,228.21
102774,2025-01-14,WH_C,West,SKU0076,Hardware,1,74.98
102775,2025-01-14,WH_C,West,SKU0013,Electronics,1,98.32
102776,2025-01-14,WH_B,Central,SKU0007,Office,1,212.06
102777,2025-01-14,WH_C,West,SKU0061,Office,7,169.01
102778,2025-01-14,WH_B,Central,SKU0007,Office,1,88.7
102779,2025-01-14,WH_A,East,SKU0086,Hardware,10,38.39
102780,2025-01-14,WH_A,East,SKU0002,Electronics,2,91.47
102781,2025-01-14,WH_A,East,SKU0049,Housewares,21,74.92
102782,2025-01-14,WH_B,Central,SKU0002,Electronics,1,177.03
102783,2025-01-14,WH_A,East,SKU0040,Housewares,1,166.11
102784,2025-01-14,WH_B,Central,SKU0045,Electronics,1,133.15
102785,2025-01-14,WH_A,East,SKU0019,Sports,1,136.51
102786,2025-01-14,WH_A,East,SKU0064,Sports,5,243.32
102787,2025-01-14,WH_C,West,SKU0087,Office,4,192.88
102788,2025-01-14,WH_C,West,SKU0088,Housewares,2,28.86
102789,2025-01-14,WH_A,East,SKU0042,Electronics,3,41.21
102790,2025-01-14,WH_A,East,SKU0065,Sports,1,178.36
102791,2025-01-14,WH_C,West,SKU0025,Office,3,82.01
102792,2025-01-14,WH_A,East,SKU0046,Hardware,4,235.13
102793,2025-01-14,WH_C,West,SKU0060,Hardware,2,171.03
102794,2025-01-14,WH_B,Central,SKU0088,Housewares,1,242.85
102795,2025-01-14,WH_A,East,SKU0008,Electronics,1,222.42
102796,2025-01-14,WH_C,West,SKU0086,Hardware,7,181.31
102797,2025-01-14,WH_C,West,SKU0044,Hardware,5,117.17
102798,2025-01-14,WH_A,East,SKU0014,Electronics,7,186.95
102799,2025-01-14,WH_C,West,SKU0080,Hardware,1,13.56
102800,2025-01-15,WH_C,West,SKU0081,Housewares,2,210.96
102801,2025-01-15,WH_A,East,SKU0089,Electronics,5,209.6
102802,2025-01-15,WH_C,West,SKU0020,Electronics,1,109.41
102803,2025-01-15,WH_C,West,SKU0084,Office,2,168.55
102804,2025-01-15,WH_A,East,SKU0088,Housewares,1,174.7
102805,2025-01-15,WH_C,West,SKU0050,Hardware,2,143.86
102806,2025-01-15,WH_B,Central,SKU0014,Electronics,3,152.83
102807,2025-01-15,WH_A,East,SKU0060,Hardware,1,219.23
102808,2025-01-15,WH_A,East,SKU0032,Sports,1,187.4
102809,2025-01-15,WH_B,Central,SKU0054,Office,1,166.94
102810,2025-01-15,WH_B,Central,SKU0026,Hardware,6,7.38
102811,2025-01-15,WH_B,Central,SKU0059,Electronics,11,12.27
102812,2025-01-15,WH_C,West,SKU0034,Office,1,215.1
102813,2025-01-15,WH_B,Central,SKU0095,Electronics,3,30.92
102814,2025-01-15,WH_B,Central,SKU0083,Housewares,8,169.62
102815,2025-01-15,WH_B,Central,SKU0034,Office,1,215.84
102816,2025-01-15,WH_B,Central,SKU0092,Housewares,1,73.14
102817,2025-01-15,WH_A,East,SKU0059,Electronics,5,185.92
102818,2025-01-15,WH_A,East,SKU0093,Sports,2,225.14
102819,2025-01-15,WH_A,East,SKU0035,Hardware,5,60.56
102820,2025-01-15,WH_C,West,SKU0073,Office,6,96.64
102821,2025-01-15,WH_A,East,SKU0016,Housewares,1,243.22
102822,2025-01-15,WH_B,Central,SKU0012,Housewares,4,83.76
102823,2025-01-15,WH_A,East,SKU0062,Housewares,3,137.13
102824,2025-01-15,WH_C,West,SKU0077,Office,1,222.5
102825,2025-01-15,WH_A,East,SKU0045,Electronics,5,195.54
102826,2025-01-15,WH_A,East,SKU0028,Electronics,2,59.11
102827,2025-01-15,WH_B,Central,SKU0074,Hardware,6,91.48
102828,2025-01-15,WH_B,Central,SKU0073,Office,1,245.53
102829,2025-01-15,WH_B,Central,SKU0062,Housewares,5,157.56
102830,2025-01-15,WH_C,West,SKU0094,Hardware,1,60.79
102831,2025-01-15,WH_A,East,SKU0044,Hardware,1,158.88
102832,2025-01-15,WH_A,East,SKU0079,Hardware,3,198.13
102833,2025-01-15,WH_A,East,SKU0034,Office,2,165.76
102834,2025-01-15,WH_C,West,SKU0093,Sports,5,181.36
102835,2025-01-15,WH_C,West,SKU0004,Hardware,9,219.29
102836,2025-01-15,WH_B,Central,SKU0090,Electronics,1,237.12
102837,2025-01-15,WH_C,West,SKU0074,Hardware,1,247.86
102838,2025-01-15,WH_C,West,SKU0060,Hardware,3,158.75
102839,2025-01-15,WH_B,Central,SKU0019,Sports,1,37.61
102840,2025-01-15,WH_A,East,SKU0041,Sports,1,217.31
102841,2025-01-15,WH_B,Central,SKU0085,Hardware,1,142.16
102842,2025-01-15,WH_A,East,SKU0075,Sports,8,67.56
102843,2025-01-15,WH_A,East,SKU0082,Hardware,4,120.26
102844,2025-01-15,WH_C,West,SKU0037,Sports,1,213.98
102845,2025-01-15,WH_A,East,SKU0049,Housewares,3,28.26
102846,2025-01-15,WH_A,East,SKU0023,Hardware,2,213.68
102847,2025-01-15,WH_A,East,SKU0082,Hardware,1,106.99
102848,2025-01-15,WH_B,Central,SKU0036,Housewares,4,215.3
102849,2025-01-15,WH_B,Central,SKU0067,Hardware,4,79.9
102850,2025-01-15,WH_A,East,SKU0020,Electronics,2,186.61
102851,2025-01-15,WH_B,Central,SKU0030,Housewares,1,150.77
102852,2025-01-15,WH_B,Central,SKU0018,Housewares,3,213.25
102853,2025-01-15,WH_B,Central,SKU0034,Office,1,85.77
102854,2025-01-15,WH_B,Central,SKU0032,Sports,2,176.76
102855,2025-01-15,WH_B,Central,SKU0089,Electronics,3,67.05
102856,2025-01-15,WH_A,East,SKU0046,Hardware,1,174.99
102857,2025-01-15,WH_C,West,SKU0033,Housewares,7,200.39
102858,2025-01-15,WH_B,Central,SKU0061,Office,2,244.5
102859,2025-01-15,WH_B,Central,SKU0070,Hardware,1,133.64
102860,2025-01-15,WH_C,West,SKU0059,Electronics,1,236.76
102861,2025-01-15,WH_C,West,SKU0092,Housewares,2,100.75
102862,2025-01-15,WH_C,West,SKU0028,Electronics,1,93.79
102863,2025-01-15,WH_A,East,SKU0078,Housewares,1,84.46
102864,2025-01-15,WH_C,West,SKU0044,Hardware,9,42.8
102865,2025-01-15,WH_B,Central,SKU0049,Housewares,2,50.72
102866,2025-01-15,WH_A,East,SKU0079,Hardware,4,142.79
102867,2025-01-15,WH_C,West,SKU0078,Housewares,1,217.23
102868,2025-01-15,WH_C,West,SKU0044,Hardware,4,238.07
102869,2025-01-15,WH_B,Central,SKU0001,Housewares,1,116.99
102870,2025-01-15,WH_B,Central,SKU0015,Housewares,26,203.74
102871,2025-01-15,WH_B,Central,SKU0067,Hardware,5,157.18
102872,2025-01-15,WH_B,Central,SKU0071,Hardware,3,202.3
102873,2025-01-15,WH_C,West,SKU0016,Housewares,1,174.68
102874,2025-01-15,WH_A,East,SKU0049,Housewares,5,15.01
102875,2025-01-15,WH_B,Central,SKU0023,Hardware,1,84.38
102876,2025-01-15,WH_A,East,SKU0080,Hardware,5,196.19
102877,2025-01-15,WH_C,West,SKU0059,Electronics,3,202.16
102878,2025-01-15,WH_B,Central,SKU0075,Sports,1,219.35
102879,2025-01-15,WH_B,Central,SKU0083,Housewares,1,177.62
102880,2025-01-15,WH_C,West,SKU0060,Hardware,1,14.77
102881,2025-01-15,WH_C,West,SKU0065,Sports,1,125.76
102882,2025-01-15,WH_C,West,SKU0055,Housewares,5,129.67
102883,2025-01-15,WH_B,Central,SKU0074,Hardware,1,248.23
102884,2025-01-15,WH_A,East,SKU0057,Electronics,1,246.4
102885,2025-01-15,WH_A,East,SKU0008,Electronics,8,137.9
102886,2025-01-15,WH_A,East,SKU0058,Sports,1,175.38
102887,2025-01-15,WH_A,East,SKU0077,Office,5,114.1
102888,2025-01-15,WH_C,West,SKU0032,Sports,1,201.69
102889,2025-01-15,WH_A,East,SKU0071,Hardware,2,53.42
102890,2025-01-15,WH_A,East,SKU0097,Office,8,237.28
102891,2025-01-15,WH_A,East,SKU0075,Sports,1,20.68
102892,2025-01-15,WH_B,Central,SKU0052,Hardware,2,82.72
102893,2025-01-15,WH_C,West,SKU0070,Hardware,1,223.49
102894,2025-01-15,WH_C,West,SKU0072,Office,18,90.85
102895,2025-01-15,WH_A,East,SKU0041,Sports,4,21.11
102896,2025-01-15,WH_C,West,SKU0069,Hardware,1,31.64
102897,2025-01-15,WH_C,West,SKU0055,Housewares,1,149.25
102898,2025-01-15,WH_B,Central,SKU0015,Housewares,4,115.98
102899,2025-01-15,WH_B,Central,SKU0043,Hardware,2,71.33
102900,2025-01-15,WH_C,West,SKU0010,Electronics,3,93.46
102901,2025-01-15,WH_B,Central,SKU0007,Office,1,45.55
102902,2025-01-15,WH_C,West,SKU0082,Hardware,1,111.79
102903,2025-01-15,WH_B,Central,SKU0052,Hardware,1,202.59
102904,2025-01-15,WH_A,East,SKU0065,Sports,7,65.86
102905,2025-01-15,WH_A,East,SKU0029,Sports,1,132.17
102906,2025-01-15,WH_C,West,SKU0028,Electronics,12,21.08
102907,2025-01-15,WH_A,East,SKU0020,Electronics,3,89.71
102908,2025-01-15,WH_C,West,SKU0065,Sports,2,58.17
102909,2025-01-15,WH_C,West,SKU0082,Hardware,1,64.67
102910,2025-01-15,WH_C,West,SKU0097,Office,1,73.13
102911,2025-01-15,WH_A,East,SKU0047,Electronics,3,164.61
102912,2025-01-15,WH_A,East,SKU0065,Sports,2,5.09
102913,2025-01-15,WH_C,West,SKU0043,Hardware,1,211.5
102914,2025-01-15,WH_B,Central,SKU0083,Housewares,1,228.49
102915,2025-01-15,WH_A,East,SKU0011,Hardware,6,42.96
102916,2025-01-15,WH_A,East,SKU0041,Sports,6,158.82
102917,2025-01-15,WH_B,Central,SKU0018,Housewares,2,213.91
102918,2025-01-15,WH_C,West,SKU0086,Hardware,1,185.14
102919,2025-01-15,WH_B,Central,SKU0025,Office,3,194.02
102920,2025-01-15,WH_B,Central,SKU0004,Hardware,3,24.61
102921,2025-01-15,WH_C,West,SKU0036,Housewares,1,235.28
102922,2025-01-15,WH_B,Central,SKU0082,Hardware,1,120.7
102923,2025-01-15,WH_C,West,SKU0006,Sports,1,26.14
102924,2025-01-15,WH_C,West,SKU0019,Sports,1,75.23
102925,2025-01-15,WH_B,Central,SKU0034,Office,1,219.26
102926,2025-01-15,WH_B,Central,SKU0099,Office,2,164.72
102927,2025-01-15,WH_B,Central,SKU0005,Sports,1,218.17
102928,2025-01-15,WH_B,Central,SKU0065,Sports,3,27.2
102929,2025-01-15,WH_B,Central,SKU0052,Hardware,1,207.67
102930,2025-01-15,WH_A,East,SKU0015,Housewares,3,226.8
102931,2025-01-15,WH_B,Central,SKU0005,Sports,1,244.41
102932,2025-01-15,WH_B,Central,SKU0041,Sports,1,17.29
102933,2025-01-15,WH_A,East,SKU0085,Hardware,2,32.03
102934,2025-01-15,WH_C,West,SKU0039,Office,3,225.64
102935,2025-01-15,WH_C,West,SKU0050,Hardware,7,153.72
102936,2025-01-15,WH_A,East,SKU0065,Sports,2,248.53
102937,2025-01-15,WH_A,East,SKU0019,Sports,2,232.23
102938,2025-01-15,WH_C,West,SKU0068,Electronics,7,75.93
102939,2025-01-15,WH_B,Central,SKU0020,Electronics,1,112.6
102940,2025-01-15,WH_C,West,SKU0029,Sports,5,209.85
102941,2025-01-15,WH_C,West,SKU0032,Sports,2,43.38
102942,2025-01-15,WH_A,East,SKU0039,Office,1,238.9
102943,2025-01-15,WH_B,Central,SKU0089,Electronics,1,163.8
102944,2025-01-15,WH_A,East,SKU0069,Hardware,7,218.12
102945,2025-01-15,WH_A,East,SKU0052,Hardware,2,124.54
102946,2025-01-15,WH_B,Central,SKU0064,Sports,3,90.66
102947,2025-01-15,WH_B,Central,SKU0056,Housewares,2,10.67
102948,2025-01-15,WH_B,Central,SKU0072,Office,5,249.52
102949,2025-01-15,WH_B,Central,SKU0065,Sports,9,93.17
102950,2025-01-15,WH_B,Central,SKU0057,Electronics,2,62.87
102951,2025-01-15,WH_A,East,SKU0058,Sports,1,117.05
102952,2025-01-15,WH_A,East,SKU0085,Hardware,4,9.38
102953,2025-01-15,WH_B,Central,SKU0062,Housewares,1,141.34
102954,2025-01-15,WH_A,East,SKU0061,Office,1,24.23
102955,2025-01-15,WH_A,East,SKU0034,Office,2,161.26
102956,2025-01-15,WH_A,East,SKU0053,Hardware,3,92.36
102957,2025-01-15,WH_B,Central,SKU0074,Hardware,1,58.99
102958,2025-01-15,WH_A,East,SKU0075,Sports,1,50.25
102959,2025-01-15,WH_B,Central,SKU0004,Hardware,5,5.75
102960,2025-01-15,WH_C,West,SKU0072,Office,1,36.12
102961,2025-01-15,WH_A,East,SKU0032,Sports,1,86.77
102962,2025-01-15,WH_A,East,SKU0042,Electronics,1,32.18
102963,2025-01-15,WH_B,Central,SKU0079,Hardware,8,228.26
102964,2025-01-15,WH_B,Central,SKU0069,Hardware,4,66.75
102965,2025-01-15,WH_A,East,SKU0017,Hardware,1,168.13
102966,2025-01-15,WH_C,West,SKU0080,Hardware,1,135.0
102967,2025-01-15,WH_B,Central,SKU0088,Housewares,3,132.2
102968,2025-01-15,WH_B,Central,SKU0075,Sports,1,90.23
102969,2025-01-15,WH_A,East,SKU0049,Housewares,4,186.05
102970,2025-01-15,WH_B,Central,SKU0009,Hardware,3,96.8
102971,2025-01-15,WH_C,West,SKU0081,Housewares,4,239.64
102972,2025-01-15,WH_A,East,SKU0057,Electronics,3,104.94
102973,2025-01-15,WH_C,West,SKU0033,Housewares,4,154.28
102974,2025-01-15,WH_B,Central,SKU0080,Hardware,6,179.73
102975,2025-01-15,WH_C,West,SKU0096,Hardware,4,168.52
102976,2025-01-15,WH_B,Central,SKU0079,Hardware,1,123.85
102977,2025-01-15,WH_C,West,SKU0062,Housewares,1,114.65
102978,2025-01-15,WH_B,Central,SKU0043,Hardware,3,108.21
102979,2025-01-15,WH_B,Central,SKU0010,Electronics,1,95.47
102980,2025-01-16,WH_B,Central,SKU0013,Electronics,1,196.25
102981,2025-01-16,WH_B,Central,SKU0088,Housewares,4,202.56
102982,2025-01-16,WH_B,Central,SKU0034,Office,1,12.91
102983,2025-01-16,WH_B,Central,SKU0060,Hardware,7,35.3
102984,2025-01-16,WH_C,West,SKU0047,Electronics,3,199.89
102985,2025-01-16,WH_C,West,SKU0026,Hardware,1,138.89
102986,2025-01-16,WH_B,Central,SKU0042,Electronics,1,231.28
102987,2025-01-16,WH_C,West,SKU0087,Office,1,58.36
102988,2025-01-16,WH_A,East,SKU0020,Electronics,2,51.68
102989,2025-01-16,WH_A,East,SKU0079,Hardware,3,131.2
102990,2025-01-16,WH_B,Central,SKU0021,Sports,1,21.48
102991,2025-01-16,WH_A,East,SKU0072,Office,1,38.47
102992,2025-01-16,WH_C,West,SKU0060,Hardware,1,209.15
102993,2025-01-16,WH_B,Central,SKU0097,Office,1,36.38
102994,2025-01-16,WH_B,Central,SKU0045,Electronics,1,140.57
102995,2025-01-16,WH_C,West,SKU0030,Housewares,4,230.69
102996,2025-01-16,WH_A,East,SKU0031,Sports,1,30.93
102997,2025-01-16,WH_B,Central,SKU0015,Housewares,1,75.38
102998,2025-01-16,WH_C,West,SKU0089,Electronics,4,173.23
102999,2025-01-16,WH_C,West,SKU0022,Sports,1,210.49
103000,2025-01-16,WH_A,East,SKU0066,Sports,5,221.2
103001,2025-01-16,WH_A,East,SKU0013,Electronics,1,37.76
103002,2025-01-16,WH_B,Central,SKU0033,Housewares,1,103.02
103003,2025-01-16,WH_B,Central,SKU0049,Housewares,1,217.71
103004,2025-01-16,WH_C,West,SKU0083,Housewares,1,158.59
103005,2025-01-16,WH_A,East,SKU0036,Housewares,4,70.94
103006,2025-01-16,WH_A,East,SKU0007,Office,1,168.94
103007,2025-01-16,WH_B,Central,SKU0032,Sports,3,240.14
103008,2025-01-16,WH_B,Central,SKU0038,Housewares,5,206.4
103009,2025-01-16,WH_A,East,SKU0067,Hardware,3,34.03
103010,2025-01-16,WH_B,Central,SKU0042,Electronics,4,234.15
103011,2025-01-16,WH_C,West,SKU0043,Hardware,1,81.85
103012,2025-01-16,WH_C,West,SKU0055,Housewares,2,239.33
103013,2025-01-16,WH_C,West,SKU0030,Housewares,1,178.68
103014,2025-01-16,WH_A,East,SKU0008,Electronics,5,198.24
103015,2025-01-16,WH_C,West,SKU0017,Hardware,2,230.54
103016,2025-01-16,WH_B,Central,SKU0065,Sports,1,65.06
103017,2025-01-16,WH_C,West,SKU0070,Hardware,1,7.13
103018,2025-01-16,WH_A,East,SKU0065,Sports,1,44.36
103019,2025-01-16,WH_A,East,SKU0084,Office,3,106.66
103020,2025-01-16,WH_B,Central,SKU0037,Sports,3,76.95
103021,2025-01-16,WH_B,Central,SKU0090,Electronics,1,37.34
103022,2025-01-16,WH_C,West,SKU0073,Office,1,33.23
103023,2025-01-16,WH_B,Central,SKU0095,Electronics,1,146.86
103024,2025-01-16,WH_B,Central,SKU0039,Office,1,89.02
103025,2025-01-16,WH_C,West,SKU0016,Housewares,1,223.59
103026,2025-01-16,WH_B,Central,SKU0005,Sports,1,90.42
103027,2025-01-16,WH_A,East,SKU0050,Hardware,1,194.17
103028,2025-01-16,WH_B,Central,SKU0024,Electronics,1,98.82
103029,2025-01-16,WH_B,Central,SKU0022,Sports,3,151.27
103030,2025-01-16,WH_B,Central,SKU0086,Hardware,1,81.61
103031,2025-01-16,WH_C,West,SKU0026,Hardware,11,123.42
103032,2025-01-16,WH_C,West,SKU0004,Hardware,1,41.73
103033,2025-01-16,WH_B,Central,SKU0100,Office,5,37.66
103034,2025-01-16,WH_B,Central,SKU0021,Sports,1,112.56
103035,2025-01-16,WH_C,West,SKU0013,Electronics,1,245.46
103036,2025-01-16,WH_A,East,SKU0012,Housewares,1,123.54
103037,2025-01-16,WH_C,West,SKU0071,Hardware,1,176.93
103038,2025-01-16,WH_C,West,SKU0022,Sports,1,163.87
103039,2025-01-16,WH_B,Central,SKU0028,Electronics,1,143.31
103040,2025-01-16,WH_C,West,SKU0025,Office,1,96.72
103041,2025-01-16,WH_B,Central,SKU0052,Hardware,2,99.03
103042,2025-01-16,WH_C,West,SKU0069,Hardware,4,126.33
103043,2025-01-16,WH_C,West,SKU0049,Housewares,7,59.59
103044,2025-01-16,WH_C,West,SKU0093,Sports,1,98.34
103045,2025-01-16,WH_A,East,SKU0092,Housewares,1,101.31
103046,2025-01-16,WH_B,Central,SKU0067,Hardware,1,217.71
103047,2025-01-16,WH_C,West,SKU0040,Housewares,2,126.91
103048,2025-01-16,WH_A,East,SKU0071,Hardware,4,36.94
103049,2025-01-16,WH_C,West,SKU0095,Electronics,5,123.41
103050,2025-01-16,WH_C,West,SKU0048,Hardware,1,205.76
103051,2025-01-16,WH_C,West,SKU0050,Hardware,1,153.13
103052,2025-01-16,WH_B,Central,SKU0063,Housewares,6,223.22
103053,2025-01-16,WH_A,East,SKU0052,Hardware,6,107.14
103054,2025-01-16,WH_B,Central,SKU0086,Hardware,4,62.15
103055,2025-01-16,WH_B,Central,SKU0073,Office,5,88.72
103056,2025-01-16,WH_B,Central,SKU0088,Housewares,1,223.39
103057,2025-01-16,WH_A,East,SKU0059,Electronics,4,238.37
103058,2025-01-16,WH_B,Central,SKU0030,Housewares,1,42.02
103059,2025-01-16,WH_C,West,SKU0046,Hardware,7,125.82
103060,2025-01-16,WH_B,Central,SKU0085,Hardware,6,184.36
103061,2025-01-16,WH_B,Central,SKU0065,Sports,6,165.41
103062,2025-01-16,WH_B,Central,SKU0094,Hardware,5,34.48
103063,2025-01-16,WH_A,East,SKU0091,Electronics,10,49.34
103064,2025-01-16,WH_C,West,SKU0023,Hardware,1,135.05
103065,2025-01-16,WH_A,East,SKU0081,Housewares,3,180.52
103066,2025-01-16,WH_B,Central,SKU0054,Office,1,189.69
103067,2025-01-16,WH_C,West,SKU0086,Hardware,5,154.45
103068,2025-01-16,WH_C,West,SKU0092,Housewares,1,155.33
103069,2025-01-16,WH_C,West,SKU0077,Office,5,225.62
103070,2025-01-16,WH_B,Central,SKU0097,Office,1,34.99
103071,2025-01-16,WH_B,Central,SKU0086,Hardware,1,125.65
103072,2025-01-16,WH_B,Central,SKU0067,Hardware,1,138.72
103073,2025-01-16,WH_A,East,SKU0053,Hardware,3,94.62
103074,2025-01-16,WH_A,East,SKU0003,Hardware,1,101.73
103075,2025-01-16,WH_C,West,SKU0039,Office,1,208.21
103076,2025-01-16,WH_A,East,SKU0007,Office,1,157.58
103077,2025-01-16,WH_A,East,SKU0005,Sports,1,155.63
103078,2025-01-16,WH_A,East,SKU0014,Electronics,2,56.1
103079,2025-01-16,WH_A,East,SKU0028,Electronics,2,31.86
103080,2025-01-16,WH_C,West,SKU0074,Hardware,1,181.37
103081,2025-01-16,WH_A,East,SKU0038,Housewares,2,187.84
103082,2025-01-16,WH_A,East,SKU0081,Housewares,1,16.96
103083,2025-01-16,WH_B,Central,SKU0018,Housewares,1,70.84
103084,2025-01-16,WH_B,Central,SKU0061,Office,1,136.69
103085,2025-01-16,WH_C,West,SKU0006,Sports,4,210.7
103086,2025-01-16,WH_B,Central,SKU0064,Sports,3,118.49
103087,2025-01-16,WH_A,East,SKU0087,Office,1,109.81
103088,2025-01-16,WH_A,East,SKU0004,Hardware,1,157.99
103089,2025-01-16,WH_B,Central,SKU0098,Housewares,5,131.96
103090,2025-01-16,WH_C,West,SKU0057,Electronics,1,235.24
103091,2025-01-16,WH_A,East,SKU0060,Hardware,1,229.06
103092,2025-01-16,WH_A,East,SKU0078,Housewares,5,106.22
103093,2025-01-16,WH_B,Central,SKU0096,Hardware,1,237.19
103094,2025-01-16,WH_A,East,SKU0040,Housewares,3,66.17
103095,2025-01-16,WH_B,Central,SKU0076,Hardware,2,160.67
103096,2025-01-16,WH_A,East,SKU0050,Hardware,1,27.92
103097,2025-01-16,WH_C,West,SKU0095,Electronics,1,16.66
103098,2025-01-16,WH_A,East,SKU0020,Electronics,1,43.36
103099,2025-01-16,WH_C,West,SKU0033,Housewares,1,65.75
103100,2025-01-16,WH_C,West,SKU0100,Office,8,146.08
103101,2025-01-16,WH_A,East,SKU0099,Office,1,143.13
103102,2025-01-16,WH_C,West,SKU0075,Sports,1,224.21
103103,2025-01-16,WH_B,Central,SKU0092,Housewares,2,115.65
103104,2025-01-16,WH_A,East,SKU0069,Hardware,8,183.95
103105,2025-01-16,WH_B,Central,SKU0083,Housewares,1,234.36
103106,2025-01-16,WH_C,West,SKU0087,Office,5,238.86
103107,2025-01-16,WH_C,West,SKU0037,Sports,1,239.04
103108,2025-01-16,WH_C,West,SKU0007,Office,2,169.69
103109,2025-01-16,WH_A,East,SKU0092,Housewares,1,39.4
103110,2025-01-16,WH_B,Central,SKU0077,Office,1,108.47
103111,2025-01-16,WH_A,East,SKU0005,Sports,1,25.0
103112,2025-01-16,WH_C,West,SKU0078,Housewares,9,184.68
103113,2025-01-16,WH_C,West,SKU0028,Electronics,2,187.12
103114,2025-01-16,WH_A,East,SKU0046,Hardware,2,48.62
103115,2025-01-16,WH_A,East,SKU0072,Office,3,171.85
103116,2025-01-16,WH_B,Central,SKU0025,Office,1,83.44
103117,2025-01-16,WH_A,East,SKU0025,Office,1,152.62
103118,2025-01-16,WH_B,Central,SKU0030,Housewares,1,187.15
103119,2025-01-16,WH_A,East,SKU0032,Sports,1,174.48
103120,2025-01-16,WH_A,East,SKU0063,Housewares,8,218.12
103121,2025-01-16,WH_C,West,SKU0052,Hardware,4,52.37
103122,2025-01-16,WH_B,Central,SKU0088,Housewares,3,160.77
103123,2025-01-16,WH_C,West,SKU0085,Hardware,4,217.86
103124,2025-01-16,WH_B,Central,SKU0079,Hardware,1,162.85
103125,2025-01-16,WH_B,Central,SKU0086,Hardware,1,89.84
103126,2025-01-16,WH_C,West,SKU0074,Hardware,2,111.37
103127,2025-01-16,WH_C,West,SKU0073,Office,2,190.9
103128,2025-01-16,WH_A,East,SKU0065,Sports,2,242.6
103129,2025-01-16,WH_A,East,SKU0004,Hardware,4,246.33
103130,2025-01-16,WH_C,West,SKU0014,Electronics,4,129.44
103131,2025-01-16,WH_A,East,SKU0055,Housewares,1,185.24
103132,2025-01-16,WH_C,West,SKU0071,Hardware,3,168.85
103133,2025-01-16,WH_C,West,SKU0091,Electronics,3,218.68
103134,2025-01-16,WH_C,West,SKU0099,Office,1,143.4
103135,2025-01-16,WH_B,Central,SKU0050,Hardware,2,76.75
103136,2025-01-16,WH_A,East,SKU0024,Electronics,13,197.46
103137,2025-01-16,WH_A,East,SKU0028,Electronics,1,92.82
103138,2025-01-16,WH_C,West,SKU0087,Office,3,7.82
103139,2025-01-16,WH_C,West,SKU0059,Electronics,1,89.06
103140,2025-01-16,WH_B,Central,SKU0063,Housewares,5,198.87
103141,2025-01-16,WH_B,Central,SKU0065,Sports,1,216.88
103142,2025-01-16,WH_B,Central,SKU0010,Electronics,7,140.35
103143,2025-01-16,WH_A,East,SKU0018,Housewares,1,193.73
103144,2025-01-16,WH_A,East,SKU0036,Housewares,1,134.18
103145,2025-01-16,WH_C,West,SKU0043,Hardware,1,127.52
103146,2025-01-16,WH_C,West,SKU0054,Office,1,173.09
103147,2025-01-16,WH_B,Central,SKU0078,Housewares,1,158.11
103148,2025-01-16,WH_C,West,SKU0084,Office,4,8.13
103149,2025-01-16,WH_B,Central,SKU0022,Sports,4,36.9
103150,2025-01-16,WH_B,Central,SKU0070,Hardware,3,116.54
103151,2025-01-16,WH_C,West,SKU0010,Electronics,2,87.65
103152,2025-01-16,WH_A,East,SKU0047,Electronics,1,22.41
103153,2025-01-16,WH_B,Central,SKU0058,Sports,6,154.56
103154,2025-01-16,WH_C,West,SKU0020,Electronics,12,213.36
103155,2025-01-16,WH_C,West,SKU0088,Housewares,6,151.47
103156,2025-01-16,WH_C,West,SKU0050,Hardware,1,228.78
103157,2025-01-16,WH_B,Central,SKU0048,Hardware,1,131.7
103158,2025-01-16,WH_B,Central,SKU0076,Hardware,5,120.74
103159,2025-01-16,WH_A,East,SKU0002,Electronics,1,96.43
103160,2025-01-16,WH_B,Central,SKU0065,Sports,13,249.94
103161,2025-01-16,WH_A,East,SKU0043,Hardware,3,222.56
103162,2025-01-16,WH_B,Central,SKU0028,Electronics,1,72.61
103163,2025-01-16,WH_C,West,SKU0045,Electronics,1,7.94
103164,2025-01-16,WH_A,East,SKU0030,Housewares,1,27.79
103165,2025-01-16,WH_A,East,SKU0070,Hardware,2,6.08
103166,2025-01-16,WH_B,Central,SKU0061,Office,1,217.24
103167,2025-01-16,WH_A,East,SKU0064,Sports,1,20.89
103168,2025-01-16,WH_C,West,SKU0099,Office,1,207.75
103169,2025-01-16,WH_C,West,SKU0043,Hardware,2,148.59
103170,2025-01-16,WH_A,East,SKU0084,Office,1,120.68
103171,2025-01-16,WH_B,Central,SKU0060,Hardware,1,87.37
103172,2025-01-16,WH_B,Central,SKU0086,Hardware,2,219.21
103173,2025-01-16,WH_C,West,SKU0065,Sports,1,193.21
103174,2025-01-16,WH_B,Central,SKU0031,Sports,1,85.05
103175,2025-01-16,WH_A,East,SKU0049,Housewares,1,229.32
103176,2025-01-16,WH_C,West,SKU0072,Office,1,146.76
103177,2025-01-16,WH_C,West,SKU0001,Housewares,1,121.0
103178,2025-01-16,WH_B,Central,SKU0015,Housewares,1,15.13
103179,2025-01-16,WH_B,Central,SKU0086,Hardware,5,196.13
103180,2025-01-16,WH_B,Central,SKU0048,Hardware,1,155.43
103181,2025-01-16,WH_B,Central,SKU0021,Sports,1,193.46
103182,2025-01-16,WH_C,West,SKU0098,Housewares,3,27.16
103183,2025-01-16,WH_B,Central,SKU0050,Hardware,5,48.96
103184,2025-01-16,WH_A,East,SKU0086,Hardware,1,184.77
103185,2025-01-16,WH_C,West,SKU0071,Hardware,1,34.99
103186,2025-01-16,WH_A,East,SKU0089,Electronics,1,210.48
103187,2025-01-16,WH_A,East,SKU0058,Sports,1,88.07
103188,2025-01-16,WH_A,East,SKU0096,Hardware,1,92.23
103189,2025-01-16,WH_B,Central,SKU0002,Electronics,3,104.34
103190,2025-01-16,WH_A,East,SKU0023,Hardware,4,161.9
103191,2025-01-16,WH_B,Central,SKU0035,Hardware,1,110.9
103192,2025-01-16,WH_A,East,SKU0002,Electronics,3,136.02
103193,2025-01-16,WH_B,Central,SKU0017,Hardware,6,233.63
103194,2025-01-16,WH_C,West,SKU0076,Hardware,3,247.36
103195,2025-01-16,WH_C,West,SKU0038,Housewares,2,14.76
103196,2025-01-16,WH_C,West,SKU0058,Sports,2,61.35
103197,2025-01-16,WH_C,West,SKU0032,Sports,1,125.07
103198,2025-01-16,WH_B,Central,SKU0065,Sports,1,80.86
103199,2025-01-16,WH_C,West,SKU0010,Electronics,1,75.18
103200,2025-01-16,WH_C,West,SKU0016,Housewares,1,192.56
103201,2025-01-16,WH_A,East,SKU0043,Hardware,1,208.78
103202,2025-01-16,WH_B,Central,SKU0066,Sports,6,188.99
103203,2025-01-16,WH_A,East,SKU0043,Hardware,1,181.72
103204,2025-01-16,WH_C,West,SKU0056,Housewares,1,166.97
103205,2025-01-16,WH_A,East,SKU0097,Office,1,165.63
103206,2025-01-16,WH_A,East,SKU0097,Office,4,142.86
103207,2025-01-16,WH_A,East,SKU0015,Housewares,3,57.31
103208,2025-01-16,WH_C,West,SKU0078,Housewares,2,117.82
103209,2025-01-16,WH_B,Central,SKU0068,Electronics,1,105.53
103210,2025-01-16,WH_B,Central,SKU0012,Housewares,1,79.81
103211,2025-01-16,WH_B,Central,SKU0059,Electronics,3,141.66
103212,2025-01-16,WH_B,Central,SKU0084,Office,1,16.89
103213,2025-01-16,WH_B,Central,SKU0061,Office,2,212.34
103214,2025-01-16,WH_C,West,SKU0076,Hardware,1,129.27
103215,2025-01-16,WH_C,West,SKU0023,Hardware,5,6.09
103216,2025-01-16,WH_A,East,SKU0077,Office,1,230.38
103217,2025-01-16,WH_A,East,SKU0020,Electronics,1,153.71
103218,2025-01-16,WH_B,Central,SKU0045,Electronics,2,42.16
103219,2025-01-16,WH_B,Central,SKU0052,Hardware,1,128.13
103220,2025-01-16,WH_B,Central,SKU0080,Hardware,3,48.42
103221,2025-01-16,WH_A,East,SKU0080,Hardware,3,138.86
103222,2025-01-16,WH_C,West,SKU0052,Hardware,1,167.79
103223,2025-01-16,WH_C,West,SKU0022,Sports,1,116.95
103224,2025-01-16,WH_B,Central,SKU0044,Hardware,2,117.38
103225,2025-01-16,WH_B,Central,SKU0092,Housewares,1,186.52
103226,2025-01-16,WH_A,East,SKU0019,Sports,3,161.67
103227,2025-01-16,WH_B,Central,SKU0034,Office,6,248.41
103228,2025-01-16,WH_B,Central,SKU0083,Housewares,2,90.33
103229,2025-01-16,WH_B,Central,SKU0072,Office,4,39.81
103230,2025-01-17,WH_C,West,SKU0048,Hardware,2,133.5
103231,2025-01-17,WH_B,Central,SKU0024,Electronics,12,247.8
103232,2025-01-17,WH_B,Central,SKU0014,Electronics,4,120.89
103233,2025-01-17,WH_B,Central,SKU0053,Hardware,2,83.34
103234,2025-01-17,WH_C,West,SKU0052,Hardware,5,187.9
103235,2025-01-17,WH_A,East,SKU0060,Hardware,4,38.98
103236,2025-01-17,WH_A,East,SKU0020,Electronics,1,136.65
103237,2025-01-17,WH_B,Central,SKU0029,Sports,1,95.31
103238,2025-01-17,WH_B,Central,SKU0084,Office,1,239.92
103239,2025-01-17,WH_B,Central,SKU0036,Housewares,4,157.08
103240,2025-01-17,WH_C,West,SKU0047,Electronics,1,86.86
103241,2025-01-17,WH_B,Central,SKU0016,Housewares,1,136.35
103242,2025-01-17,WH_B,Central,SKU0044,Hardware,5,9.66
103243,2025-01-17,WH_B,Central,SKU0090,Electronics,1,61.19
103244,2025-01-17,WH_C,West,SKU0045,Electronics,3,224.03
103245,2025-01-17,WH_C,West,SKU0045,Electronics,4,133.61
103246,2025-01-17,WH_C,West,SKU0086,Hardware,1,189.95
103247,2025-01-17,WH_A,East,SKU0068,Electronics,1,90.18
103248,2025-01-17,WH_A,East,SKU0061,Office,1,93.01
103249,2025-01-17,WH_C,West,SKU0100,Office,1,193.45
103250,2025-01-17,WH_B,Central,SKU0005,Sports,1,212.23
103251,2025-01-17,WH_C,West,SKU0044,Hardware,5,125.28
103252,2025-01-17,WH_C,West,SKU0051,Hardware,1,145.97
103253,2025-01-17,WH_A,East,SKU0090,Electronics,5,75.92
103254,2025-01-17,WH_A,East,SKU0004,Hardware,5,170.85
103255,2025-01-17,WH_A,East,SKU0049,Housewares,13,207.05
103256,2025-01-17,WH_C,West,SKU0043,Hardware,1,115.01
103257,2025-01-17,WH_A,East,SKU0015,Housewares,1,22.07
103258,2025-01-17,WH_A,East,SKU0071,Hardware,3,228.67
103259,2025-01-17,WH_B,Central,SKU0028,Electronics,10,71.26
103260,2025-01-17,WH_A,East,SKU0048,Hardware,1,142.25
103261,2025-01-17,WH_B,Central,SKU0036,Housewares,1,77.5
103262,2025-01-17,WH_B,Central,SKU0028,Electronics,5,203.56
103263,2025-01-17,WH_C,West,SKU0062,Housewares,6,123.15
103264,2025-01-17,WH_A,East,SKU0076,Hardware,2,193.79
103265,2025-01-17,WH_A,East,SKU0015,Housewares,1,206.66
103266,2025-01-17,WH_C,West,SKU0041,Sports,1,200.43
103267,2025-01-17,WH_A,East,SKU0098,Housewares,4,78.94
103268,2025-01-17,WH_C,West,SKU0047,Electronics,3,57.43
103269,2025-01-17,WH_B,Central,SKU0060,Hardware,2,176.64
103270,2025-01-17,WH_C,West,SKU0077,Office,3,245.82
103271,2025-01-17,WH_B,Central,SKU0067,Hardware,1,122.8
103272,2025-01-17,WH_B,Central,SKU0004,Hardware,6,142.57
103273,2025-01-17,WH_C,West,SKU0056,Housewares,6,111.34
103274,2025-01-17,WH_A,East,SKU0030,Housewares,4,218.16
103275,2025-01-17,WH_C,West,SKU0065,Sports,5,218.48
103276,2025-01-17,WH_C,West,SKU0053,Hardware,1,112.55
103277,2025-01-17,WH_B,Central,SKU0001,Housewares,1,49.23
103278,2025-01-17,WH_C,West,SKU0082,Hardware,2,240.22
103279,2025-01-17,WH_C,West,SKU0043,Hardware,2,214.19
103280,2025-01-17,WH_B,Central,SKU0094,Hardware,8,26.21
103281,2025-01-17,WH_C,West,SKU0079,Hardware,1,76.26
103282,2025-01-17,WH_C,West,SKU0065,Sports,2,20.12
103283,2025-01-17,WH_A,East,SKU0032,Sports,4,20.63
103284,2025-01-17,WH_C,West,SKU0033,Housewares,1,98.52
103285,2025-01-17,WH_A,East,SKU0062,Housewares,2,220.97
103286,2025-01-17,WH_C,West,SKU0076,Hardware,9,221.74
103287,2025-01-17,WH_B,Central,SKU0035,Hardware,1,159.65
103288,2025-01-17,WH_A,East,SKU0038,Housewares,1,35.82
103289,2025-01-17,WH_C,West,SKU0029,Sports,2,92.38
103290,2025-01-17,WH_B,Central,SKU0024,Electronics,1,28.14
103291,2025-01-17,WH_B,Central,SKU0030,Housewares,11,182.86
103292,2025-01-17,WH_A,East,SKU0011,Hardware,1,229.78
103293,2025-01-17,WH_C,West,SKU0050,Hardware,8,203.54
103294,2025-01-17,WH_B,Central,SKU0061,Office,3,97.21
103295,2025-01-17,WH_A,East,SKU0015,Housewares,1,116.48
103296,2025-01-17,WH_A,East,SKU0070,Hardware,8,191.23
103297,2025-01-17,WH_C,West,SKU0091,Electronics,1,158.04
103298,2025-01-17,WH_C,West,SKU0009,Hardware,2,203.97
103299,2025-01-17,WH_A,East,SKU0094,Hardware,1,176.81
103300,2025-01-17,WH_A,East,SKU0004,Hardware,1,36.76
103301,2025-01-17,WH_B,Central,SKU0002,Electronics,3,86.25
103302,2025-01-17,WH_A,East,SKU0037,Sports,3,44.8
103303,2025-01-17,WH_C,West,SKU0085,Hardware,12,201.83
103304,2025-01-17,WH_C,West,SKU0081,Housewares,1,186.43
103305,2025-01-17,WH_C,West,SKU0062,Housewares,1,165.09
103306,2025-01-17,WH_C,West,SKU0070,Hardware,1,86.68
103307,2025-01-17,WH_B,Central,SKU0025,Office,11,34.63
103308,2025-01-17,WH_A,East,SKU0004,Hardware,2,22.3
103309,2025-01-17,WH_A,East,SKU0026,Hardware,3,73.27
103310,2025-01-17,WH_B,Central,SKU0056,Housewares,1,87.76
103311,2025-01-17,WH_A,East,SKU0068,Electronics,1,235.71
103312,2025-01-17,WH_C,West,SKU0044,Hardware,7,218.15
103313,2025-01-17,WH_C,West,SKU0008,Electronics,1,62.19
103314,2025-01-17,WH_B,Central,SKU0089,Electronics,2,242.74
103315,2025-01-17,WH_A,East,SKU0088,Housewares,2,85.14
103316,2025-01-17,WH_C,West,SKU0041,Sports,5,38.18
103317,2025-01-17,WH_C,West,SKU0091,Electronics,6,243.8
103318,2025-01-17,WH_B,Central,SKU0096,Hardware,10,41.19
103319,2025-01-17,WH_B,Central,SKU0089,Electronics,2,148.31
103320,2025-01-17,WH_C,West,SKU0057,Electronics,1,138.96
103321,2025-01-17,WH_A,East,SKU0090,Electronics,3,85.6
103322,2025-01-17,WH_A,East,SKU0015,Housewares,1,19.76
103323,2025-01-17,WH_C,West,SKU0032,Sports,9,201.89
103324,2025-01-17,WH_A,East,SKU0034,Office,4,10.34
103325,2025-01-17,WH_A,East,SKU0013,Electronics,2,49.25
103326,2025-01-17,WH_C,West,SKU0098,Housewares,3,157.18
103327,2025-01-17,WH_C,West,SKU0031,Sports,5,67.58
103328,2025-01-17,WH_C,West,SKU0019,Sports,1,228.96
103329,2025-01-17,WH_B,Central,SKU0058,Sports,7,116.69
103330,2025-01-17,WH_B,Central,SKU0009,Hardware,1,127.0
103331,2025-01-17,WH_A,East,SKU0057,Electronics,2,206.32
103332,2025-01-17,WH_A,East,SKU0094,Hardware,3,22.35
103333,2025-01-17,WH_B,Central,SKU0008,Electronics,3,38.26
103334,2025-01-17,WH_C,West,SKU0033,Housewares,1,102.66
103335,2025-01-17,WH_B,Central,SKU0049,Housewares,1,208.17
103336,2025-01-17,WH_C,West,SKU0066,Sports,1,148.82
103337,2025-01-17,WH_C,West,SKU0060,Hardware,2,244.64
103338,2025-01-17,WH_B,Central,SKU0002,Electronics,7,213.04
103339,2025-01-17,WH_B,Central,SKU0082,Hardware,1,40.55
103340,2025-01-17,WH_C,West,SKU0012,Housewares,2,112.88
103341,2025-01-17,WH_B,Central,SKU0081,Housewares,1,28.93
103342,2025-01-17,WH_A,East,SKU0049,Housewares,1,164.46
103343,2025-01-17,WH_B,Central,SKU0081,Housewares,2,194.61
103344,2025-01-17,WH_C,West,SKU0007,Office,1,83.8
103345,2025-01-17,WH_C,West,SKU0099,Office,2,243.88
103346,2025-01-17,WH_B,Central,SKU0058,Sports,1,134.52
103347,2025-01-17,WH_A,East,SKU0084,Office,1,30.81
103348,2025-01-17,WH_A,East,SKU0028,Electronics,1,162.09
103349,2025-01-17,WH_C,West,SKU0045,Electronics,2,12.15
103350,2025-01-17,WH_B,Central,SKU0052,Hardware,2,61.84
103351,2025-01-17,WH_B,Central,SKU0059,Electronics,1,81.49
103352,2025-01-17,WH_B,Central,SKU0014,Electronics,5,16.66
103353,2025-01-17,WH_A,East,SKU0094,Hardware,1,101.73
103354,2025-01-17,WH_B,Central,SKU0065,Sports,2,198.3
103355,2025-01-17,WH_A,East,SKU0006,Sports,3,189.39
103356,2025-01-17,WH_A,East,SKU0051,Hardware,1,228.38
103357,2025-01-17,WH_A,East,SKU0039,Office,1,7.72
103358,2025-01-17,WH_C,West,SKU0094,Hardware,3,152.98
103359,2025-01-17,WH_A,East,SKU0058,Sports,1,240.17
103360,2025-01-17,WH_A,East,SKU0041,Sports,2,119.97
103361,2025-01-17,WH_B,Central,SKU0073,Office,1,56.41
103362,2025-01-17,WH_B,Central,SKU0100,Office,9,177.03
103363,2025-01-17,WH_B,Central,SKU0033,Housewares,2,159.64
103364,2025-01-17,WH_B,Central,SKU0056,Housewares,5,160.75
103365,2025-01-17,WH_C,West,SKU0028,Electronics,1,175.84
103366,2025-01-17,WH_A,East,SKU0060,Hardware,2,241.75
103367,2025-01-17,WH_C,West,SKU0095,Electronics,3,89.28
103368,2025-01-17,WH_A,East,SKU0036,Housewares,1,123.16
103369,2025-01-17,WH_C,West,SKU0007,Office,3,48.43
103370,2025-01-17,WH_B,Central,SKU0091,Electronics,3,207.27
103371,2025-01-17,WH_C,West,SKU0095,Electronics,1,177.92
103372,2025-01-17,WH_B,Central,SKU0038,Housewares,1,6.95
103373,2025-01-17,WH_B,Central,SKU0031,Sports,1,159.72
103374,2025-01-17,WH_B,Central,SKU0034,Office,10,193.99
103375,2025-01-17,WH_C,West,SKU0023,Hardware,1,22.56
103376,2025-01-17,WH_A,East,SKU0093,Sports,2,5.79
103377,2025-01-17,WH_C,West,SKU0038,Housewares,4,64.56
103378,2025-01-17,WH_C,West,SKU0059,Electronics,1,89.27
103379,2025-01-17,WH_B,Central,SKU0028,Electronics,4,70.11
103380,2025-01-17,WH_A,East,SKU0011,Hardware,1,137.54
103381,2025-01-17,WH_C,West,SKU0010,Electronics,1,239.11
103382,2025-01-17,WH_C,West,SKU0091,Electronics,1,27.51
103383,2025-01-17,WH_C,West,SKU0073,Office,2,50.21
103384,2025-01-17,WH_B,Central,SKU0006,Sports,1,50.86
103385,2025-01-17,WH_B,Central,SKU0038,Housewares,6,85.23
103386,2025-01-17,WH_C,West,SKU0084,Office,4,237.41
103387,2025-01-17,WH_A,East,SKU0083,Housewares,8,133.58
103388,2025-01-17,WH_A,East,SKU0035,Hardware,12,165.7
103389,2025-01-17,WH_B,Central,SKU0052,Hardware,1,222.65
103390,2025-01-17,WH_B,Central,SKU0038,Housewares,1,42.41
103391,2025-01-17,WH_B,Central,SKU0033,Housewares,4,157.98
103392,2025-01-17,WH_C,West,SKU0058,Sports,6,207.69
103393,2025-01-17,WH_C,West,SKU0048,Hardware,1,67.8
103394,2025-01-17,WH_A,East,SKU0025,Office,3,145.46
103395,2025-01-17,WH_B,Central,SKU0061,Office,1,49.5
103396,2025-01-17,WH_A,East,SKU0023,Hardware,1,149.5
103397,2025-01-17,WH_B,Central,SKU0057,Electronics,1,55.89
103398,2025-01-17,WH_A,East,SKU0071,Hardware,2,37.6
103399,2025-01-17,WH_C,West,SKU0016,Housewares,1,227.16
103400,2025-01-17,WH_B,Central,SKU0077,Office,3,80.19
103401,2025-01-17,WH_B,Central,SKU0093,Sports,6,66.32
103402,2025-01-17,WH_B,Central,SKU0085,Hardware,2,95.28
103403,2025-01-17,WH_B,Central,SKU0003,Hardware,4,96.04
103404,2025-01-17,WH_A,East,SKU0091,Electronics,1,153.89
103405,2025-01-17,WH_C,West,SKU0008,Electronics,4,136.41
103406,2025-01-17,WH_A,East,SKU0087,Office,3,108.39
103407,2025-01-17,WH_A,East,SKU0068,Electronics,4,148.33
103408,2025-01-17,WH_A,East,SKU0009,Hardware,1,223.23
103409,2025-01-17,WH_A,East,SKU0064,Sports,5,241.16
103410,2025-01-18,WH_B,Central,SKU0044,Hardware,2,170.56
103411,2025-01-18,WH_A,East,SKU0068,Electronics,5,17.88
103412,2025-01-18,WH_C,West,SKU0046,Hardware,7,71.44
103413,2025-01-18,WH_A,East,SKU0094,Hardware,1,63.21
103414,2025-01-18,WH_C,West,SKU0022,Sports,2,16.72
103415,2025-01-18,WH_B,Central,SKU0025,Office,1,161.64
103416,2025-01-18,WH_A,East,SKU0099,Office,1,211.86
103417,2025-01-18,WH_B,Central,SKU0100,Office,1,73.77
103418,2025-01-18,WH_B,Central,SKU0017,Hardware,1,136.94
103419,2025-01-18,WH_C,West,SKU0093,Sports,1,88.23
103420,2025-01-18,WH_B,Central,SKU0021,Sports,1,213.17
103421,2025-01-18,WH_C,West,SKU0081,Housewares,1,133.28
103422,2025-01-18,WH_B,Central,SKU0019,Sports,1,57.04
103423,2025-01-18,WH_C,West,SKU0064,Sports,1,117.55
103424,2025-01-18,WH_B,Central,SKU0042,Electronics,2,218.52
103425,2025-01-18,WH_B,Central,SKU0090,Electronics,6,148.73
103426,2025-01-18,WH_B,Central,SKU0042,Electronics,1,205.52
103427,2025-01-18,WH_C,West,SKU0075,Sports,4,200.5
103428,2025-01-18,WH_A,East,SKU0093,Sports,1,189.7
103429,2025-01-18,WH_B,Central,SKU0005,Sports,5,153.23
103430,2025-01-18,WH_B,Central,SKU0056,Housewares,4,195.16
103431,2025-01-18,WH_C,West,SKU0093,Sports,2,204.34
103432,2025-01-18,WH_A,East,SKU0022,Sports,4,229.45
103433,2025-01-18,WH_B,Central,SKU0047,Electronics,7,134.78
103434,2025-01-18,WH_C,West,SKU0090,Electronics,1,9.68
103435,2025-01-18,WH_A,East,SKU0086,Hardware,8,87.65
103436,2025-01-18,WH_C,West,SKU0069,Hardware,1,120.13
103437,2025-01-18,WH_C,West,SKU0075,Sports,1,149.65
103438,2025-01-18,WH_A,East,SKU0046,Hardware,4,68.05
103439,2025-01-18,WH_C,West,SKU0064,Sports,4,169.64
103440,2025-01-18,WH_C,West,SKU0046,Hardware,2,84.73
103441,2025-01-18,WH_A,East,SKU0072,Office,6,103.69
103442,2025-01-18,WH_C,West,SKU0093,Sports,1,162.14
103443,2025-01-18,WH_C,West,SKU0080,Hardware,7,129.46
103444,2025-01-18,WH_C,West,SKU0098,Housewares,3,116.94
103445,2025-01-18,WH_C,West,SKU0012,Housewares,1,35.37
103446,2025-01-18,WH_C,West,SKU0085,Hardware,1,10.22
103447,2025-01-18,WH_C,West,SKU0085,Hardware,2,37.12
103448,2025-01-18,WH_B,Central,SKU0028,Electronics,6,245.81
103449,2025-01-18,WH_B,Central,SKU0089,Electronics,2,115.17
103450,2025-01-18,WH_A,East,SKU0035,Hardware,1,161.32
103451,2025-01-18,WH_A,East,SKU0010,Electronics,2,89.13
103452,2025-01-18,WH_C,West,SKU0084,Office,1,162.98
103453,2025-01-18,WH_A,East,SKU0042,Electronics,2,181.05
103454,2025-01-18,WH_B,Central,SKU0040,Housewares,8,196.0
103455,2025-01-18,WH_A,East,SKU0056,Housewares,1,190.98
103456,2025-01-18,WH_C,West,SKU0079,Hardware,1,195.53
103457,2025-01-18,WH_C,West,SKU0024,Electronics,6,66.24
103458,2025-01-18,WH_A,East,SKU0069,Hardware,1,110.99
103459,2025-01-18,WH_B,Central,SKU0094,Hardware,1,172.99
103460,2025-01-18,WH_B,Central,SKU0044,Hardware,4,89.63
103461,2025-01-18,WH_B,Central,SKU0089,Electronics,1,149.64
103462,2025-01-18,WH_B,Central,SKU0005,Sports,1,179.27
103463,2025-01-18,WH_C,West,SKU0028,Electronics,2,157.94
103464,2025-01-18,WH_A,East,SKU0080,Hardware,3,170.51
103465,2025-01-18,WH_A,East,SKU0081,Housewares,1,196.74
103466,2025-01-18,WH_A,East,SKU0043,Hardware,2,180.15
103467,2025-01-18,WH_A,East,SKU0043,Hardware,1,59.25
103468,2025-01-18,WH_B,Central,SKU0085,Hardware,5,100.65
103469,2025-01-18,WH_B,Central,SKU0011,Hardware,2,140.14
103470,2025-01-18,WH_B,Central,SKU0010,Electronics,2,22.03
103471,2025-01-18,WH_B,Central,SKU0017,Hardware,1,21.29
103472,2025-01-18,WH_C,West,SKU0041,Sports,1,226.01
103473,2025-01-18,WH_A,East,SKU0054,Office,1,196.7
103474,2025-01-18,WH_A,East,SKU0038,Housewares,1,214.79
103475,2025-01-18,WH_B,Central,SKU0009,Hardware,1,92.03
103476,2025-01-18,WH_A,East,SKU0063,Housewares,3,130.63
103477,2025-01-18,WH_B,Central,SKU0098,Housewares,1,19.23
103478,2025-01-18,WH_A,East,SKU0012,Housewares,1,194.22
103479,2025-01-18,WH_A,East,SKU0045,Electronics,7,46.37
103480,2025-01-18,WH_A,East,SKU0049,Housewares,2,13.37
103481,2025-01-18,WH_A,East,SKU0019,Sports,1,114.95
103482,2025-01-18,WH_B,Central,SKU0098,Housewares,3,15.81
103483,2025-01-18,WH_A,East,SKU0020,Electronics,4,54.65
103484,2025-01-18,WH_C,West,SKU0018,Housewares,4,158.24
103485,2025-01-18,WH_C,West,SKU0089,Electronics,1,182.32
103486,2025-01-18,WH_B,Central,SKU0049,Housewares,1,58.83
103487,2025-01-18,WH_C,West,SKU0062,Housewares,1,101.3
103488,2025-01-18,WH_A,East,SKU0041,Sports,1,107.78
103489,2025-01-18,WH_B,Central,SKU0018,Housewares,1,43.0
103490,2025-01-18,WH_C,West,SKU0035,Hardware,8,199.91
103491,2025-01-18,WH_C,West,SKU0099,Office,1,180.98
103492,2025-01-18,WH_A,East,SKU0028,Electronics,3,48.35
103493,2025-01-18,WH_C,West,SKU0022,Sports,1,228.86
103494,2025-01-18,WH_C,West,SKU0032,Sports,4,191.29
103495,2025-01-18,WH_A,East,SKU0050,Hardware,2,168.06
103496,2025-01-18,WH_B,Central,SKU0045,Electronics,2,186.52
103497,2025-01-18,WH_B,Central,SKU0003,Hardware,3,12.62
103498,2025-01-18,WH_A,East,SKU0062,Housewares,2,159.3
103499,2025-01-18,WH_A,East,SKU0063,Housewares,1,105.54
103500,2025-01-18,WH_B,Central,SKU0049,Housewares,6,238.59
103501,2025-01-18,WH_B,Central,SKU0044,Hardware,4,42.11
103502,2025-01-18,WH_A,East,SKU0082,Hardware,1,49.73
103503,2025-01-18,WH_C,West,SKU0013,Electronics,3,194.42
103504,2025-01-18,WH_A,East,SKU0075,Sports,6,215.86
103505,2025-01-18,WH_A,East,SKU0033,Housewares,1,35.79
103506,2025-01-18,WH_A,East,SKU0004,Hardware,7,211.73
103507,2025-01-18,WH_A,East,SKU0034,Office,1,110.36
103508,2025-01-18,WH_B,Central,SKU0090,Electronics,2,151.18
103509,2025-01-18,WH_B,Central,SKU0029,Sports,1,103.92
103510,2025-01-18,WH_C,West,SKU0013,Electronics,2,55.54
103511,2025-01-18,WH_B,Central,SKU0024,Electronics,20,74.32
103512,2025-01-18,WH_C,West,SKU0001,Housewares,2,140.77
103513,2025-01-18,WH_A,East,SKU0085,Hardware,1,64.18
103514,2025-01-18,WH_C,West,SKU0046,Hardware,2,27.3
103515,2025-01-18,WH_B,Central,SKU0066,Sports,1,59.94
103516,2025-01-18,WH_A,East,SKU0061,Office,1,231.74
103517,2025-01-18,WH_A,East,SKU0031,Sports,3,46.36
103518,2025-01-18,WH_C,West,SKU0025,Office,8,57.92
103519,2025-01-18,WH_A,East,SKU0035,Hardware,1,37.65
103520,2025-01-18,WH_B,Central,SKU0010,Electronics,3,144.86
103521,2025-01-18,WH_A,East,SKU0062,Housewares,1,11.2
103522,2025-01-18,WH_A,East,SKU0095,Electronics,2,164.63
103523,2025-01-18,WH_A,East,SKU0069,Hardware,5,122.18
103524,2025-01-18,WH_C,West,SKU0008,Electronics,3,184.75
103525,2025-01-18,WH_B,Central,SKU0023,Hardware,2,91.29
103526,2025-01-18,WH_B,Central,SKU0090,Electronics,1,163.65
103527,2025-01-18,WH_B,Central,SKU0001,Housewares,4,51.51
103528,2025-01-18,WH_A,East,SKU0021,Sports,2,102.33
103529,2025-01-18,WH_A,East,SKU0050,Hardware,1,65.1
103530,2025-01-18,WH_B,Central,SKU0062,Housewares,1,107.64
103531,2025-01-18,WH_B,Central,SKU0058,Sports,1,140.77
103532,2025-01-18,WH_C,West,SKU0011,Hardware,1,147.41
103533,2025-01-18,WH_A,East,SKU0091,Electronics,1,68.06
103534,2025-01-18,WH_A,East,SKU0059,Electronics,2,173.3
103535,2025-01-18,WH_C,West,SKU0059,Electronics,4,13.71
103536,2025-01-18,WH_B,Central,SKU0036,Housewares,2,91.84
103537,2025-01-18,WH_B,Central,SKU0019,Sports,3,74.53
103538,2025-01-18,WH_B,Central,SKU0022,Sports,4,152.55
103539,2025-01-18,WH_B,Central,SKU0096,Hardware,4,246.18
103540,2025-01-18,WH_B,Central,SKU0060,Hardware,7,150.36
103541,2025-01-18,WH_C,West,SKU0008,Electronics,6,42.51
103542,2025-01-18,WH_A,East,SKU0005,Sports,1,135.62
103543,2025-01-18,WH_B,Central,SKU0090,Electronics,10,178.89
103544,2025-01-18,WH_C,West,SKU0007,Office,1,168.85
103545,2025-01-18,WH_A,East,SKU0032,Sports,1,120.3
103546,2025-01-18,WH_A,East,SKU0047,Electronics,1,17.05
103547,2025-01-18,WH_C,West,SKU0020,Electronics,1,182.0
103548,2025-01-18,WH_B,Central,SKU0083,Housewares,2,10.74
103549,2025-01-18,WH_A,East,SKU0046,Hardware,1,189.28
103550,2025-01-18,WH_C,West,SKU0032,Sports,9,219.22
103551,2025-01-18,WH_B,Central,SKU0028,Electronics,1,58.58
103552,2025-01-18,WH_B,Central,SKU0024,Electronics,1,106.21
103553,2025-01-18,WH_A,East,SKU0038,Housewares,3,42.5
103554,2025-01-18,WH_C,West,SKU0036,Housewares,7,195.39
103555,2025-01-18,WH_B,Central,SKU0068,Electronics,1,148.08
103556,2025-01-18,WH_C,West,SKU0052,Hardware,2,147.65
103557,2025-01-18,WH_A,East,SKU0048,Hardware,5,54.03
103558,2025-01-18,WH_B,Central,SKU0003,Hardware,3,31.22
103559,2025-01-18,WH_A,East,SKU0083,Housewares,1,160.78
103560,2025-01-18,WH_C,West,SKU0100,Office,1,31.48
103561,2025-01-18,WH_A,East,SKU0046,Hardware,1,96.8
103562,2025-01-18,WH_A,East,SKU0079,Hardware,2,249.01
103563,2025-01-18,WH_C,West,SKU0043,Hardware,1,38.31
103564,2025-01-18,WH_C,West,SKU0006,Sports,1,40.76
103565,2025-01-18,WH_B,Central,SKU0015,Housewares,1,143.17
103566,2025-01-18,WH_A,East,SKU0090,Electronics,6,215.91
103567,2025-01-18,WH_B,Central,SKU0005,Sports,1,41.13
103568,2025-01-18,WH_A,East,SKU0036,Housewares,2,95.09
103569,2025-01-18,WH_B,Central,SKU0015,Housewares,3,126.26
103570,2025-01-18,WH_C,West,SKU0083,Housewares,1,74.72
103571,2025-01-18,WH_A,East,SKU0027,Electronics,6,130.32
103572,2025-01-18,WH_C,West,SKU0097,Office,4,103.56
103573,2025-01-18,WH_A,East,SKU0035,Hardware,3,46.41
103574,2025-01-18,WH_B,Central,SKU0096,Hardware,4,197.71
103575,2025-01-18,WH_A,East,SKU0019,Sports,1,49.91
103576,2025-01-18,WH_A,East,SKU0037,Sports,1,161.17
103577,2025-01-18,WH_C,West,SKU0066,Sports,3,168.71
103578,2025-01-18,WH_A,East,SKU0059,Electronics,3,128.91
103579,2025-01-18,WH_B,Central,SKU0043,Hardware,2,7.06
103580,2025-01-18,WH_C,West,SKU0083,Housewares,1,127.15
103581,2025-01-18,WH_B,Central,SKU0062,Housewares,4,203.19
103582,2025-01-18,WH_B,Central,SKU0046,Hardware,3,124.17
103583,2025-01-18,WH_C,West,SKU0089,Electronics,1,113.96
103584,2025-01-18,WH_B,Central,SKU0009,Hardware,1,151.5
103585,2025-01-18,WH_C,West,SKU0025,Office,1,40.62
103586,2025-01-18,WH_A,East,SKU0039,Office,2,8.27
103587,2025-01-18,WH_B,Central,SKU0007,Office,2,161.4
103588,2025-01-18,WH_A,East,SKU0009,Hardware,4,21.67
103589,2025-01-18,WH_A,East,SKU0037,Sports,1,192.88
103590,2025-01-19,WH_B,Central,SKU0005,Sports,1,222.37
103591,2025-01-19,WH_C,West,SKU0077,Office,1,148.45
103592,2025-01-19,WH_C,West,SKU0093,Sports,1,103.66
103593,2025-01-19,WH_A,East,SKU0018,Housewares,6,154.05
103594,2025-01-19,WH_B,Central,SKU0042,Electronics,3,60.36
103595,2025-01-19,WH_B,Central,SKU0065,Sports,7,157.75
103596,2025-01-19,WH_B,Central,SKU0017,Hardware,1,8.81
103597,2025-01-19,WH_C,West,SKU0021,Sports,1,17.55
103598,2025-01-19,WH_B,Central,SKU0061,Office,7,92.8
103599,2025-01-19,WH_B,Central,SKU0054,Office,1,107.05
103600,2025-01-19,WH_A,East,SKU0093,Sports,1,63.43
103601,2025-01-19,WH_B,Central,SKU0088,Housewares,1,31.61
103602,2025-01-19,WH_A,East,SKU0017,Hardware,2,102.22
103603,2025-01-19,WH_A,East,SKU0065,Sports,6,118.62
103604,2025-01-19,WH_A,East,SKU0049,Housewares,2,232.42
103605,2025-01-19,WH_B,Central,SKU0028,Electronics,2,127.99
103606,2025-01-19,WH_B,Central,SKU0036,Housewares,1,179.05
103607,2025-01-19,WH_B,Central,SKU0011,Hardware,1,149.14
103608,2025-01-19,WH_B,Central,SKU0078,Housewares,1,134.54
103609,2025-01-19,WH_C,West,SKU0089,Electronics,5,106.36
103610,2025-01-19,WH_A,East,SKU0100,Office,1,144.73
103611,2025-01-19,WH_B,Central,SKU0019,Sports,8,174.84
103612,2025-01-19,WH_C,West,SKU0043,Hardware,1,240.93
103613,2025-01-19,WH_A,East,SKU0006,Sports,1,245.9
103614,2025-01-19,WH_A,East,SKU0001,Housewares,1,249.91
103615,2025-01-19,WH_A,East,SKU0063,Housewares,1,179.74
103616,2025-01-19,WH_C,West,SKU0065,Sports,4,171.5
103617,2025-01-19,WH_B,Central,SKU0097,Office,4,120.6
103618,2025-01-19,WH_B,Central,SKU0079,Hardware,1,92.65
103619,2025-01-19,WH_A,East,SKU0069,Hardware,3,163.33
103620,2025-01-19,WH_A,East,SKU0008,Electronics,1,66.99
103621,2025-01-19,WH_C,West,SKU0052,Hardware,2,183.51
103622,2025-01-19,WH_C,West,SKU0034,Office,5,26.19
103623,2025-01-19,WH_C,West,SKU0076,Hardware,7,232.29
103624,2025-01-19,WH_B,Central,SKU0046,Hardware,1,129.07
103625,2025-01-19,WH_B,Central,SKU0053,Hardware,2,140.66
103626,2025-01-19,WH_C,West,SKU0062,Housewares,2,128.32
103627,2025-01-19,WH_B,Central,SKU0098,Housewares,1,28.45
103628,2025-01-19,WH_A,East,SKU0013,Electronics,1,186.36
103629,2025-01-19,WH_A,East,SKU0087,Office,1,208.28
103630,2025-01-19,WH_A,East,SKU0063,Housewares,1,106.55
103631,2025-01-19,WH_A,East,SKU0035,Hardware,6,57.5
103632,2025-01-19,WH_A,East,SKU0076,Hardware,1,246.42
103633,2025-01-19,WH_A,East,SKU0007,Office,2,51.68
103634,2025-01-19,WH_C,West,SKU0020,Electronics,1,216.11
103635,2025-01-19,WH_B,Central,SKU0079,Hardware,2,33.18
103636,2025-01-19,WH_C,West,SKU0085,Hardware,6,113.76
103637,2025-01-19,WH_B,Central,SKU0044,Hardware,13,74.03
103638,2025-01-19,WH_B,Central,SKU0058,Sports,2,47.41
103639,2025-01-19,WH_C,West,SKU0072,Office,1,48.25
103640,2025-01-19,WH_A,East,SKU0098,Housewares,1,71.12
103641,2025-01-19,WH_B,Central,SKU0011,Hardware,1,242.61
103642,2025-01-19,WH_B,Central,SKU0078,Housewares,1,126.73
103643,2025-01-19,WH_B,Central,SKU0011,Hardware,2,166.89
103644,2025-01-19,WH_A,East,SKU0067,Hardware,4,191.44
103645,2025-01-19,WH_C,West,SKU0081,Housewares,9,190.14
103646,2025-01-19,WH_C,West,SKU0017,Hardware,5,135.42
103647,2025-01-19,WH_A,East,SKU0072,Office,3,122.14
103648,2025-01-19,WH_B,Central,SKU0034,Office,1,81.78
103649,2025-01-19,WH_C,West,SKU0018,Housewares,1,88.46
103650,2025-01-19,WH_B,Central,SKU0042,Electronics,2,65.67
103651,2025-01-19,WH_A,East,SKU0014,Electronics,2,229.48
103652,2025-01-19,WH_A,East,SKU0036,Housewares,1,59.55
103653,2025-01-19,WH_A,East,SKU0027,Electronics,1,219.84
103654,2025-01-19,WH_C,West,SKU0017,Hardware,8,222.24
103655,2025-01-19,WH_B,Central,SKU0063,Housewares,1,100.02
103656,2025-01-19,WH_A,East,SKU0100,Office,11,84.34
103657,2025-01-19,WH_A,East,SKU0030,Housewares,1,74.11
103658,2025-01-19,WH_A,East,SKU0091,Electronics,9,106.89
103659,2025-01-19,WH_A,East,SKU0065,Sports,8,30.5
103660,2025-01-19,WH_B,Central,SKU0013,Electronics,4,27.87
103661,2025-01-19,WH_C,West,SKU0049,Housewares,1,155.95
103662,2025-01-19,WH_B,Central,SKU0050,Hardware,1,168.34
103663,2025-01-19,WH_C,West,SKU0004,Hardware,10,17.91
103664,2025-01-19,WH_A,East,SKU0008,Electronics,1,161.85
103665,2025-01-19,WH_B,Central,SKU0036,Housewares,6,200.42
103666,2025-01-19,WH_B,Central,SKU0021,Sports,1,187.64
103667,2025-01-19,WH_A,East,SKU0030,Housewares,1,8.36
103668,2025-01-19,WH_C,West,SKU0018,Housewares,2,204.24
103669,2025-01-19,WH_B,Central,SKU0020,Electronics,1,144.47
103670,2025-01-19,WH_B,Central,SKU0027,Electronics,1,130.94
103671,2025-01-19,WH_A,East,SKU0005,Sports,6,122.14
103672,2025-01-19,WH_C,West,SKU0039,Office,1,200.96
103673,2025-01-19,WH_A,East,SKU0071,Hardware,2,183.95
103674,2025-01-19,WH_C,West,SKU0088,Housewares,6,75.12
103675,2025-01-19,WH_B,Central,SKU0045,Electronics,2,152.61
103676,2025-01-19,WH_A,East,SKU0025,Office,1,212.29
103677,2025-01-19,WH_B,Central,SKU0055,Housewares,3,184.68
103678,2025-01-19,WH_A,East,SKU0035,Hardware,4,68.23
103679,2025-01-19,WH_C,West,SKU0097,Office,4,194.58
103680,2025-01-19,WH_B,Central,SKU0073,Office,5,124.69
103681,2025-01-19,WH_B,Central,SKU0078,Housewares,2,29.05
103682,2025-01-19,WH_A,East,SKU0001,Housewares,5,135.7
103683,2025-01-19,WH_B,Central,SKU0022,Sports,2,34.75
103684,2025-01-19,WH_C,West,SKU0003,Hardware,2,15.29
103685,2025-01-19,WH_B,Central,SKU0024,Electronics,7,216.57
103686,2025-01-19,WH_B,Central,SKU0076,Hardware,1,150.48
103687,2025-01-19,WH_C,West,SKU0051,Hardware,2,201.84
103688,2025-01-19,WH_B,Central,SKU0060,Hardware,4,248.34
103689,2025-01-19,WH_B,Central,SKU0049,Housewares,1,35.53
103690,2025-01-19,WH_B,Central,SKU0050,Hardware,2,192.18
103691,2025-01-19,WH_B,Central,SKU0040,Housewares,1,62.87
103692,2025-01-19,WH_C,West,SKU0057,Electronics,4,189.66
103693,2025-01-19,WH_C,West,SKU0096,Hardware,1,217.97
103694,2025-01-19,WH_A,East,SKU0100,Office,1,31.76
103695,2025-01-19,WH_B,Central,SKU0090,Electronics,1,222.2
103696,2025-01-19,WH_C,West,SKU0057,Electronics,3,101.71
103697,2025-01-19,WH_A,East,SKU0069,Hardware,1,179.8
103698,2025-01-19,WH_A,East,SKU0012,Housewares,2,246.98
103699,2025-01-19,WH_B,Central,SKU0066,Sports,4,30.02
103700,2025-01-19,WH_A,East,SKU0067,Hardware,3,68.07
103701,2025-01-19,WH_B,Central,SKU0029,Sports,9,9.72
103702,2025-01-19,WH_C,West,SKU0012,Housewares,1,127.25
103703,2025-01-19,WH_C,West,SKU0033,Housewares,1,89.3
103704,2025-01-19,WH_C,West,SKU0091,Electronics,2,114.5
103705,2025-01-19,WH_A,East,SKU0093,Sports,1,220.36
103706,2025-01-19,WH_A,East,SKU0021,Sports,2,235.56
103707,2025-01-19,WH_A,East,SKU0048,Hardware,1,73.66
103708,2025-01-19,WH_B,Central,SKU0078,Housewares,3,74.37
103709,2025-01-19,WH_C,West,SKU0041,Sports,1,225.75
103710,2025-01-19,WH_C,West,SKU0051,Hardware,2,86.99
103711,2025-01-19,WH_B,Central,SKU0094,Hardware,4,22.31
103712,2025-01-19,WH_C,West,SKU0054,Office,2,29.42
103713,2025-01-19,WH_A,East,SKU0022,Sports,1,20.3
103714,2025-01-19,WH_A,East,SKU0017,Hardware,6,16.81
103715,2025-01-19,WH_C,West,SKU0072,Office,2,60.12
103716,2025-01-19,WH_C,West,SKU0036,Housewares,1,125.95
103717,2025-01-19,WH_C,West,SKU0009,Hardware,1,188.28
103718,2025-01-19,WH_B,Central,SKU0026,Hardware,7,78.57
103719,2025-01-19,WH_C,West,SKU0079,Hardware,1,224.02
103720,2025-01-19,WH_C,West,SKU0074,Hardware,11,111.17
103721,2025-01-19,WH_A,East,SKU0030,Housewares,1,40.32
103722,2025-01-19,WH_B,Central,SKU0002,Electronics,1,79.32
103723,2025-01-19,WH_B,Central,SKU0050,Hardware,15,50.29
103724,2025-01-19,WH_C,West,SKU0094,Hardware,1,156.04
103725,2025-01-19,WH_C,West,SKU0100,Office,1,121.23
103726,2025-01-19,WH_B,Central,SKU0047,Electronics,10,129.48
103727,2025-01-19,WH_C,West,SKU0005,Sports,7,15.56
103728,2025-01-19,WH_B,Central,SKU0055,Housewares,1,236.41
103729,2025-01-19,WH_B,Central,SKU0034,Office,1,185.46
103730,2025-01-19,WH_A,East,SKU0046,Hardware,1,104.65
103731,2025-01-19,WH_B,Central,SKU0034,Office,3,183.26
103732,2025-01-19,WH_C,West,SKU0021,Sports,8,67.94
103733,2025-01-19,WH_A,East,SKU0019,Sports,3,88.86
103734,2025-01-19,WH_B,Central,SKU0028,Electronics,3,39.82
103735,2025-01-19,WH_A,East,SKU0075,Sports,1,49.99
103736,2025-01-19,WH_C,West,SKU0071,Hardware,1,180.33
103737,2025-01-19,WH_A,East,SKU0055,Housewares,1,172.8
103738,2025-01-19,WH_C,West,SKU0014,Electronics,2,27.55
103739,2025-01-19,WH_B,Central,SKU0001,Housewares,1,217.96
103740,2025-01-19,WH_B,Central,SKU0052,Hardware,13,95.39
103741,2025-01-19,WH_A,East,SKU0069,Hardware,1,36.9
103742,2025-01-19,WH_C,West,SKU0058,Sports,4,165.67
103743,2025-01-19,WH_C,West,SKU0073,Office,1,100.87
103744,2025-01-19,WH_A,East,SKU0059,Electronics,5,106.21
103745,2025-01-19,WH_A,East,SKU0080,Hardware,4,77.33
103746,2025-01-19,WH_A,East,SKU0011,Hardware,3,119.27
103747,2025-01-19,WH_B,Central,SKU0079,Hardware,2,151.69
103748,2025-01-19,WH_A,East,SKU0002,Electronics,1,119.2
103749,2025-01-19,WH_A,East,SKU0025,Office,1,246.51
103750,2025-01-19,WH_C,West,SKU0063,Housewares,7,134.21
103751,2025-01-19,WH_C,West,SKU0098,Housewares,1,46.26
103752,2025-01-19,WH_C,West,SKU0091,Electronics,5,233.05
103753,2025-01-19,WH_C,West,SKU0026,Hardware,1,184.96
103754,2025-01-19,WH_B,Central,SKU0018,Housewares,2,79.33
103755,2025-01-19,WH_A,East,SKU0046,Hardware,1,170.93
103756,2025-01-19,WH_A,East,SKU0027,Electronics,1,51.32
103757,2025-01-19,WH_C,West,SKU0058,Sports,1,226.04
103758,2025-01-19,WH_A,East,SKU0029,Sports,2,133.24
103759,2025-01-19,WH_B,Central,SKU0093,Sports,3,247.15
103760,2025-01-19,WH_A,East,SKU0085,Hardware,1,37.61
103761,2025-01-19,WH_C,West,SKU0003,Hardware,1,226.47
103762,2025-01-19,WH_C,West,SKU0046,Hardware,1,199.41
103763,2025-01-19,WH_B,Central,SKU0028,Electronics,1,125.93
103764,2025-01-19,WH_B,Central,SKU0024,Electronics,1,106.16
103765,2025-01-19,WH_C,West,SKU0071,Hardware,1,139.61
103766,2025-01-19,WH_B,Central,SKU0086,Hardware,4,234.9
103767,2025-01-19,WH_B,Central,SKU0034,Office,1,187.07
103768,2025-01-19,WH_C,West,SKU0046,Hardware,6,35.59
103769,2025-01-19,WH_B,Central,SKU0100,Office,2,154.9
103770,2025-01-20,WH_B,Central,SKU0018,Housewares,1,10.52
103771,2025-01-20,WH_B,Central,SKU0055,Housewares,1,148.26
103772,2025-01-20,WH_A,East,SKU0017,Hardware,1,75.4
103773,2025-01-20,WH_B,Central,SKU0098,Housewares,3,102.59
103774,2025-01-20,WH_A,East,SKU0013,Electronics,1,102.8
103775,2025-01-20,WH_C,West,SKU0016,Housewares,25,68.96
103776,2025-01-20,WH_C,West,SKU0004,Hardware,1,46.62
103777,2025-01-20,WH_A,East,SKU0001,Housewares,1,145.81
103778,2025-01-20,WH_B,Central,SKU0077,Office,10,153.89
103779,2025-01-20,WH_B,Central,SKU0071,Hardware,1,100.46
103780,2025-01-20,WH_B,Central,SKU0068,Electronics,1,5.62
103781,2025-01-20,WH_C,West,SKU0092,Housewares,4,125.09
103782,2025-01-20,WH_B,Central,SKU0069,Hardware,1,75.08
103783,2025-01-20,WH_B,Central,SKU0008,Electronics,1,196.91
103784,2025-01-20,WH_A,East,SKU0022,Sports,1,198.38
103785,2025-01-20,WH_C,West,SKU0006,Sports,3,13.12
103786,2025-01-20,WH_A,East,SKU0036,Housewares,10,49.45
103787,2025-01-20,WH_B,Central,SKU0050,Hardware,1,203.28
103788,2025-01-20,WH_A,East,SKU0054,Office,1,103.27
103789,2025-01-20,WH_A,East,SKU0090,Electronics,6,161.13
103790,2025-01-20,WH_C,West,SKU0077,Office,1,162.79
103791,2025-01-20,WH_A,East,SKU0056,Housewares,5,103.95
103792,2025-01-20,WH_B,Central,SKU0037,Sports,2,247.04
103793,2025-01-20,WH_A,East,SKU0050,Hardware,10,129.71
103794,2025-01-20,WH_A,East,SKU0012,Housewares,1,176.67
103795,2025-01-20,WH_A,East,SKU0023,Hardware,1,169.02
103796,2025-01-20,WH_A,East,SKU0093,Sports,1,181.1
103797,2025-01-20,WH_B,Central,SKU0096,Hardware,1,235.59
103798,2025-01-20,WH_A,East,SKU0081,Housewares,1,21.76
103799,2025-01-20,WH_C,West,SKU0077,Office,4,103.32
103800,2025-01-20,WH_C,West,SKU0007,Office,1,233.79
103801,2025-01-20,WH_C,West,SKU0024,Electronics,2,166.74
103802,2025-01-20,WH_B,Central,SKU0036,Housewares,1,169.28
103803,2025-01-20,WH_B,Central,SKU0051,Hardware,1,117.75
103804,2025-01-20,WH_C,West,SKU0099,Office,4,133.33
103805,2025-01-20,WH_A,East,SKU0070,Hardware,12,200.22
103806,2025-01-20,WH_B,Central,SKU0042,Electronics,3,149.23
103807,2025-01-20,WH_A,East,SKU0009,Hardware,1,17.95
103808,2025-01-20,WH_B,Central,SKU0022,Sports,1,16.46
103809,2025-01-20,WH_A,East,SKU0084,Office,9,84.19
103810,2025-01-20,WH_C,West,SKU0021,Sports,3,150.61
103811,2025-01-20,WH_C,West,SKU0095,Electronics,2,146.91
103812,2025-01-20,WH_A,East,SKU0012,Housewares,1,222.2
103813,2025-01-20,WH_B,Central,SKU0083,Housewares,7,162.91
103814,2025-01-20,WH_C,West,SKU0020,Electronics,5,19.7
103815,2025-01-20,WH_B,Central,SKU0038,Housewares,1,141.97
103816,2025-01-20,WH_A,East,SKU0021,Sports,5,82.28
103817,2025-01-20,WH_C,West,SKU0089,Electronics,2,7.44
103818,2025-01-20,WH_C,West,SKU0033,Housewares,12,192.91
103819,2025-01-20,WH_A,East,SKU0031,Sports,1,245.84
103820,2025-01-20,WH_B,Central,SKU0052,Hardware,1,118.72
103821,2025-01-20,WH_C,West,SKU0022,Sports,1,87.07
103822,2025-01-20,WH_C,West,SKU0069,Hardware,1,82.55
103823,2025-01-20,WH_A,East,SKU0052,Hardware,8,109.66
103824,2025-01-20,WH_C,West,SKU0019,Sports,1,161.99
103825,2025-01-20,WH_B,Central,SKU0045,Electronics,3,246.02
103826,2025-01-20,WH_A,East,SKU0022,Sports,2,189.38
103827,2025-01-20,WH_B,Central,SKU0085,Hardware,1,46.9
103828,2025-01-20,WH_A,East,SKU0044,Hardware,1,107.6
103829,2025-01-20,WH_B,Central,SKU0024,Electronics,1,175.38
103830,2025-01-20,WH_A,East,SKU0035,Hardware,1,238.77
103831,2025-01-20,WH_A,East,SKU0061,Office,12,133.22
103832,2025-01-20,WH_A,East,SKU0069,Hardware,2,104.87
103833,2025-01-20,WH_A,East,SKU0096,Hardware,1,246.41
103834,2025-01-20,WH_C,West,SKU0015,Housewares,1,105.47
103835,2025-01-20,WH_C,West,SKU0095,Electronics,1,182.94
103836,2025-01-20,WH_A,East,SKU0008,Electronics,1,221.74
103837,2025-01-20,WH_A,East,SKU0016,Housewares,1,229.7
103838,2025-01-20,WH_A,East,SKU0047,Electronics,12,193.94
103839,2025-01-20,WH_B,Central,SKU0089,Electronics,2,41.73
103840,2025-01-20,WH_A,East,SKU0034,Office,8,195.33
103841,2025-01-20,WH_B,Central,SKU0020,Electronics,1,119.78
103842,2025-01-20,WH_A,East,SKU0003,Hardware,1,166.46
103843,2025-01-20,WH_A,East,SKU0027,Electronics,1,164.63
103844,2025-01-20,WH_A,East,SKU0011,Hardware,3,84.53
103845,2025-01-20,WH_B,Central,SKU0035,Hardware,8,195.85
103846,2025-01-20,WH_B,Central,SKU0061,Office,2,230.05
103847,2025-01-20,WH_B,Central,SKU0083,Housewares,5,174.59
103848,2025-01-20,WH_B,Central,SKU0030,Housewares,1,126.78
103849,2025-01-20,WH_A,East,SKU0016,Housewares,5,154.18
103850,2025-01-20,WH_B,Central,SKU0092,Housewares,2,239.03
103851,2025-01-20,WH_C,West,SKU0095,Electronics,1,7.95
103852,2025-01-20,WH_A,East,SKU0095,Electronics,6,14.44
103853,2025-01-20,WH_B,Central,SKU0049,Housewares,1,231.39
103854,2025-01-20,WH_B,Central,SKU0095,Electronics,3,163.8
103855,2025-01-20,WH_B,Central,SKU0096,Hardware,3,82.82
103856,2025-01-20,WH_B,Central,SKU0031,Sports,2,159.34
103857,2025-01-20,WH_A,East,SKU0086,Hardware,1,199.86
103858,2025-01-20,WH_B,Central,SKU0060,Hardware,1,22.5
103859,2025-01-20,WH_C,West,SKU0020,Electronics,1,105.06
103860,2025-01-20,WH_A,East,SKU0009,Hardware,7,106.86
103861,2025-01-20,WH_B,Central,SKU0023,Hardware,1,53.13
103862,2025-01-20,WH_C,West,SKU0078,Housewares,2,48.53
103863,2025-01-20,WH_B,Central,SKU0095,Electronics,1,180.13
103864,2025-01-20,WH_A,East,SKU0014,Electronics,4,213.41
103865,2025-01-20,WH_A,East,SKU0046,Hardware,5,97.92
103866,2025-01-20,WH_B,Central,SKU0095,Electronics,3,147.97
103867,2025-01-20,WH_B,Central,SKU0049,Housewares,1,103.39
103868,2025-01-20,WH_A,East,SKU0039,Office,1,25.42
103869,2025-01-20,WH_B,Central,SKU0061,Office,1,240.43
103870,2025-01-20,WH_B,Central,SKU0086,Hardware,5,112.58
103871,2025-01-20,WH_B,Central,SKU0031,Sports,1,22.75
103872,2025-01-20,WH_A,East,SKU0043,Hardware,1,152.09
103873,2025-01-20,WH_A,East,SKU0042,Electronics,4,17.63
103874,2025-01-20,WH_A,East,SKU0021,Sports,1,244.33
103875,2025-01-20,WH_C,West,SKU0095,Electronics,1,103.07
103876,2025-01-20,WH_A,East,SKU0016,Housewares,1,37.84
103877,2025-01-20,WH_C,West,SKU0042,Electronics,5,175.79
103878,2025-01-20,WH_C,West,SKU0085,Hardware,1,95.42
103879,2025-01-20,WH_A,East,SKU0046,Hardware,5,27.24
103880,2025-01-20,WH_A,East,SKU0041,Sports,1,227.1
103881,2025-01-20,WH_A,East,SKU0009,Hardware,5,194.85
103882,2025-01-20,WH_B,Central,SKU0092,Housewares,2,76.65
103883,2025-01-20,WH_B,Central,SKU0068,Electronics,8,125.51
103884,2025-01-20,WH_C,West,SKU0017,Hardware,1,94.57
103885,2025-01-20,WH_B,Central,SKU0016,Housewares,1,67.51
103886,2025-01-20,WH_B,Central,SKU0095,Electronics,1,38.21
103887,2025-01-20,WH_B,Central,SKU0005,Sports,1,60.58
103888,2025-01-20,WH_C,West,SKU0034,Office,1,16.06
103889,2025-01-20,WH_A,East,SKU0043,Hardware,1,54.59
103890,2025-01-20,WH_C,West,SKU0006,Sports,1,148.01
103891,2025-01-20,WH_A,East,SKU0078,Housewares,1,39.61
103892,2025-01-20,WH_B,Central,SKU0075,Sports,8,131.14
103893,2025-01-20,WH_C,West,SKU0084,Office,4,175.14
103894,2025-01-20,WH_A,East,SKU0077,Office,1,142.17
103895,2025-01-20,WH_A,East,SKU0019,Sports,2,91.19
103896,2025-01-20,WH_C,West,SKU0022,Sports,3,198.72
103897,2025-01-20,WH_C,West,SKU0065,Sports,1,8.65
103898,2025-01-20,WH_B,Central,SKU0088,Housewares,1,33.62
103899,2025-01-20,WH_B,Central,SKU0096,Hardware,1,94.66
103900,2025-01-20,WH_C,West,SKU0084,Office,1,234.05
103901,2025-01-20,WH_C,West,SKU0083,Housewares,3,132.0
103902,2025-01-20,WH_B,Central,SKU0014,Electronics,1,30.39
103903,2025-01-20,WH_A,East,SKU0099,Office,4,100.49
103904,2025-01-20,WH_A,East,SKU0016,Housewares,1,207.26
103905,2025-01-20,WH_A,East,SKU0079,Hardware,1,99.64
103906,2025-01-20,WH_A,East,SKU0074,Hardware,10,8.8
103907,2025-01-20,WH_B,Central,SKU0023,Hardware,3,237.48
103908,2025-01-20,WH_A,East,SKU0068,Electronics,1,217.19
103909,2025-01-20,WH_C,West,SKU0070,Hardware,1,220.11
103910,2025-01-20,WH_C,West,SKU0063,Housewares,1,245.75
103911,2025-01-20,WH_C,West,SKU0059,Electronics,3,158.64
103912,2025-01-20,WH_C,West,SKU0047,Electronics,4,111.96
103913,2025-01-20,WH_B,Central,SKU0055,Housewares,1,69.42
103914,2025-01-20,WH_B,Central,SKU0061,Office,1,156.25
103915,2025-01-20,WH_B,Central,SKU0100,Office,5,127.4
103916,2025-01-20,WH_B,Central,SKU0044,Hardware,1,199.49
103917,2025-01-20,WH_B,Central,SKU0016,Housewares,1,173.81
103918,2025-01-20,WH_C,West,SKU0064,Sports,1,32.74
103919,2025-01-20,WH_B,Central,SKU0019,Sports,3,25.27
103920,2025-01-20,WH_C,West,SKU0039,Office,1,157.97
103921,2025-01-20,WH_B,Central,SKU0085,Hardware,1,142.52
103922,2025-01-20,WH_A,East,SKU0011,Hardware,11,159.83
103923,2025-01-20,WH_B,Central,SKU0027,Electronics,2,98.13
103924,2025-01-20,WH_A,East,SKU0034,Office,2,8.18
103925,2025-01-20,WH_B,Central,SKU0003,Hardware,2,21.88
103926,2025-01-20,WH_B,Central,SKU0083,Housewares,1,142.96
103927,2025-01-20,WH_C,West,SKU0007,Office,3,99.28
103928,2025-01-20,WH_B,Central,SKU0098,Housewares,1,127.02
103929,2025-01-20,WH_B,Central,SKU0030,Housewares,4,9.32
103930,2025-01-20,WH_B,Central,SKU0063,Housewares,1,8.5
103931,2025-01-20,WH_A,East,SKU0071,Hardware,1,132.36
103932,2025-01-20,WH_B,Central,SKU0018,Housewares,1,123.88
103933,2025-01-20,WH_A,East,SKU0008,Electronics,7,172.91
103934,2025-01-20,WH_B,Central,SKU0076,Hardware,4,147.2
103935,2025-01-20,WH_B,Central,SKU0024,Electronics,6,40.98
103936,2025-01-20,WH_C,West,SKU0059,Electronics,1,151.27
103937,2025-01-20,WH_B,Central,SKU0090,Electronics,6,80.46
103938,2025-01-20,WH_C,West,SKU0055,Housewares,1,243.73
103939,2025-01-20,WH_C,West,SKU0008,Electronics,1,42.33
103940,2025-01-20,WH_B,Central,SKU0044,Hardware,1,126.61
103941,2025-01-20,WH_A,East,SKU0090,Electronics,5,114.72
103942,2025-01-20,WH_A,East,SKU0034,Office,2,54.0
103943,2025-01-20,WH_C,West,SKU0046,Hardware,2,90.35
103944,2025-01-20,WH_B,Central,SKU0058,Sports,1,236.88
103945,2025-01-20,WH_A,East,SKU0087,Office,1,171.08
103946,2025-01-20,WH_A,East,SKU0085,Hardware,7,48.91
103947,2025-01-20,WH_C,West,SKU0010,Electronics,1,109.54
103948,2025-01-20,WH_B,Central,SKU0017,Hardware,1,190.96
103949,2025-01-20,WH_A,East,SKU0066,Sports,1,246.53
103950,2025-01-20,WH_A,East,SKU0071,Hardware,5,224.36
103951,2025-01-20,WH_A,East,SKU0096,Hardware,1,48.2
103952,2025-01-20,WH_C,West,SKU0093,Sports,1,169.63
103953,2025-01-20,WH_C,West,SKU0041,Sports,1,202.57
103954,2025-01-20,WH_C,West,SKU0060,Hardware,2,143.75
103955,2025-01-20,WH_C,West,SKU0097,Office,2,136.16
103956,2025-01-20,WH_A,East,SKU0028,Electronics,1,74.38
103957,2025-01-20,WH_C,West,SKU0075,Sports,2,171.07
103958,2025-01-20,WH_A,East,SKU0099,Office,1,202.5
103959,2025-01-20,WH_B,Central,SKU0090,Electronics,4,72.1
103960,2025-01-20,WH_A,East,SKU0024,Electronics,2,90.49
103961,2025-01-20,WH_B,Central,SKU0011,Hardware,1,202.47
103962,2025-01-20,WH_C,West,SKU0098,Housewares,14,143.6
103963,2025-01-20,WH_B,Central,SKU0049,Housewares,7,162.33
103964,2025-01-20,WH_A,East,SKU0008,Electronics,2,122.64
103965,2025-01-20,WH_A,East,SKU0042,Electronics,1,25.64
103966,2025-01-20,WH_C,West,SKU0042,Electronics,1,142.52
103967,2025-01-20,WH_A,East,SKU0061,Office,2,175.41
103968,2025-01-20,WH_B,Central,SKU0033,Housewares,1,91.78
103969,2025-01-20,WH_B,Central,SKU0088,Housewares,1,50.7
103970,2025-01-20,WH_A,East,SKU0053,Hardware,7,171.97
103971,2025-01-20,WH_A,East,SKU0044,Hardware,1,179.64
103972,2025-01-20,WH_C,West,SKU0052,Hardware,2,133.37
103973,2025-01-20,WH_A,East,SKU0012,Housewares,13,156.46
103974,2025-01-20,WH_C,West,SKU0078,Housewares,6,228.82
103975,2025-01-20,WH_B,Central,SKU0042,Electronics,1,7.05
103976,2025-01-20,WH_A,East,SKU0081,Housewares,1,193.47
103977,2025-01-20,WH_C,West,SKU0020,Electronics,5,197.94
103978,2025-01-20,WH_C,West,SKU0062,Housewares,1,188.74
103979,2025-01-20,WH_A,East,SKU0011,Hardware,3,81.89
103980,2025-01-20,WH_B,Central,SKU0018,Housewares,1,157.25
103981,2025-01-20,WH_B,Central,SKU0011,Hardware,3,144.15
103982,2025-01-20,WH_C,West,SKU0078,Housewares,1,72.78
103983,2025-01-20,WH_B,Central,SKU0068,Electronics,3,240.84
103984,2025-01-20,WH_A,East,SKU0013,Electronics,8,132.32
103985,2025-01-20,WH_A,East,SKU0037,Sports,6,12.22
103986,2025-01-20,WH_C,West,SKU0013,Electronics,5,121.66
103987,2025-01-20,WH_B,Central,SKU0010,Electronics,4,6.37
103988,2025-01-20,WH_C,West,SKU0014,Electronics,6,150.77
103989,2025-01-20,WH_C,West,SKU0038,Housewares,1,90.13
103990,2025-01-20,WH_B,Central,SKU0064,Sports,1,108.98
103991,2025-01-20,WH_A,East,SKU0040,Housewares,1,135.95
103992,2025-01-20,WH_A,East,SKU0060,Hardware,5,245.66
103993,2025-01-20,WH_A,East,SKU0028,Electronics,1,31.09
103994,2025-01-20,WH_A,East,SKU0012,Housewares,1,40.17
103995,2025-01-20,WH_B,Central,SKU0025,Office,5,127.78
103996,2025-01-20,WH_B,Central,SKU0082,Hardware,2,41.9
103997,2025-01-20,WH_B,Central,SKU0082,Hardware,4,243.53
103998,2025-01-20,WH_A,East,SKU0015,Housewares,1,240.8
103999,2025-01-20,WH_A,East,SKU0057,Electronics,1,13.75
104000,2025-01-20,WH_B,Central,SKU0053,Hardware,9,176.57
104001,2025-01-20,WH_C,West,SKU0056,Housewares,1,94.15
104002,2025-01-20,WH_C,West,SKU0052,Hardware,2,177.15
104003,2025-01-20,WH_A,East,SKU0046,Hardware,5,25.25
104004,2025-01-20,WH_B,Central,SKU0008,Electronics,3,121.79
104005,2025-01-20,WH_B,Central,SKU0085,Hardware,2,129.59
104006,2025-01-20,WH_C,West,SKU0031,Sports,1,55.35
104007,2025-01-20,WH_A,East,SKU0045,Electronics,1,51.47
104008,2025-01-20,WH_A,East,SKU0098,Housewares,1,96.59
104009,2025-01-20,WH_C,West,SKU0082,Hardware,1,142.82
104010,2025-01-20,WH_A,East,SKU0026,Hardware,1,112.2
104011,2025-01-20,WH_B,Central,SKU0001,Housewares,11,7.42
104012,2025-01-20,WH_C,West,SKU0004,Hardware,1,169.95
104013,2025-01-20,WH_A,East,SKU0017,Hardware,1,142.38
104014,2025-01-20,WH_A,East,SKU0012,Housewares,1,59.58
104015,2025-01-20,WH_B,Central,SKU0030,Housewares,6,54.8
104016,2025-01-20,WH_C,West,SKU0032,Sports,1,46.55
104017,2025-01-20,WH_C,West,SKU0010,Electronics,1,76.81
104018,2025-01-20,WH_A,East,SKU0074,Hardware,1,162.06
104019,2025-01-20,WH_A,East,SKU0077,Office,4,130.11
104020,2025-01-21,WH_B,Central,SKU0057,Electronics,2,204.25
104021,2025-01-21,WH_A,East,SKU0059,Electronics,23,116.84
104022,2025-01-21,WH_B,Central,SKU0033,Housewares,8,125.14
104023,2025-01-21,WH_C,West,SKU0031,Sports,4,145.44
104024,2025-01-21,WH_C,West,SKU0076,Hardware,6,114.93
104025,2025-01-21,WH_B,Central,SKU0093,Sports,3,119.25
104026,2025-01-21,WH_C,West,SKU0042,Electronics,5,248.62
104027,2025-01-21,WH_A,East,SKU0061,Office,1,121.21
104028,2025-01-21,WH_A,East,SKU0036,Housewares,1,39.54
104029,2025-01-21,WH_B,Central,SKU0011,Hardware,7,138.19
104030,2025-01-21,WH_A,East,SKU0067,Hardware,1,169.51
104031,2025-01-21,WH_A,East,SKU0005,Sports,2,75.74
104032,2025-01-21,WH_C,West,SKU0078,Housewares,1,149.61
104033,2025-01-21,WH_A,East,SKU0008,Electronics,1,39.1
104034,2025-01-21,WH_A,East,SKU0071,Hardware,1,216.03
104035,2025-01-21,WH_B,Central,SKU0069,Hardware,1,209.15
104036,2025-01-21,WH_C,West,SKU0074,Hardware,2,14.89
104037,2025-01-21,WH_C,West,SKU0032,Sports,2,109.37
104038,2025-01-21,WH_A,East,SKU0068,Electronics,5,227.26
104039,2025-01-21,WH_A,East,SKU0065,Sports,1,197.12
104040,2025-01-21,WH_B,Central,SKU0060,Hardware,1,77.43
104041,2025-01-21,WH_C,West,SKU0054,Office,1,171.23
104042,2025-01-21,WH_C,West,SKU0092,Housewares,1,118.89
104043,2025-01-21,WH_B,Central,SKU0052,Hardware,5,199.02
104044,2025-01-21,WH_B,Central,SKU0058,Sports,5,44.46
104045,2025-01-21,WH_A,East,SKU0023,Hardware,2,229.14
104046,2025-01-21,WH_A,East,SKU0090,Electronics,1,199.66
104047,2025-01-21,WH_A,East,SKU0037,Sports,1,169.07
104048,2025-01-21,WH_B,Central,SKU0093,Sports,3,231.77
104049,2025-01-21,WH_A,East,SKU0047,Electronics,2,212.82
104050,2025-01-21,WH_B,Central,SKU0023,Hardware,1,108.03
104051,2025-01-21,WH_B,Central,SKU0086,Hardware,1,136.88
104052,2025-01-21,WH_A,East,SKU0041,Sports,1,242.15
104053,2025-01-21,WH_A,East,SKU0098,Housewares,1,69.93
104054,2025-01-21,WH_B,Central,SKU0001,Housewares,10,114.1
104055,2025-01-21,WH_C,West,SKU0028,Electronics,2,24.85
104056,2025-01-21,WH_A,East,SKU0030,Housewares,1,14.71
104057,2025-01-21,WH_A,East,SKU0074,Hardware,1,160.16
104058,2025-01-21,WH_C,West,SKU0020,Electronics,4,218.17
104059,2025-01-21,WH_B,Central,SKU0003,Hardware,1,86.55
104060,2025-01-21,WH_B,Central,SKU0070,Hardware,2,25.5
104061,2025-01-21,WH_B,Central,SKU0099,Office,4,123.41
104062,2025-01-21,WH_C,West,SKU0038,Housewares,10,33.74
104063,2025-01-21,WH_C,West,SKU0014,Electronics,1,90.4
104064,2025-01-21,WH_C,West,SKU0080,Hardware,1,175.66
104065,2025-01-21,WH_C,West,SKU0058,Sports,8,27.03
104066,2025-01-21,WH_A,East,SKU0052,Hardware,1,63.29
104067,2025-01-21,WH_C,West,SKU0072,Office,2,115.75
104068,2025-01-21,WH_C,West,SKU0006,Sports,3,184.49
104069,2025-01-21,WH_C,West,SKU0049,Housewares,2,149.8
104070,2025-01-21,WH_C,West,SKU0093,Sports,5,102.25
104071,2025-01-21,WH_C,West,SKU0009,Hardware,1,57.19
104072,2025-01-21,WH_B,Central,SKU0016,Housewares,1,101.41
104073,2025-01-21,WH_B,Central,SKU0039,Office,1,29.16
104074,2025-01-21,WH_C,West,SKU0086,Hardware,4,140.5
104075,2025-01-21,WH_B,Central,SKU0011,Hardware,1,190.99
104076,2025-01-21,WH_B,Central,SKU0040,Housewares,3,51.94
104077,2025-01-21,WH_B,Central,SKU0010,Electronics,12,48.47
104078,2025-01-21,WH_A,East,SKU0080,Hardware,4,242.23
104079,2025-01-21,WH_A,East,SKU0009,Hardware,3,168.12
104080,2025-01-21,WH_B,Central,SKU0004,Hardware,7,70.94
104081,2025-01-21,WH_C,West,SKU0011,Hardware,1,162.08
104082,2025-01-21,WH_B,Central,SKU0002,Electronics,6,156.26
104083,2025-01-21,WH_B,Central,SKU0053,Hardware,11,59.61
104084,2025-01-21,WH_B,Central,SKU0077,Office,5,232.18
104085,2025-01-21,WH_B,Central,SKU0050,Hardware,1,240.69
104086,2025-01-21,WH_C,West,SKU0019,Sports,1,238.44
104087,2025-01-21,WH_B,Central,SKU0041,Sports,6,21.21
104088,2025-01-21,WH_A,East,SKU0088,Housewares,2,134.57
104089,2025-01-21,WH_A,East,SKU0047,Electronics,1,14.69
104090,2025-01-21,WH_C,West,SKU0003,Hardware,1,133.5
104091,2025-01-21,WH_C,West,SKU0085,Hardware,1,235.41
104092,2025-01-21,WH_C,West,SKU0019,Sports,1,166.27
104093,2025-01-21,WH_B,Central,SKU0061,Office,1,167.57
104094,2025-01-21,WH_B,Central,SKU0065,Sports,7,91.92
104095,2025-01-21,WH_B,Central,SKU0085,Hardware,1,158.38
104096,2025-01-21,WH_C,West,SKU0051,Hardware,1,103.59
104097,2025-01-21,WH_B,Central,SKU0067,Hardware,1,89.5
104098,2025-01-21,WH_A,East,SKU0075,Sports,3,230.98
104099,2025-01-21,WH_A,East,SKU0002,Electronics,2,7.46
104100,2025-01-21,WH_A,East,SKU0029,Sports,1,238.3
104101,2025-01-21,WH_C,West,SKU0060,Hardware,7,33.33
104102,2025-01-21,WH_B,Central,SKU0085,Hardware,7,241.31
104103,2025-01-21,WH_C,West,SKU0022,Sports,1,176.75
104104,2025-01-21,WH_C,West,SKU0013,Electronics,2,87.58
104105,2025-01-21,WH_A,East,SKU0007,Office,1,94.9
104106,2025-01-21,WH_B,Central,SKU0091,Electronics,7,203.76
104107,2025-01-21,WH_A,East,SKU0083,Housewares,1,139.18
104108,2025-01-21,WH_A,East,SKU0002,Electronics,1,119.23
104109,2025-01-21,WH_C,West,SKU0025,Office,4,138.04
104110,2025-01-21,WH_B,Central,SKU0088,Housewares,1,70.91
104111,2025-01-21,WH_C,West,SKU0031,Sports,2,174.74
104112,2025-01-21,WH_B,Central,SKU0090,Electronics,2,156.95
104113,2025-01-21,WH_A,East,SKU0084,Office,4,138.62
104114,2025-01-21,WH_C,West,SKU0031,Sports,11,62.71
104115,2025-01-21,WH_C,West,SKU0044,Hardware,7,65.68
104116,2025-01-21,WH_B,Central,SKU0015,Housewares,2,116.7
104117,2025-01-21,WH_A,East,SKU0055,Housewares,1,240.87
104118,2025-01-21,WH_C,West,SKU0074,Hardware,1,170.34
104119,2025-01-21,WH_A,East,SKU0005,Sports,4,53.27
104120,2025-01-21,WH_C,West,SKU0006,Sports,10,138.93
104121,2025-01-21,WH_B,Central,SKU0047,Electronics,7,167.65
104122,2025-01-21,WH_B,Central,SKU0001,Housewares,3,89.67
104123,2025-01-21,WH_C,West,SKU0040,Housewares,4,12.3
104124,2025-01-21,WH_C,West,SKU0078,Housewares,2,12.87
104125,2025-01-21,WH_B,Central,SKU0092,Housewares,1,28.59
104126,2025-01-21,WH_B,Central,SKU0020,Electronics,7,158.92
104127,2025-01-21,WH_B,Central,SKU0089,Electronics,3,213.53
104128,2025-01-21,WH_B,Central,SKU0055,Housewares,3,35.43
104129,2025-01-21,WH_C,West,SKU0041,Sports,2,244.65
104130,2025-01-21,WH_B,Central,SKU0042,Electronics,1,156.83
104131,2025-01-21,WH_C,West,SKU0020,Electronics,2,100.95
104132,2025-01-21,WH_B,Central,SKU0068,Electronics,9,92.32
104133,2025-01-21,WH_C,West,SKU0007,Office,1,240.82
104134,2025-01-21,WH_A,East,SKU0046,Hardware,3,88.9
104135,2025-01-21,WH_C,West,SKU0042,Electronics,1,232.37
104136,2025-01-21,WH_A,East,SKU0058,Sports,1,136.6
104137,2025-01-21,WH_A,East,SKU0068,Electronics,1,248.83
104138,2025-01-21,WH_A,East,SKU0039,Office,4,144.07
104139,2025-01-21,WH_C,West,SKU0086,Hardware,4,229.51
104140,2025-01-21,WH_B,Central,SKU0064,Sports,9,197.57
104141,2025-01-21,WH_C,West,SKU0054,Office,5,102.46
104142,2025-01-21,WH_A,East,SKU0068,Electronics,1,203.03
104143,2025-01-21,WH_A,East,SKU0070,Hardware,4,225.74
104144,2025-01-21,WH_C,West,SKU0084,Office,1,174.25
104145,2025-01-21,WH_B,Central,SKU0076,Hardware,3,200.64
104146,2025-01-21,WH_C,West,SKU0037,Sports,1,207.43
104147,2025-01-21,WH_B,Central,SKU0081,Housewares,1,173.34
104148,2025-01-21,WH_A,East,SKU0094,Hardware,2,112.85
104149,2025-01-21,WH_A,East,SKU0043,Hardware,4,240.5
104150,2025-01-21,WH_B,Central,SKU0085,Hardware,1,188.37
104151,2025-01-21,WH_C,West,SKU0055,Housewares,1,212.19
104152,2025-01-21,WH_C,West,SKU0087,Office,1,115.07
104153,2025-01-21,WH_B,Central,SKU0098,Housewares,4,126.56
104154,2025-01-21,WH_B,Central,SKU0083,Housewares,1,248.91
104155,2025-01-21,WH_B,Central,SKU0052,Hardware,2,163.06
104156,2025-01-21,WH_A,East,SKU0037,Sports,3,221.42
104157,2025-01-21,WH_B,Central,SKU0023,Hardware,1,19.49
104158,2025-01-21,WH_A,East,SKU0093,Sports,1,143.4
104159,2025-01-21,WH_B,Central,SKU0047,Electronics,1,173.86
104160,2025-01-21,WH_C,West,SKU0028,Electronics,1,198.72
104161,2025-01-21,WH_A,East,SKU0030,Housewares,3,57.42
104162,2025-01-21,WH_A,East,SKU0011,Hardware,1,202.72
104163,2025-01-21,WH_B,Central,SKU0063,Housewares,4,204.37
104164,2025-01-21,WH_A,East,SKU0054,Office,1,242.54
104165,2025-01-21,WH_C,West,SKU0056,Housewares,3,20.97
104166,2025-01-21,WH_B,Central,SKU0018,Housewares,1,167.81
104167,2025-01-21,WH_C,West,SKU0093,Sports,1,225.93
104168,2025-01-21,WH_A,East,SKU0032,Sports,4,24.95
104169,2025-01-21,WH_B,Central,SKU0018,Housewares,7,104.07
104170,2025-01-21,WH_C,West,SKU0044,Hardware,1,196.86
104171,2025-01-21,WH_C,West,SKU0080,Hardware,3,112.19
104172,2025-01-21,WH_A,East,SKU0093,Sports,1,131.64
104173,2025-01-21,WH_A,East,SKU0042,Electronics,2,159.58
104174,2025-01-21,WH_A,East,SKU0092,Housewares,2,156.24
104175,2025-01-21,WH_B,Central,SKU0051,Hardware,1,142.66
104176,2025-01-21,WH_A,East,SKU0025,Office,1,43.8
104177,2025-01-21,WH_B,Central,SKU0030,Housewares,2,16.51
104178,2025-01-21,WH_C,West,SKU0051,Hardware,1,65.59
104179,2025-01-21,WH_C,West,SKU0025,Office,1,96.66
104180,2025-01-21,WH_C,West,SKU0084,Office,1,33.63
104181,2025-01-21,WH_A,East,SKU0095,Electronics,1,6.12
104182,2025-01-21,WH_A,East,SKU0092,Housewares,1,200.13
104183,2025-01-21,WH_B,Central,SKU0096,Hardware,1,162.62
104184,2025-01-21,WH_B,Central,SKU0042,Electronics,1,8.01
104185,2025-01-21,WH_B,Central,SKU0081,Housewares,2,118.06
104186,2025-01-21,WH_C,West,SKU0006,Sports,1,75.21
104187,2025-01-21,WH_A,East,SKU0057,Electronics,1,200.46
104188,2025-01-21,WH_C,West,SKU0063,Housewares,1,58.77
104189,2025-01-21,WH_B,Central,SKU0073,Office,4,14.62
104190,2025-01-21,WH_B,Central,SKU0093,Sports,1,69.37
104191,2025-01-21,WH_C,West,SKU0080,Hardware,1,7.82
104192,2025-01-21,WH_C,West,SKU0085,Hardware,8,216.72
104193,2025-01-21,WH_B,Central,SKU0090,Electronics,1,114.13
104194,2025-01-21,WH_B,Central,SKU0042,Electronics,2,122.19
104195,2025-01-21,WH_B,Central,SKU0060,Hardware,4,124.66
104196,2025-01-21,WH_A,East,SKU0010,Electronics,1,33.66
104197,2025-01-21,WH_B,Central,SKU0072,Office,7,16.85
104198,2025-01-21,WH_A,East,SKU0073,Office,6,174.17
104199,2025-01-21,WH_B,Central,SKU0049,Housewares,1,50.86
104200,2025-01-22,WH_C,West,SKU0007,Office,1,134.82
104201,2025-01-22,WH_B,Central,SKU0073,Office,3,174.41
104202,2025-01-22,WH_A,East,SKU0015,Housewares,1,96.62
104203,2025-01-22,WH_C,West,SKU0046,Hardware,4,231.73
104204,2025-01-22,WH_C,West,SKU0060,Hardware,7,140.15
104205,2025-01-22,WH_A,East,SKU0038,Housewares,1,22.96
104206,2025-01-22,WH_A,East,SKU0006,Sports,1,184.55
104207,2025-01-22,WH_B,Central,SKU0028,Electronics,2,158.7
104208,2025-01-22,WH_C,West,SKU0086,Hardware,5,14.88
104209,2025-01-22,WH_A,East,SKU0039,Office,7,86.07
104210,2025-01-22,WH_B,Central,SKU0095,Electronics,1,209.68
104211,2025-01-22,WH_A,East,SKU0045,Electronics,8,193.31
104212,2025-01-22,WH_A,East,SKU0038,Housewares,4,218.47
104213,2025-01-22,WH_C,West,SKU0089,Electronics,2,171.71
104214,2025-01-22,WH_A,East,SKU0003,Hardware,1,66.18
104215,2025-01-22,WH_B,Central,SKU0032,Sports,2,184.98
104216,2025-01-22,WH_B,Central,SKU0083,Housewares,1,103.07
104217,2025-01-22,WH_A,East,SKU0057,Electronics,9,132.02
104218,2025-01-22,WH_A,East,SKU0020,Electronics,12,216.4
104219,2025-01-22,WH_B,Central,SKU0075,Sports,3,7.24
104220,2025-01-22,WH_C,West,SKU0071,Hardware,1,107.32
104221,2025-01-22,WH_C,West,SKU0003,Hardware,3,101.9
104222,2025-01-22,WH_A,East,SKU0046,Hardware,5,167.41
104223,2025-01-22,WH_A,East,SKU0084,Office,1,197.19
104224,2025-01-22,WH_B,Central,SKU0074,Hardware,1,20.38
104225,2025-01-22,WH_C,West,SKU0061,Office,1,5.67
104226,2025-01-22,WH_B,Central,SKU0015,Housewares,5,158.64
104227,2025-01-22,WH_B,Central,SKU0090,Electronics,2,167.2
104228,2025-01-22,WH_B,Central,SKU0037,Sports,3,143.55
104229,2025-01-22,WH_A,East,SKU0062,Housewares,5,113.03
104230,2025-01-22,WH_C,West,SKU0038,Housewares,4,197.73
104231,2025-01-22,WH_C,West,SKU0033,Housewares,1,116.17
104232,2025-01-22,WH_C,West,SKU0028,Electronics,5,208.56
104233,2025-01-22,WH_A,East,SKU0030,Housewares,1,59.65
104234,2025-01-22,WH_C,West,SKU0042,Electronics,1,16.55
104235,2025-01-22,WH_C,West,SKU0061,Office,1,68.28
104236,2025-01-22,WH_C,West,SKU0073,Office,1,102.18
104237,2025-01-22,WH_B,Central,SKU0045,Electronics,5,64.81
104238,2025-01-22,WH_A,East,SKU0064,Sports,2,141.61
104239,2025-01-22,WH_B,Central,SKU0080,Hardware,5,101.53
104240,2025-01-22,WH_B,Central,SKU0068,Electronics,1,223.42
104241,2025-01-22,WH_C,West,SKU0038,Housewares,5,157.27
104242,2025-01-22,WH_C,West,SKU0037,Sports,1,8.95
104243,2025-01-22,WH_A,East,SKU0059,Electronics,1,53.18
104244,2025-01-22,WH_A,East,SKU0045,Electronics,1,69.23
104245,2025-01-22,WH_C,West,SKU0039,Office,1,189.84
104246,2025-01-22,WH_B,Central,SKU0085,Hardware,3,30.57
104247,2025-01-22,WH_B,Central,SKU0056,Housewares,11,189.27
104248,2025-01-22,WH_A,East,SKU0040,Housewares,1,35.5
104249,2025-01-22,WH_B,Central,SKU0067,Hardware,1,184.29
104250,2025-01-22,WH_A,East,SKU0089,Electronics,1,22.88
104251,2025-01-22,WH_B,Central,SKU0009,Hardware,1,178.63
104252,2025-01-22,WH_A,East,SKU0054,Office,1,123.25
104253,2025-01-22,WH_A,East,SKU0100,Office,1,110.14
104254,2025-01-22,WH_C,West,SKU0029,Sports,1,111.31
104255,2025-01-22,WH_B,Central,SKU0067,Hardware,1,27.61
104256,2025-01-22,WH_B,Central,SKU0045,Electronics,1,68.85
104257,2025-01-22,WH_B,Central,SKU0020,Electronics,1,66.93
104258,2025-01-22,WH_C,West,SKU0073,Office,1,90.93
104259,2025-01-22,WH_A,East,SKU0100,Office,1,223.58
104260,2025-01-22,WH_B,Central,SKU0053,Hardware,5,78.6
104261,2025-01-22,WH_C,West,SKU0078,Housewares,1,239.17
104262,2025-01-22,WH_B,Central,SKU0083,Housewares,2,212.87
104263,2025-01-22,WH_C,West,SKU0088,Housewares,5,235.62
104264,2025-01-22,WH_C,West,SKU0097,Office,1,15.64
104265,2025-01-22,WH_B,Central,SKU0067,Hardware,1,144.97
104266,2025-01-22,WH_B,Central,SKU0053,Hardware,2,78.12
104267,2025-01-22,WH_C,West,SKU0067,Hardware,1,178.8
104268,2025-01-22,WH_A,East,SKU0074,Hardware,1,152.97
104269,2025-01-22,WH_C,West,SKU0001,Housewares,3,110.46
104270,2025-01-22,WH_C,West,SKU0004,Hardware,1,215.89
104271,2025-01-22,WH_B,Central,SKU0033,Housewares,1,208.22
104272,2025-01-22,WH_A,East,SKU0030,Housewares,5,144.89
104273,2025-01-22,WH_B,Central,SKU0083,Housewares,2,92.71
104274,2025-01-22,WH_B,Central,SKU0027,Electronics,5,69.61
104275,2025-01-22,WH_C,West,SKU0010,Electronics,2,5.44
104276,2025-01-22,WH_C,West,SKU0086,Hardware,8,237.33
104277,2025-01-22,WH_A,East,SKU0035,Hardware,3,108.69
104278,2025-01-22,WH_C,West,SKU0007,Office,1,125.65
104279,2025-01-22,WH_A,East,SKU0068,Electronics,4,153.29
104280,2025-01-22,WH_B,Central,SKU0053,Hardware,2,213.11
104281,2025-01-22,WH_C,West,SKU0051,Hardware,1,215.69
104282,2025-01-22,WH_B,Central,SKU0063,Housewares,1,5.59
104283,2025-01-22,WH_B,Central,SKU0084,Office,3,220.07
104284,2025-01-22,WH_A,East,SKU0051,Hardware,1,116.41
104285,2025-01-22,WH_B,Central,SKU0011,Hardware,4,221.77
104286,2025-01-22,WH_B,Central,SKU0044,Hardware,10,89.68
104287,2025-01-22,WH_C,West,SKU0006,Sports,2,206.61
104288,2025-01-22,WH_C,West,SKU0050,Hardware,2,118.15
104289,2025-01-22,WH_B,Central,SKU0074,Hardware,2,92.43
104290,2025-01-22,WH_B,Central,SKU0062,Housewares,1,21.32
104291,2025-01-22,WH_C,West,SKU0011,Hardware,2,97.89
104292,2025-01-22,WH_B,Central,SKU0069,Hardware,6,59.62
104293,2025-01-22,WH_A,East,SKU0087,Office,1,242.77
104294,2025-01-22,WH_C,West,SKU0031,Sports,2,89.95
104295,2025-01-22,WH_B,Central,SKU0027,Electronics,5,187.13
104296,2025-01-22,WH_B,Central,SKU0091,Electronics,2,222.83
104297,2025-01-22,WH_C,West,SKU0069,Hardware,1,101.65
104298,2025-01-22,WH_C,West,SKU0061,Office,4,99.56
104299,2025-01-22,WH_C,West,SKU0057,Electronics,7,42.37
104300,2025-01-22,WH_A,East,SKU0097,Office,1,109.31
104301,2025-01-22,WH_B,Central,SKU0032,Sports,3,52.86
104302,2025-01-22,WH_A,East,SKU0024,Electronics,1,244.24
104303,2025-01-22,WH_A,East,SKU0082,Hardware,6,78.55
104304,2025-01-22,WH_C,West,SKU0089,Electronics,1,124.79
104305,2025-01-22,WH_B,Central,SKU0009,Hardware,6,151.28
104306,2025-01-22,WH_A,East,SKU0051,Hardware,5,228.44
104307,2025-01-22,WH_A,East,SKU0009,Hardware,2,74.94
104308,2025-01-22,WH_A,East,SKU0052,Hardware,2,213.46
104309,2025-01-22,WH_B,Central,SKU0077,Office,2,224.45
104310,2025-01-22,WH_C,West,SKU0045,Electronics,6,96.47
104311,2025-01-22,WH_A,East,SKU0082,Hardware,1,171.09
104312,2025-01-22,WH_B,Central,SKU0045,Electronics,1,119.06
104313,2025-01-22,WH_B,Central,SKU0030,Housewares,1,212.75
104314,2025-01-22,WH_A,East,SKU0015,Housewares,8,39.68
104315,2025-01-22,WH_A,East,SKU0089,Electronics,3,160.95
104316,2025-01-22,WH_B,Central,SKU0013,Electronics,4,175.47
104317,2025-01-22,WH_B,Central,SKU0100,Office,1,76.35
104318,2025-01-22,WH_A,East,SKU0083,Housewares,1,230.68
104319,2025-01-22,WH_C,West,SKU0040,Housewares,2,244.16
104320,2025-01-22,WH_B,Central,SKU0100,Office,1,140.42
104321,2025-01-22,WH_B,Central,SKU0025,Office,4,200.32
104322,2025-01-22,WH_B,Central,SKU0065,Sports,1,75.63
104323,2025-01-22,WH_B,Central,SKU0040,Housewares,1,202.34
104324,2025-01-22,WH_A,East,SKU0076,Hardware,4,24.91
104325,2025-01-22,WH_C,West,SKU0058,Sports,1,115.22
104326,2025-01-22,WH_B,Central,SKU0090,Electronics,2,133.02
104327,2025-01-22,WH_B,Central,SKU0076,Hardware,12,192.21
104328,2025-01-22,WH_C,West,SKU0048,Hardware,1,76.91
104329,2025-01-22,WH_A,East,SKU0019,Sports,1,82.21
104330,2025-01-22,WH_C,West,SKU0015,Housewares,4,93.34
104331,2025-01-22,WH_B,Central,SKU0040,Housewares,2,135.7
104332,2025-01-22,WH_B,Central,SKU0028,Electronics,1,84.06
104333,2025-01-22,WH_C,West,SKU0098,Housewares,4,217.34
104334,2025-01-22,WH_B,Central,SKU0061,Office,1,153.26
104335,2025-01-22,WH_A,East,SKU0093,Sports,3,185.64
104336,2025-01-22,WH_B,Central,SKU0030,Housewares,3,219.97
104337,2025-01-22,WH_C,West,SKU0098,Housewares,1,100.15
104338,2025-01-22,WH_C,West,SKU0015,Housewares,4,212.41
104339,2025-01-22,WH_C,West,SKU0030,Housewares,1,148.39
104340,2025-01-22,WH_C,West,SKU0034,Office,1,213.47
104341,2025-01-22,WH_B,Central,SKU0093,Sports,3,59.41
104342,2025-01-22,WH_C,West,SKU0050,Hardware,2,129.78
104343,2025-01-22,WH_A,East,SKU0027,Electronics,1,223.82
104344,2025-01-22,WH_C,West,SKU0091,Electronics,1,119.53
104345,2025-01-22,WH_C,West,SKU0009,Hardware,2,206.77
104346,2025-01-22,WH_C,West,SKU0069,Hardware,1,154.25
104347,2025-01-22,WH_A,East,SKU0069,Hardware,1,206.53
104348,2025-01-22,WH_B,Central,SKU0095,Electronics,1,181.62
104349,2025-01-22,WH_C,West,SKU0059,Electronics,2,17.28
104350,2025-01-22,WH_B,Central,SKU0083,Housewares,1,70.6
104351,2025-01-22,WH_A,East,SKU0010,Electronics,6,122.8
104352,2025-01-22,WH_A,East,SKU0014,Electronics,7,16.63
104353,2025-01-22,WH_B,Central,SKU0076,Hardware,1,237.32
104354,2025-01-22,WH_A,East,SKU0010,Electronics,3,196.91
104355,2025-01-22,WH_B,Central,SKU0069,Hardware,7,246.21
104356,2025-01-22,WH_B,Central,SKU0022,Sports,1,43.78
104357,2025-01-22,WH_A,East,SKU0004,Hardware,1,205.51
104358,2025-01-22,WH_B,Central,SKU0011,Hardware,1,150.35
104359,2025-01-22,WH_C,West,SKU0034,Office,5,172.37
104360,2025-01-22,WH_A,East,SKU0049,Housewares,1,114.19
104361,2025-01-22,WH_C,West,SKU0054,Office,1,122.32
104362,2025-01-22,WH_B,Central,SKU0050,Hardware,1,5.32
104363,2025-01-22,WH_C,West,SKU0062,Housewares,5,242.5
104364,2025-01-22,WH_A,East,SKU0021,Sports,9,78.3
104365,2025-01-22,WH_A,East,SKU0073,Office,5,171.3
104366,2025-01-22,WH_C,West,SKU0025,Office,4,212.33
104367,2025-01-22,WH_C,West,SKU0047,Electronics,11,42.17
104368,2025-01-22,WH_B,Central,SKU0024,Electronics,4,184.87
104369,2025-01-22,WH_C,West,SKU0096,Hardware,1,101.18
104370,2025-01-22,WH_A,East,SKU0031,Sports,1,228.75
104371,2025-01-22,WH_A,East,SKU0064,Sports,6,155.44
104372,2025-01-22,WH_C,West,SKU0007,Office,2,62.06
104373,2025-01-22,WH_A,East,SKU0021,Sports,4,7.01
104374,2025-01-22,WH_C,West,SKU0024,Electronics,1,215.84
104375,2025-01-22,WH_C,West,SKU0081,Housewares,2,160.61
104376,2025-01-22,WH_C,West,SKU0025,Office,1,75.24
104377,2025-01-22,WH_B,Central,SKU0096,Hardware,3,17.16
104378,2025-01-22,WH_B,Central,SKU0006,Sports,1,91.72
104379,2025-01-22,WH_A,East,SKU0035,Hardware,2,93.78
104380,2025-01-23,WH_C,West,SKU0063,Housewares,1,139.01
104381,2025-01-23,WH_B,Central,SKU0028,Electronics,1,49.22
104382,2025-01-23,WH_B,Central,SKU0096,Hardware,5,117.64
104383,2025-01-23,WH_A,East,SKU0015,Housewares,1,111.3
104384,2025-01-23,WH_A,East,SKU0010,Electronics,1,63.76
104385,2025-01-23,WH_A,East,SKU0067,Hardware,2,92.94
104386,2025-01-23,WH_C,West,SKU0036,Housewares,1,41.68
104387,2025-01-23,WH_B,Central,SKU0095,Electronics,1,99.07
104388,2025-01-23,WH_C,West,SKU0052,Hardware,1,221.42
104389,2025-01-23,WH_A,East,SKU0017,Hardware,1,248.25
104390,2025-01-23,WH_A,East,SKU0048,Hardware,9,137.85
104391,2025-01-23,WH_C,West,SKU0012,Housewares,3,234.14
104392,2025-01-23,WH_B,Central,SKU0077,Office,1,82.33
104393,2025-01-23,WH_B,Central,SKU0067,Hardware,1,143.14
104394,2025-01-23,WH_B,Central,SKU0006,Sports,1,233.06
104395,2025-01-23,WH_C,West,SKU0062,Housewares,1,230.32
104396,2025-01-23,WH_B,Central,SKU0098,Housewares,1,175.04
104397,2025-01-23,WH_C,West,SKU0065,Sports,3,102.92
104398,2025-01-23,WH_C,West,SKU0031,Sports,6,111.53
104399,2025-01-23,WH_A,East,SKU0082,Hardware,1,244.36
104400,2025-01-23,WH_B,Central,SKU0083,Housewares,1,55.98
104401,2025-01-23,WH_C,West,SKU0066,Sports,1,155.31
104402,2025-01-23,WH_A,East,SKU0007,Office,2,160.6
104403,2025-01-23,WH_C,West,SKU0012,Housewares,3,35.23
104404,2025-01-23,WH_B,Central,SKU0070,Hardware,1,188.43
104405,2025-01-23,WH_B,Central,SKU0053,Hardware,3,26.65
104406,2025-01-23,WH_A,East,SKU0012,Housewares,1,233.17
104407,2025-01-23,WH_B,Central,SKU0030,Housewares,5,169.31
104408,2025-01-23,WH_B,Central,SKU0030,Housewares,1,153.73
104409,2025-01-23,WH_C,West,SKU0081,Housewares,1,166.98
104410,2025-01-23,WH_A,East,SKU0058,Sports,3,126.82
104411,2025-01-23,WH_A,East,SKU0043,Hardware,1,168.32
104412,2025-01-23,WH_C,West,SKU0052,Hardware,5,148.54
104413,2025-01-23,WH_C,West,SKU0081,Housewares,3,27.13
104414,2025-01-23,WH_C,West,SKU0002,Electronics,3,155.48
104415,2025-01-23,WH_B,Central,SKU0056,Housewares,1,172.91
104416,2025-01-23,WH_A,East,SKU0072,Office,3,151.87
104417,2025-01-23,WH_A,East,SKU0020,Electronics,1,77.57
104418,2025-01-23,WH_B,Central,SKU0081,Housewares,14,111.11
104419,2025-01-23,WH_B,Central,SKU0084,Office,1,225.26
104420,2025-01-23,WH_A,East,SKU0008,Electronics,1,103.86
104421,2025-01-23,WH_A,East,SKU0031,Sports,1,241.15
104422,2025-01-23,WH_A,East,SKU0001,Housewares,1,178.64
104423,2025-01-23,WH_C,West,SKU0079,Hardware,2,15.53
104424,2025-01-23,WH_B,Central,SKU0093,Sports,1,100.56
104425,2025-01-23,WH_A,East,SKU0085,Hardware,13,203.92
104426,2025-01-23,WH_C,West,SKU0025,Office,5,81.81
104427,2025-01-23,WH_C,West,SKU0094,Hardware,1,131.32
104428,2025-01-23,WH_A,East,SKU0072,Office,2,183.43
104429,2025-01-23,WH_A,East,SKU0097,Office,5,218.93
104430,2025-01-23,WH_C,West,SKU0065,Sports,1,200.04
104431,2025-01-23,WH_B,Central,SKU0058,Sports,2,135.36
104432,2025-01-23,WH_C,West,SKU0073,Office,2,221.07
104433,2025-01-23,WH_C,West,SKU0012,Housewares,2,44.74
104434,2025-01-23,WH_C,West,SKU0067,Hardware,1,231.49
104435,2025-01-23,WH_B,Central,SKU0023,Hardware,5,54.75
104436,2025-01-23,WH_B,Central,SKU0072,Office,3,67.78
104437,2025-01-23,WH_B,Central,SKU0015,Housewares,1,119.88
104438,2025-01-23,WH_A,East,SKU0079,Hardware,1,12.17
104439,2025-01-23,WH_C,West,SKU0089,Electronics,4,212.36
104440,2025-01-23,WH_C,West,SKU0089,Electronics,2,47.37
104441,2025-01-23,WH_C,West,SKU0048,Hardware,1,35.95
104442,2025-01-23,WH_A,East,SKU0097,Office,1,219.72
104443,2025-01-23,WH_A,East,SKU0088,Housewares,1,32.2
104444,2025-01-23,WH_B,Central,SKU0099,Office,1,237.63
104445,2025-01-23,WH_A,East,SKU0014,Electronics,2,131.33
104446,2025-01-23,WH_A,East,SKU0055,Housewares,2,32.35
104447,2025-01-23,WH_B,Central,SKU0072,Office,10,25.7
104448,2025-01-23,WH_B,Central,SKU0077,Office,3,19.15
104449,2025-01-23,WH_A,East,SKU0053,Hardware,1,225.42
104450,2025-01-23,WH_C,West,SKU0039,Office,4,87.0
104451,2025-01-23,WH_C,West,SKU0012,Housewares,2,45.49
104452,2025-01-23,WH_A,East,SKU0087,Office,9,178.63
104453,2025-01-23,WH_A,East,SKU0087,Office,1,82.89
104454,2025-01-23,WH_C,West,SKU0081,Housewares,1,197.7
104455,2025-01-23,WH_B,Central,SKU0090,Electronics,1,85.9
104456,2025-01-23,WH_A,East,SKU0010,Electronics,7,41.8
104457,2025-01-23,WH_B,Central,SKU0049,Housewares,1,89.47
104458,2025-01-23,WH_B,Central,SKU0080,Hardware,1,148.42
104459,2025-01-23,WH_B,Central,SKU0006,Sports,2,18.41
104460,2025-01-23,WH_C,West,SKU0054,Office,1,53.64
104461,2025-01-23,WH_C,West,SKU0037,Sports,1,35.57
104462,2025-01-23,WH_A,East,SKU0078,Housewares,1,89.68
104463,2025-01-23,WH_A,East,SKU0095,Electronics,4,58.39
104464,2025-01-23,WH_A,East,SKU0043,Hardware,3,19.18
104465,2025-01-23,WH_A,East,SKU0099,Office,3,199.71
104466,2025-01-23,WH_C,West,SKU0069,Hardware,2,54.34
104467,2025-01-23,WH_B,Central,SKU0035,Hardware,1,202.27
104468,2025-01-23,WH_A,East,SKU0097,Office,1,67.53
104469,2025-01-23,WH_C,West,SKU0075,Sports,8,161.15
104470,2025-01-23,WH_C,West,SKU0096,Hardware,4,11.0
104471,2025-01-23,WH_B,Central,SKU0070,Hardware,1,117.43
104472,2025-01-23,WH_A,East,SKU0085,Hardware,2,51.54
104473,2025-01-23,WH_C,West,SKU0009,Hardware,2,172.98
104474,2025-01-23,WH_C,West,SKU0043,Hardware,1,174.4
104475,2025-01-23,WH_B,Central,SKU0078,Housewares,1,120.02
104476,2025-01-23,WH_C,West,SKU0032,Sports,1,164.56
104477,2025-01-23,WH_B,Central,SKU0039,Office,1,208.07
104478,2025-01-23,WH_C,West,SKU0047,Electronics,2,142.26
104479,2025-01-23,WH_C,West,SKU0094,Hardware,7,46.01
104480,2025-01-23,WH_B,Central,SKU0026,Hardware,2,98.64
104481,2025-01-23,WH_A,East,SKU0094,Hardware,10,199.21
104482,2025-01-23,WH_A,East,SKU0072,Office,4,55.01
104483,2025-01-23,WH_C,West,SKU0002,Electronics,1,12.15
104484,2025-01-23,WH_C,West,SKU0084,Office,3,95.85
104485,2025-01-23,WH_C,West,SKU0011,Hardware,1,161.07
104486,2025-01-23,WH_A,East,SKU0097,Office,5,37.59
104487,2025-01-23,WH_A,East,SKU0045,Electronics,7,13.4
104488,2025-01-23,WH_A,East,SKU0074,Hardware,1,210.34
104489,2025-01-23,WH_B,Central,SKU0048,Hardware,2,235.12
104490,2025-01-23,WH_C,West,SKU0018,Housewares,1,231.9
104491,2025-01-23,WH_C,West,SKU0015,Housewares,1,156.03
104492,2025-01-23,WH_C,West,SKU0095,Electronics,15,97.14
104493,2025-01-23,WH_A,East,SKU0069,Hardware,1,20.69
104494,2025-01-23,WH_C,West,SKU0043,Hardware,5,125.51
104495,2025-01-23,WH_C,West,SKU0017,Hardware,2,200.86
104496,2025-01-23,WH_A,East,SKU0088,Housewares,5,121.97
104497,2025-01-23,WH_A,East,SKU0024,Electronics,5,119.76
104498,2025-01-23,WH_A,East,SKU0012,Housewares,3,13.17
104499,2025-01-23,WH_B,Central,SKU0048,Hardware,1,213.6
104500,2025-01-23,WH_C,West,SKU0047,Electronics,1,87.01
104501,2025-01-23,WH_B,Central,SKU0100,Office,3,150.17
104502,2025-01-23,WH_B,Central,SKU0005,Sports,1,192.61
104503,2025-01-23,WH_C,West,SKU0004,Hardware,2,214.56
104504,2025-01-23,WH_C,West,SKU0060,Hardware,2,106.51
104505,2025-01-23,WH_C,West,SKU0013,Electronics,1,6.08
104506,2025-01-23,WH_C,West,SKU0017,Hardware,1,37.15
104507,2025-01-23,WH_C,West,SKU0050,Hardware,7,220.76
104508,2025-01-23,WH_B,Central,SKU0063,Housewares,2,49.15
104509,2025-01-23,WH_A,East,SKU0021,Sports,1,67.75
104510,2025-01-23,WH_A,East,SKU0067,Hardware,7,132.76
104511,2025-01-23,WH_B,Central,SKU0006,Sports,4,129.15
104512,2025-01-23,WH_C,West,SKU0059,Electronics,2,154.48
104513,2025-01-23,WH_C,West,SKU0097,Office,1,114.09
104514,2025-01-23,WH_A,East,SKU0009,Hardware,5,124.83
104515,2025-01-23,WH_B,Central,SKU0070,Hardware,1,134.0
104516,2025-01-23,WH_A,East,SKU0068,Electronics,1,131.27
104517,2025-01-23,WH_B,Central,SKU0002,Electronics,1,242.15
104518,2025-01-23,WH_B,Central,SKU0050,Hardware,1,123.39
104519,2025-01-23,WH_C,West,SKU0033,Housewares,1,19.3
104520,2025-01-23,WH_B,Central,SKU0022,Sports,3,246.37
104521,2025-01-23,WH_C,West,SKU0077,Office,4,67.24
104522,2025-01-23,WH_C,West,SKU0056,Housewares,2,17.2
104523,2025-01-23,WH_B,Central,SKU0050,Hardware,2,29.37
104524,2025-01-23,WH_A,East,SKU0054,Office,4,18.89
104525,2025-01-23,WH_C,West,SKU0039,Office,1,216.08
104526,2025-01-23,WH_A,East,SKU0032,Sports,8,26.21
104527,2025-01-23,WH_B,Central,SKU0020,Electronics,1,186.72
104528,2025-01-23,WH_B,Central,SKU0025,Office,2,237.56
104529,2025-01-23,WH_C,West,SKU0099,Office,1,5.81
104530,2025-01-23,WH_B,Central,SKU0086,Hardware,1,143.39
104531,2025-01-23,WH_B,Central,SKU0031,Sports,4,198.7
104532,2025-01-23,WH_B,Central,SKU0017,Hardware,7,61.12
104533,2025-01-23,WH_A,East,SKU0028,Electronics,4,207.64
104534,2025-01-23,WH_B,Central,SKU0005,Sports,5,105.83
104535,2025-01-23,WH_C,West,SKU0081,Housewares,2,140.13
104536,2025-01-23,WH_A,East,SKU0045,Electronics,2,74.1
104537,2025-01-23,WH_B,Central,SKU0088,Housewares,3,178.95
104538,2025-01-23,WH_B,Central,SKU0007,Office,1,113.69
104539,2025-01-23,WH_A,East,SKU0020,Electronics,1,188.49
104540,2025-01-23,WH_C,West,SKU0030,Housewares,3,121.67
104541,2025-01-23,WH_A,East,SKU0057,Electronics,3,69.4
104542,2025-01-23,WH_A,East,SKU0048,Hardware,1,63.78
104543,2025-01-23,WH_B,Central,SKU0063,Housewares,1,174.31
104544,2025-01-23,WH_A,East,SKU0088,Housewares,12,80.71
104545,2025-01-23,WH_B,Central,SKU0065,Sports,7,153.6
104546,2025-01-23,WH_C,West,SKU0042,Electronics,1,7.91
104547,2025-01-23,WH_B,Central,SKU0073,Office,3,175.66
104548,2025-01-23,WH_A,East,SKU0062,Housewares,1,86.51
104549,2025-01-23,WH_A,East,SKU0070,Hardware,6,43.52
104550,2025-01-23,WH_B,Central,SKU0051,Hardware,5,46.46
104551,2025-01-23,WH_B,Central,SKU0039,Office,1,127.25
104552,2025-01-23,WH_B,Central,SKU0036,Housewares,1,75.54
104553,2025-01-23,WH_A,East,SKU0085,Hardware,1,184.62
104554,2025-01-23,WH_B,Central,SKU0074,Hardware,1,154.43
104555,2025-01-23,WH_A,East,SKU0056,Housewares,5,210.07
104556,2025-01-23,WH_A,East,SKU0009,Hardware,1,165.41
104557,2025-01-23,WH_B,Central,SKU0049,Housewares,2,74.09
104558,2025-01-23,WH_B,Central,SKU0031,Sports,1,74.85
104559,2025-01-23,WH_A,East,SKU0081,Housewares,2,201.89
104560,2025-01-23,WH_A,East,SKU0050,Hardware,6,182.09
104561,2025-01-23,WH_B,Central,SKU0020,Electronics,1,239.73
104562,2025-01-23,WH_A,East,SKU0012,Housewares,2,122.24
104563,2025-01-23,WH_C,West,SKU0087,Office,5,50.23
104564,2025-01-23,WH_B,Central,SKU0051,Hardware,1,196.72
104565,2025-01-23,WH_A,East,SKU0099,Office,6,22.83
104566,2025-01-23,WH_A,East,SKU0069,Hardware,4,108.99
104567,2025-01-23,WH_B,Central,SKU0048,Hardware,3,38.07
104568,2025-01-23,WH_A,East,SKU0055,Housewares,10,220.91
104569,2025-01-23,WH_B,Central,SKU0091,Electronics,1,223.87
104570,2025-01-23,WH_C,West,SKU0080,Hardware,6,118.01
104571,2025-01-23,WH_C,West,SKU0094,Hardware,8,244.33
104572,2025-01-23,WH_A,East,SKU0017,Hardware,1,21.33
104573,2025-01-23,WH_C,West,SKU0081,Housewares,1,124.76
104574,2025-01-23,WH_B,Central,SKU0090,Electronics,1,39.46
104575,2025-01-23,WH_C,West,SKU0016,Housewares,10,185.64
104576,2025-01-23,WH_A,East,SKU0053,Hardware,6,242.93
104577,2025-01-23,WH_C,West,SKU0002,Electronics,1,173.53
104578,2025-01-23,WH_A,East,SKU0035,Hardware,1,140.16
104579,2025-01-23,WH_B,Central,SKU0071,Hardware,1,44.31
104580,2025-01-23,WH_B,Central,SKU0047,Electronics,1,147.04
104581,2025-01-23,WH_A,East,SKU0099,Office,8,34.94
104582,2025-01-23,WH_B,Central,SKU0075,Sports,2,173.33
104583,2025-01-23,WH_C,West,SKU0072,Office,2,228.39
104584,2025-01-23,WH_B,Central,SKU0051,Hardware,1,10.92
104585,2025-01-23,WH_C,West,SKU0024,Electronics,1,141.09
104586,2025-01-23,WH_A,East,SKU0092,Housewares,1,46.27
104587,2025-01-23,WH_B,Central,SKU0009,Hardware,4,51.2
104588,2025-01-23,WH_A,East,SKU0076,Hardware,1,238.85
104589,2025-01-23,WH_A,East,SKU0073,Office,2,126.94
104590,2025-01-23,WH_C,West,SKU0046,Hardware,1,132.49
104591,2025-01-23,WH_B,Central,SKU0091,Electronics,3,206.52
104592,2025-01-23,WH_A,East,SKU0021,Sports,3,198.63
104593,2025-01-23,WH_C,West,SKU0059,Electronics,1,8.52
104594,2025-01-23,WH_A,East,SKU0081,Housewares,3,69.12
104595,2025-01-23,WH_A,East,SKU0096,Hardware,6,136.28
104596,2025-01-23,WH_B,Central,SKU0056,Housewares,1,194.34
104597,2025-01-23,WH_C,West,SKU0048,Hardware,4,177.55
104598,2025-01-23,WH_B,Central,SKU0050,Hardware,3,131.27
104599,2025-01-23,WH_A,East,SKU0012,Housewares,7,223.21
104600,2025-01-23,WH_A,East,SKU0005,Sports,1,202.15
104601,2025-01-23,WH_C,West,SKU0092,Housewares,6,156.47
104602,2025-01-23,WH_B,Central,SKU0044,Hardware,2,169.61
104603,2025-01-23,WH_C,West,SKU0032,Sports,1,26.4
104604,2025-01-23,WH_B,Central,SKU0027,Electronics,5,145.46
104605,2025-01-23,WH_B,Central,SKU0062,Housewares,1,107.0
104606,2025-01-23,WH_A,East,SKU0064,Sports,1,219.49
104607,2025-01-23,WH_A,East,SKU0080,Hardware,2,146.49
104608,2025-01-23,WH_C,West,SKU0002,Electronics,1,200.77
104609,2025-01-23,WH_A,East,SKU0023,Hardware,7,199.16
104610,2025-01-23,WH_B,Central,SKU0084,Office,2,209.6
104611,2025-01-23,WH_A,East,SKU0073,Office,1,32.79
104612,2025-01-23,WH_A,East,SKU0055,Housewares,1,49.48
104613,2025-01-23,WH_A,East,SKU0092,Housewares,1,148.35
104614,2025-01-23,WH_C,West,SKU0073,Office,1,217.14
104615,2025-01-23,WH_C,West,SKU0084,Office,1,249.21
104616,2025-01-23,WH_A,East,SKU0058,Sports,1,131.27
104617,2025-01-23,WH_B,Central,SKU0067,Hardware,1,146.93
104618,2025-01-23,WH_A,East,SKU0073,Office,9,188.6
104619,2025-01-23,WH_C,West,SKU0015,Housewares,1,113.44
104620,2025-01-23,WH_A,East,SKU0094,Hardware,1,29.0
104621,2025-01-23,WH_B,Central,SKU0025,Office,6,98.46
104622,2025-01-23,WH_A,East,SKU0043,Hardware,2,76.36
104623,2025-01-23,WH_B,Central,SKU0038,Housewares,1,226.02
104624,2025-01-23,WH_C,West,SKU0092,Housewares,1,102.97
104625,2025-01-23,WH_B,Central,SKU0032,Sports,3,80.67
104626,2025-01-23,WH_B,Central,SKU0089,Electronics,1,143.3
104627,2025-01-23,WH_B,Central,SKU0069,Hardware,15,190.78
104628,2025-01-23,WH_A,East,SKU0083,Housewares,10,174.82
104629,2025-01-23,WH_A,East,SKU0040,Housewares,1,75.43
104630,2025-01-24,WH_A,East,SKU0077,Office,5,109.79
104631,2025-01-24,WH_C,West,SKU0089,Electronics,1,236.55
104632,2025-01-24,WH_B,Central,SKU0063,Housewares,1,133.62
104633,2025-01-24,WH_B,Central,SKU0030,Housewares,4,185.36
104634,2025-01-24,WH_A,East,SKU0100,Office,1,136.23
104635,2025-01-24,WH_C,West,SKU0019,Sports,1,136.03
104636,2025-01-24,WH_C,West,SKU0076,Hardware,2,219.32
104637,2025-01-24,WH_A,East,SKU0079,Hardware,1,207.16
104638,2025-01-24,WH_A,East,SKU0053,Hardware,3,168.18
104639,2025-01-24,WH_B,Central,SKU0075,Sports,1,95.02
104640,2025-01-24,WH_B,Central,SKU0013,Electronics,3,247.6
104641,2025-01-24,WH_C,West,SKU0064,Sports,1,230.06
104642,2025-01-24,WH_C,West,SKU0038,Housewares,2,217.7
104643,2025-01-24,WH_B,Central,SKU0014,Electronics,1,191.75
104644,2025-01-24,WH_B,Central,SKU0069,Hardware,5,208.88
104645,2025-01-24,WH_C,West,SKU0039,Office,4,79.53
104646,2025-01-24,WH_C,West,SKU0085,Hardware,2,78.43
104647,2025-01-24,WH_C,West,SKU0073,Office,1,78.8
104648,2025-01-24,WH_C,West,SKU0087,Office,1,174.89
104649,2025-01-24,WH_B,Central,SKU0068,Electronics,3,55.04
104650,2025-01-24,WH_C,West,SKU0064,Sports,3,76.31
104651,2025-01-24,WH_B,Central,SKU0038,Housewares,1,188.08
104652,2025-01-24,WH_A,East,SKU0091,Electronics,1,144.49
104653,2025-01-24,WH_B,Central,SKU0054,Office,1,155.35
104654,2025-01-24,WH_B,Central,SKU0084,Office,1,45.88
104655,2025-01-24,WH_A,East,SKU0067,Hardware,1,198.57
104656,2025-01-24,WH_B,Central,SKU0091,Electronics,1,33.67
104657,2025-01-24,WH_A,East,SKU0044,Hardware,1,106.91
104658,2025-01-24,WH_C,West,SKU0067,Hardware,1,76.57
104659,2025-01-24,WH_A,East,SKU0051,Hardware,12,52.56
104660,2025-01-24,WH_A,East,SKU0047,Electronics,1,246.66
104661,2025-01-24,WH_B,Central,SKU0082,Hardware,1,175.68
104662,2025-01-24,WH_C,West,SKU0020,Electronics,1,226.99
104663,2025-01-24,WH_A,East,SKU0079,Hardware,7,99.87
104664,2025-01-24,WH_B,Central,SKU0091,Electronics,1,109.86
104665,2025-01-24,WH_C,West,SKU0028,Electronics,10,73.94
104666,2025-01-24,WH_C,West,SKU0070,Hardware,11,205.75
104667,2025-01-24,WH_B,Central,SKU0072,Office,1,198.81
104668,2025-01-24,WH_B,Central,SKU0057,Electronics,1,139.28
104669,2025-01-24,WH_A,East,SKU0034,Office,1,109.6
104670,2025-01-24,WH_C,West,SKU0025,Office,1,128.16
104671,2025-01-24,WH_B,Central,SKU0091,Electronics,3,175.71
104672,2025-01-24,WH_A,East,SKU0085,Hardware,11,191.88
104673,2025-01-24,WH_B,Central,SKU0075,Sports,3,101.15
104674,2025-01-24,WH_B,Central,SKU0009,Hardware,1,19.4
104675,2025-01-24,WH_A,East,SKU0088,Housewares,1,168.72
104676,2025-01-24,WH_A,East,SKU0007,Office,3,238.45
104677,2025-01-24,WH_B,Central,SKU0064,Sports,1,158.81
104678,2025-01-24,WH_B,Central,SKU0044,Hardware,6,104.0
104679,2025-01-24,WH_B,Central,SKU0017,Hardware,1,231.13
104680,2025-01-24,WH_A,East,SKU0053,Hardware,2,200.9
104681,2025-01-24,WH_C,West,SKU0017,Hardware,8,144.91
104682,2025-01-24,WH_A,East,SKU0068,Electronics,1,206.32
104683,2025-01-24,WH_B,Central,SKU0066,Sports,5,33.17
104684,2025-01-24,WH_C,West,SKU0078,Housewares,2,124.34
104685,2025-01-24,WH_B,Central,SKU0050,Hardware,5,72.28
104686,2025-01-24,WH_B,Central,SKU0022,Sports,1,153.17
104687,2025-01-24,WH_B,Central,SKU0054,Office,2,238.98
104688,2025-01-24,WH_B,Central,SKU0069,Hardware,9,24.99
104689,2025-01-24,WH_C,West,SKU0074,Hardware,1,6.85
104690,2025-01-24,WH_C,West,SKU0084,Office,1,167.22
104691,2025-01-24,WH_A,East,SKU0079,Hardware,1,21.46
104692,2025-01-24,WH_C,West,SKU0013,Electronics,1,47.46
104693,2025-01-24,WH_B,Central,SKU0065,Sports,2,171.03
104694,2025-01-24,WH_C,West,SKU0029,Sports,1,36.96
104695,2025-01-24,WH_A,East,SKU0030,Housewares,4,215.3
104696,2025-01-24,WH_A,East,SKU0083,Housewares,1,108.08
104697,2025-01-24,WH_A,East,SKU0086,Hardware,1,60.79
104698,2025-01-24,WH_C,West,SKU0055,Housewares,4,94.47
104699,2025-01-24,WH_B,Central,SKU0055,Housewares,2,236.82
104700,2025-01-24,WH_C,West,SKU0013,Electronics,3,116.1
104701,2025-01-24,WH_A,East,SKU0076,Hardware,1,51.68
104702,2025-01-24,WH_B,Central,SKU0061,Office,4,32.54
104703,2025-01-24,WH_B,Central,SKU0083,Housewares,1,30.68
104704,2025-01-24,WH_B,Central,SKU0026,Hardware,1,158.65
104705,2025-01-24,WH_C,West,SKU0084,Office,5,248.19
104706,2025-01-24,WH_C,West,SKU0086,Hardware,3,40.76
104707,2025-01-24,WH_B,Central,SKU0026,Hardware,1,37.34
104708,2025-01-24,WH_C,West,SKU0015,Housewares,1,144.09
104709,2025-01-24,WH_B,Central,SKU0070,Hardware,7,172.66
104710,2025-01-24,WH_A,East,SKU0046,Hardware,4,129.48
104711,2025-01-24,WH_B,Central,SKU0051,Hardware,1,234.68
104712,2025-01-24,WH_B,Central,SKU0056,Housewares,3,117.54
104713,2025-01-24,WH_C,West,SKU0009,Hardware,1,27.82
104714,2025-01-24,WH_A,East,SKU0015,Housewares,5,46.48
104715,2025-01-24,WH_B,Central,SKU0088,Housewares,2,161.13
104716,2025-01-24,WH_A,East,SKU0045,Electronics,4,25.42
104717,2025-01-24,WH_A,East,SKU0087,Office,1,177.97
104718,2025-01-24,WH_B,Central,SKU0047,Electronics,1,49.38
104719,2025-01-24,WH_C,West,SKU0001,Housewares,12,198.88
104720,2025-01-24,WH_B,Central,SKU0072,Office,2,177.02
104721,2025-01-24,WH_C,West,SKU0060,Hardware,1,240.75
104722,2025-01-24,WH_C,West,SKU0005,Sports,16,163.87
104723,2025-01-24,WH_C,West,SKU0092,Housewares,3,177.59
104724,2025-01-24,WH_C,West,SKU0056,Housewares,3,112.44
104725,2025-01-24,WH_A,East,SKU0003,Hardware,2,74.27
104726,2025-01-24,WH_C,West,SKU0025,Office,1,111.85
104727,2025-01-24,WH_B,Central,SKU0059,Electronics,1,197.74
104728,2025-01-24,WH_A,East,SKU0032,Sports,1,140.17
104729,2025-01-24,WH_A,East,SKU0032,Sports,1,121.37
104730,2025-01-24,WH_A,East,SKU0093,Sports,4,113.91
104731,2025-01-24,WH_A,East,SKU0024,Electronics,2,176.92
104732,2025-01-24,WH_C,West,SKU0098,Housewares,1,91.55
104733,2025-01-24,WH_A,East,SKU0026,Hardware,1,147.66
104734,2025-01-24,WH_C,West,SKU0041,Sports,3,147.41
104735,2025-01-24,WH_A,East,SKU0037,Sports,1,69.27
104736,2025-01-24,WH_A,East,SKU0081,Housewares,1,16.51
104737,2025-01-24,WH_A,East,SKU0025,Office,1,44.33
104738,2025-01-24,WH_B,Central,SKU0099,Office,3,240.62
104739,2025-01-24,WH_C,West,SKU0008,Electronics,1,223.77
104740,2025-01-24,WH_C,West,SKU0076,Hardware,3,215.77
104741,2025-01-24,WH_B,Central,SKU0009,Hardware,1,227.09
104742,2025-01-24,WH_A,East,SKU0041,Sports,9,227.14
104743,2025-01-24,WH_A,East,SKU0020,Electronics,4,27.12
104744,2025-01-24,WH_C,West,SKU0052,Hardware,1,228.72
104745,2025-01-24,WH_A,East,SKU0051,Hardware,1,90.19
104746,2025-01-24,WH_C,West,SKU0006,Sports,1,158.88
104747,2025-01-24,WH_A,East,SKU0027,Electronics,2,240.63
104748,2025-01-24,WH_A,East,SKU0090,Electronics,6,128.96
104749,2025-01-24,WH_A,East,SKU0066,Sports,2,106.23
104750,2025-01-24,WH_B,Central,SKU0057,Electronics,1,217.61
104751,2025-01-24,WH_A,East,SKU0024,Electronics,2,109.22
104752,2025-01-24,WH_B,Central,SKU0002,Electronics,1,168.02
104753,2025-01-24,WH_B,Central,SKU0044,Hardware,1,67.16
104754,2025-01-24,WH_C,West,SKU0081,Housewares,6,49.99
104755,2025-01-24,WH_B,Central,SKU0048,Hardware,2,199.96
104756,2025-01-24,WH_C,West,SKU0010,Electronics,5,205.58
104757,2025-01-24,WH_A,East,SKU0027,Electronics,6,39.88
104758,2025-01-24,WH_A,East,SKU0035,Hardware,8,7.65
104759,2025-01-24,WH_B,Central,SKU0086,Hardware,1,25.59
104760,2025-01-24,WH_C,West,SKU0044,Hardware,8,108.86
104761,2025-01-24,WH_C,West,SKU0007,Office,1,45.94
104762,2025-01-24,WH_C,West,SKU0022,Sports,1,155.41
104763,2025-01-24,WH_C,West,SKU0058,Sports,1,150.61
104764,2025-01-24,WH_B,Central,SKU0020,Electronics,4,152.25
104765,2025-01-24,WH_C,West,SKU0076,Hardware,5,69.99
104766,2025-01-24,WH_C,West,SKU0028,Electronics,1,181.64
104767,2025-01-24,WH_A,East,SKU0038,Housewares,5,127.91
104768,2025-01-24,WH_C,West,SKU0016,Housewares,5,117.19
104769,2025-01-24,WH_B,Central,SKU0064,Sports,1,121.23
104770,2025-01-24,WH_C,West,SKU0010,Electronics,1,120.65
104771,2025-01-24,WH_B,Central,SKU0015,Housewares,1,50.46
104772,2025-01-24,WH_A,East,SKU0005,Sports,6,33.39
104773,2025-01-24,WH_A,East,SKU0066,Sports,1,248.9
104774,2025-01-24,WH_C,West,SKU0018,Housewares,2,148.53
104775,2025-01-24,WH_C,West,SKU0100,Office,5,133.46
104776,2025-01-24,WH_A,East,SKU0098,Housewares,1,108.5
104777,2025-01-24,WH_C,West,SKU0052,Hardware,4,218.75
104778,2025-01-24,WH_C,West,SKU0072,Office,1,69.18
104779,2025-01-24,WH_B,Central,SKU0057,Electronics,1,151.07
104780,2025-01-24,WH_A,East,SKU0016,Housewares,1,223.82
104781,2025-01-24,WH_B,Central,SKU0005,Sports,11,171.38
104782,2025-01-24,WH_C,West,SKU0100,Office,10,75.52
104783,2025-01-24,WH_C,West,SKU0024,Electronics,5,171.22
104784,2025-01-24,WH_B,Central,SKU0095,Electronics,1,83.01
104785,2025-01-24,WH_C,West,SKU0082,Hardware,2,198.95
104786,2025-01-24,WH_B,Central,SKU0013,Electronics,6,160.32
104787,2025-01-24,WH_C,West,SKU0023,Hardware,3,69.64
104788,2025-01-24,WH_B,Central,SKU0043,Hardware,4,153.22
104789,2025-01-24,WH_A,East,SKU0079,Hardware,1,237.8
104790,2025-01-24,WH_C,West,SKU0070,Hardware,2,199.64
104791,2025-01-24,WH_A,East,SKU0017,Hardware,2,233.57
104792,2025-01-24,WH_A,East,SKU0058,Sports,1,138.81
104793,2025-01-24,WH_C,West,SKU0052,Hardware,1,53.36
104794,2025-01-24,WH_A,East,SKU0078,Housewares,1,120.79
104795,2025-01-24,WH_A,East,SKU0003,Hardware,5,119.33
104796,2025-01-24,WH_B,Central,SKU0024,Electronics,2,231.39
104797,2025-01-24,WH_C,West,SKU0052,Hardware,4,17.3
104798,2025-01-24,WH_B,Central,SKU0100,Office,1,14.36
104799,2025-01-24,WH_A,East,SKU0027,Electronics,1,88.02
104800,2025-01-24,WH_A,East,SKU0050,Hardware,3,64.87
104801,2025-01-24,WH_A,East,SKU0046,Hardware,1,101.5
104802,2025-01-24,WH_B,Central,SKU0072,Office,2,223.77
104803,2025-01-24,WH_C,West,SKU0050,Hardware,12,153.13
104804,2025-01-24,WH_A,East,SKU0010,Electronics,2,172.06
104805,2025-01-24,WH_C,West,SKU0095,Electronics,3,133.37
104806,2025-01-24,WH_C,West,SKU0024,Electronics,4,125.36
104807,2025-01-24,WH_B,Central,SKU0071,Hardware,16,17.0
104808,2025-01-24,WH_A,East,SKU0025,Office,1,102.27
104809,2025-01-24,WH_C,West,SKU0021,Sports,4,51.75
104810,2025-01-25,WH_B,Central,SKU0025,Office,1,176.0
104811,2025-01-25,WH_B,Central,SKU0072,Office,2,138.55
104812,2025-01-25,WH_A,East,SKU0047,Electronics,1,189.24
104813,2025-01-25,WH_B,Central,SKU0032,Sports,3,219.3
104814,2025-01-25,WH_A,East,SKU0083,Housewares,3,39.4
104815,2025-01-25,WH_C,West,SKU0028,Electronics,2,15.91
104816,2025-01-25,WH_A,East,SKU0092,Housewares,1,105.92
104817,2025-01-25,WH_A,East,SKU0026,Hardware,5,49.19
104818,2025-01-25,WH_B,Central,SKU0045,Electronics,3,52.13
104819,2025-01-25,WH_B,Central,SKU0076,Hardware,8,134.73
104820,2025-01-25,WH_B,Central,SKU0017,Hardware,3,163.4
104821,2025-01-25,WH_A,East,SKU0054,Office,1,225.79
104822,2025-01-25,WH_A,East,SKU0066,Sports,2,130.03
104823,2025-01-25,WH_A,East,SKU0039,Office,2,223.22
104824,2025-01-25,WH_B,Central,SKU0092,Housewares,1,100.32
104825,2025-01-25,WH_B,Central,SKU0038,Housewares,5,14.19
104826,2025-01-25,WH_B,Central,SKU0001,Housewares,3,103.8
104827,2025-01-25,WH_A,East,SKU0086,Hardware,1,154.79
104828,2025-01-25,WH_C,West,SKU0087,Office,5,119.5
104829,2025-01-25,WH_B,Central,SKU0090,Electronics,1,80.01
104830,2025-01-25,WH_A,East,SKU0044,Hardware,11,32.22
104831,2025-01-25,WH_A,East,SKU0098,Housewares,1,247.59
104832,2025-01-25,WH_C,West,SKU0091,Electronics,6,178.25
104833,2025-01-25,WH_C,West,SKU0026,Hardware,1,63.93
104834,2025-01-25,WH_C,West,SKU0020,Electronics,1,159.58
104835,2025-01-25,WH_A,East,SKU0056,Housewares,1,16.71
104836,2025-01-25,WH_A,East,SKU0052,Hardware,1,215.86
104837,2025-01-25,WH_A,East,SKU0035,Hardware,4,162.54
104838,2025-01-25,WH_A,East,SKU0035,Hardware,1,221.28
104839,2025-01-25,WH_B,Central,SKU0053,Hardware,2,126.17
104840,2025-01-25,WH_A,East,SKU0082,Hardware,8,7.17
104841,2025-01-25,WH_A,East,SKU0035,Hardware,2,198.85
104842,2025-01-25,WH_A,East,SKU0026,Hardware,1,92.51
104843,2025-01-25,WH_B,Central,SKU0010,Electronics,11,56.89
104844,2025-01-25,WH_A,East,SKU0022,Sports,2,187.79
104845,2025-01-25,WH_B,Central,SKU0001,Housewares,1,104.93
104846,2025-01-25,WH_C,West,SKU0030,Housewares,1,51.57
104847,2025-01-25,WH_A,East,SKU0039,Office,6,205.49
104848,2025-01-25,WH_A,East,SKU0076,Hardware,1,98.52
104849,2025-01-25,WH_B,Central,SKU0058,Sports,1,89.76
104850,2025-01-25,WH_C,West,SKU0027,Electronics,3,8.14
104851,2025-01-25,WH_C,West,SKU0067,Hardware,6,78.66
104852,2025-01-25,WH_B,Central,SKU0028,Electronics,6,116.32
104853,2025-01-25,WH_B,Central,SKU0058,Sports,4,207.32
104854,2025-01-25,WH_A,East,SKU0032,Sports,1,161.88
104855,2025-01-25,WH_C,West,SKU0056,Housewares,2,121.62
104856,2025-01-25,WH_A,East,SKU0045,Electronics,1,79.77
104857,2025-01-25,WH_B,Central,SKU0081,Housewares,1,139.3
104858,2025-01-25,WH_C,West,SKU0072,Office,1,233.75
104859,2025-01-25,WH_C,West,SKU0075,Sports,3,113.64
104860,2025-01-25,WH_B,Central,SKU0003,Hardware,1,159.35
104861,2025-01-25,WH_C,West,SKU0018,Housewares,1,171.57
104862,2025-01-25,WH_C,West,SKU0001,Housewares,1,165.75
104863,2025-01-25,WH_A,East,SKU0094,Hardware,1,167.34
104864,2025-01-25,WH_B,Central,SKU0031,Sports,1,33.76
104865,2025-01-25,WH_C,West,SKU0045,Electronics,1,105.82
104866,2025-01-25,WH_C,West,SKU0026,Hardware,1,25.09
104867,2025-01-25,WH_B,Central,SKU0055,Housewares,1,177.91
104868,2025-01-25,WH_A,East,SKU0029,Sports,2,241.01
104869,2025-01-25,WH_B,Central,SKU0097,Office,1,86.54
104870,2025-01-25,WH_C,West,SKU0035,Hardware,3,105.93
104871,2025-01-25,WH_C,West,SKU0088,Housewares,2,236.84
104872,2025-01-25,WH_A,East,SKU0068,Electronics,2,127.05
104873,2025-01-25,WH_B,Central,SKU0076,Hardware,4,190.24
104874,2025-01-25,WH_C,West,SKU0073,Office,2,20.86
104875,2025-01-25,WH_A,East,SKU0056,Housewares,11,97.44
104876,2025-01-25,WH_C,West,SKU0018,Housewares,1,245.48
104877,2025-01-25,WH_C,West,SKU0065,Sports,6,85.9
104878,2025-01-25,WH_B,Central,SKU0060,Hardware,1,181.63
104879,2025-01-25,WH_C,West,SKU0019,Sports,1,66.6
104880,2025-01-25,WH_A,East,SKU0059,Electronics,11,143.6
104881,2025-01-25,WH_A,East,SKU0018,Housewares,4,179.7
104882,2025-01-25,WH_C,West,SKU0065,Sports,4,226.33
104883,2025-01-25,WH_A,East,SKU0028,Electronics,2,189.58
104884,2025-01-25,WH_C,West,SKU0064,Sports,4,236.86
104885,2025-01-25,WH_A,East,SKU0050,Hardware,3,223.69
104886,2025-01-25,WH_A,East,SKU0005,Sports,1,35.89
104887,2025-01-25,WH_B,Central,SKU0087,Office,1,40.48
104888,2025-01-25,WH_C,West,SKU0059,Electronics,1,35.03
104889,2025-01-25,WH_A,East,SKU0002,Electronics,16,71.69
104890,2025-01-25,WH_C,West,SKU0003,Hardware,1,206.3
104891,2025-01-25,WH_A,East,SKU0092,Housewares,1,82.75
104892,2025-01-25,WH_C,West,SKU0060,Hardware,1,20.33
104893,2025-01-25,WH_B,Central,SKU0014,Electronics,9,215.3
104894,2025-01-25,WH_C,West,SKU0047,Electronics,6,217.83
104895,2025-01-25,WH_B,Central,SKU0058,Sports,1,197.32
104896,2025-01-25,WH_A,East,SKU0053,Hardware,3,231.73
104897,2025-01-25,WH_C,West,SKU0062,Housewares,1,106.44
104898,2025-01-25,WH_C,West,SKU0067,Hardware,1,68.19
104899,2025-01-25,WH_C,West,SKU0017,Hardware,3,45.17
104900,2025-01-25,WH_C,West,SKU0024,Electronics,1,163.43
104901,2025-01-25,WH_B,Central,SKU0030,Housewares,1,67.96
104902,2025-01-25,WH_B,Central,SKU0086,Hardware,10,199.88
104903,2025-01-25,WH_A,East,SKU0065,Sports,3,214.71
104904,2025-01-25,WH_B,Central,SKU0049,Housewares,1,6.49
104905,2025-01-25,WH_C,West,SKU0050,Hardware,1,126.34
104906,2025-01-25,WH_B,Central,SKU0005,Sports,2,32.85
104907,2025-01-25,WH_A,East,SKU0033,Housewares,1,207.94
104908,2025-01-25,WH_B,Central,SKU0002,Electronics,1,248.16
104909,2025-01-25,WH_C,West,SKU0100,Office,1,163.56
104910,2025-01-25,WH_B,Central,SKU0037,Sports,4,218.8
104911,2025-01-25,WH_A,East,SKU0096,Hardware,1,52.35
104912,2025-01-25,WH_C,West,SKU0033,Housewares,1,168.35
104913,2025-01-25,WH_A,East,SKU0009,Hardware,2,151.75
104914,2025-01-25,WH_B,Central,SKU0065,Sports,1,100.79
104915,2025-01-25,WH_C,West,SKU0092,Housewares,1,216.63
104916,2025-01-25,WH_B,Central,SKU0003,Hardware,4,110.25
104917,2025-01-25,WH_B,Central,SKU0063,Housewares,2,16.68
104918,2025-01-25,WH_B,Central,SKU0069,Hardware,3,28.82
104919,2025-01-25,WH_A,East,SKU0092,Housewares,3,145.59
104920,2025-01-25,WH_B,Central,SKU0045,Electronics,1,95.86
104921,2025-01-25,WH_A,East,SKU0059,Electronics,1,84.08
104922,2025-01-25,WH_C,West,SKU0041,Sports,10,124.12
104923,2025-01-25,WH_B,Central,SKU0051,Hardware,1,159.16
104924,2025-01-25,WH_C,West,SKU0048,Hardware,1,92.1
104925,2025-01-25,WH_C,West,SKU0062,Housewares,1,159.43
104926,2025-01-25,WH_C,West,SKU0078,Housewares,4,231.16
104927,2025-01-25,WH_B,Central,SKU0015,Housewares,1,21.33
104928,2025-01-25,WH_A,East,SKU0043,Hardware,6,159.63
104929,2025-01-25,WH_A,East,SKU0069,Hardware,9,110.56
104930,2025-01-25,WH_A,East,SKU0023,Hardware,1,89.34
104931,2025-01-25,WH_C,West,SKU0057,Electronics,1,97.77
104932,2025-01-25,WH_C,West,SKU0045,Electronics,1,129.78
104933,2025-01-25,WH_B,Central,SKU0043,Hardware,5,83.69
104934,2025-01-25,WH_C,West,SKU0034,Office,1,243.57
104935,2025-01-25,WH_C,West,SKU0100,Office,1,134.53
104936,2025-01-25,WH_C,West,SKU0081,Housewares,4,66.82
104937,2025-01-25,WH_C,West,SKU0057,Electronics,5,141.47
104938,2025-01-25,WH_B,Central,SKU0034,Office,1,217.09
104939,2025-01-25,WH_C,West,SKU0089,Electronics,2,155.77
104940,2025-01-25,WH_B,Central,SKU0033,Housewares,2,72.31
104941,2025-01-25,WH_A,East,SKU0079,Hardware,1,26.58
104942,2025-01-25,WH_B,Central,SKU0068,Electronics,1,73.07
104943,2025-01-25,WH_B,Central,SKU0006,Sports,1,32.03
104944,2025-01-25,WH_C,West,SKU0009,Hardware,1,170.93
104945,2025-01-25,WH_C,West,SKU0075,Sports,1,132.85
104946,2025-01-25,WH_A,East,SKU0093,Sports,2,209.34
104947,2025-01-25,WH_B,Central,SKU0019,Sports,2,229.66
104948,2025-01-25,WH_B,Central,SKU0023,Hardware,2,11.25
104949,2025-01-25,WH_B,Central,SKU0015,Housewares,1,176.27
104950,2025-01-25,WH_A,East,SKU0048,Hardware,1,107.75
104951,2025-01-25,WH_B,Central,SKU0002,Electronics,3,75.0
104952,2025-01-25,WH_B,Central,SKU0064,Sports,7,106.22
104953,2025-01-25,WH_C,West,SKU0054,Office,2,245.67
104954,2025-01-25,WH_C,West,SKU0055,Housewares,4,135.25
104955,2025-01-25,WH_C,West,SKU0043,Hardware,5,142.31
104956,2025-01-25,WH_B,Central,SKU0012,Housewares,1,219.0
104957,2025-01-25,WH_A,East,SKU0028,Electronics,1,104.83
104958,2025-01-25,WH_B,Central,SKU0047,Electronics,1,179.95
104959,2025-01-25,WH_A,East,SKU0007,Office,1,166.91
104960,2025-01-25,WH_C,West,SKU0086,Hardware,1,28.98
104961,2025-01-25,WH_C,West,SKU0012,Housewares,11,57.0
104962,2025-01-25,WH_B,Central,SKU0053,Hardware,1,55.73
104963,2025-01-25,WH_B,Central,SKU0081,Housewares,3,196.72
104964,2025-01-25,WH_C,West,SKU0060,Hardware,5,81.19
104965,2025-01-25,WH_C,West,SKU0063,Housewares,2,167.5
104966,2025-01-25,WH_C,West,SKU0039,Office,2,180.43
104967,2025-01-25,WH_B,Central,SKU0034,Office,4,28.88
104968,2025-01-25,WH_B,Central,SKU0024,Electronics,1,184.91
104969,2025-01-25,WH_B,Central,SKU0043,Hardware,1,109.62
104970,2025-01-25,WH_A,East,SKU0028,Electronics,1,96.15
104971,2025-01-25,WH_C,West,SKU0079,Hardware,2,84.21
104972,2025-01-25,WH_C,West,SKU0003,Hardware,3,54.65
104973,2025-01-25,WH_A,East,SKU0001,Housewares,4,196.49
104974,2025-01-25,WH_C,West,SKU0055,Housewares,2,95.48
104975,2025-01-25,WH_A,East,SKU0083,Housewares,1,34.78
104976,2025-01-25,WH_B,Central,SKU0041,Sports,1,7.5
104977,2025-01-25,WH_C,West,SKU0019,Sports,3,239.24
104978,2025-01-25,WH_B,Central,SKU0024,Electronics,1,32.61
104979,2025-01-25,WH_C,West,SKU0078,Housewares,5,173.68
104980,2025-01-25,WH_C,West,SKU0057,Electronics,1,248.24
104981,2025-01-25,WH_B,Central,SKU0009,Hardware,2,169.05
104982,2025-01-25,WH_B,Central,SKU0063,Housewares,3,59.56
104983,2025-01-25,WH_B,Central,SKU0065,Sports,2,58.02
104984,2025-01-25,WH_A,East,SKU0066,Sports,2,12.54
104985,2025-01-25,WH_C,West,SKU0033,Housewares,1,96.19
104986,2025-01-25,WH_B,Central,SKU0060,Hardware,1,24.41
104987,2025-01-25,WH_B,Central,SKU0088,Housewares,4,108.01
104988,2025-01-25,WH_C,West,SKU0056,Housewares,5,209.75
104989,2025-01-25,WH_C,West,SKU0090,Electronics,1,108.23
104990,2025-01-26,WH_B,Central,SKU0027,Electronics,3,127.38
104991,2025-01-26,WH_C,West,SKU0026,Hardware,5,145.03
104992,2025-01-26,WH_C,West,SKU0021,Sports,2,197.82
104993,2025-01-26,WH_A,East,SKU0029,Sports,1,148.14
104994,2025-01-26,WH_B,Central,SKU0053,Hardware,1,68.84
104995,2025-01-26,WH_C,West,SKU0007,Office,1,143.93
104996,2025-01-26,WH_A,East,SKU0042,Electronics,5,37.54
104997,2025-01-26,WH_A,East,SKU0062,Housewares,4,40.05
104998,2025-01-26,WH_A,East,SKU0054,Office,1,229.65
104999,2025-01-26,WH_C,West,SKU0094,Hardware,1,53.3
105000,2025-01-26,WH_B,Central,SKU0020,Electronics,1,74.06
105001,2025-01-26,WH_C,West,SKU0059,Electronics,1,30.28
105002,2025-01-26,WH_B,Central,SKU0039,Office,1,102.84
105003,2025-01-26,WH_C,West,SKU0002,Electronics,2,217.54
105004,2025-01-26,WH_C,West,SKU0070,Hardware,1,138.89
105005,2025-01-26,WH_A,East,SKU0045,Electronics,1,14.86
105006,2025-01-26,WH_B,Central,SKU0057,Electronics,5,160.38
105007,2025-01-26,WH_C,West,SKU0003,Hardware,1,66.15
105008,2025-01-26,WH_B,Central,SKU0028,Electronics,1,203.83
105009,2025-01-26,WH_B,Central,SKU0007,Office,4,102.06
105010,2025-01-26,WH_A,East,SKU0006,Sports,1,99.58
105011,2025-01-26,WH_B,Central,SKU0063,Housewares,4,115.84
105012,2025-01-26,WH_C,West,SKU0002,Electronics,1,14.44
105013,2025-01-26,WH_A,East,SKU0033,Housewares,1,41.35
105014,2025-01-26,WH_B,Central,SKU0084,Office,4,73.3
105015,2025-01-26,WH_C,West,SKU0033,Housewares,6,156.25
105016,2025-01-26,WH_A,East,SKU0029,Sports,1,154.46
105017,2025-01-26,WH_C,West,SKU0070,Hardware,1,39.62
105018,2025-01-26,WH_A,East,SKU0020,Electronics,9,142.97
105019,2025-01-26,WH_C,West,SKU0053,Hardware,1,81.03
105020,2025-01-26,WH_B,Central,SKU0074,Hardware,1,68.25
105021,2025-01-26,WH_A,East,SKU0072,Office,1,65.05
105022,2025-01-26,WH_A,East,SKU0057,Electronics,3,206.05
105023,2025-01-26,WH_C,West,SKU0092,Housewares,1,133.0
105024,2025-01-26,WH_A,East,SKU0011,Hardware,1,27.25
105025,2025-01-26,WH_B,Central,SKU0100,Office,2,210.94
105026,2025-01-26,WH_A,East,SKU0052,Hardware,1,107.54
105027,2025-01-26,WH_C,West,SKU0047,Electronics,10,186.0
105028,2025-01-26,WH_B,Central,SKU0064,Sports,1,74.87
105029,2025-01-26,WH_C,West,SKU0038,Housewares,8,59.14
105030,2025-01-26,WH_A,East,SKU0063,Housewares,1,92.12
105031,2025-01-26,WH_B,Central,SKU0006,Sports,2,62.96
105032,2025-01-26,WH_C,West,SKU0004,Hardware,3,62.47
105033,2025-01-26,WH_B,Central,SKU0003,Hardware,2,92.65
105034,2025-01-26,WH_B,Central,SKU0053,Hardware,1,175.28
105035,2025-01-26,WH_A,East,SKU0043,Hardware,10,218.0
105036,2025-01-26,WH_A,East,SKU0072,Office,1,116.33
105037,2025-01-26,WH_B,Central,SKU0092,Housewares,3,142.84
105038,2025-01-26,WH_C,West,SKU0009,Hardware,3,243.9
105039,2025-01-26,WH_B,Central,SKU0084,Office,1,193.86
105040,2025-01-26,WH_B,Central,SKU0017,Hardware,1,218.09
105041,2025-01-26,WH_C,West,SKU0042,Electronics,4,132.64
105042,2025-01-26,WH_B,Central,SKU0086,Hardware,5,168.32
105043,2025-01-26,WH_B,Central,SKU0045,Electronics,2,236.77
105044,2025-01-26,WH_A,East,SKU0027,Electronics,1,248.28
105045,2025-01-26,WH_B,Central,SKU0039,Office,1,122.64
105046,2025-01-26,WH_C,West,SKU0070,Hardware,1,71.62
105047,2025-01-26,WH_C,West,SKU0007,Office,2,13.5
105048,2025-01-26,WH_C,West,SKU0095,Electronics,8,73.51
105049,2025-01-26,WH_B,Central,SKU0035,Hardware,1,216.57
105050,2025-01-26,WH_B,Central,SKU0042,Electronics,4,169.57
105051,2025-01-26,WH_A,East,SKU0019,Sports,1,193.56
105052,2025-01-26,WH_B,Central,SKU0088,Housewares,1,248.5
105053,2025-01-26,WH_B,Central,SKU0080,Hardware,3,209.79
105054,2025-01-26,WH_C,West,SKU0067,Hardware,3,150.59
105055,2025-01-26,WH_B,Central,SKU0009,Hardware,3,151.38
105056,2025-01-26,WH_C,West,SKU0026,Hardware,1,89.65
105057,2025-01-26,WH_C,West,SKU0062,Housewares,1,179.92
105058,2025-01-26,WH_C,West,SKU0007,Office,2,154.57
105059,2025-01-26,WH_A,East,SKU0071,Hardware,5,133.7
105060,2025-01-26,WH_C,West,SKU0088,Housewares,1,8.05
105061,2025-01-26,WH_C,West,SKU0034,Office,1,12.49
105062,2025-01-26,WH_C,West,SKU0031,Sports,1,160.57
105063,2025-01-26,WH_B,Central,SKU0043,Hardware,1,25.07
105064,2025-01-26,WH_A,East,SKU0093,Sports,10,249.24
105065,2025-01-26,WH_B,Central,SKU0011,Hardware,3,31.6
105066,2025-01-26,WH_C,West,SKU0056,Housewares,5,137.11
105067,2025-01-26,WH_C,West,SKU0046,Hardware,1,146.04
105068,2025-01-26,WH_A,East,SKU0082,Hardware,1,243.26
105069,2025-01-26,WH_C,West,SKU0059,Electronics,5,68.89
105070,2025-01-26,WH_A,East,SKU0091,Electronics,1,101.84
105071,2025-01-26,WH_B,Central,SKU0091,Electronics,5,91.89
105072,2025-01-26,WH_B,Central,SKU0041,Sports,1,57.6
105073,2025-01-26,WH_A,East,SKU0016,Housewares,1,237.56
105074,2025-01-26,WH_A,East,SKU0030,Housewares,7,78.65
105075,2025-01-26,WH_A,East,SKU0085,Hardware,1,131.66
105076,2025-01-26,WH_A,East,SKU0098,Housewares,4,70.81
105077,2025-01-26,WH_B,Central,SKU0059,Electronics,1,47.33
105078,2025-01-26,WH_C,West,SKU0041,Sports,1,190.92
105079,2025-01-26,WH_A,East,SKU0079,Hardware,1,114.58
105080,2025-01-26,WH_A,East,SKU0100,Office,4,191.93
105081,2025-01-26,WH_C,West,SKU0076,Hardware,1,106.74
105082,2025-01-26,WH_A,East,SKU0044,Hardware,5,116.9
105083,2025-01-26,WH_A,East,SKU0023,Hardware,3,79.96
105084,2025-01-26,WH_B,Central,SKU0080,Hardware,1,45.4
105085,2025-01-26,WH_C,West,SKU0052,Hardware,1,91.6
105086,2025-01-26,WH_C,West,SKU0057,Electronics,6,138.68
105087,2025-01-26,WH_C,West,SKU0046,Hardware,2,173.73
105088,2025-01-26,WH_A,East,SKU0042,Electronics,2,193.56
105089,2025-01-26,WH_B,Central,SKU0086,Hardware,4,91.09
105090,2025-01-26,WH_A,East,SKU0023,Hardware,1,246.66
105091,2025-01-26,WH_A,East,SKU0042,Electronics,3,178.68
105092,2025-01-26,WH_C,West,SKU0100,Office,4,155.18
105093,2025-01-26,WH_B,Central,SKU0018,Housewares,1,246.24
105094,2025-01-26,WH_A,East,SKU0034,Office,3,212.23
105095,2025-01-26,WH_A,East,SKU0090,Electronics,1,226.67
105096,2025-01-26,WH_A,East,SKU0097,Office,3,187.8
105097,2025-01-26,WH_C,West,SKU0034,Office,1,156.28
105098,2025-01-26,WH_C,West,SKU0094,Hardware,1,168.91
105099,2025-01-26,WH_C,West,SKU0093,Sports,2,32.24
105100,2025-01-26,WH_C,West,SKU0009,Hardware,2,115.56
105101,2025-01-26,WH_B,Central,SKU0098,Housewares,4,128.15
105102,2025-01-26,WH_B,Central,SKU0022,Sports,1,181.28
105103,2025-01-26,WH_B,Central,SKU0085,Hardware,3,248.0
105104,2025-01-26,WH_A,East,SKU0091,Electronics,1,173.65
105105,2025-01-26,WH_C,West,SKU0033,Housewares,1,202.12
105106,2025-01-26,WH_A,East,SKU0023,Hardware,4,182.83
105107,2025-01-26,WH_C,West,SKU0100,Office,1,246.95
105108,2025-01-26,WH_A,East,SKU0048,Hardware,8,95.67
105109,2025-01-26,WH_A,East,SKU0079,Hardware,2,222.78
105110,2025-01-26,WH_C,West,SKU0093,Sports,2,151.8
105111,2025-01-26,WH_A,East,SKU0080,Hardware,2,164.07
105112,2025-01-26,WH_A,East,SKU0012,Housewares,2,104.46
105113,2025-01-26,WH_C,West,SKU0041,Sports,2,218.5
105114,2025-01-26,WH_C,West,SKU0022,Sports,5,194.27
105115,2025-01-26,WH_C,West,SKU0018,Housewares,1,197.56
105116,2025-01-26,WH_C,West,SKU0074,Hardware,1,167.7
105117,2025-01-26,WH_C,West,SKU0034,Office,2,78.51
105118,2025-01-26,WH_A,East,SKU0078,Housewares,1,208.44
105119,2025-01-26,WH_C,West,SKU0094,Hardware,7,55.3
105120,2025-01-26,WH_A,East,SKU0024,Electronics,1,111.21
105121,2025-01-26,WH_B,Central,SKU0016,Housewares,2,244.27
105122,2025-01-26,WH_C,West,SKU0083,Housewares,2,208.37
105123,2025-01-26,WH_A,East,SKU0059,Electronics,3,31.26
105124,2025-01-26,WH_B,Central,SKU0096,Hardware,3,163.53
105125,2025-01-26,WH_B,Central,SKU0007,Office,4,23.24
105126,2025-01-26,WH_A,East,SKU0065,Sports,1,193.48
105127,2025-01-26,WH_C,West,SKU0005,Sports,1,228.15
105128,2025-01-26,WH_B,Central,SKU0017,Hardware,2,5.25
105129,2025-01-26,WH_C,West,SKU0099,Office,3,130.8
105130,2025-01-26,WH_B,Central,SKU0052,Hardware,1,10.01
105131,2025-01-26,WH_A,East,SKU0010,Electronics,1,44.59
105132,2025-01-26,WH_C,West,SKU0100,Office,2,193.54
105133,2025-01-26,WH_C,West,SKU0083,Housewares,1,175.94
105134,2025-01-26,WH_B,Central,SKU0034,Office,6,157.29
105135,2025-01-26,WH_C,West,SKU0097,Office,4,55.04
105136,2025-01-26,WH_A,East,SKU0009,Hardware,1,94.52
105137,2025-01-26,WH_B,Central,SKU0081,Housewares,3,173.09
105138,2025-01-26,WH_B,Central,SKU0018,Housewares,9,159.34
105139,2025-01-26,WH_C,West,SKU0020,Electronics,1,200.3
105140,2025-01-26,WH_A,East,SKU0020,Electronics,1,204.19
105141,2025-01-26,WH_B,Central,SKU0066,Sports,1,42.73
105142,2025-01-26,WH_B,Central,SKU0072,Office,1,245.98
105143,2025-01-26,WH_C,West,SKU0031,Sports,2,47.69
105144,2025-01-26,WH_B,Central,SKU0071,Hardware,1,96.16
105145,2025-01-26,WH_C,West,SKU0089,Electronics,1,31.56
105146,2025-01-26,WH_C,West,SKU0074,Hardware,4,197.78
105147,2025-01-26,WH_B,Central,SKU0076,Hardware,13,21.56
105148,2025-01-26,WH_B,Central,SKU0035,Hardware,6,82.72
105149,2025-01-26,WH_A,East,SKU0084,Office,1,36.18
105150,2025-01-26,WH_A,East,SKU0013,Electronics,12,245.34
105151,2025-01-26,WH_C,West,SKU0023,Hardware,6,27.24
105152,2025-01-26,WH_B,Central,SKU0069,Hardware,5,160.48
105153,2025-01-26,WH_B,Central,SKU0027,Electronics,1,69.13
105154,2025-01-26,WH_B,Central,SKU0097,Office,3,201.84
105155,2025-01-26,WH_C,West,SKU0035,Hardware,5,138.24
105156,2025-01-26,WH_C,West,SKU0062,Housewares,2,172.63
105157,2025-01-26,WH_A,East,SKU0021,Sports,4,46.79
105158,2025-01-26,WH_A,East,SKU0094,Hardware,4,88.71
105159,2025-01-26,WH_A,East,SKU0098,Housewares,1,24.04
105160,2025-01-26,WH_B,Central,SKU0097,Office,2,27.89
105161,2025-01-26,WH_B,Central,SKU0041,Sports,7,157.14
105162,2025-01-26,WH_A,East,SKU0023,Hardware,13,65.18
105163,2025-01-26,WH_C,West,SKU0074,Hardware,3,241.29
105164,2025-01-26,WH_C,West,SKU0086,Hardware,1,28.6
105165,2025-01-26,WH_C,West,SKU0092,Housewares,3,94.69
105166,2025-01-26,WH_B,Central,SKU0063,Housewares,1,248.43
105167,2025-01-26,WH_C,West,SKU0075,Sports,4,123.92
105168,2025-01-26,WH_A,East,SKU0007,Office,1,51.95
105169,2025-01-26,WH_B,Central,SKU0096,Hardware,1,124.36
105170,2025-01-27,WH_C,West,SKU0045,Electronics,2,11.06
105171,2025-01-27,WH_C,West,SKU0084,Office,8,137.99
105172,2025-01-27,WH_B,Central,SKU0094,Hardware,1,176.83
105173,2025-01-27,WH_B,Central,SKU0073,Office,1,181.69
105174,2025-01-27,WH_B,Central,SKU0048,Hardware,3,246.31
105175,2025-01-27,WH_B,Central,SKU0013,Electronics,1,40.36
105176,2025-01-27,WH_C,West,SKU0072,Office,1,22.57
105177,2025-01-27,WH_A,East,SKU0073,Office,4,181.04
105178,2025-01-27,WH_C,West,SKU0093,Sports,11,80.75
105179,2025-01-27,WH_A,East,SKU0087,Office,4,27.79
105180,2025-01-27,WH_A,East,SKU0005,Sports,7,17.7
105181,2025-01-27,WH_A,East,SKU0087,Office,4,80.3
105182,2025-01-27,WH_A,East,SKU0069,Hardware,1,177.61
105183,2025-01-27,WH_C,West,SKU0004,Hardware,6,192.21
105184,2025-01-27,WH_C,West,SKU0019,Sports,1,91.62
105185,2025-01-27,WH_B,Central,SKU0032,Sports,1,206.9
105186,2025-01-27,WH_B,Central,SKU0039,Office,1,226.29
105187,2025-01-27,WH_C,West,SKU0082,Hardware,2,149.27
105188,2025-01-27,WH_A,East,SKU0009,Hardware,5,168.55
105189,2025-01-27,WH_B,Central,SKU0085,Hardware,1,90.63
105190,2025-01-27,WH_B,Central,SKU0048,Hardware,1,118.7
105191,2025-01-27,WH_C,West,SKU0014,Electronics,1,164.99
105192,2025-01-27,WH_A,East,SKU0078,Housewares,1,216.66
105193,2025-01-27,WH_A,East,SKU0058,Sports,3,223.42
105194,2025-01-27,WH_A,East,SKU0061,Office,1,200.63
105195,2025-01-27,WH_A,East,SKU0079,Hardware,6,15.92
105196,2025-01-27,WH_B,Central,SKU0027,Electronics,20,78.66
105197,2025-01-27,WH_A,East,SKU0087,Office,1,106.65
105198,2025-01-27,WH_B,Central,SKU0078,Housewares,1,222.05
105199,2025-01-27,WH_C,West,SKU0082,Hardware,1,132.79
105200,2025-01-27,WH_B,Central,SKU0036,Housewares,2,198.82
105201,2025-01-27,WH_A,East,SKU0040,Housewares,1,180.7
105202,2025-01-27,WH_C,West,SKU0058,Sports,1,177.54
105203,2025-01-27,WH_B,Central,SKU0096,Hardware,7,25.83
105204,2025-01-27,WH_B,Central,SKU0011,Hardware,1,141.52
105205,2025-01-27,WH_A,East,SKU0077,Office,1,50.91
105206,2025-01-27,WH_A,East,SKU0066,Sports,1,122.91
105207,2025-01-27,WH_A,East,SKU0069,Hardware,1,121.5
105208,2025-01-27,WH_C,West,SKU0027,Electronics,2,184.01
105209,2025-01-27,WH_C,West,SKU0098,Housewares,8,128.42
105210,2025-01-27,WH_B,Central,SKU0095,Electronics,1,68.38
105211,2025-01-27,WH_A,East,SKU0073,Office,3,236.01
105212,2025-01-27,WH_B,Central,SKU0081,Housewares,4,55.5
105213,2025-01-27,WH_B,Central,SKU0095,Electronics,6,185.2
105214,2025-01-27,WH_A,East,SKU0015,Housewares,1,179.64
105215,2025-01-27,WH_C,West,SKU0072,Office,1,125.39
105216,2025-01-27,WH_C,West,SKU0064,Sports,1,25.59
105217,2025-01-27,WH_C,West,SKU0028,Electronics,4,208.03
105218,2025-01-27,WH_A,East,SKU0067,Hardware,1,63.71
105219,2025-01-27,WH_B,Central,SKU0031,Sports,1,203.81
105220,2025-01-27,WH_C,West,SKU0067,Hardware,1,203.13
105221,2025-01-27,WH_C,West,SKU0080,Hardware,7,142.57
105222,2025-01-27,WH_A,East,SKU0031,Sports,1,71.04
105223,2025-01-27,WH_A,East,SKU0070,Hardware,1,68.52
105224,2025-01-27,WH_B,Central,SKU0063,Housewares,5,18.64
105225,2025-01-27,WH_B,Central,SKU0063,Housewares,1,131.65
105226,2025-01-27,WH_B,Central,SKU0026,Hardware,6,66.25
105227,2025-01-27,WH_A,East,SKU0006,Sports,4,147.97
105228,2025-01-27,WH_B,Central,SKU0021,Sports,3,216.13
105229,2025-01-27,WH_C,West,SKU0027,Electronics,1,134.78
105230,2025-01-27,WH_B,Central,SKU0013,Electronics,4,221.73
105231,2025-01-27,WH_B,Central,SKU0029,Sports,1,88.66
105232,2025-01-27,WH_A,East,SKU0095,Electronics,1,209.56
105233,2025-01-27,WH_B,Central,SKU0074,Hardware,5,123.48
105234,2025-01-27,WH_C,West,SKU0027,Electronics,1,30.04
105235,2025-01-27,WH_C,West,SKU0096,Hardware,2,245.74
105236,2025-01-27,WH_C,West,SKU0090,Electronics,5,200.49
105237,2025-01-27,WH_C,West,SKU0078,Housewares,1,246.38
105238,2025-01-27,WH_C,West,SKU0045,Electronics,5,87.23
105239,2025-01-27,WH_B,Central,SKU0002,Electronics,4,110.97
105240,2025-01-27,WH_B,Central,SKU0047,Electronics,3,242.66
105241,2025-01-27,WH_A,East,SKU0067,Hardware,1,199.78
105242,2025-01-27,WH_C,West,SKU0063,Housewares,2,237.74
105243,2025-01-27,WH_A,East,SKU0057,Electronics,1,181.33
105244,2025-01-27,WH_C,West,SKU0062,Housewares,1,65.41
105245,2025-01-27,WH_B,Central,SKU0026,Hardware,1,110.9
105246,2025-01-27,WH_C,West,SKU0017,Hardware,10,21.56
105247,2025-01-27,WH_C,West,SKU0035,Hardware,1,54.75
105248,2025-01-27,WH_A,East,SKU0022,Sports,1,19.87
105249,2025-01-27,WH_C,West,SKU0060,Hardware,10,142.16
105250,2025-01-27,WH_B,Central,SKU0079,Hardware,5,194.26
105251,2025-01-27,WH_C,West,SKU0020,Electronics,3,226.58
105252,2025-01-27,WH_C,West,SKU0052,Hardware,6,36.3
105253,2025-01-27,WH_B,Central,SKU0083,Housewares,6,133.35
105254,2025-01-27,WH_C,West,SKU0073,Office,1,154.08
105255,2025-01-27,WH_A,East,SKU0073,Office,1,122.36
105256,2025-01-27,WH_B,Central,SKU0024,Electronics,5,12.89
105257,2025-01-27,WH_C,West,SKU0054,Office,1,239.36
105258,2025-01-27,WH_B,Central,SKU0034,Office,1,79.31
105259,2025-01-27,WH_A,East,SKU0040,Housewares,7,228.25
105260,2025-01-27,WH_A,East,SKU0010,Electronics,1,93.81
105261,2025-01-27,WH_B,Central,SKU0042,Electronics,7,49.04
105262,2025-01-27,WH_B,Central,SKU0051,Hardware,2,83.59
105263,2025-01-27,WH_B,Central,SKU0099,Office,4,43.77
105264,2025-01-27,WH_C,West,SKU0008,Electronics,2,5.0
105265,2025-01-27,WH_B,Central,SKU0071,Hardware,1,44.73
105266,2025-01-27,WH_B,Central,SKU0017,Hardware,1,215.8
105267,2025-01-27,WH_A,East,SKU0072,Office,7,189.98
105268,2025-01-27,WH_C,West,SKU0082,Hardware,2,61.56
105269,2025-01-27,WH_A,East,SKU0096,Hardware,1,80.92
105270,2025-01-27,WH_B,Central,SKU0088,Housewares,4,66.96
105271,2025-01-27,WH_B,Central,SKU0083,Housewares,10,200.13
105272,2025-01-27,WH_C,West,SKU0071,Hardware,24,117.5
105273,2025-01-27,WH_B,Central,SKU0060,Hardware,2,73.7
105274,2025-01-27,WH_A,East,SKU0021,Sports,2,243.61
105275,2025-01-27,WH_B,Central,SKU0030,Housewares,1,75.88
105276,2025-01-27,WH_B,Central,SKU0022,Sports,1,245.68
105277,2025-01-27,WH_A,East,SKU0033,Housewares,1,204.03
105278,2025-01-27,WH_A,East,SKU0080,Hardware,1,215.85
105279,2025-01-27,WH_A,East,SKU0066,Sports,2,64.35
105280,2025-01-27,WH_C,West,SKU0091,Electronics,3,211.19
105281,2025-01-27,WH_B,Central,SKU0080,Hardware,1,179.93
105282,2025-01-27,WH_B,Central,SKU0051,Hardware,1,234.71
105283,2025-01-27,WH_A,East,SKU0021,Sports,1,59.38
105284,2025-01-27,WH_B,Central,SKU0006,Sports,1,42.42
105285,2025-01-27,WH_A,East,SKU0061,Office,1,117.15
105286,2025-01-27,WH_B,Central,SKU0058,Sports,2,15.0
105287,2025-01-27,WH_C,West,SKU0024,Electronics,1,202.9
105288,2025-01-27,WH_B,Central,SKU0071,Hardware,4,85.85
105289,2025-01-27,WH_C,West,SKU0019,Sports,1,49.95
105290,2025-01-27,WH_C,West,SKU0017,Hardware,5,239.39
105291,2025-01-27,WH_A,East,SKU0031,Sports,1,196.57
105292,2025-01-27,WH_B,Central,SKU0050,Hardware,1,5.65
105293,2025-01-27,WH_B,Central,SKU0079,Hardware,2,105.55
105294,2025-01-27,WH_C,West,SKU0083,Housewares,4,188.45
105295,2025-01-27,WH_C,West,SKU0068,Electronics,8,112.27
105296,2025-01-27,WH_B,Central,SKU0021,Sports,1,103.1
105297,2025-01-27,WH_B,Central,SKU0056,Housewares,1,161.27
105298,2025-01-27,WH_A,East,SKU0041,Sports,5,43.66
105299,2025-01-27,WH_A,East,SKU0069,Hardware,12,172.53
105300,2025-01-27,WH_C,West,SKU0001,Housewares,4,249.72
105301,2025-01-27,WH_B,Central,SKU0067,Hardware,2,22.47
105302,2025-01-27,WH_C,West,SKU0033,Housewares,4,218.34
105303,2025-01-27,WH_B,Central,SKU0059,Electronics,1,10.91
105304,2025-01-27,WH_C,West,SKU0037,Sports,1,84.37
105305,2025-01-27,WH_A,East,SKU0036,Housewares,7,5.6
105306,2025-01-27,WH_A,East,SKU0012,Housewares,4,214.44
105307,2025-01-27,WH_C,West,SKU0037,Sports,4,25.14
105308,2025-01-27,WH_A,East,SKU0006,Sports,3,238.71
105309,2025-01-27,WH_C,West,SKU0023,Hardware,1,12.76
105310,2025-01-27,WH_C,West,SKU0020,Electronics,6,163.01
105311,2025-01-27,WH_B,Central,SKU0039,Office,3,241.29
105312,2025-01-27,WH_B,Central,SKU0047,Electronics,4,102.37
105313,2025-01-27,WH_C,West,SKU0064,Sports,1,40.45
105314,2025-01-27,WH_A,East,SKU0030,Housewares,1,114.12
105315,2025-01-27,WH_A,East,SKU0063,Housewares,1,229.39
105316,2025-01-27,WH_A,East,SKU0018,Housewares,1,148.82
105317,2025-01-27,WH_A,East,SKU0062,Housewares,4,184.37
105318,2025-01-27,WH_C,West,SKU0081,Housewares,3,105.53
105319,2025-01-27,WH_B,Central,SKU0076,Hardware,7,85.59
105320,2025-01-27,WH_C,West,SKU0002,Electronics,4,232.03
105321,2025-01-27,WH_C,West,SKU0038,Housewares,1,237.03
105322,2025-01-27,WH_B,Central,SKU0017,Hardware,4,156.06
105323,2025-01-27,WH_C,West,SKU0097,Office,1,226.55
105324,2025-01-27,WH_C,West,SKU0065,Sports,1,110.8
105325,2025-01-27,WH_C,West,SKU0089,Electronics,4,203.73
105326,2025-01-27,WH_B,Central,SKU0088,Housewares,1,16.66
105327,2025-01-27,WH_B,Central,SKU0001,Housewares,4,108.36
105328,2025-01-27,WH_A,East,SKU0093,Sports,1,25.96
105329,2025-01-27,WH_B,Central,SKU0037,Sports,3,147.79
105330,2025-01-27,WH_A,East,SKU0053,Hardware,5,12.73
105331,2025-01-27,WH_B,Central,SKU0040,Housewares,6,222.37
105332,2025-01-27,WH_B,Central,SKU0015,Housewares,1,23.78
105333,2025-01-27,WH_B,Central,SKU0029,Sports,8,22.65
105334,2025-01-27,WH_C,West,SKU0020,Electronics,2,125.82
105335,2025-01-27,WH_C,West,SKU0015,Housewares,5,128.14
105336,2025-01-27,WH_C,West,SKU0054,Office,1,220.76
105337,2025-01-27,WH_C,West,SKU0074,Hardware,9,139.57
105338,2025-01-27,WH_B,Central,SKU0088,Housewares,1,208.62
105339,2025-01-27,WH_A,East,SKU0053,Hardware,5,83.25
105340,2025-01-27,WH_C,West,SKU0040,Housewares,2,42.76
105341,2025-01-27,WH_C,West,SKU0095,Electronics,3,209.33
105342,2025-01-27,WH_B,Central,SKU0073,Office,1,84.15
105343,2025-01-27,WH_A,East,SKU0029,Sports,1,212.04
105344,2025-01-27,WH_A,East,SKU0020,Electronics,3,82.63
105345,2025-01-27,WH_C,West,SKU0067,Hardware,1,175.45
105346,2025-01-27,WH_C,West,SKU0043,Hardware,1,150.42
105347,2025-01-27,WH_C,West,SKU0087,Office,3,141.88
105348,2025-01-27,WH_C,West,SKU0044,Hardware,2,222.44
105349,2025-01-27,WH_B,Central,SKU0097,Office,6,41.51
105350,2025-01-27,WH_B,Central,SKU0002,Electronics,2,112.63
105351,2025-01-27,WH_A,East,SKU0050,Hardware,1,159.63
105352,2025-01-27,WH_A,East,SKU0014,Electronics,2,194.85
105353,2025-01-27,WH_B,Central,SKU0088,Housewares,1,79.16
105354,2025-01-27,WH_C,West,SKU0082,Hardware,1,187.76
105355,2025-01-27,WH_B,Central,SKU0006,Sports,7,148.91
105356,2025-01-27,WH_C,West,SKU0030,Housewares,2,16.37
105357,2025-01-27,WH_B,Central,SKU0089,Electronics,2,134.08
105358,2025-01-27,WH_A,East,SKU0062,Housewares,1,196.68
105359,2025-01-27,WH_B,Central,SKU0091,Electronics,1,182.24
105360,2025-01-27,WH_C,West,SKU0057,Electronics,1,248.93
105361,2025-01-27,WH_A,East,SKU0005,Sports,1,19.27
105362,2025-01-27,WH_A,East,SKU0037,Sports,11,64.74
105363,2025-01-27,WH_B,Central,SKU0035,Hardware,3,96.77
105364,2025-01-27,WH_C,West,SKU0075,Sports,3,151.03
105365,2025-01-27,WH_C,West,SKU0018,Housewares,3,9.52
105366,2025-01-27,WH_B,Central,SKU0056,Housewares,5,122.27
105367,2025-01-27,WH_A,East,SKU0029,Sports,2,105.7
105368,2025-01-27,WH_A,East,SKU0011,Hardware,13,201.38
105369,2025-01-27,WH_A,East,SKU0097,Office,1,196.85
105370,2025-01-27,WH_C,West,SKU0068,Electronics,1,218.15
105371,2025-01-27,WH_B,Central,SKU0091,Electronics,1,92.07
105372,2025-01-27,WH_B,Central,SKU0049,Housewares,1,187.34
105373,2025-01-27,WH_C,West,SKU0035,Hardware,1,75.14
105374,2025-01-27,WH_C,West,SKU0033,Housewares,3,23.83
105375,2025-01-27,WH_C,West,SKU0061,Office,1,189.57
105376,2025-01-27,WH_A,East,SKU0014,Electronics,6,183.56
105377,2025-01-27,WH_B,Central,SKU0065,Sports,2,29.27
105378,2025-01-27,WH_A,East,SKU0077,Office,5,35.39
105379,2025-01-27,WH_B,Central,SKU0007,Office,1,17.37
105380,2025-01-27,WH_A,East,SKU0029,Sports,3,128.36
105381,2025-01-27,WH_C,West,SKU0070,Hardware,7,38.99
105382,2025-01-27,WH_A,East,SKU0069,Hardware,5,130.11
105383,2025-01-27,WH_C,West,SKU0079,Hardware,1,162.67
105384,2025-01-27,WH_A,East,SKU0094,Hardware,4,112.87
105385,2025-01-27,WH_B,Central,SKU0078,Housewares,1,229.37
105386,2025-01-27,WH_C,West,SKU0031,Sports,1,249.57
105387,2025-01-27,WH_C,West,SKU0066,Sports,4,173.52
105388,2025-01-27,WH_C,West,SKU0019,Sports,1,114.89
105389,2025-01-27,WH_A,East,SKU0051,Hardware,2,97.21
105390,2025-01-27,WH_C,West,SKU0088,Housewares,1,95.03
105391,2025-01-27,WH_C,West,SKU0050,Hardware,1,76.28
105392,2025-01-27,WH_B,Central,SKU0028,Electronics,1,189.34
105393,2025-01-27,WH_B,Central,SKU0025,Office,3,235.28
105394,2025-01-27,WH_C,West,SKU0092,Housewares,1,197.62
105395,2025-01-27,WH_B,Central,SKU0077,Office,2,163.3
105396,2025-01-27,WH_B,Central,SKU0035,Hardware,2,195.89
105397,2025-01-27,WH_A,East,SKU0069,Hardware,1,24.72
105398,2025-01-27,WH_B,Central,SKU0030,Housewares,1,75.73
105399,2025-01-27,WH_C,West,SKU0066,Sports,2,163.18
105400,2025-01-27,WH_B,Central,SKU0010,Electronics,3,73.79
105401,2025-01-27,WH_B,Central,SKU0052,Hardware,3,33.83
105402,2025-01-27,WH_C,West,SKU0038,Housewares,1,175.2
105403,2025-01-27,WH_C,West,SKU0032,Sports,3,157.42
105404,2025-01-27,WH_B,Central,SKU0012,Housewares,1,232.23
105405,2025-01-27,WH_B,Central,SKU0031,Sports,6,131.31
105406,2025-01-27,WH_B,Central,SKU0032,Sports,13,78.16
105407,2025-01-27,WH_C,West,SKU0028,Electronics,2,232.34
105408,2025-01-27,WH_A,East,SKU0018,Housewares,1,120.4
105409,2025-01-27,WH_A,East,SKU0013,Electronics,1,56.78
105410,2025-01-27,WH_C,West,SKU0017,Hardware,1,143.49
105411,2025-01-27,WH_B,Central,SKU0094,Hardware,1,23.87
105412,2025-01-27,WH_C,West,SKU0070,Hardware,2,168.96
105413,2025-01-27,WH_C,West,SKU0058,Sports,4,210.19
105414,2025-01-27,WH_A,East,SKU0027,Electronics,1,100.7
105415,2025-01-27,WH_A,East,SKU0009,Hardware,3,8.27
105416,2025-01-27,WH_B,Central,SKU0081,Housewares,3,104.39
105417,2025-01-27,WH_B,Central,SKU0082,Hardware,1,77.59
105418,2025-01-27,WH_A,East,SKU0071,Hardware,1,103.35
105419,2025-01-27,WH_B,Central,SKU0032,Sports,1,240.23
105420,2025-01-28,WH_C,West,SKU0044,Hardware,8,162.76
105421,2025-01-28,WH_A,East,SKU0087,Office,7,189.06
105422,2025-01-28,WH_C,West,SKU0013,Electronics,1,152.96
105423,2025-01-28,WH_C,West,SKU0006,Sports,1,173.37
105424,2025-01-28,WH_A,East,SKU0018,Housewares,1,208.68
105425,2025-01-28,WH_A,East,SKU0070,Hardware,2,19.32
105426,2025-01-28,WH_B,Central,SKU0086,Hardware,6,220.04
105427,2025-01-28,WH_C,West,SKU0001,Housewares,5,194.7
105428,2025-01-28,WH_A,East,SKU0075,Sports,3,102.24
105429,2025-01-28,WH_B,Central,SKU0019,Sports,1,75.75
105430,2025-01-28,WH_B,Central,SKU0079,Hardware,1,92.73
105431,2025-01-28,WH_B,Central,SKU0074,Hardware,2,56.05
105432,2025-01-28,WH_A,East,SKU0029,Sports,1,180.66
105433,2025-01-28,WH_A,East,SKU0018,Housewares,1,41.63
105434,2025-01-28,WH_C,West,SKU0047,Electronics,1,41.53
105435,2025-01-28,WH_C,West,SKU0039,Office,9,169.18
105436,2025-01-28,WH_C,West,SKU0063,Housewares,1,32.5
105437,2025-01-28,WH_B,Central,SKU0067,Hardware,1,164.4
105438,2025-01-28,WH_B,Central,SKU0044,Hardware,10,120.81
105439,2025-01-28,WH_A,East,SKU0093,Sports,3,52.86
105440,2025-01-28,WH_A,East,SKU0078,Housewares,2,63.57
105441,2025-01-28,WH_A,East,SKU0046,Hardware,1,129.76
105442,2025-01-28,WH_A,East,SKU0076,Hardware,1,181.73
105443,2025-01-28,WH_C,West,SKU0012,Housewares,8,101.43
105444,2025-01-28,WH_C,West,SKU0065,Sports,1,48.09
105445,2025-01-28,WH_B,Central,SKU0051,Hardware,1,142.11
105446,2025-01-28,WH_A,East,SKU0070,Hardware,1,157.65
105447,2025-01-28,WH_C,West,SKU0098,Housewares,3,28.97
105448,2025-01-28,WH_A,East,SKU0028,Electronics,3,225.58
105449,2025-01-28,WH_B,Central,SKU0044,Hardware,1,140.08
105450,2025-01-28,WH_B,Central,SKU0089,Electronics,2,178.9
105451,2025-01-28,WH_B,Central,SKU0057,Electronics,1,205.58
105452,2025-01-28,WH_C,West,SKU0069,Hardware,2,105.19
105453,2025-01-28,WH_A,East,SKU0072,Office,3,232.21
105454,2025-01-28,WH_B,Central,SKU0071,Hardware,5,233.01
105455,2025-01-28,WH_A,East,SKU0005,Sports,1,34.04
105456,2025-01-28,WH_A,East,SKU0031,Sports,2,15.89
105457,2025-01-28,WH_B,Central,SKU0093,Sports,3,63.8
105458,2025-01-28,WH_C,West,SKU0021,Sports,1,165.61
105459,2025-01-28,WH_B,Central,SKU0066,Sports,1,62.84
105460,2025-01-28,WH_C,West,SKU0091,Electronics,6,192.31
105461,2025-01-28,WH_A,East,SKU0062,Housewares,2,176.14
105462,2025-01-28,WH_C,West,SKU0069,Hardware,1,97.09
105463,2025-01-28,WH_C,West,SKU0030,Housewares,1,201.88
105464,2025-01-28,WH_A,East,SKU0060,Hardware,1,174.62
105465,2025-01-28,WH_A,East,SKU0046,Hardware,1,200.02
105466,2025-01-28,WH_B,Central,SKU0024,Electronics,1,158.13
105467,2025-01-28,WH_B,Central,SKU0061,Office,4,166.76
105468,2025-01-28,WH_C,West,SKU0064,Sports,3,133.87
105469,2025-01-28,WH_C,West,SKU0044,Hardware,2,21.14
105470,2025-01-28,WH_C,West,SKU0078,Housewares,1,181.87
105471,2025-01-28,WH_B,Central,SKU0025,Office,8,137.74
105472,2025-01-28,WH_C,West,SKU0002,Electronics,3,172.48
105473,2025-01-28,WH_B,Central,SKU0002,Electronics,22,199.78
105474,2025-01-28,WH_B,Central,SKU0060,Hardware,2,33.21
105475,2025-01-28,WH_B,Central,SKU0043,Hardware,1,66.42
105476,2025-01-28,WH_A,East,SKU0080,Hardware,5,114.31
105477,2025-01-28,WH_A,East,SKU0027,Electronics,2,241.38
105478,2025-01-28,WH_A,East,SKU0032,Sports,5,198.51
105479,2025-01-28,WH_A,East,SKU0015,Housewares,1,10.58
105480,2025-01-28,WH_A,East,SKU0018,Housewares,1,186.37
105481,2025-01-28,WH_B,Central,SKU0055,Housewares,1,33.78
105482,2025-01-28,WH_C,West,SKU0003,Hardware,4,52.67
105483,2025-01-28,WH_B,Central,SKU0033,Housewares,2,186.68
105484,2025-01-28,WH_C,West,SKU0022,Sports,2,248.44
105485,2025-01-28,WH_C,West,SKU0018,Housewares,1,81.39
105486,2025-01-28,WH_B,Central,SKU0023,Hardware,1,128.43
105487,2025-01-28,WH_A,East,SKU0023,Hardware,5,236.99
105488,2025-01-28,WH_C,West,SKU0027,Electronics,10,135.19
105489,2025-01-28,WH_C,West,SKU0089,Electronics,2,147.48
105490,2025-01-28,WH_B,Central,SKU0052,Hardware,1,42.3
105491,2025-01-28,WH_C,West,SKU0094,Hardware,1,111.98
105492,2025-01-28,WH_B,Central,SKU0026,Hardware,1,222.23
105493,2025-01-28,WH_A,East,SKU0065,Sports,4,156.51
105494,2025-01-28,WH_A,East,SKU0094,Hardware,1,157.45
105495,2025-01-28,WH_A,East,SKU0068,Electronics,2,112.61
105496,2025-01-28,WH_A,East,SKU0096,Hardware,3,215.19
105497,2025-01-28,WH_C,West,SKU0051,Hardware,4,120.99
105498,2025-01-28,WH_C,West,SKU0043,Hardware,1,122.07
105499,2025-01-28,WH_B,Central,SKU0040,Housewares,8,205.9
105500,2025-01-28,WH_A,East,SKU0057,Electronics,1,196.83
105501,2025-01-28,WH_A,East,SKU0051,Hardware,1,144.92
105502,2025-01-28,WH_A,East,SKU0051,Hardware,4,142.52
105503,2025-01-28,WH_C,West,SKU0094,Hardware,1,83.71
105504,2025-01-28,WH_A,East,SKU0024,Electronics,1,210.17
105505,2025-01-28,WH_C,West,SKU0094,Hardware,5,206.73
105506,2025-01-28,WH_C,West,SKU0072,Office,1,200.73
105507,2025-01-28,WH_C,West,SKU0018,Housewares,1,55.58
105508,2025-01-28,WH_B,Central,SKU0035,Hardware,2,104.65
105509,2025-01-28,WH_B,Central,SKU0031,Sports,1,15.22
105510,2025-01-28,WH_A,East,SKU0016,Housewares,2,81.8
105511,2025-01-28,WH_A,East,SKU0006,Sports,1,110.57
105512,2025-01-28,WH_B,Central,SKU0052,Hardware,1,146.27
105513,2025-01-28,WH_B,Central,SKU0069,Hardware,7,80.43
105514,2025-01-28,WH_A,East,SKU0050,Hardware,17,26.08
105515,2025-01-28,WH_C,West,SKU0026,Hardware,1,179.68
105516,2025-01-28,WH_B,Central,SKU0066,Sports,4,108.6
105517,2025-01-28,WH_A,East,SKU0087,Office,1,199.53
105518,2025-01-28,WH_A,East,SKU0022,Sports,9,247.53
105519,2025-01-28,WH_B,Central,SKU0086,Hardware,3,186.33
105520,2025-01-28,WH_A,East,SKU0006,Sports,5,200.72
105521,2025-01-28,WH_C,West,SKU0098,Housewares,15,203.56
105522,2025-01-28,WH_A,East,SKU0085,Hardware,3,97.17
105523,2025-01-28,WH_C,West,SKU0006,Sports,2,220.69
105524,2025-01-28,WH_A,East,SKU0100,Office,1,12.51
105525,2025-01-28,WH_C,West,SKU0066,Sports,1,240.26
105526,2025-01-28,WH_A,East,SKU0079,Hardware,4,50.85
105527,2025-01-28,WH_B,Central,SKU0064,Sports,1,168.93
105528,2025-01-28,WH_B,Central,SKU0025,Office,2,25.33
105529,2025-01-28,WH_B,Central,SKU0067,Hardware,10,156.36
105530,2025-01-28,WH_B,Central,SKU0037,Sports,3,214.13
105531,2025-01-28,WH_B,Central,SKU0059,Electronics,1,141.77
105532,2025-01-28,WH_A,East,SKU0049,Housewares,2,242.0
105533,2025-01-28,WH_C,West,SKU0074,Hardware,1,190.93
105534,2025-01-28,WH_A,East,SKU0047,Electronics,2,212.12
105535,2025-01-28,WH_C,West,SKU0024,Electronics,5,7.95
105536,2025-01-28,WH_B,Central,SKU0051,Hardware,1,49.3
105537,2025-01-28,WH_C,West,SKU0098,Housewares,1,226.8
105538,2025-01-28,WH_B,Central,SKU0019,Sports,1,124.61
105539,2025-01-28,WH_C,West,SKU0094,Hardware,6,231.92
105540,2025-01-28,WH_A,East,SKU0092,Housewares,3,208.29
105541,2025-01-28,WH_A,East,SKU0068,Electronics,1,75.06
105542,2025-01-28,WH_A,East,SKU0060,Hardware,1,128.28
105543,2025-01-28,WH_B,Central,SKU0084,Office,1,96.12
105544,2025-01-28,WH_B,Central,SKU0011,Hardware,1,61.54
105545,2025-01-28,WH_C,West,SKU0047,Electronics,1,236.27
105546,2025-01-28,WH_A,East,SKU0053,Hardware,10,5.84
105547,2025-01-28,WH_A,East,SKU0068,Electronics,1,222.75
105548,2025-01-28,WH_B,Central,SKU0061,Office,1,236.15
105549,2025-01-28,WH_A,East,SKU0028,Electronics,1,136.98
105550,2025-01-28,WH_B,Central,SKU0058,Sports,4,64.76
105551,2025-01-28,WH_A,East,SKU0016,Housewares,1,203.44
105552,2025-01-28,WH_B,Central,SKU0014,Electronics,12,166.4
105553,2025-01-28,WH_C,West,SKU0043,Hardware,5,235.62
105554,2025-01-28,WH_C,West,SKU0072,Office,1,90.85
105555,2025-01-28,WH_A,East,SKU0045,Electronics,1,20.14
105556,2025-01-28,WH_C,West,SKU0048,Hardware,3,40.69
105557,2025-01-28,WH_A,East,SKU0084,Office,1,92.62
105558,2025-01-28,WH_A,East,SKU0012,Housewares,1,48.99
105559,2025-01-28,WH_C,West,SKU0034,Office,1,219.93
105560,2025-01-28,WH_C,West,SKU0046,Hardware,4,215.58
105561,2025-01-28,WH_B,Central,SKU0048,Hardware,6,236.4
105562,2025-01-28,WH_B,Central,SKU0005,Sports,1,225.5
105563,2025-01-28,WH_C,West,SKU0072,Office,2,45.73
105564,2025-01-28,WH_B,Central,SKU0027,Electronics,3,85.12
105565,2025-01-28,WH_B,Central,SKU0061,Office,1,24.27
105566,2025-01-28,WH_C,West,SKU0099,Office,1,207.49
105567,2025-01-28,WH_A,East,SKU0050,Hardware,1,192.7
105568,2025-01-28,WH_B,Central,SKU0040,Housewares,1,101.46
105569,2025-01-28,WH_C,West,SKU0052,Hardware,1,216.57
105570,2025-01-28,WH_A,East,SKU0072,Office,10,84.78
105571,2025-01-28,WH_A,East,SKU0002,Electronics,13,189.32
105572,2025-01-28,WH_C,West,SKU0029,Sports,1,123.89
105573,2025-01-28,WH_A,East,SKU0085,Hardware,5,135.8
105574,2025-01-28,WH_A,East,SKU0068,Electronics,2,114.69
105575,2025-01-28,WH_B,Central,SKU0092,Housewares,1,11.71
105576,2025-01-28,WH_A,East,SKU0023,Hardware,2,192.85
105577,2025-01-28,WH_C,West,SKU0054,Office,4,158.04
105578,2025-01-28,WH_A,East,SKU0013,Electronics,1,10.54
105579,2025-01-28,WH_C,West,SKU0032,Sports,6,110.12
105580,2025-01-28,WH_A,East,SKU0100,Office,2,52.67
105581,2025-01-28,WH_A,East,SKU0063,Housewares,1,26.27
105582,2025-01-28,WH_B,Central,SKU0085,Hardware,4,163.38
105583,2025-01-28,WH_A,East,SKU0086,Hardware,2,230.25
105584,2025-01-28,WH_A,East,SKU0076,Hardware,1,46.72
105585,2025-01-28,WH_C,West,SKU0011,Hardware,1,108.73
105586,2025-01-28,WH_A,East,SKU0045,Electronics,6,220.96
105587,2025-01-28,WH_C,West,SKU0016,Housewares,2,166.25
105588,2025-01-28,WH_C,West,SKU0037,Sports,6,157.93
105589,2025-01-28,WH_A,East,SKU0080,Hardware,1,177.7
105590,2025-01-28,WH_B,Central,SKU0090,Electronics,4,160.66
105591,2025-01-28,WH_C,West,SKU0098,Housewares,1,102.98
105592,2025-01-28,WH_B,Central,SKU0011,Hardware,1,40.6
105593,2025-01-28,WH_B,Central,SKU0050,Hardware,1,44.49
105594,2025-01-28,WH_B,Central,SKU0085,Hardware,2,17.45
105595,2025-01-28,WH_C,West,SKU0023,Hardware,8,65.35
105596,2025-01-28,WH_A,East,SKU0065,Sports,1,13.02
105597,2025-01-28,WH_B,Central,SKU0084,Office,1,174.85
105598,2025-01-28,WH_A,East,SKU0063,Housewares,1,158.9
105599,2025-01-28,WH_C,West,SKU0053,Hardware,1,118.93
105600,2025-01-29,WH_B,Central,SKU0071,Hardware,3,231.94
105601,2025-01-29,WH_A,East,SKU0054,Office,2,210.93
105602,2025-01-29,WH_B,Central,SKU0058,Sports,4,77.46
105603,2025-01-29,WH_A,East,SKU0042,Electronics,6,161.87
105604,2025-01-29,WH_C,West,SKU0096,Hardware,1,235.08
105605,2025-01-29,WH_C,West,SKU0057,Electronics,1,120.24
105606,2025-01-29,WH_C,West,SKU0091,Electronics,1,158.18
105607,2025-01-29,WH_C,West,SKU0055,Housewares,3,62.06
105608,2025-01-29,WH_C,West,SKU0058,Sports,1,40.42
105609,2025-01-29,WH_B,Central,SKU0076,Hardware,1,207.14
105610,2025-01-29,WH_B,Central,SKU0048,Hardware,4,113.46
105611,2025-01-29,WH_B,Central,SKU0038,Housewares,1,115.23
105612,2025-01-29,WH_B,Central,SKU0054,Office,1,195.59
105613,2025-01-29,WH_A,East,SKU0088,Housewares,1,115.59
105614,2025-01-29,WH_B,Central,SKU0083,Housewares,2,246.5
105615,2025-01-29,WH_B,Central,SKU0013,Electronics,1,32.92
105616,2025-01-29,WH_B,Central,SKU0005,Sports,13,104.38
105617,2025-01-29,WH_B,Central,SKU0067,Hardware,4,196.95
105618,2025-01-29,WH_A,East,SKU0098,Housewares,1,57.5
105619,2025-01-29,WH_A,East,SKU0089,Electronics,1,192.28
105620,2025-01-29,WH_C,West,SKU0074,Hardware,5,176.38
105621,2025-01-29,WH_B,Central,SKU0075,Sports,1,69.33
105622,2025-01-29,WH_B,Central,SKU0014,Electronics,1,229.06
105623,2025-01-29,WH_A,East,SKU0018,Housewares,5,84.23
105624,2025-01-29,WH_B,Central,SKU0014,Electronics,1,196.09
105625,2025-01-29,WH_C,West,SKU0048,Hardware,1,145.32
105626,2025-01-29,WH_B,Central,SKU0081,Housewares,1,64.37
105627,2025-01-29,WH_B,Central,SKU0091,Electronics,1,39.19
105628,2025-01-29,WH_B,Central,SKU0012,Housewares,1,73.75
105629,2025-01-29,WH_B,Central,SKU0096,Hardware,1,68.2
105630,2025-01-29,WH_C,West,SKU0096,Hardware,1,88.68
105631,2025-01-29,WH_A,East,SKU0090,Electronics,2,236.42
105632,2025-01-29,WH_A,East,SKU0007,Office,1,12.6
105633,2025-01-29,WH_A,East,SKU0027,Electronics,1,205.22
105634,2025-01-29,WH_B,Central,SKU0073,Office,1,76.47
105635,2025-01-29,WH_B,Central,SKU0087,Office,7,77.82
105636,2025-01-29,WH_B,Central,SKU0042,Electronics,10,209.0
105637,2025-01-29,WH_B,Central,SKU0037,Sports,3,151.59
105638,2025-01-29,WH_B,Central,SKU0014,Electronics,1,183.95
105639,2025-01-29,WH_B,Central,SKU0011,Hardware,1,123.98
105640,2025-01-29,WH_B,Central,SKU0071,Hardware,1,77.56
105641,2025-01-29,WH_C,West,SKU0036,Housewares,2,119.67
105642,2025-01-29,WH_B,Central,SKU0031,Sports,1,120.62
105643,2025-01-29,WH_B,Central,SKU0074,Hardware,4,117.53
105644,2025-01-29,WH_C,West,SKU0045,Electronics,2,176.78
105645,2025-01-29,WH_B,Central,SKU0076,Hardware,5,134.08
105646,2025-01-29,WH_A,East,SKU0080,Hardware,8,91.59
105647,2025-01-29,WH_B,Central,SKU0070,Hardware,1,174.81
105648,2025-01-29,WH_B,Central,SKU0044,Hardware,1,225.49
105649,2025-01-29,WH_A,East,SKU0051,Hardware,1,176.05
105650,2025-01-29,WH_C,West,SKU0070,Hardware,2,18.33
105651,2025-01-29,WH_A,East,SKU0041,Sports,3,198.55
105652,2025-01-29,WH_A,East,SKU0013,Electronics,12,106.95
105653,2025-01-29,WH_C,West,SKU0050,Hardware,2,219.34
105654,2025-01-29,WH_A,East,SKU0039,Office,1,51.34
105655,2025-01-29,WH_C,West,SKU0025,Office,1,244.67
105656,2025-01-29,WH_C,West,SKU0001,Housewares,1,190.56
105657,2025-01-29,WH_A,East,SKU0055,Housewares,1,63.94
105658,2025-01-29,WH_A,East,SKU0079,Hardware,7,118.63
105659,2025-01-29,WH_C,West,SKU0049,Housewares,2,59.51
105660,2025-01-29,WH_C,West,SKU0055,Housewares,1,188.18
105661,2025-01-29,WH_C,West,SKU0012,Housewares,1,128.96
105662,2025-01-29,WH_A,East,SKU0084,Office,1,213.27
105663,2025-01-29,WH_B,Central,SKU0041,Sports,4,191.38
105664,2025-01-29,WH_B,Central,SKU0026,Hardware,1,126.31
105665,2025-01-29,WH_C,West,SKU0049,Housewares,1,82.2
105666,2025-01-29,WH_A,East,SKU0021,Sports,1,228.85
105667,2025-01-29,WH_C,West,SKU0032,Sports,14,156.35
105668,2025-01-29,WH_A,East,SKU0009,Hardware,2,112.82
105669,2025-01-29,WH_A,East,SKU0063,Housewares,1,201.03
105670,2025-01-29,WH_C,West,SKU0048,Hardware,3,164.08
105671,2025-01-29,WH_C,West,SKU0065,Sports,4,232.37
105672,2025-01-29,WH_C,West,SKU0027,Electronics,1,109.47
105673,2025-01-29,WH_A,East,SKU0073,Office,11,167.78
105674,2025-01-29,WH_B,Central,SKU0029,Sports,5,59.28
105675,2025-01-29,WH_B,Central,SKU0017,Hardware,1,100.94
105676,2025-01-29,WH_B,Central,SKU0050,Hardware,1,221.64
105677,2025-01-29,WH_A,East,SKU0018,Housewares,2,238.64
105678,2025-01-29,WH_C,West,SKU0044,Hardware,1,14.12
105679,2025-01-29,WH_C,West,SKU0069,Hardware,1,58.18
105680,2025-01-29,WH_A,East,SKU0008,Electronics,3,49.37
105681,2025-01-29,WH_B,Central,SKU0041,Sports,1,199.87
105682,2025-01-29,WH_B,Central,SKU0039,Office,1,24.72
105683,2025-01-29,WH_A,East,SKU0058,Sports,2,176.03
105684,2025-01-29,WH_C,West,SKU0087,Office,7,167.18
105685,2025-01-29,WH_A,East,SKU0038,Housewares,8,64.91
105686,2025-01-29,WH_C,West,SKU0043,Hardware,1,210.63
105687,2025-01-29,WH_A,East,SKU0087,Office,4,167.9
105688,2025-01-29,WH_C,West,SKU0038,Housewares,2,9.34
105689,2025-01-29,WH_C,West,SKU0014,Electronics,1,43.79
105690,2025-01-29,WH_C,West,SKU0061,Office,1,195.14
105691,2025-01-29,WH_C,West,SKU0096,Hardware,1,92.57
105692,2025-01-29,WH_B,Central,SKU0055,Housewares,11,105.24
105693,2025-01-29,WH_B,Central,SKU0078,Housewares,1,173.99
105694,2025-01-29,WH_A,East,SKU0061,Office,4,73.39
105695,2025-01-29,WH_A,East,SKU0099,Office,4,71.52
105696,2025-01-29,WH_A,East,SKU0009,Hardware,3,35.58
105697,2025-01-29,WH_A,East,SKU0041,Sports,1,132.52
105698,2025-01-29,WH_C,West,SKU0092,Housewares,3,164.26
105699,2025-01-29,WH_B,Central,SKU0056,Housewares,5,50.15
105700,2025-01-29,WH_A,East,SKU0048,Hardware,3,36.3
105701,2025-01-29,WH_B,Central,SKU0097,Office,1,133.52
105702,2025-01-29,WH_A,East,SKU0018,Housewares,1,22.24
105703,2025-01-29,WH_A,East,SKU0084,Office,5,75.26
105704,2025-01-29,WH_A,East,SKU0020,Electronics,1,161.9
105705,2025-01-29,WH_C,West,SKU0014,Electronics,1,52.25
105706,2025-01-29,WH_A,East,SKU0051,Hardware,1,19.45
105707,2025-01-29,WH_C,West,SKU0023,Hardware,7,235.33
105708,2025-01-29,WH_A,East,SKU0080,Hardware,1,56.26
105709,2025-01-29,WH_A,East,SKU0092,Housewares,1,29.48
105710,2025-01-29,WH_A,East,SKU0073,Office,1,23.05
105711,2025-01-29,WH_C,West,SKU0017,Hardware,3,72.55
105712,2025-01-29,WH_A,East,SKU0014,Electronics,2,8.32
105713,2025-01-29,WH_A,East,SKU0025,Office,2,5.8
105714,2025-01-29,WH_B,Central,SKU0099,Office,7,127.78
105715,2025-01-29,WH_B,Central,SKU0051,Hardware,1,88.56
105716,2025-01-29,WH_B,Central,SKU0016,Housewares,1,135.07
105717,2025-01-29,WH_B,Central,SKU0062,Housewares,1,120.91
105718,2025-01-29,WH_C,West,SKU0044,Hardware,1,191.59
105719,2025-01-29,WH_A,East,SKU0047,Electronics,1,212.81
105720,2025-01-29,WH_A,East,SKU0020,Electronics,8,242.53
105721,2025-01-29,WH_C,West,SKU0017,Hardware,1,193.05
105722,2025-01-29,WH_B,Central,SKU0006,Sports,1,109.41
105723,2025-01-29,WH_B,Central,SKU0088,Housewares,6,40.69
105724,2025-01-29,WH_B,Central,SKU0009,Hardware,1,150.26
105725,2025-01-29,WH_C,West,SKU0089,Electronics,1,216.81
105726,2025-01-29,WH_A,East,SKU0095,Electronics,1,165.92
105727,2025-01-29,WH_C,West,SKU0012,Housewares,7,181.34
105728,2025-01-29,WH_B,Central,SKU0011,Hardware,6,22.04
105729,2025-01-29,WH_B,Central,SKU0039,Office,2,143.38
105730,2025-01-29,WH_C,West,SKU0086,Hardware,3,33.63
105731,2025-01-29,WH_C,West,SKU0056,Housewares,3,40.77
105732,2025-01-29,WH_A,East,SKU0007,Office,1,119.98
105733,2025-01-29,WH_C,West,SKU0051,Hardware,2,239.74
105734,2025-01-29,WH_C,West,SKU0100,Office,3,149.89
105735,2025-01-29,WH_C,West,SKU0036,Housewares,1,42.25
105736,2025-01-29,WH_C,West,SKU0034,Office,2,59.62
105737,2025-01-29,WH_B,Central,SKU0027,Electronics,3,33.05
105738,2025-01-29,WH_A,East,SKU0041,Sports,1,194.41
105739,2025-01-29,WH_B,Central,SKU0069,Hardware,5,89.58
105740,2025-01-29,WH_C,West,SKU0092,Housewares,1,239.76
105741,2025-01-29,WH_A,East,SKU0070,Hardware,4,202.73
105742,2025-01-29,WH_A,East,SKU0088,Housewares,1,108.99
105743,2025-01-29,WH_C,West,SKU0047,Electronics,1,31.8
105744,2025-01-29,WH_C,West,SKU0055,Housewares,1,79.29
105745,2025-01-29,WH_B,Central,SKU0098,Housewares,17,108.41
105746,2025-01-29,WH_C,West,SKU0017,Hardware,3,226.59
105747,2025-01-29,WH_B,Central,SKU0089,Electronics,1,40.46
105748,2025-01-29,WH_C,West,SKU0073,Office,1,221.19
105749,2025-01-29,WH_C,West,SKU0005,Sports,3,115.58
105750,2025-01-29,WH_A,East,SKU0034,Office,5,63.0
105751,2025-01-29,WH_A,East,SKU0072,Office,1,143.97
105752,2025-01-29,WH_C,West,SKU0016,Housewares,4,68.59
105753,2025-01-29,WH_A,East,SKU0096,Hardware,1,121.12
105754,2025-01-29,WH_A,East,SKU0027,Electronics,1,188.21
105755,2025-01-29,WH_C,West,SKU0078,Housewares,2,130.57
105756,2025-01-29,WH_B,Central,SKU0093,Sports,6,184.48
105757,2025-01-29,WH_A,East,SKU0025,Office,1,108.01
105758,2025-01-29,WH_B,Central,SKU0058,Sports,1,201.51
105759,2025-01-29,WH_C,West,SKU0034,Office,3,120.64
105760,2025-01-29,WH_B,Central,SKU0047,Electronics,5,105.47
105761,2025-01-29,WH_B,Central,SKU0024,Electronics,4,12.86
105762,2025-01-29,WH_B,Central,SKU0067,Hardware,1,190.21
105763,2025-01-29,WH_C,West,SKU0057,Electronics,1,172.52
105764,2025-01-29,WH_A,East,SKU0032,Sports,3,167.24
105765,2025-01-29,WH_A,East,SKU0021,Sports,5,130.35
105766,2025-01-29,WH_B,Central,SKU0043,Hardware,6,144.53
105767,2025-01-29,WH_C,West,SKU0049,Housewares,2,129.8
105768,2025-01-29,WH_C,West,SKU0002,Electronics,7,64.71
105769,2025-01-29,WH_C,West,SKU0084,Office,3,64.44
105770,2025-01-29,WH_B,Central,SKU0046,Hardware,1,238.67
105771,2025-01-29,WH_B,Central,SKU0014,Electronics,1,173.12
105772,2025-01-29,WH_B,Central,SKU0073,Office,1,210.09
105773,2025-01-29,WH_A,East,SKU0028,Electronics,4,40.22
105774,2025-01-29,WH_A,East,SKU0040,Housewares,1,11.75
105775,2025-01-29,WH_B,Central,SKU0067,Hardware,1,176.55
105776,2025-01-29,WH_C,West,SKU0026,Hardware,1,203.46
105777,2025-01-29,WH_A,East,SKU0019,Sports,1,13.47
105778,2025-01-29,WH_B,Central,SKU0095,Electronics,1,73.61
105779,2025-01-29,WH_B,Central,SKU0034,Office,1,31.32
105780,2025-01-30,WH_B,Central,SKU0033,Housewares,17,249.89
105781,2025-01-30,WH_A,East,SKU0057,Electronics,2,144.16
105782,2025-01-30,WH_B,Central,SKU0064,Sports,7,193.6
105783,2025-01-30,WH_B,Central,SKU0081,Housewares,1,199.16
105784,2025-01-30,WH_C,West,SKU0084,Office,1,110.41
105785,2025-01-30,WH_A,East,SKU0004,Hardware,2,180.66
105786,2025-01-30,WH_A,East,SKU0084,Office,1,23.66
105787,2025-01-30,WH_A,East,SKU0036,Housewares,6,207.56
105788,2025-01-30,WH_C,West,SKU0067,Hardware,2,167.28
105789,2025-01-30,WH_C,West,SKU0088,Housewares,3,121.75
105790,2025-01-30,WH_A,East,SKU0064,Sports,1,122.94
105791,2025-01-30,WH_C,West,SKU0063,Housewares,9,210.27
105792,2025-01-30,WH_B,Central,SKU0074,Hardware,1,60.27
105793,2025-01-30,WH_C,West,SKU0026,Hardware,6,161.37
105794,2025-01-30,WH_B,Central,SKU0048,Hardware,1,32.36
105795,2025-01-30,WH_A,East,SKU0080,Hardware,4,82.66
105796,2025-01-30,WH_C,West,SKU0034,Office,2,144.56
105797,2025-01-30,WH_B,Central,SKU0049,Housewares,3,136.72
105798,2025-01-30,WH_A,East,SKU0009,Hardware,2,24.98
105799,2025-01-30,WH_A,East,SKU0093,Sports,3,52.58
105800,2025-01-30,WH_B,Central,SKU0097,Office,1,130.57
105801,2025-01-30,WH_A,East,SKU0083,Housewares,3,186.89
105802,2025-01-30,WH_B,Central,SKU0021,Sports,3,28.3
105803,2025-01-30,WH_A,East,SKU0076,Hardware,1,73.76
105804,2025-01-30,WH_C,West,SKU0069,Hardware,1,163.48
105805,2025-01-30,WH_A,East,SKU0011,Hardware,1,128.01
105806,2025-01-30,WH_B,Central,SKU0034,Office,6,184.13
105807,2025-01-30,WH_B,Central,SKU0072,Office,3,212.94
105808,2025-01-30,WH_B,Central,SKU0037,Sports,1,191.07
105809,2025-01-30,WH_A,East,SKU0082,Hardware,1,18.82
105810,2025-01-30,WH_B,Central,SKU0048,Hardware,1,53.23
105811,2025-01-30,WH_B,Central,SKU0048,Hardware,2,49.88
105812,2025-01-30,WH_A,East,SKU0052,Hardware,11,213.52
105813,2025-01-30,WH_B,Central,SKU0072,Office,12,202.9
105814,2025-01-30,WH_B,Central,SKU0005,Sports,9,95.19
105815,2025-01-30,WH_B,Central,SKU0008,Electronics,2,63.75
105816,2025-01-30,WH_C,West,SKU0096,Hardware,3,198.12
105817,2025-01-30,WH_A,East,SKU0056,Housewares,2,77.61
105818,2025-01-30,WH_B,Central,SKU0031,Sports,2,20.41
105819,2025-01-30,WH_A,East,SKU0080,Hardware,3,115.64
105820,2025-01-30,WH_C,West,SKU0065,Sports,6,231.2
105821,2025-01-30,WH_A,East,SKU0077,Office,1,249.05
105822,2025-01-30,WH_C,West,SKU0047,Electronics,10,158.65
105823,2025-01-30,WH_B,Central,SKU0093,Sports,5,9.52
105824,2025-01-30,WH_B,Central,SKU0040,Housewares,10,116.8
105825,2025-01-30,WH_B,Central,SKU0064,Sports,7,99.36
105826,2025-01-30,WH_C,West,SKU0034,Office,4,107.4
105827,2025-01-30,WH_A,East,SKU0067,Hardware,1,236.96
105828,2025-01-30,WH_C,West,SKU0080,Hardware,3,210.82
105829,2025-01-30,WH_C,West,SKU0029,Sports,2,230.0
105830,2025-01-30,WH_A,East,SKU0024,Electronics,4,22.68
105831,2025-01-30,WH_B,Central,SKU0047,Electronics,4,9.58
105832,2025-01-30,WH_C,West,SKU0009,Hardware,5,86.31
105833,2025-01-30,WH_A,East,SKU0073,Office,2,188.6
105834,2025-01-30,WH_B,Central,SKU0037,Sports,3,169.73
105835,2025-01-30,WH_A,East,SKU0006,Sports,6,96.62
105836,2025-01-30,WH_C,West,SKU0065,Sports,2,47.86
105837,2025-01-30,WH_A,East,SKU0099,Office,1,41.76
105838,2025-01-30,WH_C,West,SKU0041,Sports,3,84.44
105839,2025-01-30,WH_A,East,SKU0057,Electronics,5,89.18
105840,2025-01-30,WH_B,Central,SKU0006,Sports,1,125.36
105841,2025-01-30,WH_C,West,SKU0046,Hardware,1,54.93
105842,2025-01-30,WH_A,East,SKU0015,Housewares,4,126.82
105843,2025-01-30,WH_B,Central,SKU0033,Housewares,1,12.72
105844,2025-01-30,WH_B,Central,SKU0082,Hardware,1,186.94
105845,2025-01-30,WH_A,East,SKU0077,Office,1,65.75
105846,2025-01-30,WH_B,Central,SKU0072,Office,1,239.99
105847,2025-01-30,WH_C,West,SKU0040,Housewares,1,68.61
105848,2025-01-30,WH_B,Central,SKU0064,Sports,2,203.63
105849,2025-01-30,WH_A,East,SKU0021,Sports,1,141.73
105850,2025-01-30,WH_A,East,SKU0049,Housewares,5,57.83
105851,2025-01-30,WH_A,East,SKU0083,Housewares,7,146.54
105852,2025-01-30,WH_C,West,SKU0053,Hardware,2,241.1
105853,2025-01-30,WH_B,Central,SKU0023,Hardware,1,186.33
105854,2025-01-30,WH_A,East,SKU0027,Electronics,5,124.7
105855,2025-01-30,WH_C,West,SKU0016,Housewares,1,133.46
105856,2025-01-30,WH_C,West,SKU0052,Hardware,1,142.83
105857,2025-01-30,WH_B,Central,SKU0069,Hardware,4,135.11
105858,2025-01-30,WH_B,Central,SKU0094,Hardware,2,30.47
105859,2025-01-30,WH_C,West,SKU0075,Sports,1,213.48
105860,2025-01-30,WH_B,Central,SKU0081,Housewares,1,74.65
105861,2025-01-30,WH_A,East,SKU0033,Housewares,8,117.42
105862,2025-01-30,WH_C,West,SKU0062,Housewares,3,59.31
105863,2025-01-30,WH_A,East,SKU0077,Office,1,129.71
105864,2025-01-30,WH_A,East,SKU0003,Hardware,3,240.31
105865,2025-01-30,WH_A,East,SKU0054,Office,2,28.51
105866,2025-01-30,WH_A,East,SKU0004,Hardware,1,64.82
105867,2025-01-30,WH_B,Central,SKU0017,Hardware,1,128.82
105868,2025-01-30,WH_A,East,SKU0041,Sports,1,75.88
105869,2025-01-30,WH_B,Central,SKU0057,Electronics,10,148.07
105870,2025-01-30,WH_B,Central,SKU0052,Hardware,1,72.59
105871,2025-01-30,WH_C,West,SKU0026,Hardware,4,222.19
105872,2025-01-30,WH_B,Central,SKU0092,Housewares,3,110.7
105873,2025-01-30,WH_C,West,SKU0007,Office,4,234.66
105874,2025-01-30,WH_B,Central,SKU0015,Housewares,1,216.12
105875,2025-01-30,WH_B,Central,SKU0049,Housewares,5,94.79
105876,2025-01-30,WH_C,West,SKU0001,Housewares,1,143.5
105877,2025-01-30,WH_A,East,SKU0061,Office,1,40.62
105878,2025-01-30,WH_B,Central,SKU0077,Office,9,125.38
105879,2025-01-30,WH_A,East,SKU0076,Hardware,1,35.9
105880,2025-01-30,WH_B,Central,SKU0082,Hardware,2,186.99
105881,2025-01-30,WH_A,East,SKU0037,Sports,1,95.38
105882,2025-01-30,WH_A,East,SKU0021,Sports,1,91.99
105883,2025-01-30,WH_C,West,SKU0059,Electronics,5,63.08
105884,2025-01-30,WH_A,East,SKU0098,Housewares,1,136.37
105885,2025-01-30,WH_C,West,SKU0060,Hardware,2,85.58
105886,2025-01-30,WH_C,West,SKU0075,Sports,3,14.29
105887,2025-01-30,WH_A,East,SKU0038,Housewares,1,40.42
105888,2025-01-30,WH_C,West,SKU0061,Office,1,98.72
105889,2025-01-30,WH_A,East,SKU0022,Sports,2,27.83
105890,2025-01-30,WH_A,East,SKU0083,Housewares,1,170.14
105891,2025-01-30,WH_C,West,SKU0076,Hardware,1,48.25
105892,2025-01-30,WH_B,Central,SKU0005,Sports,1,181.41
105893,2025-01-30,WH_C,West,SKU0076,Hardware,1,129.64
105894,2025-01-30,WH_A,East,SKU0031,Sports,1,203.73
105895,2025-01-30,WH_C,West,SKU0023,Hardware,4,173.85
105896,2025-01-30,WH_A,East,SKU0092,Housewares,1,159.65
105897,2025-01-30,WH_C,West,SKU0012,Housewares,3,86.39
105898,2025-01-30,WH_B,Central,SKU0001,Housewares,6,246.29
105899,2025-01-30,WH_A,East,SKU0086,Hardware,1,201.3
105900,2025-01-30,WH_C,West,SKU0093,Sports,2,118.59
105901,2025-01-30,WH_C,West,SKU0023,Hardware,1,76.55
105902,2025-01-30,WH_A,East,SKU0086,Hardware,7,186.5
105903,2025-01-30,WH_B,Central,SKU0060,Hardware,1,189.13
105904,2025-01-30,WH_B,Central,SKU0011,Hardware,3,70.5
105905,2025-01-30,WH_A,East,SKU0008,Electronics,1,209.89
105906,2025-01-30,WH_B,Central,SKU0076,Hardware,5,249.23
105907,2025-01-30,WH_A,East,SKU0046,Hardware,1,137.39
105908,2025-01-30,WH_A,East,SKU0011,Hardware,3,147.72
105909,2025-01-30,WH_B,Central,SKU0074,Hardware,3,38.63
105910,2025-01-30,WH_C,West,SKU0039,Office,1,27.79
105911,2025-01-30,WH_C,West,SKU0056,Housewares,1,85.59
105912,2025-01-30,WH_C,West,SKU0019,Sports,6,25.46
105913,2025-01-30,WH_C,West,SKU0068,Electronics,1,239.67
105914,2025-01-30,WH_A,East,SKU0096,Hardware,2,37.44
105915,2025-01-30,WH_A,East,SKU0053,Hardware,1,158.56
105916,2025-01-30,WH_A,East,SKU0082,Hardware,1,242.18
105917,2025-01-30,WH_C,West,SKU0063,Housewares,2,177.51
105918,2025-01-30,WH_A,East,SKU0099,Office,2,239.69
105919,2025-01-30,WH_C,West,SKU0036,Housewares,2,167.19
105920,2025-01-30,WH_C,West,SKU0066,Sports,5,216.08
105921,2025-01-30,WH_A,East,SKU0007,Office,1,74.41
105922,2025-01-30,WH_C,West,SKU0061,Office,1,6.63
105923,2025-01-30,WH_A,East,SKU0081,Housewares,6,82.7
105924,2025-01-30,WH_C,West,SKU0068,Electronics,1,29.41
105925,2025-01-30,WH_A,East,SKU0035,Hardware,13,207.43
105926,2025-01-30,WH_B,Central,SKU0089,Electronics,2,194.12
105927,2025-01-30,WH_C,West,SKU0037,Sports,4,165.9
105928,2025-01-30,WH_B,Central,SKU0009,Hardware,1,181.48
105929,2025-01-30,WH_B,Central,SKU0037,Sports,2,182.4
105930,2025-01-30,WH_B,Central,SKU0049,Housewares,2,239.3
105931,2025-01-30,WH_C,West,SKU0097,Office,2,145.55
105932,2025-01-30,WH_B,Central,SKU0098,Housewares,5,97.91
105933,2025-01-30,WH_B,Central,SKU0067,Hardware,1,128.28
105934,2025-01-30,WH_A,East,SKU0026,Hardware,2,59.02
105935,2025-01-30,WH_A,East,SKU0093,Sports,3,201.58
105936,2025-01-30,WH_C,West,SKU0004,Hardware,2,133.13
105937,2025-01-30,WH_B,Central,SKU0051,Hardware,1,227.85
105938,2025-01-30,WH_B,Central,SKU0001,Housewares,4,122.67
105939,2025-01-30,WH_C,West,SKU0025,Office,3,87.54
105940,2025-01-30,WH_C,West,SKU0043,Hardware,1,54.96
105941,2025-01-30,WH_A,East,SKU0095,Electronics,1,129.5
105942,2025-01-30,WH_A,East,SKU0096,Hardware,2,98.21
105943,2025-01-30,WH_A,East,SKU0088,Housewares,2,25.93
105944,2025-01-30,WH_B,Central,SKU0041,Sports,4,13.03
105945,2025-01-30,WH_A,East,SKU0048,Hardware,3,111.17
105946,2025-01-30,WH_A,East,SKU0005,Sports,1,133.15
105947,2025-01-30,WH_B,Central,SKU0029,Sports,4,106.31
105948,2025-01-30,WH_B,Central,SKU0030,Housewares,1,39.9
105949,2025-01-30,WH_C,West,SKU0095,Electronics,2,207.86
105950,2025-01-30,WH_B,Central,SKU0095,Electronics,2,45.45
105951,2025-01-30,WH_A,East,SKU0082,Hardware,3,12.38
105952,2025-01-30,WH_C,West,SKU0062,Housewares,5,230.77
105953,2025-01-30,WH_C,West,SKU0065,Sports,2,221.04
105954,2025-01-30,WH_A,East,SKU0029,Sports,1,60.94
105955,2025-01-30,WH_B,Central,SKU0009,Hardware,1,194.43
105956,2025-01-30,WH_B,Central,SKU0087,Office,1,90.35
105957,2025-01-30,WH_A,East,SKU0061,Office,1,203.61
105958,2025-01-30,WH_C,West,SKU0022,Sports,1,87.63
105959,2025-01-30,WH_C,West,SKU0065,Sports,1,36.61
105960,2025-01-30,WH_B,Central,SKU0084,Office,1,125.98
105961,2025-01-30,WH_B,Central,SKU0001,Housewares,1,132.0
105962,2025-01-30,WH_B,Central,SKU0068,Electronics,3,223.62
105963,2025-01-30,WH_A,East,SKU0015,Housewares,1,25.26
105964,2025-01-30,WH_C,West,SKU0076,Hardware,1,138.84
105965,2025-01-30,WH_C,West,SKU0100,Office,1,180.41
105966,2025-01-30,WH_B,Central,SKU0019,Sports,2,188.37
105967,2025-01-30,WH_C,West,SKU0091,Electronics,1,103.27
105968,2025-01-30,WH_B,Central,SKU0066,Sports,4,70.42
105969,2025-01-30,WH_B,Central,SKU0047,Electronics,1,8.31
105970,2025-01-30,WH_A,East,SKU0014,Electronics,2,213.61
105971,2025-01-30,WH_A,East,SKU0049,Housewares,1,155.38
105972,2025-01-30,WH_C,West,SKU0053,Hardware,5,126.01
105973,2025-01-30,WH_B,Central,SKU0069,Hardware,1,249.16
105974,2025-01-30,WH_C,West,SKU0013,Electronics,1,56.55
105975,2025-01-30,WH_B,Central,SKU0088,Housewares,6,77.84
105976,2025-01-30,WH_A,East,SKU0022,Sports,5,86.63
105977,2025-01-30,WH_A,East,SKU0085,Hardware,5,173.0
105978,2025-01-30,WH_A,East,SKU0056,Housewares,1,133.12
105979,2025-01-30,WH_C,West,SKU0082,Hardware,1,33.39
105980,2025-01-30,WH_A,East,SKU0017,Hardware,3,212.9
105981,2025-01-30,WH_C,West,SKU0006,Sports,3,228.65
105982,2025-01-30,WH_B,Central,SKU0021,Sports,6,195.66
105983,2025-01-30,WH_C,West,SKU0046,Hardware,6,45.97
105984,2025-01-30,WH_A,East,SKU0069,Hardware,3,189.65
105985,2025-01-30,WH_C,West,SKU0096,Hardware,1,227.85
105986,2025-01-30,WH_C,West,SKU0008,Electronics,1,111.48
105987,2025-01-30,WH_B,Central,SKU0042,Electronics,1,133.22
105988,2025-01-30,WH_C,West,SKU0037,Sports,1,157.65
105989,2025-01-30,WH_B,Central,SKU0003,Hardware,4,193.3
105990,2025-01-30,WH_C,West,SKU0080,Hardware,3,29.96
105991,2025-01-30,WH_C,West,SKU0074,Hardware,1,204.91
105992,2025-01-30,WH_A,East,SKU0009,Hardware,3,171.85
105993,2025-01-30,WH_A,East,SKU0017,Hardware,1,84.64
105994,2025-01-30,WH_C,West,SKU0050,Hardware,9,212.5
105995,2025-01-30,WH_A,East,SKU0082,Hardware,1,138.45
105996,2025-01-30,WH_A,East,SKU0094,Hardware,2,113.7
105997,2025-01-30,WH_A,East,SKU0028,Electronics,1,162.51
105998,2025-01-30,WH_A,East,SKU0037,Sports,10,219.45
105999,2025-01-30,WH_C,West,SKU0054,Office,6,177.33
106000,2025-01-30,WH_C,West,SKU0059,Electronics,1,112.91
106001,2025-01-30,WH_A,East,SKU0082,Hardware,2,211.41
106002,2025-01-30,WH_B,Central,SKU0058,Sports,7,115.63
106003,2025-01-30,WH_C,West,SKU0002,Electronics,1,87.65
106004,2025-01-30,WH_C,West,SKU0093,Sports,2,72.37
106005,2025-01-30,WH_A,East,SKU0041,Sports,7,107.57
106006,2025-01-30,WH_B,Central,SKU0053,Hardware,13,31.83
106007,2025-01-30,WH_A,East,SKU0053,Hardware,1,130.34
106008,2025-01-30,WH_A,East,SKU0017,Hardware,6,91.72
106009,2025-01-30,WH_B,Central,SKU0047,Electronics,5,109.24
106010,2025-01-30,WH_B,Central,SKU0036,Housewares,5,72.97
106011,2025-01-30,WH_C,West,SKU0070,Hardware,1,73.29
106012,2025-01-30,WH_A,East,SKU0089,Electronics,1,108.18
106013,2025-01-30,WH_A,East,SKU0015,Housewares,1,197.85
106014,2025-01-30,WH_A,East,SKU0050,Hardware,4,92.85
106015,2025-01-30,WH_A,East,SKU0061,Office,14,243.59
106016,2025-01-30,WH_C,West,SKU0036,Housewares,7,148.69
106017,2025-01-30,WH_A,East,SKU0083,Housewares,1,81.69
106018,2025-01-30,WH_C,West,SKU0028,Electronics,1,159.79
106019,2025-01-30,WH_A,East,SKU0077,Office,2,159.32
106020,2025-01-30,WH_A,East,SKU0043,Hardware,2,38.74
106021,2025-01-30,WH_B,Central,SKU0097,Office,3,93.31
106022,2025-01-30,WH_C,West,SKU0020,Electronics,2,94.59
106023,2025-01-30,WH_B,Central,SKU0098,Housewares,1,219.76
106024,2025-01-30,WH_C,West,SKU0046,Hardware,1,147.63
106025,2025-01-30,WH_A,East,SKU0019,Sports,6,59.23
106026,2025-01-30,WH_A,East,SKU0092,Housewares,1,97.54
106027,2025-01-30,WH_C,West,SKU0032,Sports,1,108.76
106028,2025-01-30,WH_A,East,SKU0045,Electronics,1,11.52
106029,2025-01-30,WH_A,East,SKU0018,Housewares,2,27.99
106030,2025-01-31,WH_B,Central,SKU0059,Electronics,6,164.29
106031,2025-01-31,WH_A,East,SKU0072,Office,1,207.63
106032,2025-01-31,WH_A,East,SKU0015,Housewares,1,60.28
106033,2025-01-31,WH_B,Central,SKU0007,Office,1,151.44
106034,2025-01-31,WH_A,East,SKU0064,Sports,1,19.39
106035,2025-01-31,WH_A,East,SKU0074,Hardware,2,245.57
106036,2025-01-31,WH_B,Central,SKU0030,Housewares,1,106.25
106037,2025-01-31,WH_B,Central,SKU0047,Electronics,8,64.04
106038,2025-01-31,WH_C,West,SKU0007,Office,1,226.75
106039,2025-01-31,WH_A,East,SKU0096,Hardware,3,18.18
106040,2025-01-31,WH_B,Central,SKU0054,Office,3,205.91
106041,2025-01-31,WH_C,West,SKU0046,Hardware,1,98.81
106042,2025-01-31,WH_A,East,SKU0100,Office,1,160.17
106043,2025-01-31,WH_C,West,SKU0082,Hardware,3,21.79
106044,2025-01-31,WH_C,West,SKU0086,Hardware,3,166.32
106045,2025-01-31,WH_A,East,SKU0059,Electronics,1,141.07
106046,2025-01-31,WH_C,West,SKU0068,Electronics,2,110.39
106047,2025-01-31,WH_A,East,SKU0057,Electronics,6,85.45
106048,2025-01-31,WH_A,East,SKU0003,Hardware,1,169.6
106049,2025-01-31,WH_B,Central,SKU0050,Hardware,2,247.32
106050,2025-01-31,WH_B,Central,SKU0033,Housewares,1,101.9
106051,2025-01-31,WH_A,East,SKU0011,Hardware,1,216.07
106052,2025-01-31,WH_C,West,SKU0078,Housewares,1,194.18
106053,2025-01-31,WH_B,Central,SKU0065,Sports,1,105.4
106054,2025-01-31,WH_B,Central,SKU0013,Electronics,1,237.67
106055,2025-01-31,WH_A,East,SKU0086,Hardware,1,107.67
106056,2025-01-31,WH_B,Central,SKU0054,Office,1,230.74
106057,2025-01-31,WH_B,Central,SKU0063,Housewares,2,240.8
106058,2025-01-31,WH_B,Central,SKU0003,Hardware,1,47.87
106059,2025-01-31,WH_C,West,SKU0010,Electronics,1,157.23
106060,2025-01-31,WH_B,Central,SKU0095,Electronics,1,179.41
106061,2025-01-31,WH_A,East,SKU0081,Housewares,1,152.16
106062,2025-01-31,WH_C,West,SKU0094,Hardware,1,129.52
106063,2025-01-31,WH_A,East,SKU0063,Housewares,2,19.67
106064,2025-01-31,WH_C,West,SKU0053,Hardware,7,197.59
106065,2025-01-31,WH_B,Central,SKU0061,Office,1,139.13
106066,2025-01-31,WH_B,Central,SKU0011,Hardware,1,127.0
106067,2025-01-31,WH_A,East,SKU0053,Hardware,1,96.75
106068,2025-01-31,WH_C,West,SKU0049,Housewares,5,49.57
106069,2025-01-31,WH_A,East,SKU0044,Hardware,1,132.81
106070,2025-01-31,WH_A,East,SKU0046,Hardware,3,10.5
106071,2025-01-31,WH_A,East,SKU0008,Electronics,2,78.18
106072,2025-01-31,WH_A,East,SKU0042,Electronics,4,119.87
106073,2025-01-31,WH_C,West,SKU0012,Housewares,5,102.26
106074,2025-01-31,WH_C,West,SKU0017,Hardware,5,180.54
106075,2025-01-31,WH_B,Central,SKU0019,Sports,5,204.04
106076,2025-01-31,WH_C,West,SKU0038,Housewares,1,95.18
106077,2025-01-31,WH_A,East,SKU0007,Office,4,93.57
106078,2025-01-31,WH_C,West,SKU0063,Housewares,1,215.42
106079,2025-01-31,WH_A,East,SKU0042,Electronics,1,37.49
106080,2025-01-31,WH_B,Central,SKU0027,Electronics,3,222.99
106081,2025-01-31,WH_B,Central,SKU0016,Housewares,5,140.84
106082,2025-01-31,WH_A,East,SKU0056,Housewares,1,175.67
106083,2025-01-31,WH_A,East,SKU0094,Hardware,2,56.49
106084,2025-01-31,WH_A,East,SKU0082,Hardware,6,26.23
106085,2025-01-31,WH_B,Central,SKU0045,Electronics,1,28.16
106086,2025-01-31,WH_A,East,SKU0001,Housewares,7,13.67
106087,2025-01-31,WH_B,Central,SKU0025,Office,1,216.14
106088,2025-01-31,WH_C,West,SKU0011,Hardware,1,30.73
106089,2025-01-31,WH_C,West,SKU0070,Hardware,1,104.21
106090,2025-01-31,WH_C,West,SKU0013,Electronics,1,180.93
106091,2025-01-31,WH_C,West,SKU0037,Sports,1,176.95
106092,2025-01-31,WH_A,East,SKU0013,Electronics,20,216.74
106093,2025-01-31,WH_C,West,SKU0082,Hardware,3,235.28
106094,2025-01-31,WH_A,East,SKU0021,Sports,14,144.72
106095,2025-01-31,WH_C,West,SKU0062,Housewares,1,229.17
106096,2025-01-31,WH_A,East,SKU0064,Sports,5,25.73
106097,2025-01-31,WH_C,West,SKU0072,Office,8,94.72
106098,2025-01-31,WH_C,West,SKU0021,Sports,1,89.1
106099,2025-01-31,WH_A,East,SKU0009,Hardware,1,131.43
106100,2025-01-31,WH_C,West,SKU0095,Electronics,2,109.28
106101,2025-01-31,WH_A,East,SKU0065,Sports,1,185.64
106102,2025-01-31,WH_A,East,SKU0099,Office,1,236.99
106103,2025-01-31,WH_C,West,SKU0082,Hardware,3,178.28
106104,2025-01-31,WH_B,Central,SKU0053,Hardware,1,241.62
106105,2025-01-31,WH_B,Central,SKU0089,Electronics,1,23.74
106106,2025-01-31,WH_A,East,SKU0002,Electronics,4,185.98
106107,2025-01-31,WH_B,Central,SKU0054,Office,1,150.72
106108,2025-01-31,WH_B,Central,SKU0086,Hardware,2,134.14
106109,2025-01-31,WH_A,East,SKU0069,Hardware,2,248.47
106110,2025-01-31,WH_B,Central,SKU0030,Housewares,13,245.51
106111,2025-01-31,WH_A,East,SKU0011,Hardware,2,82.93
106112,2025-01-31,WH_A,East,SKU0098,Housewares,2,157.56
106113,2025-01-31,WH_B,Central,SKU0030,Housewares,1,160.03
106114,2025-01-31,WH_B,Central,SKU0096,Hardware,2,226.35
106115,2025-01-31,WH_A,East,SKU0050,Hardware,1,175.91
106116,2025-01-31,WH_B,Central,SKU0011,Hardware,1,36.83
106117,2025-01-31,WH_A,East,SKU0085,Hardware,1,19.03
106118,2025-01-31,WH_C,West,SKU0035,Hardware,1,21.91
106119,2025-01-31,WH_C,West,SKU0045,Electronics,7,29.93
106120,2025-01-31,WH_C,West,SKU0026,Hardware,5,227.0
106121,2025-01-31,WH_B,Central,SKU0011,Hardware,1,18.21
106122,2025-01-31,WH_C,West,SKU0069,Hardware,2,62.52
106123,2025-01-31,WH_A,East,SKU0063,Housewares,1,143.86
106124,2025-01-31,WH_C,West,SKU0041,Sports,1,183.94
106125,2025-01-31,WH_A,East,SKU0019,Sports,2,208.19
106126,2025-01-31,WH_C,West,SKU0034,Office,1,62.56
106127,2025-01-31,WH_B,Central,SKU0024,Electronics,2,220.7
106128,2025-01-31,WH_A,East,SKU0056,Housewares,5,171.49
106129,2025-01-31,WH_A,East,SKU0047,Electronics,2,159.71
106130,2025-01-31,WH_C,West,SKU0003,Hardware,1,150.82
106131,2025-01-31,WH_C,West,SKU0077,Office,2,99.19
106132,2025-01-31,WH_B,Central,SKU0073,Office,6,208.21
106133,2025-01-31,WH_A,East,SKU0100,Office,1,246.5
106134,2025-01-31,WH_A,East,SKU0054,Office,1,57.76
106135,2025-01-31,WH_B,Central,SKU0014,Electronics,8,113.98
106136,2025-01-31,WH_B,Central,SKU0049,Housewares,4,75.61
106137,2025-01-31,WH_A,East,SKU0001,Housewares,6,208.91
106138,2025-01-31,WH_B,Central,SKU0099,Office,2,177.74
106139,2025-01-31,WH_B,Central,SKU0044,Hardware,9,115.75
106140,2025-01-31,WH_B,Central,SKU0034,Office,2,182.09
106141,2025-01-31,WH_C,West,SKU0020,Electronics,1,240.5
106142,2025-01-31,WH_A,East,SKU0082,Hardware,1,103.83
106143,2025-01-31,WH_C,West,SKU0028,Electronics,3,110.2
106144,2025-01-31,WH_C,West,SKU0013,Electronics,1,106.3
106145,2025-01-31,WH_B,Central,SKU0004,Hardware,6,139.02
106146,2025-01-31,WH_A,East,SKU0030,Housewares,1,169.52
106147,2025-01-31,WH_A,East,SKU0074,Hardware,2,142.31
106148,2025-01-31,WH_B,Central,SKU0076,Hardware,1,22.69
106149,2025-01-31,WH_A,East,SKU0002,Electronics,2,107.85
106150,2025-01-31,WH_A,East,SKU0028,Electronics,1,62.35
106151,2025-01-31,WH_A,East,SKU0073,Office,1,197.93
106152,2025-01-31,WH_B,Central,SKU0069,Hardware,1,31.78
106153,2025-01-31,WH_B,Central,SKU0017,Hardware,1,60.06
106154,2025-01-31,WH_B,Central,SKU0073,Office,2,156.23
106155,2025-01-31,WH_C,West,SKU0027,Electronics,1,111.3
106156,2025-01-31,WH_A,East,SKU0047,Electronics,1,14.24
106157,2025-01-31,WH_A,East,SKU0022,Sports,5,166.29
106158,2025-01-31,WH_A,East,SKU0086,Hardware,4,49.56
106159,2025-01-31,WH_B,Central,SKU0032,Sports,1,113.73
106160,2025-01-31,WH_C,West,SKU0053,Hardware,3,136.04
106161,2025-01-31,WH_B,Central,SKU0084,Office,2,43.45
106162,2025-01-31,WH_C,West,SKU0075,Sports,1,206.83
106163,2025-01-31,WH_C,West,SKU0017,Hardware,2,53.94
106164,2025-01-31,WH_C,West,SKU0085,Hardware,1,189.93
106165,2025-01-31,WH_A,East,SKU0023,Hardware,1,147.21
106166,2025-01-31,WH_A,East,SKU0096,Hardware,10,98.17
106167,2025-01-31,WH_A,East,SKU0094,Hardware,1,160.11
106168,2025-01-31,WH_B,Central,SKU0040,Housewares,1,51.94
106169,2025-01-31,WH_B,Central,SKU0020,Electronics,1,46.81
106170,2025-01-31,WH_A,East,SKU0050,Hardware,5,185.04
106171,2025-01-31,WH_C,West,SKU0093,Sports,1,224.8
106172,2025-01-31,WH_C,West,SKU0034,Office,3,114.7
106173,2025-01-31,WH_C,West,SKU0088,Housewares,1,184.03
106174,2025-01-31,WH_A,East,SKU0073,Office,1,79.19
106175,2025-01-31,WH_A,East,SKU0019,Sports,1,6.89
106176,2025-01-31,WH_B,Central,SKU0069,Hardware,4,40.6
106177,2025-01-31,WH_C,West,SKU0017,Hardware,2,8.94
106178,2025-01-31,WH_C,West,SKU0005,Sports,2,95.53
106179,2025-01-31,WH_A,East,SKU0002,Electronics,2,27.02
106180,2025-01-31,WH_A,East,SKU0067,Hardware,1,32.03
106181,2025-01-31,WH_C,West,SKU0097,Office,3,31.6
106182,2025-01-31,WH_C,West,SKU0019,Sports,2,38.0
106183,2025-01-31,WH_B,Central,SKU0055,Housewares,8,107.01
106184,2025-01-31,WH_B,Central,SKU0056,Housewares,1,15.24
106185,2025-01-31,WH_A,East,SKU0077,Office,1,223.39
106186,2025-01-31,WH_C,West,SKU0084,Office,1,198.75
106187,2025-01-31,WH_A,East,SKU0013,Electronics,1,201.72
106188,2025-01-31,WH_A,East,SKU0073,Office,6,249.47
106189,2025-01-31,WH_B,Central,SKU0020,Electronics,1,200.09
106190,2025-01-31,WH_B,Central,SKU0057,Electronics,1,82.12
106191,2025-01-31,WH_C,West,SKU0019,Sports,3,114.59
106192,2025-01-31,WH_C,West,SKU0051,Hardware,2,241.72
106193,2025-01-31,WH_B,Central,SKU0093,Sports,5,94.1
106194,2025-01-31,WH_B,Central,SKU0061,Office,2,16.88
106195,2025-01-31,WH_A,East,SKU0070,Hardware,1,154.06
106196,2025-01-31,WH_C,West,SKU0070,Hardware,3,225.87
106197,2025-01-31,WH_C,West,SKU0071,Hardware,1,226.03
106198,2025-01-31,WH_A,East,SKU0030,Housewares,3,24.02
106199,2025-01-31,WH_C,West,SKU0033,Housewares,1,121.77
106200,2025-01-31,WH_B,Central,SKU0060,Hardware,1,33.41
106201,2025-01-31,WH_C,West,SKU0019,Sports,2,37.28
106202,2025-01-31,WH_C,West,SKU0059,Electronics,7,216.99
106203,2025-01-31,WH_A,East,SKU0016,Housewares,1,21.6
106204,2025-01-31,WH_B,Central,SKU0051,Hardware,2,150.1
106205,2025-01-31,WH_A,East,SKU0066,Sports,6,21.54
106206,2025-01-31,WH_B,Central,SKU0096,Hardware,3,142.89
106207,2025-01-31,WH_A,East,SKU0025,Office,1,34.82
106208,2025-01-31,WH_C,West,SKU0080,Hardware,3,88.26
106209,2025-01-31,WH_A,East,SKU0061,Office,29,224.03
106210,2025-02-01,WH_A,East,SKU0026,Hardware,2,162.22
106211,2025-02-01,WH_A,East,SKU0052,Hardware,1,224.03
106212,2025-02-01,WH_B,Central,SKU0080,Hardware,1,132.73
106213,2025-02-01,WH_C,West,SKU0076,Hardware,6,6.53
106214,2025-02-01,WH_B,Central,SKU0026,Hardware,2,158.56
106215,2025-02-01,WH_C,West,SKU0008,Electronics,1,21.73
106216,2025-02-01,WH_C,West,SKU0068,Electronics,2,139.14
106217,2025-02-01,WH_B,Central,SKU0095,Electronics,1,221.15
106218,2025-02-01,WH_C,West,SKU0065,Sports,1,131.54
106219,2025-02-01,WH_A,East,SKU0040,Housewares,1,7.73
106220,2025-02-01,WH_C,West,SKU0019,Sports,1,134.1
106221,2025-02-01,WH_B,Central,SKU0049,Housewares,4,114.95
106222,2025-02-01,WH_A,East,SKU0065,Sports,1,153.04
106223,2025-02-01,WH_A,East,SKU0060,Hardware,1,62.19
106224,2025-02-01,WH_A,East,SKU0036,Housewares,7,136.49
106225,2025-02-01,WH_B,Central,SKU0011,Hardware,1,169.37
106226,2025-02-01,WH_B,Central,SKU0027,Electronics,4,190.84
106227,2025-02-01,WH_B,Central,SKU0017,Hardware,2,132.31
106228,2025-02-01,WH_C,West,SKU0023,Hardware,4,178.49
106229,2025-02-01,WH_C,West,SKU0033,Housewares,2,166.14
106230,2025-02-01,WH_C,West,SKU0011,Hardware,1,9.88
106231,2025-02-01,WH_C,West,SKU0016,Housewares,8,234.14
106232,2025-02-01,WH_C,West,SKU0089,Electronics,4,96.21
106233,2025-02-01,WH_C,West,SKU0060,Hardware,1,92.55
106234,2025-02-01,WH_A,East,SKU0049,Housewares,3,87.12
106235,2025-02-01,WH_B,Central,SKU0057,Electronics,4,169.89
106236,2025-02-01,WH_C,West,SKU0099,Office,2,232.91
106237,2025-02-01,WH_B,Central,SKU0067,Hardware,6,179.36
106238,2025-02-01,WH_B,Central,SKU0017,Hardware,1,235.04
106239,2025-02-01,WH_A,East,SKU0055,Housewares,1,96.28
106240,2025-02-01,WH_A,East,SKU0078,Housewares,5,56.12
106241,2025-02-01,WH_B,Central,SKU0010,Electronics,3,117.17
106242,2025-02-01,WH_C,West,SKU0080,Hardware,2,239.72
106243,2025-02-01,WH_C,West,SKU0059,Electronics,4,77.48
106244,2025-02-01,WH_B,Central,SKU0021,Sports,1,241.93
106245,2025-02-01,WH_A,East,SKU0038,Housewares,2,47.41
106246,2025-02-01,WH_C,West,SKU0062,Housewares,2,15.34
106247,2025-02-01,WH_A,East,SKU0065,Sports,1,159.99
106248,2025-02-01,WH_A,East,SKU0048,Hardware,1,84.65
106249,2025-02-01,WH_B,Central,SKU0034,Office,3,217.27
106250,2025-02-01,WH_A,East,SKU0016,Housewares,3,118.54
106251,2025-02-01,WH_A,East,SKU0094,Hardware,3,175.43
106252,2025-02-01,WH_C,West,SKU0074,Hardware,4,80.23
106253,2025-02-01,WH_B,Central,SKU0069,Hardware,1,172.06
106254,2025-02-01,WH_A,East,SKU0045,Electronics,1,118.19
106255,2025-02-01,WH_C,West,SKU0083,Housewares,1,86.36
106256,2025-02-01,WH_C,West,SKU0045,Electronics,1,224.56
106257,2025-02-01,WH_C,West,SKU0084,Office,3,47.05
106258,2025-02-01,WH_A,East,SKU0020,Electronics,6,127.63
106259,2025-02-01,WH_A,East,SKU0007,Office,1,134.22
106260,2025-02-01,WH_B,Central,SKU0010,Electronics,1,94.99
106261,2025-02-01,WH_A,East,SKU0026,Hardware,4,166.36
106262,2025-02-01,WH_A,East,SKU0055,Housewares,1,60.48
106263,2025-02-01,WH_B,Central,SKU0076,Hardware,1,244.67
106264,2025-02-01,WH_A,East,SKU0096,Hardware,1,155.95
106265,2025-02-01,WH_B,Central,SKU0072,Office,2,10.66
106266,2025-02-01,WH_A,East,SKU0006,Sports,8,26.54
106267,2025-02-01,WH_B,Central,SKU0023,Hardware,3,203.7
106268,2025-02-01,WH_A,East,SKU0068,Electronics,4,203.27
106269,2025-02-01,WH_B,Central,SKU0082,Hardware,4,114.17
106270,2025-02-01,WH_B,Central,SKU0028,Electronics,6,228.55
106271,2025-02-01,WH_C,West,SKU0059,Electronics,1,123.77
106272,2025-02-01,WH_A,East,SKU0059,Electronics,1,73.33
106273,2025-02-01,WH_B,Central,SKU0089,Electronics,1,69.18
106274,2025-02-01,WH_B,Central,SKU0064,Sports,5,138.05
106275,2025-02-01,WH_A,East,SKU0013,Electronics,5,187.56
106276,2025-02-01,WH_A,East,SKU0049,Housewares,1,50.4
106277,2025-02-01,WH_A,East,SKU0008,Electronics,2,234.28
106278,2025-02-01,WH_A,East,SKU0090,Electronics,5,192.14
106279,2025-02-01,WH_A,East,SKU0030,Housewares,4,134.3
106280,2025-02-01,WH_A,East,SKU0017,Hardware,1,74.96
106281,2025-02-01,WH_C,West,SKU0068,Electronics,2,82.51
106282,2025-02-01,WH_B,Central,SKU0085,Hardware,4,96.44
106283,2025-02-01,WH_C,West,SKU0065,Sports,1,196.72
106284,2025-02-01,WH_A,East,SKU0065,Sports,3,67.02
106285,2025-02-01,WH_C,West,SKU0012,Housewares,11,103.78
106286,2025-02-01,WH_C,West,SKU0035,Hardware,3,228.06
106287,2025-02-01,WH_A,East,SKU0023,Hardware,1,220.36
106288,2025-02-01,WH_A,East,SKU0057,Electronics,3,46.05
106289,2025-02-01,WH_B,Central,SKU0003,Hardware,3,219.27
106290,2025-02-01,WH_A,East,SKU0059,Electronics,4,191.35
106291,2025-02-01,WH_C,West,SKU0041,Sports,1,51.7
106292,2025-02-01,WH_C,West,SKU0013,Electronics,2,147.14
106293,2025-02-01,WH_B,Central,SKU0016,Housewares,8,119.83
106294,2025-02-01,WH_B,Central,SKU0026,Hardware,1,51.74
106295,2025-02-01,WH_C,West,SKU0058,Sports,1,21.82
106296,2025-02-01,WH_C,West,SKU0064,Sports,2,48.18
106297,2025-02-01,WH_C,West,SKU0041,Sports,5,151.14
106298,2025-02-01,WH_B,Central,SKU0011,Hardware,6,109.73
106299,2025-02-01,WH_A,East,SKU0052,Hardware,2,133.73
106300,2025-02-01,WH_B,Central,SKU0044,Hardware,12,200.22
106301,2025-02-01,WH_C,West,SKU0006,Sports,2,153.61
106302,2025-02-01,WH_C,West,SKU0078,Housewares,1,185.01
106303,2025-02-01,WH_C,West,SKU0036,Housewares,12,36.71
106304,2025-02-01,WH_C,West,SKU0060,Hardware,3,131.88
106305,2025-02-01,WH_C,West,SKU0033,Housewares,5,5.01
106306,2025-02-01,WH_B,Central,SKU0084,Office,1,14.08
106307,2025-02-01,WH_B,Central,SKU0015,Housewares,1,178.44
106308,2025-02-01,WH_C,West,SKU0016,Housewares,1,157.47
106309,2025-02-01,WH_B,Central,SKU0057,Electronics,6,13.48
106310,2025-02-01,WH_B,Central,SKU0081,Housewares,1,247.51
106311,2025-02-01,WH_C,West,SKU0049,Housewares,3,39.47
106312,2025-02-01,WH_B,Central,SKU0067,Hardware,1,246.33
106313,2025-02-01,WH_A,East,SKU0081,Housewares,1,189.44
106314,2025-02-01,WH_B,Central,SKU0077,Office,1,102.62
106315,2025-02-01,WH_A,East,SKU0094,Hardware,6,11.97
106316,2025-02-01,WH_A,East,SKU0018,Housewares,1,124.36
106317,2025-02-01,WH_B,Central,SKU0029,Sports,2,11.92
106318,2025-02-01,WH_C,West,SKU0036,Housewares,1,89.35
106319,2025-02-01,WH_B,Central,SKU0021,Sports,1,92.07
106320,2025-02-01,WH_A,East,SKU0071,Hardware,8,72.28
106321,2025-02-01,WH_B,Central,SKU0015,Housewares,2,78.03
106322,2025-02-01,WH_C,West,SKU0040,Housewares,1,75.98
106323,2025-02-01,WH_B,Central,SKU0080,Hardware,1,77.57
106324,2025-02-01,WH_C,West,SKU0012,Housewares,2,237.53
106325,2025-02-01,WH_C,West,SKU0099,Office,1,180.67
106326,2025-02-01,WH_A,East,SKU0054,Office,1,5.25
106327,2025-02-01,WH_A,East,SKU0033,Housewares,1,122.58
106328,2025-02-01,WH_A,East,SKU0085,Hardware,1,181.93
106329,2025-02-01,WH_A,East,SKU0063,Housewares,1,126.38
106330,2025-02-01,WH_C,West,SKU0074,Hardware,3,63.2
106331,2025-02-01,WH_C,West,SKU0051,Hardware,2,69.14
106332,2025-02-01,WH_A,East,SKU0074,Hardware,1,205.51
106333,2025-02-01,WH_B,Central,SKU0044,Hardware,1,204.42
106334,2025-02-01,WH_B,Central,SKU0027,Electronics,1,92.19
106335,2025-02-01,WH_A,East,SKU0028,Electronics,1,126.64
106336,2025-02-01,WH_B,Central,SKU0081,Housewares,1,6.46
106337,2025-02-01,WH_B,Central,SKU0090,Electronics,1,23.23
106338,2025-02-01,WH_A,East,SKU0073,Office,5,125.95
106339,2025-02-01,WH_B,Central,SKU0081,Housewares,3,206.18
106340,2025-02-01,WH_C,West,SKU0056,Housewares,1,87.61
106341,2025-02-01,WH_C,West,SKU0046,Hardware,1,17.16
106342,2025-02-01,WH_A,East,SKU0053,Hardware,1,122.09
106343,2025-02-01,WH_A,East,SKU0074,Hardware,1,20.0
106344,2025-02-01,WH_B,Central,SKU0046,Hardware,1,64.9
106345,2025-02-01,WH_A,East,SKU0022,Sports,1,161.99
106346,2025-02-01,WH_B,Central,SKU0023,Hardware,3,88.07
106347,2025-02-01,WH_B,Central,SKU0008,Electronics,4,107.38
106348,2025-02-01,WH_A,East,SKU0057,Electronics,2,40.66
106349,2025-02-01,WH_A,East,SKU0074,Hardware,1,183.25
106350,2025-02-01,WH_C,West,SKU0055,Housewares,11,177.64
106351,2025-02-01,WH_C,West,SKU0074,Hardware,1,40.01
106352,2025-02-01,WH_C,West,SKU0064,Sports,1,184.48
106353,2025-02-01,WH_C,West,SKU0088,Housewares,1,188.95
106354,2025-02-01,WH_A,East,SKU0029,Sports,2,194.76
106355,2025-02-01,WH_C,West,SKU0098,Housewares,2,152.62
106356,2025-02-01,WH_B,Central,SKU0019,Sports,1,181.45
106357,2025-02-01,WH_C,West,SKU0020,Electronics,5,218.47
106358,2025-02-01,WH_A,East,SKU0001,Housewares,1,158.03
106359,2025-02-01,WH_A,East,SKU0008,Electronics,13,148.79
106360,2025-02-01,WH_B,Central,SKU0044,Hardware,1,220.01
106361,2025-02-01,WH_B,Central,SKU0055,Housewares,1,16.03
106362,2025-02-01,WH_C,West,SKU0096,Hardware,1,29.57
106363,2025-02-01,WH_A,East,SKU0070,Hardware,1,118.51
106364,2025-02-01,WH_B,Central,SKU0084,Office,2,226.82
106365,2025-02-01,WH_A,East,SKU0033,Housewares,3,211.44
106366,2025-02-01,WH_C,West,SKU0039,Office,1,83.05
106367,2025-02-01,WH_A,East,SKU0075,Sports,2,175.4
106368,2025-02-01,WH_C,West,SKU0020,Electronics,2,69.81
106369,2025-02-01,WH_A,East,SKU0067,Hardware,1,114.83
106370,2025-02-01,WH_A,East,SKU0092,Housewares,1,220.56
106371,2025-02-01,WH_A,East,SKU0066,Sports,2,189.0
106372,2025-02-01,WH_C,West,SKU0018,Housewares,1,141.38
106373,2025-02-01,WH_C,West,SKU0091,Electronics,7,57.5
106374,2025-02-01,WH_A,East,SKU0019,Sports,1,100.14
106375,2025-02-01,WH_C,West,SKU0050,Hardware,1,152.15
106376,2025-02-01,WH_B,Central,SKU0097,Office,1,170.14
106377,2025-02-01,WH_A,East,SKU0019,Sports,1,43.62
106378,2025-02-01,WH_B,Central,SKU0065,Sports,8,63.68
106379,2025-02-01,WH_C,West,SKU0094,Hardware,2,19.87
106380,2025-02-01,WH_A,East,SKU0050,Hardware,7,232.36
106381,2025-02-01,WH_A,East,SKU0076,Hardware,1,34.64
106382,2025-02-01,WH_C,West,SKU0021,Sports,4,69.25
106383,2025-02-01,WH_B,Central,SKU0084,Office,3,229.21
106384,2025-02-01,WH_A,East,SKU0094,Hardware,2,216.0
106385,2025-02-01,WH_B,Central,SKU0050,Hardware,1,228.06
106386,2025-02-01,WH_B,Central,SKU0074,Hardware,1,60.32
106387,2025-02-01,WH_B,Central,SKU0009,Hardware,6,140.95
106388,2025-02-01,WH_C,West,SKU0059,Electronics,4,201.61
106389,2025-02-01,WH_A,East,SKU0013,Electronics,3,51.32
106390,2025-02-02,WH_A,East,SKU0003,Hardware,3,20.59
106391,2025-02-02,WH_C,West,SKU0045,Electronics,1,162.51
106392,2025-02-02,WH_B,Central,SKU0033,Housewares,7,194.06
106393,2025-02-02,WH_A,East,SKU0027,Electronics,1,206.81
106394,2025-02-02,WH_A,East,SKU0056,Housewares,10,86.33
106395,2025-02-02,WH_C,West,SKU0093,Sports,1,53.39
106396,2025-02-02,WH_B,Central,SKU0071,Hardware,1,17.82
106397,2025-02-02,WH_C,West,SKU0008,Electronics,2,184.41
106398,2025-02-02,WH_B,Central,SKU0099,Office,2,242.66
106399,2025-02-02,WH_A,East,SKU0054,Office,1,8.25
106400,2025-02-02,WH_B,Central,SKU0099,Office,1,232.82
106401,2025-02-02,WH_B,Central,SKU0075,Sports,1,59.63
106402,2025-02-02,WH_A,East,SKU0055,Housewares,3,77.05
106403,2025-02-02,WH_A,East,SKU0044,Hardware,4,107.73
106404,2025-02-02,WH_A,East,SKU0024,Electronics,4,140.13
106405,2025-02-02,WH_C,West,SKU0002,Electronics,1,99.6
106406,2025-02-02,WH_B,Central,SKU0094,Hardware,1,203.47
106407,2025-02-02,WH_C,West,SKU0084,Office,2,195.46
106408,2025-02-02,WH_C,West,SKU0075,Sports,1,174.48
106409,2025-02-02,WH_A,East,SKU0084,Office,1,14.0
106410,2025-02-02,WH_A,East,SKU0071,Hardware,1,194.56
106411,2025-02-02,WH_A,East,SKU0072,Office,2,105.16
106412,2025-02-02,WH_B,Central,SKU0050,Hardware,6,126.85
106413,2025-02-02,WH_C,West,SKU0061,Office,2,246.53
106414,2025-02-02,WH_B,Central,SKU0089,Electronics,2,196.96
106415,2025-02-02,WH_C,West,SKU0091,Electronics,1,13.9
106416,2025-02-02,WH_B,Central,SKU0054,Office,5,236.38
106417,2025-02-02,WH_A,East,SKU0065,Sports,1,128.39
106418,2025-02-02,WH_B,Central,SKU0070,Hardware,1,249.24
106419,2025-02-02,WH_C,West,SKU0029,Sports,7,15.07
106420,2025-02-02,WH_C,West,SKU0080,Hardware,4,152.21
106421,2025-02-02,WH_A,East,SKU0058,Sports,1,113.95
106422,2025-02-02,WH_C,West,SKU0024,Electronics,1,218.9
106423,2025-02-02,WH_B,Central,SKU0050,Hardware,1,218.91
106424,2025-02-02,WH_C,West,SKU0072,Office,8,22.88
106425,2025-02-02,WH_B,Central,SKU0072,Office,3,139.48
106426,2025-02-02,WH_B,Central,SKU0059,Electronics,9,200.55
106427,2025-02-02,WH_A,East,SKU0015,Housewares,3,231.75
106428,2025-02-02,WH_C,West,SKU0080,Hardware,1,97.11
106429,2025-02-02,WH_C,West,SKU0056,Housewares,5,29.89
106430,2025-02-02,WH_C,West,SKU0069,Hardware,8,187.56
106431,2025-02-02,WH_A,East,SKU0049,Housewares,1,87.99
106432,2025-02-02,WH_A,East,SKU0073,Office,1,27.95
106433,2025-02-02,WH_C,West,SKU0090,Electronics,1,211.56
106434,2025-02-02,WH_B,Central,SKU0092,Housewares,2,115.53
106435,2025-02-02,WH_B,Central,SKU0100,Office,1,43.45
106436,2025-02-02,WH_A,East,SKU0024,Electronics,13,11.3
106437,2025-02-02,WH_C,West,SKU0063,Housewares,1,193.5
106438,2025-02-02,WH_A,East,SKU0027,Electronics,2,81.89
106439,2025-02-02,WH_A,East,SKU0095,Electronics,14,156.7
106440,2025-02-02,WH_A,East,SKU0077,Office,1,212.75
106441,2025-02-02,WH_A,East,SKU0016,Housewares,1,118.58
106442,2025-02-02,WH_A,East,SKU0030,Housewares,5,246.0
106443,2025-02-02,WH_A,East,SKU0076,Hardware,1,38.84
106444,2025-02-02,WH_A,East,SKU0050,Hardware,2,236.28
106445,2025-02-02,WH_C,West,SKU0027,Electronics,3,152.53
106446,2025-02-02,WH_A,East,SKU0005,Sports,1,153.55
106447,2025-02-02,WH_C,West,SKU0014,Electronics,6,97.0
106448,2025-02-02,WH_A,East,SKU0019,Sports,1,122.83
106449,2025-02-02,WH_B,Central,SKU0007,Office,1,120.13
106450,2025-02-02,WH_C,West,SKU0007,Office,1,87.37
106451,2025-02-02,WH_B,Central,SKU0002,Electronics,5,103.08
106452,2025-02-02,WH_B,Central,SKU0074,Hardware,10,178.67
106453,2025-02-02,WH_C,West,SKU0058,Sports,1,66.66
106454,2025-02-02,WH_A,East,SKU0093,Sports,3,79.1
106455,2025-02-02,WH_A,East,SKU0032,Sports,7,33.5
106456,2025-02-02,WH_C,West,SKU0067,Hardware,1,59.15
106457,2025-02-02,WH_A,East,SKU0099,Office,2,209.57
106458,2025-02-02,WH_A,East,SKU0035,Hardware,1,148.26
106459,2025-02-02,WH_A,East,SKU0069,Hardware,1,142.98
106460,2025-02-02,WH_B,Central,SKU0006,Sports,1,141.66
106461,2025-02-02,WH_C,West,SKU0016,Housewares,2,15.5
106462,2025-02-02,WH_C,West,SKU0030,Housewares,3,145.2
106463,2025-02-02,WH_B,Central,SKU0095,Electronics,2,134.79
106464,2025-02-02,WH_C,West,SKU0079,Hardware,3,133.63
106465,2025-02-02,WH_C,West,SKU0084,Office,7,236.16
106466,2025-02-02,WH_A,East,SKU0062,Housewares,3,228.38
106467,2025-02-02,WH_B,Central,SKU0047,Electronics,7,69.19
106468,2025-02-02,WH_C,West,SKU0054,Office,15,70.52
106469,2025-02-02,WH_B,Central,SKU0057,Electronics,1,240.75
106470,2025-02-02,WH_A,East,SKU0073,Office,1,148.11
106471,2025-02-02,WH_B,Central,SKU0018,Housewares,10,17.12
106472,2025-02-02,WH_C,West,SKU0037,Sports,1,154.16
106473,2025-02-02,WH_A,East,SKU0063,Housewares,4,202.8
106474,2025-02-02,WH_C,West,SKU0010,Electronics,6,46.27
106475,2025-02-02,WH_A,East,SKU0031,Sports,1,179.99
106476,2025-02-02,WH_C,West,SKU0003,Hardware,3,80.47
106477,2025-02-02,WH_C,West,SKU0016,Housewares,1,83.56
106478,2025-02-02,WH_A,East,SKU0064,Sports,6,227.83
106479,2025-02-02,WH_A,East,SKU0039,Office,1,84.63
106480,2025-02-02,WH_B,Central,SKU0048,Hardware,1,245.68
106481,2025-02-02,WH_A,East,SKU0085,Hardware,8,158.94
106482,2025-02-02,WH_C,West,SKU0012,Housewares,1,51.85
106483,2025-02-02,WH_C,West,SKU0090,Electronics,1,239.96
106484,2025-02-02,WH_C,West,SKU0052,Hardware,1,198.88
106485,2025-02-02,WH_C,West,SKU0031,Sports,1,129.42
106486,2025-02-02,WH_C,West,SKU0095,Electronics,4,174.66
106487,2025-02-02,WH_B,Central,SKU0028,Electronics,4,204.33
106488,2025-02-02,WH_A,East,SKU0038,Housewares,1,94.19
106489,2025-02-02,WH_B,Central,SKU0031,Sports,5,14.47
106490,2025-02-02,WH_B,Central,SKU0075,Sports,2,230.5
106491,2025-02-02,WH_C,West,SKU0009,Hardware,6,202.05
106492,2025-02-02,WH_A,East,SKU0002,Electronics,1,222.48
106493,2025-02-02,WH_C,West,SKU0081,Housewares,7,167.6
106494,2025-02-02,WH_C,West,SKU0048,Hardware,1,125.03
106495,2025-02-02,WH_C,West,SKU0089,Electronics,4,204.19
106496,2025-02-02,WH_C,West,SKU0056,Housewares,1,84.89
106497,2025-02-02,WH_A,East,SKU0034,Office,3,173.16
106498,2025-02-02,WH_A,East,SKU0023,Hardware,2,107.96
106499,2025-02-02,WH_C,West,SKU0075,Sports,3,12.95
106500,2025-02-02,WH_A,East,SKU0030,Housewares,1,145.41
106501,2025-02-02,WH_A,East,SKU0068,Electronics,1,194.82
106502,2025-02-02,WH_C,West,SKU0066,Sports,4,178.94
106503,2025-02-02,WH_A,East,SKU0069,Hardware,7,39.5
106504,2025-02-02,WH_C,West,SKU0022,Sports,1,66.81
106505,2025-02-02,WH_A,East,SKU0002,Electronics,4,132.73
106506,2025-02-02,WH_A,East,SKU0083,Housewares,1,38.42
106507,2025-02-02,WH_A,East,SKU0014,Electronics,6,174.57
106508,2025-02-02,WH_A,East,SKU0086,Hardware,2,241.54
106509,2025-02-02,WH_A,East,SKU0018,Housewares,5,48.64
106510,2025-02-02,WH_C,West,SKU0009,Hardware,2,124.09
106511,2025-02-02,WH_B,Central,SKU0079,Hardware,5,41.53
106512,2025-02-02,WH_B,Central,SKU0006,Sports,1,160.95
106513,2025-02-02,WH_C,West,SKU0086,Hardware,8,225.32
106514,2025-02-02,WH_B,Central,SKU0021,Sports,2,153.65
106515,2025-02-02,WH_A,East,SKU0040,Housewares,5,187.38
106516,2025-02-02,WH_A,East,SKU0010,Electronics,6,224.5
106517,2025-02-02,WH_C,West,SKU0023,Hardware,5,7.3
106518,2025-02-02,WH_C,West,SKU0022,Sports,1,103.86
106519,2025-02-02,WH_A,East,SKU0059,Electronics,3,80.18
106520,2025-02-02,WH_C,West,SKU0076,Hardware,1,103.05
106521,2025-02-02,WH_C,West,SKU0058,Sports,9,112.1
106522,2025-02-02,WH_B,Central,SKU0083,Housewares,1,6.56
106523,2025-02-02,WH_A,East,SKU0046,Hardware,1,235.01
106524,2025-02-02,WH_A,East,SKU0043,Hardware,9,134.61
106525,2025-02-02,WH_C,West,SKU0024,Electronics,3,200.0
106526,2025-02-02,WH_C,West,SKU0006,Sports,1,96.71
106527,2025-02-02,WH_C,West,SKU0022,Sports,3,225.07
106528,2025-02-02,WH_C,West,SKU0067,Hardware,3,90.77
106529,2025-02-02,WH_B,Central,SKU0071,Hardware,7,167.83
106530,2025-02-02,WH_A,East,SKU0009,Hardware,5,99.45
106531,2025-02-02,WH_C,West,SKU0067,Hardware,1,45.71
106532,2025-02-02,WH_A,East,SKU0024,Electronics,7,13.12
106533,2025-02-02,WH_A,East,SKU0088,Housewares,2,105.24
106534,2025-02-02,WH_C,West,SKU0016,Housewares,1,103.2
106535,2025-02-02,WH_A,East,SKU0054,Office,1,34.97
106536,2025-02-02,WH_C,West,SKU0075,Sports,1,18.21
106537,2025-02-02,WH_A,East,SKU0028,Electronics,1,175.67
106538,2025-02-02,WH_C,West,SKU0057,Electronics,1,69.07
106539,2025-02-02,WH_A,East,SKU0026,Hardware,3,32.51
106540,2025-02-02,WH_A,East,SKU0094,Hardware,7,121.98
106541,2025-02-02,WH_C,West,SKU0007,Office,9,52.17
106542,2025-02-02,WH_C,West,SKU0084,Office,1,149.62
106543,2025-02-02,WH_B,Central,SKU0070,Hardware,1,145.24
106544,2025-02-02,WH_B,Central,SKU0086,Hardware,1,117.0
106545,2025-02-02,WH_B,Central,SKU0041,Sports,5,52.0
106546,2025-02-02,WH_A,East,SKU0087,Office,2,106.92
106547,2025-02-02,WH_A,East,SKU0016,Housewares,3,17.28
106548,2025-02-02,WH_A,East,SKU0064,Sports,2,122.24
106549,2025-02-02,WH_C,West,SKU0019,Sports,10,190.18
106550,2025-02-02,WH_C,West,SKU0076,Hardware,1,129.76
106551,2025-02-02,WH_B,Central,SKU0068,Electronics,4,133.52
106552,2025-02-02,WH_B,Central,SKU0070,Hardware,1,97.28
106553,2025-02-02,WH_A,East,SKU0037,Sports,1,9.89
106554,2025-02-02,WH_C,West,SKU0019,Sports,3,154.67
106555,2025-02-02,WH_A,East,SKU0028,Electronics,1,159.36
106556,2025-02-02,WH_C,West,SKU0055,Housewares,1,64.63
106557,2025-02-02,WH_B,Central,SKU0088,Housewares,4,203.23
106558,2025-02-02,WH_A,East,SKU0026,Hardware,2,197.12
106559,2025-02-02,WH_A,East,SKU0017,Hardware,1,22.59
106560,2025-02-02,WH_C,West,SKU0027,Electronics,2,67.71
106561,2025-02-02,WH_B,Central,SKU0059,Electronics,4,92.74
106562,2025-02-02,WH_A,East,SKU0023,Hardware,3,140.45
106563,2025-02-02,WH_B,Central,SKU0045,Electronics,5,208.91
106564,2025-02-02,WH_C,West,SKU0008,Electronics,1,77.3
106565,2025-02-02,WH_A,East,SKU0043,Hardware,6,103.98
106566,2025-02-02,WH_B,Central,SKU0074,Hardware,2,49.92
106567,2025-02-02,WH_A,East,SKU0081,Housewares,2,69.83
106568,2025-02-02,WH_C,West,SKU0011,Hardware,5,54.06
106569,2025-02-02,WH_A,East,SKU0081,Housewares,1,28.29
106570,2025-02-03,WH_B,Central,SKU0061,Office,2,235.78
106571,2025-02-03,WH_A,East,SKU0021,Sports,1,9.84
106572,2025-02-03,WH_B,Central,SKU0036,Housewares,1,188.36
106573,2025-02-03,WH_B,Central,SKU0025,Office,11,17.56
106574,2025-02-03,WH_C,West,SKU0047,Electronics,4,95.33
106575,2025-02-03,WH_B,Central,SKU0021,Sports,1,52.11
106576,2025-02-03,WH_C,West,SKU0033,Housewares,7,203.29
106577,2025-02-03,WH_B,Central,SKU0094,Hardware,1,235.35
106578,2025-02-03,WH_A,East,SKU0011,Hardware,1,84.02
106579,2025-02-03,WH_A,East,SKU0067,Hardware,3,249.86
106580,2025-02-03,WH_C,West,SKU0003,Hardware,1,203.63
106581,2025-02-03,WH_A,East,SKU0068,Electronics,7,7.36
106582,2025-02-03,WH_A,East,SKU0032,Sports,1,29.59
106583,2025-02-03,WH_B,Central,SKU0084,Office,4,143.93
106584,2025-02-03,WH_B,Central,SKU0054,Office,1,108.08
106585,2025-02-03,WH_B,Central,SKU0035,Hardware,2,175.95
106586,2025-02-03,WH_B,Central,SKU0019,Sports,4,26.53
106587,2025-02-03,WH_A,East,SKU0096,Hardware,2,44.48
106588,2025-02-03,WH_B,Central,SKU0098,Housewares,4,166.13
106589,2025-02-03,WH_C,West,SKU0050,Hardware,3,23.37
106590,2025-02-03,WH_C,West,SKU0049,Housewares,2,210.94
106591,2025-02-03,WH_C,West,SKU0073,Office,3,216.13
106592,2025-02-03,WH_B,Central,SKU0092,Housewares,1,75.29
106593,2025-02-03,WH_C,West,SKU0063,Housewares,1,133.2
106594,2025-02-03,WH_C,West,SKU0004,Hardware,1,98.4
106595,2025-02-03,WH_A,East,SKU0081,Housewares,3,163.12
106596,2025-02-03,WH_A,East,SKU0012,Housewares,1,246.5
106597,2025-02-03,WH_B,Central,SKU0014,Electronics,2,123.47
106598,2025-02-03,WH_A,East,SKU0052,Hardware,10,39.38
106599,2025-02-03,WH_C,West,SKU0073,Office,2,202.24
106600,2025-02-03,WH_C,West,SKU0071,Hardware,1,185.39
106601,2025-02-03,WH_B,Central,SKU0050,Hardware,6,69.11
106602,2025-02-03,WH_B,Central,SKU0093,Sports,1,93.37
106603,2025-02-03,WH_B,Central,SKU0063,Housewares,1,32.21
106604,2025-02-03,WH_C,West,SKU0084,Office,1,218.94
106605,2025-02-03,WH_C,West,SKU0020,Electronics,2,70.62
106606,2025-02-03,WH_A,East,SKU0082,Hardware,8,194.71
106607,2025-02-03,WH_A,East,SKU0037,Sports,1,192.53
106608,2025-02-03,WH_B,Central,SKU0098,Housewares,2,172.54
106609,2025-02-03,WH_A,East,SKU0065,Sports,1,56.33
106610,2025-02-03,WH_B,Central,SKU0026,Hardware,1,25.51
106611,2025-02-03,WH_C,West,SKU0072,Office,1,104.53
106612,2025-02-03,WH_A,East,SKU0024,Electronics,1,214.81
106613,2025-02-03,WH_A,East,SKU0026,Hardware,3,114.45
106614,2025-02-03,WH_C,West,SKU0012,Housewares,10,235.43
106615,2025-02-03,WH_B,Central,SKU0057,Electronics,1,155.71
106616,2025-02-03,WH_B,Central,SKU0015,Housewares,5,47.37
106617,2025-02-03,WH_A,East,SKU0048,Hardware,1,68.65
106618,2025-02-03,WH_B,Central,SKU0024,Electronics,1,241.42
106619,2025-02-03,WH_A,East,SKU0096,Hardware,4,19.64
106620,2025-02-03,WH_C,West,SKU0027,Electronics,4,46.56
106621,2025-02-03,WH_A,East,SKU0015,Housewares,1,83.04
106622,2025-02-03,WH_A,East,SKU0099,Office,1,80.65
106623,2025-02-03,WH_C,West,SKU0011,Hardware,4,70.31
106624,2025-02-03,WH_B,Central,SKU0001,Housewares,4,27.3
106625,2025-02-03,WH_B,Central,SKU0008,Electronics,2,216.44
106626,2025-02-03,WH_B,Central,SKU0002,Electronics,1,160.55
106627,2025-02-03,WH_B,Central,SKU0098,Housewares,2,86.33
106628,2025-02-03,WH_A,East,SKU0080,Hardware,1,170.74
106629,2025-02-03,WH_C,West,SKU0086,Hardware,1,88.04
106630,2025-02-03,WH_A,East,SKU0026,Hardware,3,236.61
106631,2025-02-03,WH_A,East,SKU0074,Hardware,1,187.95
106632,2025-02-03,WH_B,Central,SKU0094,Hardware,9,28.97
106633,2025-02-03,WH_A,East,SKU0031,Sports,2,7.74
106634,2025-02-03,WH_C,West,SKU0076,Hardware,5,75.29
106635,2025-02-03,WH_C,West,SKU0098,Housewares,1,173.39
106636,2025-02-03,WH_B,Central,SKU0003,Hardware,4,103.0
106637,2025-02-03,WH_B,Central,SKU0090,Electronics,3,239.31
106638,2025-02-03,WH_B,Central,SKU0053,Hardware,6,176.82
106639,2025-02-03,WH_B,Central,SKU0010,Electronics,8,219.6
106640,2025-02-03,WH_B,Central,SKU0024,Electronics,3,229.73
106641,2025-02-03,WH_C,West,SKU0009,Hardware,5,128.05
106642,2025-02-03,WH_B,Central,SKU0069,Hardware,2,7.15
106643,2025-02-03,WH_B,Central,SKU0078,Housewares,1,187.83
106644,2025-02-03,WH_C,West,SKU0080,Hardware,2,191.43
106645,2025-02-03,WH_A,East,SKU0091,Electronics,8,115.87
106646,2025-02-03,WH_B,Central,SKU0039,Office,1,158.51
106647,2025-02-03,WH_B,Central,SKU0030,Housewares,1,157.22
106648,2025-02-03,WH_B,Central,SKU0044,Hardware,2,179.49
106649,2025-02-03,WH_C,West,SKU0042,Electronics,1,40.25
106650,2025-02-03,WH_C,West,SKU0064,Sports,1,172.49
106651,2025-02-03,WH_B,Central,SKU0083,Housewares,1,137.5
106652,2025-02-03,WH_C,West,SKU0006,Sports,1,209.99
106653,2025-02-03,WH_B,Central,SKU0017,Hardware,22,81.49
106654,2025-02-03,WH_C,West,SKU0077,Office,3,46.92
106655,2025-02-03,WH_A,East,SKU0049,Housewares,4,110.56
106656,2025-02-03,WH_C,West,SKU0027,Electronics,2,63.2
106657,2025-02-03,WH_C,West,SKU0015,Housewares,5,47.47
106658,2025-02-03,WH_A,East,SKU0030,Housewares,7,20.01
106659,2025-02-03,WH_B,Central,SKU0036,Housewares,1,142.92
106660,2025-02-03,WH_A,East,SKU0062,Housewares,5,146.37
106661,2025-02-03,WH_A,East,SKU0056,Housewares,1,215.46
106662,2025-02-03,WH_C,West,SKU0024,Electronics,2,61.93
106663,2025-02-03,WH_B,Central,SKU0013,Electronics,2,170.45
106664,2025-02-03,WH_B,Central,SKU0051,Hardware,3,182.38
106665,2025-02-03,WH_C,West,SKU0073,Office,6,207.08
106666,2025-02-03,WH_C,West,SKU0082,Hardware,2,12.88
106667,2025-02-03,WH_A,East,SKU0079,Hardware,4,243.87
106668,2025-02-03,WH_B,Central,SKU0066,Sports,1,153.69
106669,2025-02-03,WH_A,East,SKU0018,Housewares,4,161.58
106670,2025-02-03,WH_C,West,SKU0064,Sports,7,120.97
106671,2025-02-03,WH_A,East,SKU0091,Electronics,2,14.37
106672,2025-02-03,WH_B,Central,SKU0058,Sports,6,69.26
106673,2025-02-03,WH_A,East,SKU0050,Hardware,11,54.52
106674,2025-02-03,WH_C,West,SKU0087,Office,1,123.73
106675,2025-02-03,WH_C,West,SKU0078,Housewares,3,112.96
106676,2025-02-03,WH_A,East,SKU0007,Office,1,137.32
106677,2025-02-03,WH_A,East,SKU0087,Office,9,240.68
106678,2025-02-03,WH_A,East,SKU0004,Hardware,1,171.64
106679,2025-02-03,WH_A,East,SKU0008,Electronics,3,165.09
106680,2025-02-03,WH_A,East,SKU0041,Sports,1,137.17
106681,2025-02-03,WH_B,Central,SKU0036,Housewares,4,54.2
106682,2025-02-03,WH_A,East,SKU0080,Hardware,1,54.93
106683,2025-02-03,WH_C,West,SKU0006,Sports,6,215.34
106684,2025-02-03,WH_B,Central,SKU0033,Housewares,1,191.33
106685,2025-02-03,WH_C,West,SKU0083,Housewares,1,173.11
106686,2025-02-03,WH_B,Central,SKU0020,Electronics,2,120.63
106687,2025-02-03,WH_A,East,SKU0012,Housewares,6,161.06
106688,2025-02-03,WH_B,Central,SKU0086,Hardware,1,32.14
106689,2025-02-03,WH_B,Central,SKU0047,Electronics,8,42.58
106690,2025-02-03,WH_B,Central,SKU0012,Housewares,3,126.48
106691,2025-02-03,WH_C,West,SKU0075,Sports,1,195.28
106692,2025-02-03,WH_A,East,SKU0057,Electronics,7,34.77
106693,2025-02-03,WH_C,West,SKU0067,Hardware,1,213.21
106694,2025-02-03,WH_B,Central,SKU0089,Electronics,2,170.26
106695,2025-02-03,WH_B,Central,SKU0043,Hardware,1,106.04
106696,2025-02-03,WH_B,Central,SKU0054,Office,1,142.92
106697,2025-02-03,WH_A,East,SKU0011,Hardware,1,180.72
106698,2025-02-03,WH_B,Central,SKU0060,Hardware,2,212.64
106699,2025-02-03,WH_A,East,SKU0085,Hardware,7,225.64
106700,2025-02-03,WH_A,East,SKU0098,Housewares,2,83.09
106701,2025-02-03,WH_A,East,SKU0066,Sports,1,164.87
106702,2025-02-03,WH_C,West,SKU0042,Electronics,3,44.51
106703,2025-02-03,WH_C,West,SKU0059,Electronics,18,31.34
106704,2025-02-03,WH_B,Central,SKU0016,Housewares,2,135.1
106705,2025-02-03,WH_C,West,SKU0049,Housewares,2,135.77
106706,2025-02-03,WH_B,Central,SKU0099,Office,1,249.0
106707,2025-02-03,WH_A,East,SKU0069,Hardware,11,133.47
106708,2025-02-03,WH_C,West,SKU0029,Sports,1,49.82
106709,2025-02-03,WH_C,West,SKU0038,Housewares,1,154.91
106710,2025-02-03,WH_A,East,SKU0050,Hardware,1,107.0
106711,2025-02-03,WH_A,East,SKU0030,Housewares,2,218.85
106712,2025-02-03,WH_B,Central,SKU0050,Hardware,1,138.3
106713,2025-02-03,WH_C,West,SKU0006,Sports,3,242.82
106714,2025-02-03,WH_C,West,SKU0054,Office,4,139.29
106715,2025-02-03,WH_C,West,SKU0026,Hardware,4,249.28
106716,2025-02-03,WH_C,West,SKU0089,Electronics,6,26.83
106717,2025-02-03,WH_A,East,SKU0040,Housewares,2,197.69
106718,2025-02-03,WH_A,East,SKU0007,Office,3,107.16
106719,2025-02-03,WH_A,East,SKU0036,Housewares,1,158.62
106720,2025-02-03,WH_A,East,SKU0100,Office,1,101.04
106721,2025-02-03,WH_A,East,SKU0027,Electronics,5,82.34
106722,2025-02-03,WH_B,Central,SKU0021,Sports,3,218.99
106723,2025-02-03,WH_C,West,SKU0023,Hardware,2,125.73
106724,2025-02-03,WH_A,East,SKU0010,Electronics,1,171.99
106725,2025-02-03,WH_A,East,SKU0025,Office,18,203.07
106726,2025-02-03,WH_B,Central,SKU0092,Housewares,3,119.94
106727,2025-02-03,WH_A,East,SKU0046,Hardware,1,174.57
106728,2025-02-03,WH_A,East,SKU0001,Housewares,1,222.33
106729,2025-02-03,WH_B,Central,SKU0084,Office,1,102.95
106730,2025-02-03,WH_C,West,SKU0027,Electronics,1,123.01
106731,2025-02-03,WH_C,West,SKU0070,Hardware,3,79.18
106732,2025-02-03,WH_C,West,SKU0028,Electronics,3,157.04
106733,2025-02-03,WH_A,East,SKU0060,Hardware,1,81.64
106734,2025-02-03,WH_C,West,SKU0022,Sports,5,7.92
106735,2025-02-03,WH_C,West,SKU0087,Office,3,107.23
106736,2025-02-03,WH_A,East,SKU0017,Hardware,3,129.34
106737,2025-02-03,WH_A,East,SKU0033,Housewares,1,245.6
106738,2025-02-03,WH_A,East,SKU0081,Housewares,1,43.82
106739,2025-02-03,WH_C,West,SKU0042,Electronics,1,236.43
106740,2025-02-03,WH_B,Central,SKU0096,Hardware,1,144.32
106741,2025-02-03,WH_C,West,SKU0083,Housewares,2,85.89
106742,2025-02-03,WH_C,West,SKU0093,Sports,3,127.86
106743,2025-02-03,WH_A,East,SKU0007,Office,2,56.49
106744,2025-02-03,WH_A,East,SKU0007,Office,7,32.09
106745,2025-02-03,WH_A,East,SKU0039,Office,3,222.04
106746,2025-02-03,WH_A,East,SKU0080,Hardware,1,12.04
106747,2025-02-03,WH_B,Central,SKU0074,Hardware,1,198.54
106748,2025-02-03,WH_B,Central,SKU0077,Office,3,206.43
106749,2025-02-03,WH_A,East,SKU0035,Hardware,1,248.47
106750,2025-02-03,WH_A,East,SKU0007,Office,1,202.32
106751,2025-02-03,WH_A,East,SKU0048,Hardware,1,58.52
106752,2025-02-03,WH_B,Central,SKU0077,Office,1,52.21
106753,2025-02-03,WH_C,West,SKU0090,Electronics,1,94.17
106754,2025-02-03,WH_C,West,SKU0045,Electronics,1,128.07
106755,2025-02-03,WH_C,West,SKU0059,Electronics,1,110.68
106756,2025-02-03,WH_C,West,SKU0060,Hardware,9,92.92
106757,2025-02-03,WH_B,Central,SKU0014,Electronics,1,79.77
106758,2025-02-03,WH_A,East,SKU0080,Hardware,4,81.85
106759,2025-02-03,WH_B,Central,SKU0058,Sports,1,198.25
106760,2025-02-03,WH_B,Central,SKU0006,Sports,1,122.18
106761,2025-02-03,WH_C,West,SKU0004,Hardware,1,47.65
106762,2025-02-03,WH_C,West,SKU0059,Electronics,1,118.58
106763,2025-02-03,WH_C,West,SKU0018,Housewares,5,91.85
106764,2025-02-03,WH_C,West,SKU0064,Sports,1,78.75
106765,2025-02-03,WH_C,West,SKU0056,Housewares,1,103.86
106766,2025-02-03,WH_B,Central,SKU0048,Hardware,6,10.97
106767,2025-02-03,WH_B,Central,SKU0021,Sports,2,222.48
106768,2025-02-03,WH_A,East,SKU0087,Office,1,164.47
106769,2025-02-03,WH_A,East,SKU0019,Sports,2,87.96
106770,2025-02-03,WH_B,Central,SKU0095,Electronics,1,58.81
106771,2025-02-03,WH_C,West,SKU0076,Hardware,1,192.36
106772,2025-02-03,WH_B,Central,SKU0015,Housewares,2,197.48
106773,2025-02-03,WH_B,Central,SKU0087,Office,1,202.14
106774,2025-02-03,WH_A,East,SKU0044,Hardware,1,34.73
106775,2025-02-03,WH_C,West,SKU0068,Electronics,2,236.6
106776,2025-02-03,WH_C,West,SKU0036,Housewares,1,131.27
106777,2025-02-03,WH_B,Central,SKU0082,Hardware,1,117.07
106778,2025-02-03,WH_A,East,SKU0022,Sports,1,108.51
106779,2025-02-03,WH_B,Central,SKU0090,Electronics,2,187.49
106780,2025-02-03,WH_A,East,SKU0081,Housewares,1,145.05
106781,2025-02-03,WH_B,Central,SKU0063,Housewares,3,98.78
106782,2025-02-03,WH_B,Central,SKU0068,Electronics,2,179.13
106783,2025-02-03,WH_C,West,SKU0067,Hardware,1,86.67
106784,2025-02-03,WH_A,East,SKU0017,Hardware,5,247.26
106785,2025-02-03,WH_C,West,SKU0065,Sports,1,222.9
106786,2025-02-03,WH_B,Central,SKU0094,Hardware,2,114.74
106787,2025-02-03,WH_B,Central,SKU0039,Office,6,228.03
106788,2025-02-03,WH_C,West,SKU0016,Housewares,1,92.8
106789,2025-02-03,WH_C,West,SKU0098,Housewares,5,125.25
106790,2025-02-03,WH_B,Central,SKU0055,Housewares,1,240.73
106791,2025-02-03,WH_B,Central,SKU0088,Housewares,1,154.53
106792,2025-02-03,WH_C,West,SKU0054,Office,1,115.57
106793,2025-02-03,WH_C,West,SKU0024,Electronics,1,68.0
106794,2025-02-03,WH_C,West,SKU0043,Hardware,1,188.66
106795,2025-02-03,WH_B,Central,SKU0046,Hardware,3,199.56
106796,2025-02-03,WH_B,Central,SKU0063,Housewares,3,36.53
106797,2025-02-03,WH_A,East,SKU0087,Office,11,51.19
106798,2025-02-03,WH_A,East,SKU0024,Electronics,1,178.18
106799,2025-02-03,WH_B,Central,SKU0080,Hardware,1,46.77
106800,2025-02-03,WH_A,East,SKU0037,Sports,6,86.34
106801,2025-02-03,WH_A,East,SKU0066,Sports,3,215.39
106802,2025-02-03,WH_C,West,SKU0071,Hardware,10,56.52
106803,2025-02-03,WH_B,Central,SKU0024,Electronics,1,186.48
106804,2025-02-03,WH_A,East,SKU0006,Sports,1,147.15
106805,2025-02-03,WH_A,East,SKU0032,Sports,2,142.18
106806,2025-02-03,WH_A,East,SKU0055,Housewares,3,213.47
106807,2025-02-03,WH_C,West,SKU0082,Hardware,1,141.03
106808,2025-02-03,WH_A,East,SKU0047,Electronics,1,83.09
106809,2025-02-03,WH_C,West,SKU0050,Hardware,1,151.85
106810,2025-02-03,WH_B,Central,SKU0092,Housewares,10,191.51
106811,2025-02-03,WH_B,Central,SKU0073,Office,1,180.45
106812,2025-02-03,WH_C,West,SKU0041,Sports,1,189.64
106813,2025-02-03,WH_B,Central,SKU0018,Housewares,5,86.91
106814,2025-02-03,WH_B,Central,SKU0007,Office,1,79.73
106815,2025-02-03,WH_A,East,SKU0005,Sports,1,156.56
106816,2025-02-03,WH_A,East,SKU0065,Sports,1,13.83
106817,2025-02-03,WH_A,East,SKU0093,Sports,2,219.3
106818,2025-02-03,WH_C,West,SKU0018,Housewares,1,97.19
106819,2025-02-03,WH_A,East,SKU0068,Electronics,1,99.91
106820,2025-02-04,WH_A,East,SKU0039,Office,1,248.76
106821,2025-02-04,WH_A,East,SKU0070,Hardware,1,63.52
106822,2025-02-04,WH_C,West,SKU0048,Hardware,1,215.07
106823,2025-02-04,WH_B,Central,SKU0057,Electronics,1,200.09
106824,2025-02-04,WH_C,West,SKU0100,Office,3,232.37
106825,2025-02-04,WH_B,Central,SKU0036,Housewares,1,55.8
106826,2025-02-04,WH_C,West,SKU0006,Sports,3,148.38
106827,2025-02-04,WH_B,Central,SKU0055,Housewares,3,145.99
106828,2025-02-04,WH_B,Central,SKU0020,Electronics,2,233.48
106829,2025-02-04,WH_C,West,SKU0020,Electronics,7,14.31
106830,2025-02-04,WH_A,East,SKU0074,Hardware,1,130.09
106831,2025-02-04,WH_C,West,SKU0063,Housewares,1,17.14
106832,2025-02-04,WH_B,Central,SKU0019,Sports,1,244.05
106833,2025-02-04,WH_B,Central,SKU0060,Hardware,1,205.09
106834,2025-02-04,WH_B,Central,SKU0077,Office,1,146.31
106835,2025-02-04,WH_B,Central,SKU0037,Sports,1,90.51
106836,2025-02-04,WH_A,East,SKU0089,Electronics,6,243.5
106837,2025-02-04,WH_A,East,SKU0021,Sports,1,161.91
106838,2025-02-04,WH_A,East,SKU0056,Housewares,2,23.85
106839,2025-02-04,WH_C,West,SKU0006,Sports,1,194.48
106840,2025-02-04,WH_B,Central,SKU0089,Electronics,1,80.36
106841,2025-02-04,WH_C,West,SKU0073,Office,12,25.88
106842,2025-02-04,WH_A,East,SKU0030,Housewares,1,214.92
106843,2025-02-04,WH_A,East,SKU0076,Hardware,1,148.14
106844,2025-02-04,WH_C,West,SKU0027,Electronics,1,230.47
106845,2025-02-04,WH_C,West,SKU0069,Hardware,1,57.27
106846,2025-02-04,WH_B,Central,SKU0059,Electronics,1,126.89
106847,2025-02-04,WH_C,West,SKU0072,Office,5,70.4
106848,2025-02-04,WH_A,East,SKU0091,Electronics,1,105.43
106849,2025-02-04,WH_C,West,SKU0061,Office,11,7.71
106850,2025-02-04,WH_B,Central,SKU0071,Hardware,2,169.0
106851,2025-02-04,WH_A,East,SKU0005,Sports,4,187.82
106852,2025-02-04,WH_C,West,SKU0072,Office,1,118.16
106853,2025-02-04,WH_C,West,SKU0005,Sports,1,156.86
106854,2025-02-04,WH_B,Central,SKU0092,Housewares,1,16.86
106855,2025-02-04,WH_B,Central,SKU0047,Electronics,1,235.01
106856,2025-02-04,WH_A,East,SKU0067,Hardware,3,5.99
106857,2025-02-04,WH_A,East,SKU0017,Hardware,1,9.29
106858,2025-02-04,WH_C,West,SKU0092,Housewares,1,172.95
106859,2025-02-04,WH_C,West,SKU0044,Hardware,4,202.01
106860,2025-02-04,WH_A,East,SKU0022,Sports,7,94.62
106861,2025-02-04,WH_A,East,SKU0025,Office,5,183.28
106862,2025-02-04,WH_B,Central,SKU0015,Housewares,2,238.88
106863,2025-02-04,WH_C,West,SKU0011,Hardware,8,224.91
106864,2025-02-04,WH_B,Central,SKU0098,Housewares,1,55.93
106865,2025-02-04,WH_B,Central,SKU0041,Sports,6,102.49
106866,2025-02-04,WH_C,West,SKU0011,Hardware,4,173.3
106867,2025-02-04,WH_A,East,SKU0090,Electronics,4,11.44
106868,2025-02-04,WH_C,West,SKU0026,Hardware,1,214.99
106869,2025-02-04,WH_B,Central,SKU0083,Housewares,2,174.08
106870,2025-02-04,WH_C,West,SKU0011,Hardware,4,34.59
106871,2025-02-04,WH_B,Central,SKU0057,Electronics,1,182.52
106872,2025-02-04,WH_A,East,SKU0027,Electronics,1,88.76
106873,2025-02-04,WH_A,East,SKU0070,Hardware,7,145.72
106874,2025-02-04,WH_A,East,SKU0078,Housewares,7,80.81
106875,2025-02-04,WH_B,Central,SKU0072,Office,3,75.25
106876,2025-02-04,WH_C,West,SKU0043,Hardware,1,247.72
106877,2025-02-04,WH_A,East,SKU0094,Hardware,1,51.18
106878,2025-02-04,WH_C,West,SKU0060,Hardware,5,201.55
106879,2025-02-04,WH_B,Central,SKU0041,Sports,11,22.58
106880,2025-02-04,WH_B,Central,SKU0062,Housewares,1,114.93
106881,2025-02-04,WH_B,Central,SKU0068,Electronics,2,14.32
106882,2025-02-04,WH_C,West,SKU0006,Sports,1,177.32
106883,2025-02-04,WH_C,West,SKU0073,Office,3,26.97
106884,2025-02-04,WH_C,West,SKU0010,Electronics,8,67.42
106885,2025-02-04,WH_B,Central,SKU0086,Hardware,6,231.13
106886,2025-02-04,WH_C,West,SKU0030,Housewares,2,105.93
106887,2025-02-04,WH_C,West,SKU0052,Hardware,1,202.81
106888,2025-02-04,WH_B,Central,SKU0095,Electronics,1,157.42
106889,2025-02-04,WH_A,East,SKU0030,Housewares,2,65.98
106890,2025-02-04,WH_C,West,SKU0066,Sports,12,212.35
106891,2025-02-04,WH_B,Central,SKU0003,Hardware,1,108.45
106892,2025-02-04,WH_B,Central,SKU0073,Office,1,221.29
106893,2025-02-04,WH_A,East,SKU0056,Housewares,1,249.62
106894,2025-02-04,WH_B,Central,SKU0079,Hardware,1,64.75
106895,2025-02-04,WH_A,East,SKU0006,Sports,3,44.46
106896,2025-02-04,WH_A,East,SKU0006,Sports,6,31.93
106897,2025-02-04,WH_B,Central,SKU0011,Hardware,12,219.29
106898,2025-02-04,WH_B,Central,SKU0026,Hardware,5,104.77
106899,2025-02-04,WH_C,West,SKU0062,Housewares,2,116.81
106900,2025-02-04,WH_B,Central,SKU0039,Office,13,13.53
106901,2025-02-04,WH_B,Central,SKU0053,Hardware,1,242.26
106902,2025-02-04,WH_A,East,SKU0054,Office,1,102.6
106903,2025-02-04,WH_A,East,SKU0060,Hardware,2,227.28
106904,2025-02-04,WH_C,West,SKU0081,Housewares,1,237.16
106905,2025-02-04,WH_C,West,SKU0049,Housewares,1,204.77
106906,2025-02-04,WH_C,West,SKU0034,Office,1,22.88
106907,2025-02-04,WH_B,Central,SKU0055,Housewares,5,115.27
106908,2025-02-04,WH_C,West,SKU0008,Electronics,1,110.32
106909,2025-02-04,WH_B,Central,SKU0070,Hardware,2,69.36
106910,2025-02-04,WH_C,West,SKU0022,Sports,1,123.44
106911,2025-02-04,WH_C,West,SKU0097,Office,1,162.5
106912,2025-02-04,WH_B,Central,SKU0058,Sports,5,183.22
106913,2025-02-04,WH_B,Central,SKU0006,Sports,1,143.52
106914,2025-02-04,WH_C,West,SKU0091,Electronics,1,228.53
106915,2025-02-04,WH_A,East,SKU0079,Hardware,2,82.52
106916,2025-02-04,WH_A,East,SKU0095,Electronics,1,166.62
106917,2025-02-04,WH_C,West,SKU0004,Hardware,2,51.02
106918,2025-02-04,WH_C,West,SKU0026,Hardware,1,170.66
106919,2025-02-04,WH_B,Central,SKU0020,Electronics,1,129.77
106920,2025-02-04,WH_C,West,SKU0091,Electronics,1,22.56
106921,2025-02-04,WH_B,Central,SKU0073,Office,1,184.36
106922,2025-02-04,WH_A,East,SKU0062,Housewares,1,189.85
106923,2025-02-04,WH_C,West,SKU0031,Sports,3,129.31
106924,2025-02-04,WH_C,West,SKU0083,Housewares,10,221.44
106925,2025-02-04,WH_C,West,SKU0095,Electronics,2,141.66
106926,2025-02-04,WH_A,East,SKU0094,Hardware,1,230.45
106927,2025-02-04,WH_C,West,SKU0097,Office,6,186.8
106928,2025-02-04,WH_B,Central,SKU0056,Housewares,1,177.39
106929,2025-02-04,WH_A,East,SKU0055,Housewares,1,51.26
106930,2025-02-04,WH_A,East,SKU0091,Electronics,4,240.13
106931,2025-02-04,WH_B,Central,SKU0023,Hardware,1,45.17
106932,2025-02-04,WH_B,Central,SKU0053,Hardware,1,240.91
106933,2025-02-04,WH_A,East,SKU0030,Housewares,3,171.18
106934,2025-02-04,WH_C,West,SKU0010,Electronics,2,136.71
106935,2025-02-04,WH_A,East,SKU0044,Hardware,1,42.86
106936,2025-02-04,WH_C,West,SKU0047,Electronics,4,120.32
106937,2025-02-04,WH_A,East,SKU0049,Housewares,1,160.03
106938,2025-02-04,WH_C,West,SKU0032,Sports,1,124.75
106939,2025-02-04,WH_B,Central,SKU0026,Hardware,1,191.12
106940,2025-02-04,WH_B,Central,SKU0042,Electronics,1,113.22
106941,2025-02-04,WH_A,East,SKU0019,Sports,4,166.6
106942,2025-02-04,WH_A,East,SKU0028,Electronics,1,22.4
106943,2025-02-04,WH_B,Central,SKU0073,Office,7,6.94
106944,2025-02-04,WH_A,East,SKU0096,Hardware,3,236.62
106945,2025-02-04,WH_C,West,SKU0048,Hardware,1,23.48
106946,2025-02-04,WH_A,East,SKU0040,Housewares,1,81.79
106947,2025-02-04,WH_A,East,SKU0028,Electronics,1,133.68
106948,2025-02-04,WH_A,East,SKU0064,Sports,3,225.72
106949,2025-02-04,WH_C,West,SKU0004,Hardware,1,187.85
106950,2025-02-04,WH_B,Central,SKU0091,Electronics,1,85.55
106951,2025-02-04,WH_C,West,SKU0028,Electronics,1,174.48
106952,2025-02-04,WH_A,East,SKU0016,Housewares,7,222.82
106953,2025-02-04,WH_B,Central,SKU0006,Sports,1,62.38
106954,2025-02-04,WH_C,West,SKU0091,Electronics,1,75.4
106955,2025-02-04,WH_A,East,SKU0027,Electronics,1,37.67
106956,2025-02-04,WH_B,Central,SKU0078,Housewares,1,7.0
106957,2025-02-04,WH_A,East,SKU0072,Office,1,176.14
106958,2025-02-04,WH_C,West,SKU0086,Hardware,2,236.63
106959,2025-02-04,WH_C,West,SKU0011,Hardware,1,113.86
106960,2025-02-04,WH_A,East,SKU0032,Sports,1,42.3
106961,2025-02-04,WH_C,West,SKU0100,Office,3,62.58
106962,2025-02-04,WH_A,East,SKU0076,Hardware,4,177.89
106963,2025-02-04,WH_A,East,SKU0062,Housewares,4,174.19
106964,2025-02-04,WH_A,East,SKU0060,Hardware,3,138.97
106965,2025-02-04,WH_A,East,SKU0077,Office,3,133.91
106966,2025-02-04,WH_A,East,SKU0047,Electronics,1,58.31
106967,2025-02-04,WH_C,West,SKU0033,Housewares,1,8.41
106968,2025-02-04,WH_C,West,SKU0022,Sports,6,70.73
106969,2025-02-04,WH_A,East,SKU0041,Sports,1,108.98
106970,2025-02-04,WH_A,East,SKU0017,Hardware,5,102.35
106971,2025-02-04,WH_A,East,SKU0004,Hardware,1,138.5
106972,2025-02-04,WH_C,West,SKU0046,Hardware,2,191.0
106973,2025-02-04,WH_A,East,SKU0034,Office,4,178.02
106974,2025-02-04,WH_A,East,SKU0037,Sports,1,5.51
106975,2025-02-04,WH_C,West,SKU0045,Electronics,11,69.73
106976,2025-02-04,WH_C,West,SKU0015,Housewares,1,184.4
106977,2025-02-04,WH_B,Central,SKU0034,Office,2,118.57
106978,2025-02-04,WH_A,East,SKU0063,Housewares,1,24.96
106979,2025-02-04,WH_C,West,SKU0038,Housewares,3,35.53
106980,2025-02-04,WH_A,East,SKU0065,Sports,1,185.35
106981,2025-02-04,WH_A,East,SKU0052,Hardware,7,219.03
106982,2025-02-04,WH_A,East,SKU0073,Office,5,92.83
106983,2025-02-04,WH_C,West,SKU0093,Sports,7,172.5
106984,2025-02-04,WH_B,Central,SKU0078,Housewares,6,26.79
106985,2025-02-04,WH_C,West,SKU0040,Housewares,1,110.26
106986,2025-02-04,WH_B,Central,SKU0010,Electronics,5,105.09
106987,2025-02-04,WH_C,West,SKU0006,Sports,6,62.52
106988,2025-02-04,WH_C,West,SKU0041,Sports,1,191.52
106989,2025-02-04,WH_A,East,SKU0035,Hardware,2,112.82
106990,2025-02-04,WH_C,West,SKU0078,Housewares,5,206.92
106991,2025-02-04,WH_C,West,SKU0011,Hardware,1,210.3
106992,2025-02-04,WH_A,East,SKU0060,Hardware,1,157.37
106993,2025-02-04,WH_C,West,SKU0008,Electronics,1,69.73
106994,2025-02-04,WH_C,West,SKU0034,Office,1,82.08
106995,2025-02-04,WH_B,Central,SKU0048,Hardware,1,123.17
106996,2025-02-04,WH_B,Central,SKU0034,Office,2,43.88
106997,2025-02-04,WH_A,East,SKU0011,Hardware,1,12.19
106998,2025-02-04,WH_C,West,SKU0012,Housewares,1,92.86
106999,2025-02-04,WH_A,East,SKU0014,Electronics,1,230.18
107000,2025-02-05,WH_C,West,SKU0054,Office,1,21.16
107001,2025-02-05,WH_A,East,SKU0007,Office,1,52.15
107002,2025-02-05,WH_B,Central,SKU0086,Hardware,1,189.42
107003,2025-02-05,WH_B,Central,SKU0068,Electronics,2,18.97
107004,2025-02-05,WH_B,Central,SKU0026,Hardware,1,14.51
107005,2025-02-05,WH_C,West,SKU0032,Sports,1,94.01
107006,2025-02-05,WH_B,Central,SKU0030,Housewares,5,185.14
107007,2025-02-05,WH_A,East,SKU0081,Housewares,6,39.43
107008,2025-02-05,WH_B,Central,SKU0027,Electronics,2,9.95
107009,2025-02-05,WH_B,Central,SKU0034,Office,5,94.81
107010,2025-02-05,WH_C,West,SKU0083,Housewares,1,84.54
107011,2025-02-05,WH_C,West,SKU0064,Sports,1,192.67
107012,2025-02-05,WH_B,Central,SKU0005,Sports,1,141.16
107013,2025-02-05,WH_B,Central,SKU0031,Sports,4,186.19
107014,2025-02-05,WH_B,Central,SKU0055,Housewares,8,5.15
107015,2025-02-05,WH_B,Central,SKU0054,Office,1,95.55
107016,2025-02-05,WH_B,Central,SKU0058,Sports,1,205.23
107017,2025-02-05,WH_C,West,SKU0084,Office,3,134.38
107018,2025-02-05,WH_A,East,SKU0031,Sports,1,224.38
107019,2025-02-05,WH_A,East,SKU0001,Housewares,1,86.96
107020,2025-02-05,WH_B,Central,SKU0079,Hardware,9,20.83
107021,2025-02-05,WH_B,Central,SKU0094,Hardware,4,180.92
107022,2025-02-05,WH_A,East,SKU0037,Sports,6,27.19
107023,2025-02-05,WH_B,Central,SKU0035,Hardware,10,12.07
107024,2025-02-05,WH_B,Central,SKU0011,Hardware,1,25.78
107025,2025-02-05,WH_A,East,SKU0058,Sports,1,241.36
107026,2025-02-05,WH_C,West,SKU0092,Housewares,3,128.89
107027,2025-02-05,WH_B,Central,SKU0050,Hardware,1,133.88
107028,2025-02-05,WH_C,West,SKU0006,Sports,1,71.54
107029,2025-02-05,WH_A,East,SKU0051,Hardware,2,198.78
107030,2025-02-05,WH_A,East,SKU0023,Hardware,1,125.86
107031,2025-02-05,WH_A,East,SKU0058,Sports,3,35.54
107032,2025-02-05,WH_C,West,SKU0096,Hardware,5,210.05
107033,2025-02-05,WH_A,East,SKU0047,Electronics,2,50.95
107034,2025-02-05,WH_B,Central,SKU0015,Housewares,2,30.96
107035,2025-02-05,WH_A,East,SKU0014,Electronics,4,81.23
107036,2025-02-05,WH_C,West,SKU0031,Sports,1,236.54
107037,2025-02-05,WH_C,West,SKU0015,Housewares,1,198.45
107038,2025-02-05,WH_B,Central,SKU0045,Electronics,3,82.46
107039,2025-02-05,WH_A,East,SKU0079,Hardware,1,200.45
107040,2025-02-05,WH_A,East,SKU0023,Hardware,4,46.45
107041,2025-02-05,WH_B,Central,SKU0071,Hardware,1,192.73
107042,2025-02-05,WH_C,West,SKU0057,Electronics,12,211.69
107043,2025-02-05,WH_C,West,SKU0078,Housewares,3,229.28
107044,2025-02-05,WH_A,East,SKU0069,Hardware,1,7.36
107045,2025-02-05,WH_A,East,SKU0008,Electronics,1,243.12
107046,2025-02-05,WH_A,East,SKU0028,Electronics,6,17.34
107047,2025-02-05,WH_C,West,SKU0013,Electronics,2,24.36
107048,2025-02-05,WH_C,West,SKU0009,Hardware,4,96.29
107049,2025-02-05,WH_A,East,SKU0084,Office,7,18.34
107050,2025-02-05,WH_A,East,SKU0066,Sports,3,102.84
107051,2025-02-05,WH_C,West,SKU0093,Sports,1,131.78
107052,2025-02-05,WH_C,West,SKU0002,Electronics,1,90.46
107053,2025-02-05,WH_C,West,SKU0076,Hardware,3,167.02
107054,2025-02-05,WH_C,West,SKU0002,Electronics,1,150.88
107055,2025-02-05,WH_B,Central,SKU0039,Office,3,23.59
107056,2025-02-05,WH_B,Central,SKU0089,Electronics,3,201.97
107057,2025-02-05,WH_B,Central,SKU0025,Office,5,15.2
107058,2025-02-05,WH_C,West,SKU0068,Electronics,3,200.26
107059,2025-02-05,WH_A,East,SKU0049,Housewares,1,138.0
107060,2025-02-05,WH_B,Central,SKU0062,Housewares,1,81.01
107061,2025-02-05,WH_C,West,SKU0095,Electronics,2,42.03
107062,2025-02-05,WH_C,West,SKU0064,Sports,1,78.85
107063,2025-02-05,WH_A,East,SKU0002,Electronics,1,123.55
107064,2025-02-05,WH_A,East,SKU0050,Hardware,5,64.35
107065,2025-02-05,WH_B,Central,SKU0004,Hardware,3,67.28
107066,2025-02-05,WH_C,West,SKU0095,Electronics,1,236.11
107067,2025-02-05,WH_A,East,SKU0001,Housewares,3,30.63
107068,2025-02-05,WH_A,East,SKU0003,Hardware,3,48.21
107069,2025-02-05,WH_B,Central,SKU0045,Electronics,6,65.63
107070,2025-02-05,WH_C,West,SKU0043,Hardware,4,53.8
107071,2025-02-05,WH_C,West,SKU0065,Sports,2,228.52
107072,2025-02-05,WH_C,West,SKU0091,Electronics,1,24.94
107073,2025-02-05,WH_A,East,SKU0020,Electronics,2,47.22
107074,2025-02-05,WH_C,West,SKU0034,Office,3,149.75
107075,2025-02-05,WH_B,Central,SKU0009,Hardware,1,177.89
107076,2025-02-05,WH_A,East,SKU0026,Hardware,1,229.67
107077,2025-02-05,WH_C,West,SKU0016,Housewares,1,191.93
107078,2025-02-05,WH_B,Central,SKU0054,Office,1,180.13
107079,2025-02-05,WH_B,Central,SKU0046,Hardware,1,77.4
107080,2025-02-05,WH_C,West,SKU0030,Housewares,1,115.55
107081,2025-02-05,WH_C,West,SKU0097,Office,1,92.96
107082,2025-02-05,WH_A,East,SKU0078,Housewares,11,64.8
107083,2025-02-05,WH_C,West,SKU0025,Office,4,114.62
107084,2025-02-05,WH_B,Central,SKU0016,Housewares,1,54.85
107085,2025-02-05,WH_A,East,SKU0053,Hardware,3,86.75
107086,2025-02-05,WH_B,Central,SKU0051,Hardware,5,242.27
107087,2025-02-05,WH_B,Central,SKU0009,Hardware,1,36.52
107088,2025-02-05,WH_B,Central,SKU0058,Sports,1,119.44
107089,2025-02-05,WH_B,Central,SKU0069,Hardware,1,242.76
107090,2025-02-05,WH_A,East,SKU0099,Office,4,241.7
107091,2025-02-05,WH_B,Central,SKU0076,Hardware,1,79.65
107092,2025-02-05,WH_B,Central,SKU0093,Sports,1,133.09
107093,2025-02-05,WH_C,West,SKU0097,Office,4,220.87
107094,2025-02-05,WH_B,Central,SKU0071,Hardware,1,75.85
107095,2025-02-05,WH_C,West,SKU0083,Housewares,1,175.75
107096,2025-02-05,WH_C,West,SKU0013,Electronics,2,124.19
107097,2025-02-05,WH_C,West,SKU0047,Electronics,1,219.49
107098,2025-02-05,WH_C,West,SKU0009,Hardware,4,39.46
107099,2025-02-05,WH_A,East,SKU0079,Hardware,1,137.82
107100,2025-02-05,WH_A,East,SKU0034,Office,1,102.46
107101,2025-02-05,WH_C,West,SKU0081,Housewares,3,18.35
107102,2025-02-05,WH_C,West,SKU0024,Electronics,1,69.23
107103,2025-02-05,WH_B,Central,SKU0064,Sports,1,118.9
107104,2025-02-05,WH_B,Central,SKU0084,Office,1,68.26
107105,2025-02-05,WH_A,East,SKU0063,Housewares,2,243.56
107106,2025-02-05,WH_B,Central,SKU0072,Office,3,73.51
107107,2025-02-05,WH_A,East,SKU0083,Housewares,1,104.5
107108,2025-02-05,WH_B,Central,SKU0015,Housewares,1,44.36
107109,2025-02-05,WH_C,West,SKU0026,Hardware,1,132.81
107110,2025-02-05,WH_A,East,SKU0072,Office,3,149.73
107111,2025-02-05,WH_A,East,SKU0017,Hardware,11,35.84
107112,2025-02-05,WH_A,East,SKU0024,Electronics,12,119.34
107113,2025-02-05,WH_B,Central,SKU0001,Housewares,1,236.1
107114,2025-02-05,WH_C,West,SKU0052,Hardware,1,90.1
107115,2025-02-05,WH_B,Central,SKU0065,Sports,1,70.63
107116,2025-02-05,WH_B,Central,SKU0036,Housewares,11,79.47
107117,2025-02-05,WH_C,West,SKU0092,Housewares,11,85.9
107118,2025-02-05,WH_B,Central,SKU0026,Hardware,1,49.92
107119,2025-02-05,WH_C,West,SKU0093,Sports,1,63.02
107120,2025-02-05,WH_B,Central,SKU0041,Sports,3,63.74
107121,2025-02-05,WH_B,Central,SKU0053,Hardware,5,209.33
107122,2025-02-05,WH_C,West,SKU0091,Electronics,1,189.62
107123,2025-02-05,WH_A,East,SKU0074,Hardware,5,149.58
107124,2025-02-05,WH_A,East,SKU0028,Electronics,1,113.04
107125,2025-02-05,WH_C,West,SKU0076,Hardware,4,76.86
107126,2025-02-05,WH_C,West,SKU0008,Electronics,1,44.39
107127,2025-02-05,WH_A,East,SKU0057,Electronics,1,26.2
107128,2025-02-05,WH_B,Central,SKU0033,Housewares,1,96.5
107129,2025-02-05,WH_B,Central,SKU0009,Hardware,1,29.83
107130,2025-02-05,WH_A,East,SKU0048,Hardware,2,216.94
107131,2025-02-05,WH_A,East,SKU0074,Hardware,1,63.02
107132,2025-02-05,WH_A,East,SKU0015,Housewares,1,216.16
107133,2025-02-05,WH_C,West,SKU0015,Housewares,2,37.04
107134,2025-02-05,WH_A,East,SKU0032,Sports,3,42.82
107135,2025-02-05,WH_B,Central,SKU0008,Electronics,1,67.64
107136,2025-02-05,WH_A,East,SKU0026,Hardware,1,153.22
107137,2025-02-05,WH_C,West,SKU0003,Hardware,1,182.4
107138,2025-02-05,WH_A,East,SKU0044,Hardware,2,107.66
107139,2025-02-05,WH_C,West,SKU0090,Electronics,2,111.45
107140,2025-02-05,WH_A,East,SKU0098,Housewares,1,171.77
107141,2025-02-05,WH_C,West,SKU0092,Housewares,9,108.4
107142,2025-02-05,WH_C,West,SKU0022,Sports,1,16.21
107143,2025-02-05,WH_B,Central,SKU0062,Housewares,6,232.63
107144,2025-02-05,WH_B,Central,SKU0053,Hardware,5,31.05
107145,2025-02-05,WH_B,Central,SKU0048,Hardware,6,10.87
107146,2025-02-05,WH_C,West,SKU0073,Office,1,127.65
107147,2025-02-05,WH_C,West,SKU0050,Hardware,5,188.96
107148,2025-02-05,WH_A,East,SKU0092,Housewares,4,217.64
107149,2025-02-05,WH_A,East,SKU0078,Housewares,1,196.16
107150,2025-02-05,WH_B,Central,SKU0026,Hardware,1,113.91
107151,2025-02-05,WH_C,West,SKU0032,Sports,1,229.25
107152,2025-02-05,WH_B,Central,SKU0018,Housewares,9,25.57
107153,2025-02-05,WH_B,Central,SKU0050,Hardware,2,84.66
107154,2025-02-05,WH_C,West,SKU0092,Housewares,1,115.42
107155,2025-02-05,WH_C,West,SKU0014,Electronics,1,49.29
107156,2025-02-05,WH_C,West,SKU0015,Housewares,2,9.6
107157,2025-02-05,WH_C,West,SKU0016,Housewares,2,83.13
107158,2025-02-05,WH_C,West,SKU0059,Electronics,5,152.0
107159,2025-02-05,WH_B,Central,SKU0056,Housewares,3,33.03
107160,2025-02-05,WH_C,West,SKU0057,Electronics,1,249.18
107161,2025-02-05,WH_C,West,SKU0066,Sports,1,92.92
107162,2025-02-05,WH_B,Central,SKU0051,Hardware,6,13.1
107163,2025-02-05,WH_A,East,SKU0070,Hardware,2,56.51
107164,2025-02-05,WH_A,East,SKU0071,Hardware,1,53.95
107165,2025-02-05,WH_B,Central,SKU0085,Hardware,1,107.05
107166,2025-02-05,WH_C,West,SKU0097,Office,4,238.23
107167,2025-02-05,WH_A,East,SKU0030,Housewares,2,100.27
107168,2025-02-05,WH_C,West,SKU0043,Hardware,4,128.78
107169,2025-02-05,WH_A,East,SKU0019,Sports,1,48.88
107170,2025-02-05,WH_B,Central,SKU0053,Hardware,4,127.6
107171,2025-02-05,WH_B,Central,SKU0097,Office,9,201.47
107172,2025-02-05,WH_C,West,SKU0004,Hardware,1,186.51
107173,2025-02-05,WH_A,East,SKU0028,Electronics,1,24.57
107174,2025-02-05,WH_B,Central,SKU0094,Hardware,2,217.1
107175,2025-02-05,WH_A,East,SKU0040,Housewares,5,145.87
107176,2025-02-05,WH_C,West,SKU0086,Hardware,1,7.47
107177,2025-02-05,WH_C,West,SKU0079,Hardware,1,247.5
107178,2025-02-05,WH_A,East,SKU0090,Electronics,3,180.81
107179,2025-02-05,WH_B,Central,SKU0019,Sports,4,156.93
107180,2025-02-06,WH_C,West,SKU0012,Housewares,2,116.14
107181,2025-02-06,WH_C,West,SKU0051,Hardware,1,218.36
107182,2025-02-06,WH_C,West,SKU0051,Hardware,1,210.87
107183,2025-02-06,WH_C,West,SKU0030,Housewares,5,193.87
107184,2025-02-06,WH_B,Central,SKU0001,Housewares,1,41.25
107185,2025-02-06,WH_C,West,SKU0059,Electronics,1,212.65
107186,2025-02-06,WH_C,West,SKU0092,Housewares,6,15.18
107187,2025-02-06,WH_A,East,SKU0016,Housewares,1,213.34
107188,2025-02-06,WH_B,Central,SKU0039,Office,1,244.12
107189,2025-02-06,WH_B,Central,SKU0004,Hardware,2,234.64
107190,2025-02-06,WH_B,Central,SKU0025,Office,1,84.33
107191,2025-02-06,WH_B,Central,SKU0021,Sports,1,221.65
107192,2025-02-06,WH_C,West,SKU0060,Hardware,1,168.99
107193,2025-02-06,WH_C,West,SKU0069,Hardware,1,235.71
107194,2025-02-06,WH_C,West,SKU0033,Housewares,1,110.02
107195,2025-02-06,WH_C,West,SKU0037,Sports,1,146.64
107196,2025-02-06,WH_C,West,SKU0017,Hardware,1,19.93
107197,2025-02-06,WH_B,Central,SKU0032,Sports,5,97.0
107198,2025-02-06,WH_B,Central,SKU0057,Electronics,2,104.84
107199,2025-02-06,WH_B,Central,SKU0071,Hardware,2,9.0
107200,2025-02-06,WH_B,Central,SKU0061,Office,5,86.42
107201,2025-02-06,WH_C,West,SKU0030,Housewares,3,20.9
107202,2025-02-06,WH_A,East,SKU0034,Office,2,227.65
107203,2025-02-06,WH_A,East,SKU0028,Electronics,1,53.33
107204,2025-02-06,WH_C,West,SKU0009,Hardware,1,215.48
107205,2025-02-06,WH_B,Central,SKU0003,Hardware,1,243.89
107206,2025-02-06,WH_B,Central,SKU0039,Office,1,122.84
107207,2025-02-06,WH_B,Central,SKU0038,Housewares,1,20.19
107208,2025-02-06,WH_B,Central,SKU0058,Sports,2,169.8
107209,2025-02-06,WH_A,East,SKU0065,Sports,4,133.03
107210,2025-02-06,WH_B,Central,SKU0064,Sports,5,189.26
107211,2025-02-06,WH_C,West,SKU0009,Hardware,1,103.39
107212,2025-02-06,WH_A,East,SKU0063,Housewares,1,37.69
107213,2025-02-06,WH_B,Central,SKU0016,Housewares,3,134.96
107214,2025-02-06,WH_A,East,SKU0049,Housewares,2,184.39
107215,2025-02-06,WH_B,Central,SKU0011,Hardware,1,103.33
107216,2025-02-06,WH_C,West,SKU0040,Housewares,2,28.67
107217,2025-02-06,WH_A,East,SKU0082,Hardware,5,89.15
107218,2025-02-06,WH_C,West,SKU0054,Office,3,248.91
107219,2025-02-06,WH_B,Central,SKU0071,Hardware,1,57.69
107220,2025-02-06,WH_A,East,SKU0086,Hardware,1,19.79
107221,2025-02-06,WH_B,Central,SKU0051,Hardware,4,76.89
107222,2025-02-06,WH_B,Central,SKU0035,Hardware,1,179.86
107223,2025-02-06,WH_B,Central,SKU0066,Sports,1,152.11
107224,2025-02-06,WH_C,West,SKU0010,Electronics,1,86.87
107225,2025-02-06,WH_C,West,SKU0056,Housewares,2,81.88
107226,2025-02-06,WH_C,West,SKU0094,Hardware,6,22.89
107227,2025-02-06,WH_C,West,SKU0100,Office,1,104.57
107228,2025-02-06,WH_A,East,SKU0056,Housewares,1,187.21
107229,2025-02-06,WH_A,East,SKU0039,Office,1,69.05
107230,2025-02-06,WH_A,East,SKU0079,Hardware,1,58.77
107231,2025-02-06,WH_A,East,SKU0056,Housewares,1,144.16
107232,2025-02-06,WH_C,West,SKU0038,Housewares,5,95.86
107233,2025-02-06,WH_A,East,SKU0085,Hardware,1,196.54
107234,2025-02-06,WH_A,East,SKU0060,Hardware,1,79.01
107235,2025-02-06,WH_A,East,SKU0071,Hardware,1,152.16
107236,2025-02-06,WH_B,Central,SKU0024,Electronics,1,111.05
107237,2025-02-06,WH_C,West,SKU0044,Hardware,2,130.01
107238,2025-02-06,WH_C,West,SKU0055,Housewares,2,167.29
107239,2025-02-06,WH_C,West,SKU0082,Hardware,1,20.59
107240,2025-02-06,WH_C,West,SKU0044,Hardware,1,215.39
107241,2025-02-06,WH_C,West,SKU0007,Office,3,192.23
107242,2025-02-06,WH_B,Central,SKU0094,Hardware,7,188.88
107243,2025-02-06,WH_C,West,SKU0065,Sports,3,165.66
107244,2025-02-06,WH_B,Central,SKU0093,Sports,1,239.54
107245,2025-02-06,WH_C,West,SKU0039,Office,2,59.41
107246,2025-02-06,WH_B,Central,SKU0038,Housewares,1,204.74
107247,2025-02-06,WH_B,Central,SKU0085,Hardware,1,15.15
107248,2025-02-06,WH_C,West,SKU0077,Office,1,205.25
107249,2025-02-06,WH_C,West,SKU0008,Electronics,1,201.87
107250,2025-02-06,WH_C,West,SKU0016,Housewares,5,215.14
107251,2025-02-06,WH_A,East,SKU0039,Office,2,176.37
107252,2025-02-06,WH_C,West,SKU0086,Hardware,1,29.43
107253,2025-02-06,WH_A,East,SKU0048,Hardware,2,7.59
107254,2025-02-06,WH_B,Central,SKU0030,Housewares,1,30.01
107255,2025-02-06,WH_B,Central,SKU0003,Hardware,1,218.34
107256,2025-02-06,WH_C,West,SKU0050,Hardware,3,163.08
107257,2025-02-06,WH_C,West,SKU0014,Electronics,1,106.25
107258,2025-02-06,WH_A,East,SKU0050,Hardware,1,111.42
107259,2025-02-06,WH_C,West,SKU0083,Housewares,2,50.71
107260,2025-02-06,WH_C,West,SKU0043,Hardware,1,126.21
107261,2025-02-06,WH_B,Central,SKU0059,Electronics,1,205.77
107262,2025-02-06,WH_C,West,SKU0038,Housewares,5,87.32
107263,2025-02-06,WH_B,Central,SKU0016,Housewares,1,244.26
107264,2025-02-06,WH_B,Central,SKU0088,Housewares,5,57.84
107265,2025-02-06,WH_B,Central,SKU0032,Sports,1,25.45
107266,2025-02-06,WH_B,Central,SKU0070,Hardware,3,82.64
107267,2025-02-06,WH_B,Central,SKU0020,Electronics,2,193.19
107268,2025-02-06,WH_C,West,SKU0057,Electronics,5,84.71
107269,2025-02-06,WH_C,West,SKU0085,Hardware,1,212.89
107270,2025-02-06,WH_B,Central,SKU0003,Hardware,1,206.39
107271,2025-02-06,WH_A,East,SKU0053,Hardware,1,228.42
107272,2025-02-06,WH_B,Central,SKU0031,Sports,1,46.68
107273,2025-02-06,WH_C,West,SKU0058,Sports,2,218.15
107274,2025-02-06,WH_C,West,SKU0095,Electronics,1,48.63
107275,2025-02-06,WH_C,West,SKU0073,Office,2,209.44
107276,2025-02-06,WH_C,West,SKU0020,Electronics,1,15.15
107277,2025-02-06,WH_B,Central,SKU0035,Hardware,1,61.47
107278,2025-02-06,WH_C,West,SKU0046,Hardware,1,110.02
107279,2025-02-06,WH_B,Central,SKU0099,Office,3,179.06
107280,2025-02-06,WH_B,Central,SKU0053,Hardware,3,77.57
107281,2025-02-06,WH_A,East,SKU0043,Hardware,3,146.24
107282,2025-02-06,WH_C,West,SKU0003,Hardware,5,122.11
107283,2025-02-06,WH_C,West,SKU0063,Housewares,1,160.49
107284,2025-02-06,WH_C,West,SKU0079,Hardware,1,240.97
107285,2025-02-06,WH_B,Central,SKU0041,Sports,3,190.3
107286,2025-02-06,WH_C,West,SKU0010,Electronics,3,28.9
107287,2025-02-06,WH_A,East,SKU0078,Housewares,1,164.6
107288,2025-02-06,WH_A,East,SKU0061,Office,1,171.48
107289,2025-02-06,WH_B,Central,SKU0078,Housewares,5,72.36
107290,2025-02-06,WH_B,Central,SKU0040,Housewares,1,221.37
107291,2025-02-06,WH_B,Central,SKU0070,Hardware,1,67.66
107292,2025-02-06,WH_A,East,SKU0091,Electronics,1,169.7
107293,2025-02-06,WH_A,East,SKU0086,Hardware,17,95.85
107294,2025-02-06,WH_A,East,SKU0080,Hardware,8,94.86
107295,2025-02-06,WH_B,Central,SKU0094,Hardware,3,45.51
107296,2025-02-06,WH_A,East,SKU0023,Hardware,1,218.46
107297,2025-02-06,WH_C,West,SKU0044,Hardware,1,30.77
107298,2025-02-06,WH_B,Central,SKU0058,Sports,2,112.69
107299,2025-02-06,WH_B,Central,SKU0045,Electronics,1,226.88
107300,2025-02-06,WH_A,East,SKU0035,Hardware,2,90.06
107301,2025-02-06,WH_B,Central,SKU0049,Housewares,16,38.7
107302,2025-02-06,WH_C,West,SKU0022,Sports,5,61.5
107303,2025-02-06,WH_A,East,SKU0083,Housewares,1,127.05
107304,2025-02-06,WH_A,East,SKU0005,Sports,3,174.16
107305,2025-02-06,WH_C,West,SKU0059,Electronics,1,75.28
107306,2025-02-06,WH_C,West,SKU0082,Hardware,3,222.99
107307,2025-02-06,WH_B,Central,SKU0044,Hardware,3,70.14
107308,2025-02-06,WH_C,West,SKU0097,Office,2,163.66
107309,2025-02-06,WH_C,West,SKU0017,Hardware,1,138.5
107310,2025-02-06,WH_B,Central,SKU0079,Hardware,1,87.48
107311,2025-02-06,WH_C,West,SKU0084,Office,2,160.87
107312,2025-02-06,WH_C,West,SKU0022,Sports,10,109.93
107313,2025-02-06,WH_C,West,SKU0018,Housewares,2,43.59
107314,2025-02-06,WH_A,East,SKU0098,Housewares,2,13.84
107315,2025-02-06,WH_C,West,SKU0057,Electronics,1,46.96
107316,2025-02-06,WH_A,East,SKU0018,Housewares,3,143.99
107317,2025-02-06,WH_C,West,SKU0059,Electronics,4,118.78
107318,2025-02-06,WH_C,West,SKU0076,Hardware,1,44.58
107319,2025-02-06,WH_B,Central,SKU0005,Sports,4,5.89
107320,2025-02-06,WH_B,Central,SKU0069,Hardware,1,51.14
107321,2025-02-06,WH_A,East,SKU0043,Hardware,4,169.98
107322,2025-02-06,WH_B,Central,SKU0038,Housewares,3,41.4
107323,2025-02-06,WH_A,East,SKU0009,Hardware,3,174.27
107324,2025-02-06,WH_C,West,SKU0072,Office,1,82.81
107325,2025-02-06,WH_A,East,SKU0002,Electronics,1,171.94
107326,2025-02-06,WH_B,Central,SKU0083,Housewares,1,69.84
107327,2025-02-06,WH_C,West,SKU0096,Hardware,1,123.53
107328,2025-02-06,WH_A,East,SKU0075,Sports,1,212.17
107329,2025-02-06,WH_A,East,SKU0036,Housewares,1,20.1
107330,2025-02-06,WH_A,East,SKU0079,Hardware,3,229.65
107331,2025-02-06,WH_C,West,SKU0003,Hardware,6,25.49
107332,2025-02-06,WH_A,East,SKU0036,Housewares,1,132.65
107333,2025-02-06,WH_C,West,SKU0064,Sports,1,134.52
107334,2025-02-06,WH_A,East,SKU0035,Hardware,1,149.16
107335,2025-02-06,WH_A,East,SKU0034,Office,7,72.28
107336,2025-02-06,WH_A,East,SKU0004,Hardware,3,110.31
107337,2025-02-06,WH_B,Central,SKU0047,Electronics,1,163.58
107338,2025-02-06,WH_B,Central,SKU0089,Electronics,9,216.44
107339,2025-02-06,WH_B,Central,SKU0081,Housewares,3,118.08
107340,2025-02-06,WH_C,West,SKU0016,Housewares,1,197.85
107341,2025-02-06,WH_C,West,SKU0087,Office,1,148.98
107342,2025-02-06,WH_B,Central,SKU0002,Electronics,2,164.09
107343,2025-02-06,WH_C,West,SKU0080,Hardware,1,175.46
107344,2025-02-06,WH_B,Central,SKU0063,Housewares,2,49.14
107345,2025-02-06,WH_B,Central,SKU0046,Hardware,1,171.26
107346,2025-02-06,WH_A,East,SKU0030,Housewares,6,34.91
107347,2025-02-06,WH_B,Central,SKU0006,Sports,1,45.46
107348,2025-02-06,WH_A,East,SKU0095,Electronics,13,193.25
107349,2025-02-06,WH_A,East,SKU0029,Sports,2,37.59
107350,2025-02-06,WH_C,West,SKU0072,Office,1,180.23
107351,2025-02-06,WH_B,Central,SKU0094,Hardware,6,98.55
107352,2025-02-06,WH_A,East,SKU0093,Sports,24,39.24
107353,2025-02-06,WH_A,East,SKU0050,Hardware,1,219.47
107354,2025-02-06,WH_B,Central,SKU0073,Office,3,203.68
107355,2025-02-06,WH_B,Central,SKU0100,Office,7,129.29
107356,2025-02-06,WH_B,Central,SKU0003,Hardware,1,174.96
107357,2025-02-06,WH_C,West,SKU0072,Office,2,194.3
107358,2025-02-06,WH_B,Central,SKU0013,Electronics,2,203.72
107359,2025-02-06,WH_A,East,SKU0039,Office,6,188.65
107360,2025-02-06,WH_B,Central,SKU0096,Hardware,4,148.86
107361,2025-02-06,WH_A,East,SKU0015,Housewares,1,243.28
107362,2025-02-06,WH_B,Central,SKU0039,Office,3,210.89
107363,2025-02-06,WH_C,West,SKU0023,Hardware,2,140.94
107364,2025-02-06,WH_B,Central,SKU0081,Housewares,3,183.5
107365,2025-02-06,WH_C,West,SKU0054,Office,1,92.3
107366,2025-02-06,WH_C,West,SKU0068,Electronics,1,108.79
107367,2025-02-06,WH_B,Central,SKU0041,Sports,1,107.11
107368,2025-02-06,WH_C,West,SKU0055,Housewares,6,244.38
107369,2025-02-06,WH_B,Central,SKU0084,Office,2,40.77
107370,2025-02-06,WH_A,East,SKU0041,Sports,1,152.51
107371,2025-02-06,WH_A,East,SKU0077,Office,1,55.26
107372,2025-02-06,WH_C,West,SKU0099,Office,1,121.11
107373,2025-02-06,WH_C,West,SKU0055,Housewares,1,66.13
107374,2025-02-06,WH_A,East,SKU0069,Hardware,6,195.87
107375,2025-02-06,WH_A,East,SKU0024,Electronics,1,83.44
107376,2025-02-06,WH_A,East,SKU0070,Hardware,2,19.85
107377,2025-02-06,WH_B,Central,SKU0058,Sports,3,99.19
107378,2025-02-06,WH_B,Central,SKU0024,Electronics,1,70.01
107379,2025-02-06,WH_A,East,SKU0049,Housewares,1,216.11
107380,2025-02-06,WH_B,Central,SKU0030,Housewares,4,234.26
107381,2025-02-06,WH_B,Central,SKU0070,Hardware,3,146.58
107382,2025-02-06,WH_C,West,SKU0076,Hardware,1,168.38
107383,2025-02-06,WH_A,East,SKU0056,Housewares,7,21.95
107384,2025-02-06,WH_A,East,SKU0045,Electronics,1,41.59
107385,2025-02-06,WH_B,Central,SKU0075,Sports,4,155.45
107386,2025-02-06,WH_C,West,SKU0086,Hardware,6,20.46
107387,2025-02-06,WH_A,East,SKU0032,Sports,7,21.46
107388,2025-02-06,WH_C,West,SKU0012,Housewares,1,43.26
107389,2025-02-06,WH_B,Central,SKU0083,Housewares,1,47.06
107390,2025-02-06,WH_A,East,SKU0085,Hardware,1,197.17
107391,2025-02-06,WH_B,Central,SKU0097,Office,6,143.88
107392,2025-02-06,WH_A,East,SKU0009,Hardware,1,24.4
107393,2025-02-06,WH_B,Central,SKU0098,Housewares,2,192.52
107394,2025-02-06,WH_B,Central,SKU0019,Sports,2,147.78
107395,2025-02-06,WH_C,West,SKU0012,Housewares,1,105.83
107396,2025-02-06,WH_B,Central,SKU0086,Hardware,2,151.58
107397,2025-02-06,WH_A,East,SKU0039,Office,1,53.89
107398,2025-02-06,WH_C,West,SKU0020,Electronics,8,129.62
107399,2025-02-06,WH_C,West,SKU0040,Housewares,3,80.51
107400,2025-02-06,WH_A,East,SKU0051,Hardware,2,92.33
107401,2025-02-06,WH_A,East,SKU0056,Housewares,1,105.79
107402,2025-02-06,WH_C,West,SKU0067,Hardware,1,86.13
107403,2025-02-06,WH_A,East,SKU0088,Housewares,1,157.84
107404,2025-02-06,WH_A,East,SKU0008,Electronics,1,54.45
107405,2025-02-06,WH_B,Central,SKU0023,Hardware,4,182.32
107406,2025-02-06,WH_C,West,SKU0022,Sports,6,140.98
107407,2025-02-06,WH_A,East,SKU0061,Office,1,216.61
107408,2025-02-06,WH_A,East,SKU0063,Housewares,1,165.62
107409,2025-02-06,WH_B,Central,SKU0067,Hardware,1,159.15
107410,2025-02-06,WH_C,West,SKU0019,Sports,5,137.29
107411,2025-02-06,WH_A,East,SKU0061,Office,1,248.4
107412,2025-02-06,WH_C,West,SKU0028,Electronics,1,86.27
107413,2025-02-06,WH_C,West,SKU0004,Hardware,7,162.45
107414,2025-02-06,WH_A,East,SKU0037,Sports,2,161.23
107415,2025-02-06,WH_B,Central,SKU0035,Hardware,1,22.44
107416,2025-02-06,WH_C,West,SKU0012,Housewares,1,87.44
107417,2025-02-06,WH_B,Central,SKU0044,Hardware,1,101.5
107418,2025-02-06,WH_B,Central,SKU0087,Office,2,53.04
107419,2025-02-06,WH_A,East,SKU0019,Sports,1,91.17
107420,2025-02-06,WH_B,Central,SKU0016,Housewares,1,88.72
107421,2025-02-06,WH_A,East,SKU0034,Office,2,80.95
107422,2025-02-06,WH_C,West,SKU0025,Office,1,216.39
107423,2025-02-06,WH_A,East,SKU0032,Sports,1,241.83
107424,2025-02-06,WH_B,Central,SKU0094,Hardware,13,175.72
107425,2025-02-06,WH_B,Central,SKU0081,Housewares,2,199.88
107426,2025-02-06,WH_C,West,SKU0061,Office,6,178.85
107427,2025-02-06,WH_A,East,SKU0016,Housewares,1,5.73
107428,2025-02-06,WH_C,West,SKU0018,Housewares,1,51.19
107429,2025-02-06,WH_C,West,SKU0026,Hardware,1,129.89
107430,2025-02-07,WH_C,West,SKU0003,Hardware,2,182.14
107431,2025-02-07,WH_C,West,SKU0044,Hardware,1,27.7
107432,2025-02-07,WH_B,Central,SKU0009,Hardware,3,123.58
107433,2025-02-07,WH_C,West,SKU0063,Housewares,3,98.28
107434,2025-02-07,WH_C,West,SKU0014,Electronics,4,172.24
107435,2025-02-07,WH_B,Central,SKU0050,Hardware,3,11.75
107436,2025-02-07,WH_C,West,SKU0068,Electronics,5,97.27
107437,2025-02-07,WH_B,Central,SKU0039,Office,1,190.12
107438,2025-02-07,WH_B,Central,SKU0075,Sports,1,12.84
107439,2025-02-07,WH_C,West,SKU0035,Hardware,4,111.58
107440,2025-02-07,WH_A,East,SKU0069,Hardware,4,190.12
107441,2025-02-07,WH_C,West,SKU0022,Sports,1,155.24
107442,2025-02-07,WH_C,West,SKU0080,Hardware,1,138.87
107443,2025-02-07,WH_B,Central,SKU0018,Housewares,1,149.1
107444,2025-02-07,WH_C,West,SKU0074,Hardware,4,246.77
107445,2025-02-07,WH_A,East,SKU0008,Electronics,1,43.01
107446,2025-02-07,WH_A,East,SKU0053,Hardware,1,9.73
107447,2025-02-07,WH_C,West,SKU0042,Electronics,1,229.07
107448,2025-02-07,WH_B,Central,SKU0046,Hardware,1,122.04
107449,2025-02-07,WH_C,West,SKU0053,Hardware,2,49.08
107450,2025-02-07,WH_A,East,SKU0020,Electronics,1,228.28
107451,2025-02-07,WH_A,East,SKU0052,Hardware,1,160.66
107452,2025-02-07,WH_A,East,SKU0087,Office,1,169.12
107453,2025-02-07,WH_C,West,SKU0027,Electronics,1,61.66
107454,2025-02-07,WH_C,West,SKU0089,Electronics,1,16.47
107455,2025-02-07,WH_A,East,SKU0036,Housewares,10,106.41
107456,2025-02-07,WH_B,Central,SKU0023,Hardware,4,230.42
107457,2025-02-07,WH_B,Central,SKU0077,Office,1,218.11
107458,2025-02-07,WH_A,East,SKU0032,Sports,3,146.6
107459,2025-02-07,WH_C,West,SKU0073,Office,4,32.11
107460,2025-02-07,WH_B,Central,SKU0048,Hardware,1,37.11
107461,2025-02-07,WH_B,Central,SKU0058,Sports,6,29.21
107462,2025-02-07,WH_C,West,SKU0070,Hardware,11,31.92
107463,2025-02-07,WH_C,West,SKU0075,Sports,3,166.82
107464,2025-02-07,WH_C,West,SKU0062,Housewares,8,84.17
107465,2025-02-07,WH_A,East,SKU0081,Housewares,1,212.34
107466,2025-02-07,WH_C,West,SKU0089,Electronics,11,12.38
107467,2025-02-07,WH_A,East,SKU0073,Office,3,64.69
107468,2025-02-07,WH_C,West,SKU0009,Hardware,3,194.32
107469,2025-02-07,WH_A,East,SKU0049,Housewares,4,111.7
107470,2025-02-07,WH_A,East,SKU0044,Hardware,1,148.27
107471,2025-02-07,WH_B,Central,SKU0049,Housewares,4,228.49
107472,2025-02-07,WH_A,East,SKU0070,Hardware,1,65.19
107473,2025-02-07,WH_A,East,SKU0050,Hardware,1,200.41
107474,2025-02-07,WH_A,East,SKU0074,Hardware,2,170.18
107475,2025-02-07,WH_B,Central,SKU0079,Hardware,1,6.61
107476,2025-02-07,WH_B,Central,SKU0010,Electronics,10,203.67
107477,2025-02-07,WH_A,East,SKU0002,Electronics,1,117.0
107478,2025-02-07,WH_C,West,SKU0019,Sports,7,55.87
107479,2025-02-07,WH_B,Central,SKU0097,Office,4,9.39
107480,2025-02-07,WH_A,East,SKU0031,Sports,6,149.37
107481,2025-02-07,WH_B,Central,SKU0013,Electronics,1,178.08
107482,2025-02-07,WH_C,West,SKU0054,Office,1,52.91
107483,2025-02-07,WH_A,East,SKU0026,Hardware,1,156.38
107484,2025-02-07,WH_C,West,SKU0033,Housewares,1,97.98
107485,2025-02-07,WH_C,West,SKU0099,Office,1,163.16
107486,2025-02-07,WH_B,Central,SKU0071,Hardware,7,45.66
107487,2025-02-07,WH_A,East,SKU0017,Hardware,1,152.13
107488,2025-02-07,WH_A,East,SKU0083,Housewares,1,180.94
107489,2025-02-07,WH_A,East,SKU0059,Electronics,1,138.48
107490,2025-02-07,WH_B,Central,SKU0055,Housewares,1,73.91
107491,2025-02-07,WH_B,Central,SKU0018,Housewares,3,199.99
107492,2025-02-07,WH_A,East,SKU0047,Electronics,1,157.63
107493,2025-02-07,WH_C,West,SKU0095,Electronics,1,198.79
107494,2025-02-07,WH_C,West,SKU0031,Sports,1,46.88
107495,2025-02-07,WH_C,West,SKU0051,Hardware,8,108.51
107496,2025-02-07,WH_A,East,SKU0051,Hardware,3,203.26
107497,2025-02-07,WH_A,East,SKU0059,Electronics,3,143.34
107498,2025-02-07,WH_C,West,SKU0094,Hardware,1,230.04
107499,2025-02-07,WH_B,Central,SKU0074,Hardware,1,221.56
107500,2025-02-07,WH_C,West,SKU0029,Sports,3,145.0
107501,2025-02-07,WH_C,West,SKU0088,Housewares,1,40.78
107502,2025-02-07,WH_B,Central,SKU0061,Office,1,197.02
107503,2025-02-07,WH_A,East,SKU0079,Hardware,4,163.13
107504,2025-02-07,WH_C,West,SKU0025,Office,14,243.3
107505,2025-02-07,WH_C,West,SKU0059,Electronics,1,52.17
107506,2025-02-07,WH_B,Central,SKU0019,Sports,1,211.92
107507,2025-02-07,WH_C,West,SKU0086,Hardware,1,87.32
107508,2025-02-07,WH_C,West,SKU0023,Hardware,4,164.28
107509,2025-02-07,WH_B,Central,SKU0047,Electronics,10,139.57
107510,2025-02-07,WH_C,West,SKU0026,Hardware,10,76.28
107511,2025-02-07,WH_C,West,SKU0034,Office,6,90.98
107512,2025-02-07,WH_B,Central,SKU0080,Hardware,4,231.87
107513,2025-02-07,WH_A,East,SKU0029,Sports,2,183.49
107514,2025-02-07,WH_A,East,SKU0023,Hardware,9,96.91
107515,2025-02-07,WH_B,Central,SKU0005,Sports,2,225.08
107516,2025-02-07,WH_B,Central,SKU0056,Housewares,3,219.03
107517,2025-02-07,WH_A,East,SKU0037,Sports,2,186.23
107518,2025-02-07,WH_B,Central,SKU0007,Office,1,88.22
107519,2025-02-07,WH_B,Central,SKU0061,Office,4,103.98
107520,2025-02-07,WH_A,East,SKU0011,Hardware,1,238.13
107521,2025-02-07,WH_B,Central,SKU0001,Housewares,2,52.16
107522,2025-02-07,WH_B,Central,SKU0046,Hardware,1,132.07
107523,2025-02-07,WH_B,Central,SKU0025,Office,13,180.96
107524,2025-02-07,WH_C,West,SKU0084,Office,2,110.84
107525,2025-02-07,WH_B,Central,SKU0087,Office,7,163.26
107526,2025-02-07,WH_C,West,SKU0029,Sports,1,118.83
107527,2025-02-07,WH_B,Central,SKU0070,Hardware,1,240.31
107528,2025-02-07,WH_A,East,SKU0045,Electronics,3,101.11
107529,2025-02-07,WH_A,East,SKU0082,Hardware,1,48.37
107530,2025-02-07,WH_C,West,SKU0087,Office,1,119.55
107531,2025-02-07,WH_C,West,SKU0034,Office,1,213.69
107532,2025-02-07,WH_B,Central,SKU0076,Hardware,11,91.93
107533,2025-02-07,WH_C,West,SKU0075,Sports,1,193.68
107534,2025-02-07,WH_B,Central,SKU0054,Office,1,58.3
107535,2025-02-07,WH_B,Central,SKU0013,Electronics,1,73.74
107536,2025-02-07,WH_C,West,SKU0008,Electronics,1,235.65
107537,2025-02-07,WH_C,West,SKU0012,Housewares,1,25.3
107538,2025-02-07,WH_A,East,SKU0067,Hardware,1,84.22
107539,2025-02-07,WH_A,East,SKU0043,Hardware,2,177.41
107540,2025-02-07,WH_B,Central,SKU0061,Office,1,239.62
107541,2025-02-07,WH_A,East,SKU0079,Hardware,4,207.32
107542,2025-02-07,WH_B,Central,SKU0100,Office,1,98.34
107543,2025-02-07,WH_A,East,SKU0077,Office,2,115.67
107544,2025-02-07,WH_C,West,SKU0042,Electronics,1,249.33
107545,2025-02-07,WH_C,West,SKU0081,Housewares,5,63.31
107546,2025-02-07,WH_B,Central,SKU0084,Office,6,148.79
107547,2025-02-07,WH_B,Central,SKU0068,Electronics,1,89.81
107548,2025-02-07,WH_C,West,SKU0062,Housewares,1,26.5
107549,2025-02-07,WH_A,East,SKU0002,Electronics,1,123.68
107550,2025-02-07,WH_A,East,SKU0028,Electronics,1,41.5
107551,2025-02-07,WH_C,West,SKU0012,Housewares,1,79.56
107552,2025-02-07,WH_B,Central,SKU0029,Sports,1,47.22
107553,2025-02-07,WH_C,West,SKU0019,Sports,2,15.91
107554,2025-02-07,WH_C,West,SKU0039,Office,1,224.25
107555,2025-02-07,WH_C,West,SKU0007,Office,1,113.06
107556,2025-02-07,WH_A,East,SKU0062,Housewares,1,153.31
107557,2025-02-07,WH_C,West,SKU0066,Sports,8,76.44
107558,2025-02-07,WH_C,West,SKU0096,Hardware,1,149.1
107559,2025-02-07,WH_C,West,SKU0030,Housewares,1,237.82
107560,2025-02-07,WH_C,West,SKU0017,Hardware,1,33.2
107561,2025-02-07,WH_C,West,SKU0085,Hardware,1,96.59
107562,2025-02-07,WH_A,East,SKU0012,Housewares,1,174.84
107563,2025-02-07,WH_C,West,SKU0039,Office,1,84.34
107564,2025-02-07,WH_A,East,SKU0066,Sports,1,195.57
107565,2025-02-07,WH_C,West,SKU0100,Office,1,8.43
107566,2025-02-07,WH_A,East,SKU0069,Hardware,1,73.17
107567,2025-02-07,WH_B,Central,SKU0053,Hardware,7,122.09
107568,2025-02-07,WH_B,Central,SKU0035,Hardware,1,245.49
107569,2025-02-07,WH_A,East,SKU0056,Housewares,1,191.94
107570,2025-02-07,WH_A,East,SKU0028,Electronics,3,118.25
107571,2025-02-07,WH_C,West,SKU0067,Hardware,1,218.73
107572,2025-02-07,WH_C,West,SKU0073,Office,1,96.96
107573,2025-02-07,WH_C,West,SKU0092,Housewares,1,72.59
107574,2025-02-07,WH_A,East,SKU0012,Housewares,1,34.38
107575,2025-02-07,WH_C,West,SKU0007,Office,1,137.66
107576,2025-02-07,WH_B,Central,SKU0041,Sports,1,47.48
107577,2025-02-07,WH_A,East,SKU0091,Electronics,1,40.1
107578,2025-02-07,WH_A,East,SKU0025,Office,1,115.61
107579,2025-02-07,WH_B,Central,SKU0057,Electronics,1,190.13
107580,2025-02-07,WH_B,Central,SKU0013,Electronics,1,35.41
107581,2025-02-07,WH_C,West,SKU0056,Housewares,15,114.69
107582,2025-02-07,WH_B,Central,SKU0066,Sports,1,224.17
107583,2025-02-07,WH_B,Central,SKU0083,Housewares,1,231.77
107584,2025-02-07,WH_A,East,SKU0016,Housewares,1,211.24
107585,2025-02-07,WH_B,Central,SKU0023,Hardware,1,234.89
107586,2025-02-07,WH_A,East,SKU0050,Hardware,2,51.53
107587,2025-02-07,WH_C,West,SKU0052,Hardware,5,100.69
107588,2025-02-07,WH_C,West,SKU0015,Housewares,3,162.64
107589,2025-02-07,WH_C,West,SKU0074,Hardware,3,89.21
107590,2025-02-07,WH_B,Central,SKU0043,Hardware,8,142.15
107591,2025-02-07,WH_B,Central,SKU0093,Sports,1,21.35
107592,2025-02-07,WH_B,Central,SKU0022,Sports,4,213.24
107593,2025-02-07,WH_B,Central,SKU0100,Office,3,72.99
107594,2025-02-07,WH_A,East,SKU0002,Electronics,1,143.53
107595,2025-02-07,WH_B,Central,SKU0027,Electronics,1,97.88
107596,2025-02-07,WH_A,East,SKU0060,Hardware,2,74.8
107597,2025-02-07,WH_A,East,SKU0038,Housewares,1,93.33
107598,2025-02-07,WH_A,East,SKU0085,Hardware,1,170.22
107599,2025-02-07,WH_C,West,SKU0040,Housewares,4,167.95
107600,2025-02-07,WH_A,East,SKU0060,Hardware,1,224.73
107601,2025-02-07,WH_A,East,SKU0035,Hardware,2,230.46
107602,2025-02-07,WH_B,Central,SKU0019,Sports,9,119.62
107603,2025-02-07,WH_B,Central,SKU0001,Housewares,7,94.52
107604,2025-02-07,WH_A,East,SKU0056,Housewares,1,23.04
107605,2025-02-07,WH_C,West,SKU0065,Sports,1,173.73
107606,2025-02-07,WH_A,East,SKU0049,Housewares,11,132.72
107607,2025-02-07,WH_B,Central,SKU0019,Sports,3,224.56
107608,2025-02-07,WH_A,East,SKU0019,Sports,2,45.86
107609,2025-02-07,WH_C,West,SKU0017,Hardware,5,145.67
107610,2025-02-08,WH_C,West,SKU0082,Hardware,4,166.33
107611,2025-02-08,WH_B,Central,SKU0063,Housewares,1,46.43
107612,2025-02-08,WH_A,East,SKU0089,Electronics,1,74.75
107613,2025-02-08,WH_B,Central,SKU0021,Sports,5,151.57
107614,2025-02-08,WH_C,West,SKU0013,Electronics,1,99.86
107615,2025-02-08,WH_C,West,SKU0008,Electronics,2,66.62
107616,2025-02-08,WH_A,East,SKU0007,Office,1,98.16
107617,2025-02-08,WH_C,West,SKU0086,Hardware,1,226.67
107618,2025-02-08,WH_C,West,SKU0077,Office,7,127.6
107619,2025-02-08,WH_C,West,SKU0076,Hardware,1,161.92
107620,2025-02-08,WH_A,East,SKU0044,Hardware,1,75.0
107621,2025-02-08,WH_B,Central,SKU0006,Sports,1,24.16
107622,2025-02-08,WH_B,Central,SKU0034,Office,1,161.94
107623,2025-02-08,WH_B,Central,SKU0079,Hardware,1,35.4
107624,2025-02-08,WH_B,Central,SKU0092,Housewares,2,164.68
107625,2025-02-08,WH_A,East,SKU0032,Sports,1,194.36
107626,2025-02-08,WH_B,Central,SKU0050,Hardware,2,102.28
107627,2025-02-08,WH_A,East,SKU0036,Housewares,12,7.5
107628,2025-02-08,WH_C,West,SKU0013,Electronics,2,44.13
107629,2025-02-08,WH_B,Central,SKU0031,Sports,1,37.63
107630,2025-02-08,WH_B,Central,SKU0030,Housewares,3,103.39
107631,2025-02-08,WH_C,West,SKU0019,Sports,12,165.19
107632,2025-02-08,WH_B,Central,SKU0032,Sports,7,64.0
107633,2025-02-08,WH_A,East,SKU0093,Sports,1,93.86
107634,2025-02-08,WH_B,Central,SKU0096,Hardware,5,56.86
107635,2025-02-08,WH_C,West,SKU0083,Housewares,8,15.68
107636,2025-02-08,WH_C,West,SKU0001,Housewares,6,115.6
107637,2025-02-08,WH_B,Central,SKU0019,Sports,2,249.36
107638,2025-02-08,WH_C,West,SKU0088,Housewares,6,226.49
107639,2025-02-08,WH_B,Central,SKU0010,Electronics,2,239.3
107640,2025-02-08,WH_C,West,SKU0066,Sports,3,205.74
107641,2025-02-08,WH_C,West,SKU0011,Hardware,3,196.32
107642,2025-02-08,WH_B,Central,SKU0018,Housewares,3,182.97
107643,2025-02-08,WH_A,East,SKU0007,Office,1,178.18
107644,2025-02-08,WH_A,East,SKU0071,Hardware,1,160.56
107645,2025-02-08,WH_A,East,SKU0016,Housewares,2,225.14
107646,2025-02-08,WH_C,West,SKU0002,Electronics,3,151.17
107647,2025-02-08,WH_A,East,SKU0053,Hardware,1,216.39
107648,2025-02-08,WH_B,Central,SKU0100,Office,1,225.44
107649,2025-02-08,WH_A,East,SKU0042,Electronics,3,51.43
107650,2025-02-08,WH_A,East,SKU0034,Office,6,84.96
107651,2025-02-08,WH_A,East,SKU0098,Housewares,1,83.19
107652,2025-02-08,WH_B,Central,SKU0060,Hardware,9,189.43
107653,2025-02-08,WH_C,West,SKU0075,Sports,7,78.22
107654,2025-02-08,WH_C,West,SKU0046,Hardware,1,142.88
107655,2025-02-08,WH_C,West,SKU0053,Hardware,1,181.55
107656,2025-02-08,WH_C,West,SKU0020,Electronics,2,102.13
107657,2025-02-08,WH_C,West,SKU0039,Office,1,119.6
107658,2025-02-08,WH_B,Central,SKU0028,Electronics,1,230.89
107659,2025-02-08,WH_A,East,SKU0062,Housewares,7,201.89
107660,2025-02-08,WH_C,West,SKU0084,Office,1,41.12
107661,2025-02-08,WH_A,East,SKU0085,Hardware,2,183.23
107662,2025-02-08,WH_A,East,SKU0022,Sports,7,224.04
107663,2025-02-08,WH_A,East,SKU0023,Hardware,1,248.89
107664,2025-02-08,WH_B,Central,SKU0046,Hardware,1,210.83
107665,2025-02-08,WH_C,West,SKU0041,Sports,2,171.18
107666,2025-02-08,WH_C,West,SKU0024,Electronics,2,218.07
107667,2025-02-08,WH_A,East,SKU0018,Housewares,3,212.92
107668,2025-02-08,WH_A,East,SKU0065,Sports,1,217.34
107669,2025-02-08,WH_A,East,SKU0013,Electronics,14,167.07
107670,2025-02-08,WH_B,Central,SKU0053,Hardware,11,58.87
107671,2025-02-08,WH_A,East,SKU0009,Hardware,5,46.42
107672,2025-02-08,WH_A,East,SKU0076,Hardware,2,167.69
107673,2025-02-08,WH_B,Central,SKU0014,Electronics,3,169.36
107674,2025-02-08,WH_B,Central,SKU0006,Sports,1,243.56
107675,2025-02-08,WH_B,Central,SKU0051,Hardware,1,157.14
107676,2025-02-08,WH_A,East,SKU0074,Hardware,6,223.32
107677,2025-02-08,WH_B,Central,SKU0031,Sports,3,145.83
107678,2025-02-08,WH_B,Central,SKU0083,Housewares,1,115.13
107679,2025-02-08,WH_B,Central,SKU0046,Hardware,1,176.47
107680,2025-02-08,WH_C,West,SKU0064,Sports,3,131.12
107681,2025-02-08,WH_B,Central,SKU0024,Electronics,4,134.47
107682,2025-02-08,WH_C,West,SKU0020,Electronics,1,213.65
107683,2025-02-08,WH_A,East,SKU0071,Hardware,6,70.28
107684,2025-02-08,WH_C,West,SKU0024,Electronics,4,130.24
107685,2025-02-08,WH_B,Central,SKU0087,Office,1,102.51
107686,2025-02-08,WH_C,West,SKU0027,Electronics,1,197.68
107687,2025-02-08,WH_C,West,SKU0013,Electronics,1,45.28
107688,2025-02-08,WH_A,East,SKU0089,Electronics,1,60.4
107689,2025-02-08,WH_B,Central,SKU0077,Office,3,161.46
107690,2025-02-08,WH_B,Central,SKU0004,Hardware,1,182.48
107691,2025-02-08,WH_C,West,SKU0031,Sports,1,117.08
107692,2025-02-08,WH_A,East,SKU0078,Housewares,1,178.61
107693,2025-02-08,WH_C,West,SKU0095,Electronics,1,159.87
107694,2025-02-08,WH_B,Central,SKU0065,Sports,1,16.97
107695,2025-02-08,WH_B,Central,SKU0061,Office,3,140.36
107696,2025-02-08,WH_A,East,SKU0010,Electronics,1,54.38
107697,2025-02-08,WH_C,West,SKU0010,Electronics,2,72.42
107698,2025-02-08,WH_C,West,SKU0038,Housewares,1,18.84
107699,2025-02-08,WH_A,East,SKU0030,Housewares,4,27.06
107700,2025-02-08,WH_C,West,SKU0096,Hardware,6,217.56
107701,2025-02-08,WH_B,Central,SKU0081,Housewares,10,227.57
107702,2025-02-08,WH_A,East,SKU0001,Housewares,10,222.38
107703,2025-02-08,WH_A,East,SKU0057,Electronics,1,112.23
107704,2025-02-08,WH_C,West,SKU0028,Electronics,1,138.6
107705,2025-02-08,WH_C,West,SKU0091,Electronics,2,230.93
107706,2025-02-08,WH_C,West,SKU0091,Electronics,10,68.61
107707,2025-02-08,WH_B,Central,SKU0096,Hardware,2,118.79
107708,2025-02-08,WH_C,West,SKU0043,Hardware,2,135.27
107709,2025-02-08,WH_A,East,SKU0007,Office,7,224.55
107710,2025-02-08,WH_C,West,SKU0002,Electronics,1,89.55
107711,2025-02-08,WH_A,East,SKU0076,Hardware,4,172.58
107712,2025-02-08,WH_A,East,SKU0018,Housewares,2,248.48
107713,2025-02-08,WH_B,Central,SKU0030,Housewares,1,131.24
107714,2025-02-08,WH_B,Central,SKU0036,Housewares,11,175.41
107715,2025-02-08,WH_C,West,SKU0017,Hardware,3,42.91
107716,2025-02-08,WH_A,East,SKU0028,Electronics,1,97.48
107717,2025-02-08,WH_A,East,SKU0015,Housewares,1,126.82
107718,2025-02-08,WH_A,East,SKU0014,Electronics,6,31.27
107719,2025-02-08,WH_A,East,SKU0060,Hardware,1,40.19
107720,2025-02-08,WH_A,East,SKU0018,Housewares,3,242.79
107721,2025-02-08,WH_A,East,SKU0093,Sports,6,182.21
107722,2025-02-08,WH_A,East,SKU0087,Office,1,90.02
107723,2025-02-08,WH_B,Central,SKU0060,Hardware,5,165.0
107724,2025-02-08,WH_C,West,SKU0047,Electronics,1,119.29
107725,2025-02-08,WH_A,East,SKU0048,Hardware,1,132.6
107726,2025-02-08,WH_A,East,SKU0067,Hardware,6,14.49
107727,2025-02-08,WH_A,East,SKU0045,Electronics,2,62.11
107728,2025-02-08,WH_B,Central,SKU0072,Office,13,20.95
107729,2025-02-08,WH_A,East,SKU0032,Sports,2,67.81
107730,2025-02-08,WH_C,West,SKU0022,Sports,6,34.87
107731,2025-02-08,WH_B,Central,SKU0051,Hardware,1,50.41
107732,2025-02-08,WH_B,Central,SKU0058,Sports,4,91.1
107733,2025-02-08,WH_B,Central,SKU0085,Hardware,1,182.85
107734,2025-02-08,WH_C,West,SKU0075,Sports,5,118.29
107735,2025-02-08,WH_C,West,SKU0037,Sports,1,159.88
107736,2025-02-08,WH_A,East,SKU0033,Housewares,3,166.88
107737,2025-02-08,WH_A,East,SKU0025,Office,1,235.62
107738,2025-02-08,WH_B,Central,SKU0064,Sports,1,96.67
107739,2025-02-08,WH_A,East,SKU0035,Hardware,1,233.13
107740,2025-02-08,WH_A,East,SKU0011,Hardware,5,203.76
107741,2025-02-08,WH_A,East,SKU0043,Hardware,1,173.05
107742,2025-02-08,WH_B,Central,SKU0024,Electronics,1,242.1
107743,2025-02-08,WH_A,East,SKU0089,Electronics,2,143.35
107744,2025-02-08,WH_B,Central,SKU0099,Office,1,136.5
107745,2025-02-08,WH_B,Central,SKU0056,Housewares,4,142.67
107746,2025-02-08,WH_C,West,SKU0004,Hardware,3,120.75
107747,2025-02-08,WH_C,West,SKU0066,Sports,3,225.39
107748,2025-02-08,WH_C,West,SKU0030,Housewares,1,31.29
107749,2025-02-08,WH_C,West,SKU0037,Sports,3,97.54
107750,2025-02-08,WH_B,Central,SKU0070,Hardware,1,48.76
107751,2025-02-08,WH_B,Central,SKU0068,Electronics,2,90.15
107752,2025-02-08,WH_B,Central,SKU0025,Office,2,239.85
107753,2025-02-08,WH_B,Central,SKU0070,Hardware,4,200.01
107754,2025-02-08,WH_A,East,SKU0005,Sports,1,84.62
107755,2025-02-08,WH_A,East,SKU0036,Housewares,1,242.29
107756,2025-02-08,WH_C,West,SKU0055,Housewares,3,9.71
107757,2025-02-08,WH_B,Central,SKU0021,Sports,1,69.56
107758,2025-02-08,WH_A,East,SKU0029,Sports,2,48.77
107759,2025-02-08,WH_A,East,SKU0001,Housewares,1,84.18
107760,2025-02-08,WH_B,Central,SKU0071,Hardware,1,180.66
107761,2025-02-08,WH_B,Central,SKU0097,Office,1,76.38
107762,2025-02-08,WH_B,Central,SKU0035,Hardware,2,22.47
107763,2025-02-08,WH_C,West,SKU0085,Hardware,3,41.09
107764,2025-02-08,WH_C,West,SKU0048,Hardware,1,74.12
107765,2025-02-08,WH_B,Central,SKU0089,Electronics,1,238.52
107766,2025-02-08,WH_C,West,SKU0036,Housewares,1,73.92
107767,2025-02-08,WH_C,West,SKU0055,Housewares,1,101.03
107768,2025-02-08,WH_A,East,SKU0006,Sports,1,38.75
107769,2025-02-08,WH_A,East,SKU0053,Hardware,5,17.9
107770,2025-02-08,WH_A,East,SKU0100,Office,3,54.63
107771,2025-02-08,WH_A,East,SKU0037,Sports,1,199.81
107772,2025-02-08,WH_A,East,SKU0050,Hardware,3,86.9
107773,2025-02-08,WH_A,East,SKU0092,Housewares,1,93.36
107774,2025-02-08,WH_B,Central,SKU0092,Housewares,1,233.46
107775,2025-02-08,WH_A,East,SKU0025,Office,2,241.14
107776,2025-02-08,WH_B,Central,SKU0058,Sports,1,141.33
107777,2025-02-08,WH_A,East,SKU0023,Hardware,1,203.07
107778,2025-02-08,WH_A,East,SKU0088,Housewares,1,175.43
107779,2025-02-08,WH_A,East,SKU0027,Electronics,1,146.71
107780,2025-02-08,WH_A,East,SKU0058,Sports,2,179.14
107781,2025-02-08,WH_C,West,SKU0063,Housewares,1,135.19
107782,2025-02-08,WH_B,Central,SKU0064,Sports,1,74.13
107783,2025-02-08,WH_A,East,SKU0040,Housewares,2,238.24
107784,2025-02-08,WH_B,Central,SKU0031,Sports,8,73.31
107785,2025-02-08,WH_B,Central,SKU0003,Hardware,6,219.8
107786,2025-02-08,WH_C,West,SKU0087,Office,1,151.74
107787,2025-02-08,WH_B,Central,SKU0020,Electronics,6,131.17
107788,2025-02-08,WH_C,West,SKU0042,Electronics,1,164.44
107789,2025-02-08,WH_A,East,SKU0038,Housewares,1,44.62
107790,2025-02-09,WH_A,East,SKU0045,Electronics,5,15.26
107791,2025-02-09,WH_A,East,SKU0073,Office,4,76.17
107792,2025-02-09,WH_B,Central,SKU0036,Housewares,1,138.16
107793,2025-02-09,WH_C,West,SKU0020,Electronics,4,221.55
107794,2025-02-09,WH_A,East,SKU0081,Housewares,4,145.22
107795,2025-02-09,WH_B,Central,SKU0061,Office,1,134.01
107796,2025-02-09,WH_A,East,SKU0079,Hardware,1,65.02
107797,2025-02-09,WH_A,East,SKU0016,Housewares,1,83.34
107798,2025-02-09,WH_A,East,SKU0005,Sports,1,17.43
107799,2025-02-09,WH_C,West,SKU0069,Hardware,1,23.33
107800,2025-02-09,WH_B,Central,SKU0022,Sports,1,121.33
107801,2025-02-09,WH_C,West,SKU0020,Electronics,1,24.49
107802,2025-02-09,WH_B,Central,SKU0097,Office,1,114.88
107803,2025-02-09,WH_C,West,SKU0089,Electronics,7,36.32
107804,2025-02-09,WH_C,West,SKU0075,Sports,2,83.33
107805,2025-02-09,WH_C,West,SKU0056,Housewares,1,101.32
107806,2025-02-09,WH_C,West,SKU0052,Hardware,1,94.07
107807,2025-02-09,WH_B,Central,SKU0070,Hardware,4,210.61
107808,2025-02-09,WH_C,West,SKU0093,Sports,1,46.14
107809,2025-02-09,WH_B,Central,SKU0070,Hardware,1,83.45
107810,2025-02-09,WH_B,Central,SKU0039,Office,5,249.22
107811,2025-02-09,WH_A,East,SKU0067,Hardware,1,191.82
107812,2025-02-09,WH_A,East,SKU0020,Electronics,2,162.88
107813,2025-02-09,WH_A,East,SKU0009,Hardware,1,28.81
107814,2025-02-09,WH_A,East,SKU0060,Hardware,2,155.31
107815,2025-02-09,WH_A,East,SKU0090,Electronics,9,170.43
107816,2025-02-09,WH_A,East,SKU0018,Housewares,1,248.53
107817,2025-02-09,WH_C,West,SKU0030,Housewares,1,44.83
107818,2025-02-09,WH_C,West,SKU0011,Hardware,2,70.23
107819,2025-02-09,WH_A,East,SKU0006,Sports,7,109.83
107820,2025-02-09,WH_A,East,SKU0100,Office,1,39.7
107821,2025-02-09,WH_B,Central,SKU0038,Housewares,3,94.64
107822,2025-02-09,WH_A,East,SKU0061,Office,1,155.02
107823,2025-02-09,WH_B,Central,SKU0066,Sports,1,40.63
107824,2025-02-09,WH_B,Central,SKU0029,Sports,3,6.28
107825,2025-02-09,WH_C,West,SKU0082,Hardware,7,49.83
107826,2025-02-09,WH_B,Central,SKU0018,Housewares,1,56.81
107827,2025-02-09,WH_A,East,SKU0052,Hardware,1,209.58
107828,2025-02-09,WH_C,West,SKU0092,Housewares,2,81.31
107829,2025-02-09,WH_B,Central,SKU0067,Hardware,1,57.15
107830,2025-02-09,WH_B,Central,SKU0029,Sports,2,184.04
107831,2025-02-09,WH_A,East,SKU0087,Office,1,86.41
107832,2025-02-09,WH_A,East,SKU0019,Sports,3,185.63
107833,2025-02-09,WH_A,East,SKU0017,Hardware,1,98.64
107834,2025-02-09,WH_A,East,SKU0073,Office,6,186.35
107835,2025-02-09,WH_C,West,SKU0066,Sports,1,99.56
107836,2025-02-09,WH_A,East,SKU0087,Office,10,133.72
107837,2025-02-09,WH_A,East,SKU0012,Housewares,3,27.55
107838,2025-02-09,WH_C,West,SKU0036,Housewares,5,153.17
107839,2025-02-09,WH_A,East,SKU0037,Sports,1,98.15
107840,2025-02-09,WH_B,Central,SKU0010,Electronics,1,195.37
107841,2025-02-09,WH_C,West,SKU0083,Housewares,4,125.11
107842,2025-02-09,WH_C,West,SKU0047,Electronics,1,118.54
107843,2025-02-09,WH_C,West,SKU0038,Housewares,1,95.22
107844,2025-02-09,WH_B,Central,SKU0031,Sports,1,50.27
107845,2025-02-09,WH_A,East,SKU0042,Electronics,9,69.14
107846,2025-02-09,WH_B,Central,SKU0023,Hardware,1,222.51
107847,2025-02-09,WH_A,East,SKU0077,Office,1,134.51
107848,2025-02-09,WH_C,West,SKU0026,Hardware,1,74.84
107849,2025-02-09,WH_A,East,SKU0009,Hardware,2,94.4
107850,2025-02-09,WH_B,Central,SKU0005,Sports,1,103.2
107851,2025-02-09,WH_C,West,SKU0018,Housewares,5,33.43
107852,2025-02-09,WH_B,Central,SKU0090,Electronics,1,34.08
107853,2025-02-09,WH_A,East,SKU0021,Sports,3,199.69
107854,2025-02-09,WH_A,East,SKU0059,Electronics,1,222.45
107855,2025-02-09,WH_B,Central,SKU0096,Hardware,2,131.94
107856,2025-02-09,WH_B,Central,SKU0036,Housewares,1,96.07
107857,2025-02-09,WH_A,East,SKU0014,Electronics,8,228.33
107858,2025-02-09,WH_A,East,SKU0034,Office,2,146.83
107859,2025-02-09,WH_C,West,SKU0045,Electronics,1,238.55
107860,2025-02-09,WH_A,East,SKU0094,Hardware,4,98.65
107861,2025-02-09,WH_B,Central,SKU0078,Housewares,5,56.91
107862,2025-02-09,WH_B,Central,SKU0100,Office,1,198.79
107863,2025-02-09,WH_C,West,SKU0039,Office,2,141.18
107864,2025-02-09,WH_C,West,SKU0050,Hardware,2,35.82
107865,2025-02-09,WH_A,East,SKU0020,Electronics,1,145.4
107866,2025-02-09,WH_A,East,SKU0056,Housewares,1,128.48
107867,2025-02-09,WH_C,West,SKU0007,Office,2,235.99
107868,2025-02-09,WH_A,East,SKU0082,Hardware,1,112.64
107869,2025-02-09,WH_A,East,SKU0003,Hardware,11,50.76
107870,2025-02-09,WH_C,West,SKU0003,Hardware,4,48.4
107871,2025-02-09,WH_B,Central,SKU0081,Housewares,5,124.55
107872,2025-02-09,WH_A,East,SKU0038,Housewares,10,46.67
107873,2025-02-09,WH_C,West,SKU0097,Office,3,175.34
107874,2025-02-09,WH_C,West,SKU0014,Electronics,3,29.74
107875,2025-02-09,WH_C,West,SKU0038,Housewares,1,87.81
107876,2025-02-09,WH_A,East,SKU0055,Housewares,1,170.38
107877,2025-02-09,WH_A,East,SKU0012,Housewares,1,183.87
107878,2025-02-09,WH_B,Central,SKU0051,Hardware,2,47.38
107879,2025-02-09,WH_B,Central,SKU0018,Housewares,1,28.91
107880,2025-02-09,WH_C,West,SKU0074,Hardware,1,150.76
107881,2025-02-09,WH_C,West,SKU0049,Housewares,2,240.78
107882,2025-02-09,WH_A,East,SKU0100,Office,1,191.71
107883,2025-02-09,WH_B,Central,SKU0099,Office,3,20.03
107884,2025-02-09,WH_C,West,SKU0006,Sports,7,233.17
107885,2025-02-09,WH_C,West,SKU0029,Sports,1,107.33
107886,2025-02-09,WH_B,Central,SKU0056,Housewares,5,126.28
107887,2025-02-09,WH_A,East,SKU0096,Hardware,4,13.85
107888,2025-02-09,WH_A,East,SKU0044,Hardware,1,27.31
107889,2025-02-09,WH_B,Central,SKU0008,Electronics,1,214.27
107890,2025-02-09,WH_C,West,SKU0098,Housewares,2,132.48
107891,2025-02-09,WH_B,Central,SKU0067,Hardware,1,20.58
107892,2025-02-09,WH_B,Central,SKU0075,Sports,4,144.84
107893,2025-02-09,WH_B,Central,SKU0065,Sports,8,110.83
107894,2025-02-09,WH_A,East,SKU0039,Office,1,243.72
107895,2025-02-09,WH_C,West,SKU0054,Office,1,66.83
107896,2025-02-09,WH_B,Central,SKU0046,Hardware,2,133.27
107897,2025-02-09,WH_B,Central,SKU0009,Hardware,2,56.97
107898,2025-02-09,WH_B,Central,SKU0092,Housewares,7,177.36
107899,2025-02-09,WH_A,East,SKU0060,Hardware,1,77.08
107900,2025-02-09,WH_A,East,SKU0077,Office,6,98.19
107901,2025-02-09,WH_C,West,SKU0005,Sports,2,34.5
107902,2025-02-09,WH_A,East,SKU0048,Hardware,1,107.06
107903,2025-02-09,WH_A,East,SKU0093,Sports,3,73.65
107904,2025-02-09,WH_A,East,SKU0028,Electronics,9,58.95
107905,2025-02-09,WH_B,Central,SKU0060,Hardware,4,94.33
107906,2025-02-09,WH_A,East,SKU0016,Housewares,5,231.16
107907,2025-02-09,WH_B,Central,SKU0062,Housewares,1,125.41
107908,2025-02-09,WH_A,East,SKU0024,Electronics,1,177.93
107909,2025-02-09,WH_C,West,SKU0031,Sports,5,100.42
107910,2025-02-09,WH_C,West,SKU0088,Housewares,1,54.94
107911,2025-02-09,WH_A,East,SKU0030,Housewares,1,84.35
107912,2025-02-09,WH_B,Central,SKU0026,Hardware,1,80.94
107913,2025-02-09,WH_A,East,SKU0034,Office,7,84.72
107914,2025-02-09,WH_A,East,SKU0010,Electronics,1,99.24
107915,2025-02-09,WH_B,Central,SKU0095,Electronics,9,192.32
107916,2025-02-09,WH_C,West,SKU0084,Office,1,189.38
107917,2025-02-09,WH_B,Central,SKU0098,Housewares,4,237.78
107918,2025-02-09,WH_C,West,SKU0010,Electronics,6,28.32
107919,2025-02-09,WH_C,West,SKU0059,Electronics,1,177.23
107920,2025-02-09,WH_A,East,SKU0054,Office,10,25.86
107921,2025-02-09,WH_C,West,SKU0043,Hardware,1,125.59
107922,2025-02-09,WH_B,Central,SKU0057,Electronics,1,116.67
107923,2025-02-09,WH_B,Central,SKU0004,Hardware,1,242.8
107924,2025-02-09,WH_A,East,SKU0098,Housewares,4,185.48
107925,2025-02-09,WH_B,Central,SKU0024,Electronics,1,220.97
107926,2025-02-09,WH_B,Central,SKU0008,Electronics,1,40.14
107927,2025-02-09,WH_A,East,SKU0033,Housewares,9,143.91
107928,2025-02-09,WH_A,East,SKU0033,Housewares,1,237.54
107929,2025-02-09,WH_A,East,SKU0069,Hardware,11,220.97
107930,2025-02-09,WH_A,East,SKU0045,Electronics,1,73.23
107931,2025-02-09,WH_B,Central,SKU0047,Electronics,1,146.93
107932,2025-02-09,WH_C,West,SKU0011,Hardware,14,239.25
107933,2025-02-09,WH_C,West,SKU0083,Housewares,7,26.87
107934,2025-02-09,WH_C,West,SKU0066,Sports,4,219.83
107935,2025-02-09,WH_A,East,SKU0028,Electronics,1,58.8
107936,2025-02-09,WH_A,East,SKU0049,Housewares,4,27.26
107937,2025-02-09,WH_A,East,SKU0010,Electronics,8,43.24
107938,2025-02-09,WH_A,East,SKU0019,Sports,1,245.79
107939,2025-02-09,WH_C,West,SKU0036,Housewares,13,195.12
107940,2025-02-09,WH_C,West,SKU0071,Hardware,5,241.96
107941,2025-02-09,WH_C,West,SKU0100,Office,7,157.42
107942,2025-02-09,WH_A,East,SKU0087,Office,3,150.48
107943,2025-02-09,WH_C,West,SKU0094,Hardware,2,220.8
107944,2025-02-09,WH_B,Central,SKU0024,Electronics,4,215.65
107945,2025-02-09,WH_B,Central,SKU0001,Housewares,1,146.24
107946,2025-02-09,WH_A,East,SKU0070,Hardware,1,130.78
107947,2025-02-09,WH_B,Central,SKU0051,Hardware,2,212.21
107948,2025-02-09,WH_A,East,SKU0045,Electronics,1,45.18
107949,2025-02-09,WH_C,West,SKU0084,Office,7,241.98
107950,2025-02-09,WH_B,Central,SKU0008,Electronics,1,86.29
107951,2025-02-09,WH_C,West,SKU0098,Housewares,1,190.57
107952,2025-02-09,WH_B,Central,SKU0036,Housewares,3,143.38
107953,2025-02-09,WH_C,West,SKU0093,Sports,3,136.76
107954,2025-02-09,WH_B,Central,SKU0015,Housewares,1,189.81
107955,2025-02-09,WH_A,East,SKU0026,Hardware,4,214.28
107956,2025-02-09,WH_A,East,SKU0022,Sports,9,188.15
107957,2025-02-09,WH_C,West,SKU0012,Housewares,1,10.11
107958,2025-02-09,WH_B,Central,SKU0031,Sports,4,18.73
107959,2025-02-09,WH_C,West,SKU0085,Hardware,1,38.36
107960,2025-02-09,WH_C,West,SKU0018,Housewares,10,82.52
107961,2025-02-09,WH_C,West,SKU0061,Office,1,237.65
107962,2025-02-09,WH_A,East,SKU0070,Hardware,2,13.85
107963,2025-02-09,WH_A,East,SKU0021,Sports,5,42.37
107964,2025-02-09,WH_C,West,SKU0041,Sports,4,152.67
107965,2025-02-09,WH_A,East,SKU0009,Hardware,1,189.39
107966,2025-02-09,WH_C,West,SKU0030,Housewares,1,161.33
107967,2025-02-09,WH_A,East,SKU0055,Housewares,6,68.77
107968,2025-02-09,WH_C,West,SKU0034,Office,1,249.33
107969,2025-02-09,WH_A,East,SKU0003,Hardware,2,141.83
107970,2025-02-10,WH_C,West,SKU0023,Hardware,1,106.93
107971,2025-02-10,WH_B,Central,SKU0081,Housewares,2,68.32
107972,2025-02-10,WH_C,West,SKU0061,Office,1,152.11
107973,2025-02-10,WH_C,West,SKU0002,Electronics,1,140.6
107974,2025-02-10,WH_B,Central,SKU0047,Electronics,3,53.57
107975,2025-02-10,WH_C,West,SKU0070,Hardware,4,93.12
107976,2025-02-10,WH_C,West,SKU0060,Hardware,14,244.87
107977,2025-02-10,WH_B,Central,SKU0062,Housewares,4,88.97
107978,2025-02-10,WH_B,Central,SKU0080,Hardware,8,249.7
107979,2025-02-10,WH_C,West,SKU0074,Hardware,1,155.57
107980,2025-02-10,WH_A,East,SKU0023,Hardware,1,15.67
107981,2025-02-10,WH_A,East,SKU0089,Electronics,2,154.28
107982,2025-02-10,WH_C,West,SKU0085,Hardware,1,29.29
107983,2025-02-10,WH_C,West,SKU0046,Hardware,4,107.6
107984,2025-02-10,WH_C,West,SKU0034,Office,3,164.3
107985,2025-02-10,WH_C,West,SKU0070,Hardware,2,48.73
107986,2025-02-10,WH_C,West,SKU0013,Electronics,2,83.91
107987,2025-02-10,WH_C,West,SKU0007,Office,5,52.33
107988,2025-02-10,WH_A,East,SKU0044,Hardware,1,112.87
107989,2025-02-10,WH_C,West,SKU0058,Sports,4,181.58
107990,2025-02-10,WH_C,West,SKU0044,Hardware,1,130.13
107991,2025-02-10,WH_A,East,SKU0055,Housewares,1,193.74
107992,2025-02-10,WH_B,Central,SKU0074,Hardware,1,205.74
107993,2025-02-10,WH_C,West,SKU0003,Hardware,8,247.95
107994,2025-02-10,WH_C,West,SKU0100,Office,5,59.32
107995,2025-02-10,WH_B,Central,SKU0015,Housewares,1,26.77
107996,2025-02-10,WH_A,East,SKU0047,Electronics,1,17.18
107997,2025-02-10,WH_C,West,SKU0007,Office,3,135.63
107998,2025-02-10,WH_C,West,SKU0034,Office,7,118.44
107999,2025-02-10,WH_A,East,SKU0094,Hardware,3,103.39
108000,2025-02-10,WH_A,East,SKU0037,Sports,5,231.96
108001,2025-02-10,WH_B,Central,SKU0052,Hardware,1,25.26
108002,2025-02-10,WH_A,East,SKU0034,Office,1,181.53
108003,2025-02-10,WH_A,East,SKU0056,Housewares,1,197.42
108004,2025-02-10,WH_C,West,SKU0039,Office,4,175.1
108005,2025-02-10,WH_C,West,SKU0085,Hardware,5,190.36
108006,2025-02-10,WH_A,East,SKU0054,Office,3,6.04
108007,2025-02-10,WH_A,East,SKU0052,Hardware,2,150.84
108008,2025-02-10,WH_A,East,SKU0078,Housewares,9,164.37
108009,2025-02-10,WH_C,West,SKU0026,Hardware,2,137.59
108010,2025-02-10,WH_B,Central,SKU0087,Office,1,109.77
108011,2025-02-10,WH_A,East,SKU0046,Hardware,1,17.91
108012,2025-02-10,WH_B,Central,SKU0096,Hardware,1,163.13
108013,2025-02-10,WH_A,East,SKU0030,Housewares,6,203.54
108014,2025-02-10,WH_C,West,SKU0010,Electronics,1,16.27
108015,2025-02-10,WH_C,West,SKU0021,Sports,1,82.12
108016,2025-02-10,WH_C,West,SKU0097,Office,1,141.98
108017,2025-02-10,WH_B,Central,SKU0057,Electronics,1,95.85
108018,2025-02-10,WH_B,Central,SKU0078,Housewares,2,110.59
108019,2025-02-10,WH_B,Central,SKU0062,Housewares,3,50.6
108020,2025-02-10,WH_C,West,SKU0097,Office,1,80.43
108021,2025-02-10,WH_B,Central,SKU0064,Sports,1,62.88
108022,2025-02-10,WH_A,East,SKU0036,Housewares,1,103.48
108023,2025-02-10,WH_B,Central,SKU0011,Hardware,3,75.2
108024,2025-02-10,WH_A,East,SKU0030,Housewares,1,141.48
108025,2025-02-10,WH_C,West,SKU0015,Housewares,3,100.87
108026,2025-02-10,WH_C,West,SKU0089,Electronics,1,125.21
108027,2025-02-10,WH_B,Central,SKU0018,Housewares,1,162.76
108028,2025-02-10,WH_C,West,SKU0045,Electronics,3,177.63
108029,2025-02-10,WH_C,West,SKU0062,Housewares,1,211.46
108030,2025-02-10,WH_B,Central,SKU0005,Sports,8,77.78
108031,2025-02-10,WH_C,West,SKU0091,Electronics,1,177.51
108032,2025-02-10,WH_C,West,SKU0040,Housewares,3,130.05
108033,2025-02-10,WH_B,Central,SKU0028,Electronics,7,40.85
108034,2025-02-10,WH_C,West,SKU0088,Housewares,1,13.63
108035,2025-02-10,WH_B,Central,SKU0074,Hardware,1,18.15
108036,2025-02-10,WH_C,West,SKU0091,Electronics,2,149.3
108037,2025-02-10,WH_C,West,SKU0016,Housewares,1,159.97
108038,2025-02-10,WH_C,West,SKU0057,Electronics,2,59.83
108039,2025-02-10,WH_B,Central,SKU0036,Housewares,1,43.25
108040,2025-02-10,WH_C,West,SKU0017,Hardware,2,166.42
108041,2025-02-10,WH_B,Central,SKU0073,Office,3,42.52
108042,2025-02-10,WH_A,East,SKU0036,Housewares,7,105.68
108043,2025-02-10,WH_B,Central,SKU0045,Electronics,4,45.79
108044,2025-02-10,WH_C,West,SKU0014,Electronics,1,132.77
108045,2025-02-10,WH_B,Central,SKU0044,Hardware,4,157.27
108046,2025-02-10,WH_C,West,SKU0098,Housewares,1,74.22
108047,2025-02-10,WH_B,Central,SKU0065,Sports,10,74.71
108048,2025-02-10,WH_A,East,SKU0058,Sports,1,78.6
108049,2025-02-10,WH_B,Central,SKU0002,Electronics,1,36.33
108050,2025-02-10,WH_B,Central,SKU0067,Hardware,3,156.7
108051,2025-02-10,WH_C,West,SKU0026,Hardware,1,248.29
108052,2025-02-10,WH_C,West,SKU0083,Housewares,3,177.28
108053,2025-02-10,WH_C,West,SKU0095,Electronics,2,140.14
108054,2025-02-10,WH_A,East,SKU0052,Hardware,1,193.87
108055,2025-02-10,WH_C,West,SKU0041,Sports,7,34.95
108056,2025-02-10,WH_B,Central,SKU0057,Electronics,4,135.91
108057,2025-02-10,WH_C,West,SKU0086,Hardware,1,230.62
108058,2025-02-10,WH_C,West,SKU0006,Sports,1,72.14
108059,2025-02-10,WH_B,Central,SKU0069,Hardware,6,122.85
108060,2025-02-10,WH_A,East,SKU0059,Electronics,2,188.69
108061,2025-02-10,WH_C,West,SKU0073,Office,1,57.72
108062,2025-02-10,WH_C,West,SKU0092,Housewares,19,63.18
108063,2025-02-10,WH_C,West,SKU0043,Hardware,2,78.18
108064,2025-02-10,WH_B,Central,SKU0097,Office,5,240.63
108065,2025-02-10,WH_C,West,SKU0062,Housewares,1,152.14
108066,2025-02-10,WH_A,East,SKU0003,Hardware,5,206.64
108067,2025-02-10,WH_A,East,SKU0092,Housewares,1,60.22
108068,2025-02-10,WH_C,West,SKU0017,Hardware,1,189.03
108069,2025-02-10,WH_B,Central,SKU0094,Hardware,15,140.8
108070,2025-02-10,WH_A,East,SKU0017,Hardware,1,15.27
108071,2025-02-10,WH_C,West,SKU0045,Electronics,8,123.34
108072,2025-02-10,WH_A,East,SKU0080,Hardware,3,166.74
108073,2025-02-10,WH_C,West,SKU0057,Electronics,6,70.19
108074,2025-02-10,WH_C,West,SKU0048,Hardware,1,228.84
108075,2025-02-10,WH_A,East,SKU0032,Sports,2,22.48
108076,2025-02-10,WH_C,West,SKU0075,Sports,1,63.12
108077,2025-02-10,WH_A,East,SKU0099,Office,15,59.91
108078,2025-02-10,WH_C,West,SKU0009,Hardware,6,24.13
108079,2025-02-10,WH_B,Central,SKU0013,Electronics,1,218.65
108080,2025-02-10,WH_A,East,SKU0082,Hardware,6,48.17
108081,2025-02-10,WH_C,West,SKU0090,Electronics,1,134.99
108082,2025-02-10,WH_C,West,SKU0048,Hardware,1,236.59
108083,2025-02-10,WH_A,East,SKU0082,Hardware,1,124.88
108084,2025-02-10,WH_C,West,SKU0019,Sports,1,12.97
108085,2025-02-10,WH_B,Central,SKU0083,Housewares,1,34.81
108086,2025-02-10,WH_B,Central,SKU0027,Electronics,2,199.65
108087,2025-02-10,WH_B,Central,SKU0080,Hardware,1,154.99
108088,2025-02-10,WH_C,West,SKU0011,Hardware,5,112.66
108089,2025-02-10,WH_C,West,SKU0086,Hardware,9,32.24
108090,2025-02-10,WH_C,West,SKU0007,Office,1,61.37
108091,2025-02-10,WH_C,West,SKU0019,Sports,16,77.07
108092,2025-02-10,WH_C,West,SKU0011,Hardware,1,212.67
108093,2025-02-10,WH_B,Central,SKU0079,Hardware,7,234.75
108094,2025-02-10,WH_C,West,SKU0089,Electronics,2,167.51
108095,2025-02-10,WH_A,East,SKU0075,Sports,1,153.75
108096,2025-02-10,WH_C,West,SKU0003,Hardware,1,187.78
108097,2025-02-10,WH_C,West,SKU0055,Housewares,1,220.46
108098,2025-02-10,WH_C,West,SKU0064,Sports,1,145.09
108099,2025-02-10,WH_C,West,SKU0060,Hardware,2,69.61
108100,2025-02-10,WH_B,Central,SKU0040,Housewares,1,41.39
108101,2025-02-10,WH_B,Central,SKU0056,Housewares,10,235.62
108102,2025-02-10,WH_B,Central,SKU0050,Hardware,1,96.84
108103,2025-02-10,WH_C,West,SKU0068,Electronics,1,122.13
108104,2025-02-10,WH_B,Central,SKU0042,Electronics,1,228.67
108105,2025-02-10,WH_A,East,SKU0055,Housewares,7,9.64
108106,2025-02-10,WH_C,West,SKU0019,Sports,3,23.22
108107,2025-02-10,WH_C,West,SKU0040,Housewares,2,217.39
108108,2025-02-10,WH_B,Central,SKU0017,Hardware,3,119.89
108109,2025-02-10,WH_A,East,SKU0031,Sports,9,187.92
108110,2025-02-10,WH_C,West,SKU0047,Electronics,1,99.8
108111,2025-02-10,WH_C,West,SKU0100,Office,4,9.73
108112,2025-02-10,WH_A,East,SKU0079,Hardware,1,215.56
108113,2025-02-10,WH_C,West,SKU0039,Office,1,171.24
108114,2025-02-10,WH_C,West,SKU0055,Housewares,1,207.34
108115,2025-02-10,WH_A,East,SKU0030,Housewares,5,238.57
108116,2025-02-10,WH_B,Central,SKU0099,Office,1,108.6
108117,2025-02-10,WH_A,East,SKU0009,Hardware,2,229.43
108118,2025-02-10,WH_A,East,SKU0035,Hardware,1,22.55
108119,2025-02-10,WH_A,East,SKU0044,Hardware,1,126.42
108120,2025-02-10,WH_C,West,SKU0011,Hardware,3,174.22
108121,2025-02-10,WH_C,West,SKU0028,Electronics,1,191.55
108122,2025-02-10,WH_B,Central,SKU0012,Housewares,3,104.85
108123,2025-02-10,WH_B,Central,SKU0011,Hardware,2,193.1
108124,2025-02-10,WH_A,East,SKU0046,Hardware,1,235.31
108125,2025-02-10,WH_B,Central,SKU0011,Hardware,1,226.04
108126,2025-02-10,WH_B,Central,SKU0082,Hardware,4,166.83
108127,2025-02-10,WH_A,East,SKU0092,Housewares,1,230.16
108128,2025-02-10,WH_A,East,SKU0074,Hardware,1,187.67
108129,2025-02-10,WH_B,Central,SKU0057,Electronics,6,64.85
108130,2025-02-10,WH_A,East,SKU0074,Hardware,7,154.93
108131,2025-02-10,WH_A,East,SKU0038,Housewares,3,229.06
108132,2025-02-10,WH_C,West,SKU0032,Sports,2,112.96
108133,2025-02-10,WH_A,East,SKU0092,Housewares,3,140.74
108134,2025-02-10,WH_A,East,SKU0026,Hardware,1,49.22
108135,2025-02-10,WH_C,West,SKU0036,Housewares,1,31.5
108136,2025-02-10,WH_B,Central,SKU0030,Housewares,3,6.15
108137,2025-02-10,WH_C,West,SKU0080,Hardware,1,115.08
108138,2025-02-10,WH_A,East,SKU0071,Hardware,8,85.12
108139,2025-02-10,WH_C,West,SKU0095,Electronics,4,105.15
108140,2025-02-10,WH_C,West,SKU0075,Sports,1,29.22
108141,2025-02-10,WH_C,West,SKU0050,Hardware,1,19.18
108142,2025-02-10,WH_C,West,SKU0080,Hardware,2,125.94
108143,2025-02-10,WH_A,East,SKU0091,Electronics,3,50.48
108144,2025-02-10,WH_A,East,SKU0050,Hardware,2,47.76
108145,2025-02-10,WH_B,Central,SKU0053,Hardware,3,80.25
108146,2025-02-10,WH_B,Central,SKU0050,Hardware,2,221.26
108147,2025-02-10,WH_A,East,SKU0005,Sports,2,52.11
108148,2025-02-10,WH_A,East,SKU0015,Housewares,6,92.85
108149,2025-02-10,WH_A,East,SKU0029,Sports,3,83.42
108150,2025-02-10,WH_A,East,SKU0036,Housewares,1,162.3
108151,2025-02-10,WH_C,West,SKU0063,Housewares,1,217.41
108152,2025-02-10,WH_A,East,SKU0068,Electronics,1,9.72
108153,2025-02-10,WH_C,West,SKU0070,Hardware,1,197.32
108154,2025-02-10,WH_A,East,SKU0008,Electronics,5,144.13
108155,2025-02-10,WH_A,East,SKU0010,Electronics,1,134.32
108156,2025-02-10,WH_B,Central,SKU0047,Electronics,5,82.43
108157,2025-02-10,WH_A,East,SKU0008,Electronics,1,137.23
108158,2025-02-10,WH_B,Central,SKU0044,Hardware,6,147.63
108159,2025-02-10,WH_A,East,SKU0032,Sports,1,26.83
108160,2025-02-10,WH_B,Central,SKU0060,Hardware,1,237.81
108161,2025-02-10,WH_C,West,SKU0020,Electronics,5,192.63
108162,2025-02-10,WH_A,East,SKU0085,Hardware,2,169.77
108163,2025-02-10,WH_C,West,SKU0047,Electronics,1,157.12
108164,2025-02-10,WH_A,East,SKU0023,Hardware,4,20.22
108165,2025-02-10,WH_A,East,SKU0030,Housewares,1,32.02
108166,2025-02-10,WH_A,East,SKU0067,Hardware,1,194.27
108167,2025-02-10,WH_A,East,SKU0067,Hardware,1,173.97
108168,2025-02-10,WH_A,East,SKU0084,Office,4,205.08
108169,2025-02-10,WH_C,West,SKU0045,Electronics,6,151.42
108170,2025-02-10,WH_C,West,SKU0010,Electronics,1,41.89
108171,2025-02-10,WH_C,West,SKU0030,Housewares,2,30.37
108172,2025-02-10,WH_B,Central,SKU0029,Sports,7,113.41
108173,2025-02-10,WH_B,Central,SKU0096,Hardware,6,178.77
108174,2025-02-10,WH_A,East,SKU0083,Housewares,5,221.57
108175,2025-02-10,WH_B,Central,SKU0027,Electronics,1,182.69
108176,2025-02-10,WH_C,West,SKU0079,Hardware,1,247.38
108177,2025-02-10,WH_B,Central,SKU0072,Office,4,5.92
108178,2025-02-10,WH_C,West,SKU0031,Sports,7,76.61
108179,2025-02-10,WH_B,Central,SKU0022,Sports,1,155.01
108180,2025-02-10,WH_A,East,SKU0082,Hardware,7,232.2
108181,2025-02-10,WH_C,West,SKU0009,Hardware,2,82.6
108182,2025-02-10,WH_A,East,SKU0005,Sports,1,94.28
108183,2025-02-10,WH_C,West,SKU0036,Housewares,1,169.11
108184,2025-02-10,WH_B,Central,SKU0036,Housewares,2,194.5
108185,2025-02-10,WH_B,Central,SKU0072,Office,1,102.98
108186,2025-02-10,WH_A,East,SKU0060,Hardware,1,136.12
108187,2025-02-10,WH_B,Central,SKU0041,Sports,1,115.14
108188,2025-02-10,WH_B,Central,SKU0029,Sports,1,183.08
108189,2025-02-10,WH_B,Central,SKU0050,Hardware,1,54.55
108190,2025-02-10,WH_A,East,SKU0045,Electronics,2,151.18
108191,2025-02-10,WH_A,East,SKU0058,Sports,1,54.93
108192,2025-02-10,WH_B,Central,SKU0031,Sports,1,65.78
108193,2025-02-10,WH_B,Central,SKU0040,Housewares,1,71.55
108194,2025-02-10,WH_C,West,SKU0099,Office,1,221.6
108195,2025-02-10,WH_A,East,SKU0028,Electronics,1,90.69
108196,2025-02-10,WH_C,West,SKU0017,Hardware,1,242.06
108197,2025-02-10,WH_B,Central,SKU0017,Hardware,2,154.58
108198,2025-02-10,WH_C,West,SKU0071,Hardware,3,86.76
108199,2025-02-10,WH_A,East,SKU0020,Electronics,10,42.32
108200,2025-02-10,WH_C,West,SKU0068,Electronics,1,40.63
108201,2025-02-10,WH_B,Central,SKU0029,Sports,4,31.29
108202,2025-02-10,WH_B,Central,SKU0012,Housewares,2,30.68
108203,2025-02-10,WH_A,East,SKU0002,Electronics,1,73.68
108204,2025-02-10,WH_A,East,SKU0052,Hardware,7,18.01
108205,2025-02-10,WH_C,West,SKU0063,Housewares,3,175.34
108206,2025-02-10,WH_B,Central,SKU0034,Office,6,220.04
108207,2025-02-10,WH_C,West,SKU0077,Office,11,67.21
108208,2025-02-10,WH_B,Central,SKU0020,Electronics,1,102.34
108209,2025-02-10,WH_B,Central,SKU0077,Office,2,94.95
108210,2025-02-10,WH_B,Central,SKU0006,Sports,4,7.09
108211,2025-02-10,WH_C,West,SKU0009,Hardware,1,180.43
108212,2025-02-10,WH_B,Central,SKU0049,Housewares,6,195.25
108213,2025-02-10,WH_B,Central,SKU0062,Housewares,1,234.07
108214,2025-02-10,WH_A,East,SKU0004,Hardware,2,186.86
108215,2025-02-10,WH_A,East,SKU0100,Office,1,139.45
108216,2025-02-10,WH_A,East,SKU0026,Hardware,1,243.82
108217,2025-02-10,WH_B,Central,SKU0005,Sports,1,190.12
108218,2025-02-10,WH_B,Central,SKU0097,Office,2,28.1
108219,2025-02-10,WH_C,West,SKU0006,Sports,2,137.35
108220,2025-02-11,WH_A,East,SKU0022,Sports,3,83.87
108221,2025-02-11,WH_B,Central,SKU0091,Electronics,5,157.54
108222,2025-02-11,WH_B,Central,SKU0021,Sports,1,178.17
108223,2025-02-11,WH_A,East,SKU0028,Electronics,7,172.37
108224,2025-02-11,WH_C,West,SKU0070,Hardware,1,149.71
108225,2025-02-11,WH_C,West,SKU0018,Housewares,1,152.31
108226,2025-02-11,WH_A,East,SKU0069,Hardware,2,11.41
108227,2025-02-11,WH_A,East,SKU0068,Electronics,1,51.86
108228,2025-02-11,WH_C,West,SKU0033,Housewares,1,64.25
108229,2025-02-11,WH_A,East,SKU0100,Office,5,175.93
108230,2025-02-11,WH_C,West,SKU0080,Hardware,4,93.41
108231,2025-02-11,WH_B,Central,SKU0010,Electronics,1,58.69
108232,2025-02-11,WH_B,Central,SKU0058,Sports,4,152.7
108233,2025-02-11,WH_C,West,SKU0085,Hardware,2,73.73
108234,2025-02-11,WH_A,East,SKU0058,Sports,1,197.29
108235,2025-02-11,WH_B,Central,SKU0027,Electronics,1,19.49
108236,2025-02-11,WH_B,Central,SKU0044,Hardware,1,145.37
108237,2025-02-11,WH_C,West,SKU0034,Office,14,27.21
108238,2025-02-11,WH_C,West,SKU0022,Sports,1,152.43
108239,2025-02-11,WH_A,East,SKU0012,Housewares,5,173.96
108240,2025-02-11,WH_C,West,SKU0065,Sports,4,133.0
108241,2025-02-11,WH_B,Central,SKU0021,Sports,1,156.59
108242,2025-02-11,WH_A,East,SKU0068,Electronics,6,139.96
108243,2025-02-11,WH_B,Central,SKU0036,Housewares,2,87.8
108244,2025-02-11,WH_C,West,SKU0040,Housewares,2,158.8
108245,2025-02-11,WH_C,West,SKU0027,Electronics,4,145.18
108246,2025-02-11,WH_A,East,SKU0071,Hardware,1,147.57
108247,2025-02-11,WH_C,West,SKU0058,Sports,1,26.39
108248,2025-02-11,WH_B,Central,SKU0066,Sports,5,21.19
108249,2025-02-11,WH_C,West,SKU0032,Sports,2,247.18
108250,2025-02-11,WH_C,West,SKU0055,Housewares,1,58.93
108251,2025-02-11,WH_C,West,SKU0010,Electronics,4,28.74
108252,2025-02-11,WH_C,West,SKU0030,Housewares,5,5.07
108253,2025-02-11,WH_C,West,SKU0056,Housewares,6,21.37
108254,2025-02-11,WH_A,East,SKU0038,Housewares,7,216.82
108255,2025-02-11,WH_A,East,SKU0024,Electronics,2,195.6
108256,2025-02-11,WH_A,East,SKU0013,Electronics,1,38.11
108257,2025-02-11,WH_C,West,SKU0084,Office,1,136.68
108258,2025-02-11,WH_C,West,SKU0036,Housewares,6,137.96
108259,2025-02-11,WH_B,Central,SKU0037,Sports,3,171.57
108260,2025-02-11,WH_C,West,SKU0060,Hardware,6,195.3
108261,2025-02-11,WH_A,East,SKU0023,Hardware,11,9.9
108262,2025-02-11,WH_A,East,SKU0011,Hardware,1,232.96
108263,2025-02-11,WH_C,West,SKU0081,Housewares,4,70.5
108264,2025-02-11,WH_C,West,SKU0008,Electronics,10,218.12
108265,2025-02-11,WH_A,East,SKU0086,Hardware,1,203.77
108266,2025-02-11,WH_B,Central,SKU0026,Hardware,4,59.18
108267,2025-02-11,WH_B,Central,SKU0038,Housewares,3,242.71
108268,2025-02-11,WH_A,East,SKU0083,Housewares,3,204.37
108269,2025-02-11,WH_C,West,SKU0021,Sports,1,183.23
108270,2025-02-11,WH_A,East,SKU0038,Housewares,1,22.6
108271,2025-02-11,WH_B,Central,SKU0034,Office,2,188.9
108272,2025-02-11,WH_A,East,SKU0096,Hardware,2,233.24
108273,2025-02-11,WH_A,East,SKU0077,Office,3,33.81
108274,2025-02-11,WH_A,East,SKU0084,Office,8,42.46
108275,2025-02-11,WH_C,West,SKU0073,Office,4,41.39
108276,2025-02-11,WH_C,West,SKU0001,Housewares,19,86.39
108277,2025-02-11,WH_B,Central,SKU0056,Housewares,2,119.38
108278,2025-02-11,WH_C,West,SKU0029,Sports,1,126.03
108279,2025-02-11,WH_B,Central,SKU0038,Housewares,1,201.49
108280,2025-02-11,WH_A,East,SKU0043,Hardware,9,202.97
108281,2025-02-11,WH_B,Central,SKU0048,Hardware,1,5.58
108282,2025-02-11,WH_C,West,SKU0093,Sports,1,126.28
108283,2025-02-11,WH_A,East,SKU0019,Sports,3,205.78
108284,2025-02-11,WH_A,East,SKU0097,Office,2,244.69
108285,2025-02-11,WH_B,Central,SKU0043,Hardware,2,152.01
108286,2025-02-11,WH_B,Central,SKU0007,Office,1,88.22
108287,2025-02-11,WH_A,East,SKU0012,Housewares,3,152.4
108288,2025-02-11,WH_B,Central,SKU0001,Housewares,1,32.44
108289,2025-02-11,WH_B,Central,SKU0039,Office,1,15.82
108290,2025-02-11,WH_A,East,SKU0034,Office,2,84.14
108291,2025-02-11,WH_A,East,SKU0052,Hardware,1,145.9
108292,2025-02-11,WH_C,West,SKU0043,Hardware,2,149.14
108293,2025-02-11,WH_C,West,SKU0091,Electronics,2,124.59
108294,2025-02-11,WH_A,East,SKU0038,Housewares,5,119.55
108295,2025-02-11,WH_C,West,SKU0090,Electronics,2,247.12
108296,2025-02-11,WH_B,Central,SKU0077,Office,1,182.97
108297,2025-02-11,WH_B,Central,SKU0001,Housewares,1,208.48
108298,2025-02-11,WH_A,East,SKU0048,Hardware,1,79.23
108299,2025-02-11,WH_B,Central,SKU0071,Hardware,1,218.7
108300,2025-02-11,WH_A,East,SKU0049,Housewares,3,23.84
108301,2025-02-11,WH_C,West,SKU0026,Hardware,3,13.58
108302,2025-02-11,WH_B,Central,SKU0053,Hardware,1,150.24
108303,2025-02-11,WH_B,Central,SKU0080,Hardware,1,210.92
108304,2025-02-11,WH_A,East,SKU0041,Sports,2,241.42
108305,2025-02-11,WH_A,East,SKU0092,Housewares,5,88.35
108306,2025-02-11,WH_B,Central,SKU0061,Office,5,218.13
108307,2025-02-11,WH_B,Central,SKU0018,Housewares,10,8.08
108308,2025-02-11,WH_B,Central,SKU0025,Office,6,22.12
108309,2025-02-11,WH_A,East,SKU0046,Hardware,2,106.59
108310,2025-02-11,WH_C,West,SKU0003,Hardware,7,104.26
108311,2025-02-11,WH_A,East,SKU0019,Sports,2,174.51
108312,2025-02-11,WH_B,Central,SKU0085,Hardware,1,149.78
108313,2025-02-11,WH_C,West,SKU0083,Housewares,2,150.53
108314,2025-02-11,WH_A,East,SKU0090,Electronics,1,18.61
108315,2025-02-11,WH_C,West,SKU0026,Hardware,1,218.03
108316,2025-02-11,WH_B,Central,SKU0099,Office,1,111.34
108317,2025-02-11,WH_A,East,SKU0075,Sports,1,180.02
108318,2025-02-11,WH_C,West,SKU0080,Hardware,1,21.76
108319,2025-02-11,WH_B,Central,SKU0013,Electronics,1,183.32
108320,2025-02-11,WH_C,West,SKU0042,Electronics,7,17.45
108321,2025-02-11,WH_B,Central,SKU0076,Hardware,4,21.21
108322,2025-02-11,WH_A,East,SKU0030,Housewares,1,10.46
108323,2025-02-11,WH_A,East,SKU0066,Sports,7,178.16
108324,2025-02-11,WH_C,West,SKU0047,Electronics,1,97.48
108325,2025-02-11,WH_B,Central,SKU0039,Office,3,26.96
108326,2025-02-11,WH_B,Central,SKU0021,Sports,1,212.57
108327,2025-02-11,WH_C,West,SKU0053,Hardware,1,183.03
108328,2025-02-11,WH_B,Central,SKU0062,Housewares,1,26.6
108329,2025-02-11,WH_C,West,SKU0016,Housewares,6,225.91
108330,2025-02-11,WH_A,East,SKU0029,Sports,2,118.2
108331,2025-02-11,WH_C,West,SKU0090,Electronics,2,104.99
108332,2025-02-11,WH_B,Central,SKU0041,Sports,4,189.87
108333,2025-02-11,WH_B,Central,SKU0022,Sports,5,133.12
108334,2025-02-11,WH_A,East,SKU0060,Hardware,4,43.15
108335,2025-02-11,WH_C,West,SKU0083,Housewares,1,163.77
108336,2025-02-11,WH_A,East,SKU0063,Housewares,1,139.91
108337,2025-02-11,WH_C,West,SKU0070,Hardware,3,104.74
108338,2025-02-11,WH_C,West,SKU0020,Electronics,1,222.35
108339,2025-02-11,WH_A,East,SKU0024,Electronics,1,226.66
108340,2025-02-11,WH_A,East,SKU0014,Electronics,1,185.11
108341,2025-02-11,WH_C,West,SKU0093,Sports,7,227.21
108342,2025-02-11,WH_B,Central,SKU0069,Hardware,6,221.35
108343,2025-02-11,WH_A,East,SKU0036,Housewares,2,141.63
108344,2025-02-11,WH_C,West,SKU0036,Housewares,2,224.51
108345,2025-02-11,WH_A,East,SKU0071,Hardware,5,196.83
108346,2025-02-11,WH_A,East,SKU0020,Electronics,3,156.5
108347,2025-02-11,WH_C,West,SKU0064,Sports,7,52.2
108348,2025-02-11,WH_C,West,SKU0042,Electronics,1,245.71
108349,2025-02-11,WH_B,Central,SKU0039,Office,2,123.43
108350,2025-02-11,WH_C,West,SKU0048,Hardware,5,213.19
108351,2025-02-11,WH_C,West,SKU0088,Housewares,1,47.53
108352,2025-02-11,WH_B,Central,SKU0012,Housewares,4,197.48
108353,2025-02-11,WH_B,Central,SKU0061,Office,1,211.17
108354,2025-02-11,WH_C,West,SKU0033,Housewares,1,120.15
108355,2025-02-11,WH_C,West,SKU0052,Hardware,12,132.21
108356,2025-02-11,WH_B,Central,SKU0013,Electronics,1,73.64
108357,2025-02-11,WH_C,West,SKU0057,Electronics,1,239.82
108358,2025-02-11,WH_C,West,SKU0061,Office,1,110.45
108359,2025-02-11,WH_C,West,SKU0013,Electronics,4,72.15
108360,2025-02-11,WH_C,West,SKU0027,Electronics,3,55.84
108361,2025-02-11,WH_A,East,SKU0023,Hardware,1,246.65
108362,2025-02-11,WH_B,Central,SKU0068,Electronics,1,183.77
108363,2025-02-11,WH_A,East,SKU0058,Sports,5,89.98
108364,2025-02-11,WH_A,East,SKU0051,Hardware,1,194.41
108365,2025-02-11,WH_C,West,SKU0032,Sports,2,93.63
108366,2025-02-11,WH_A,East,SKU0012,Housewares,4,216.61
108367,2025-02-11,WH_A,East,SKU0078,Housewares,1,10.97
108368,2025-02-11,WH_A,East,SKU0018,Housewares,1,170.25
108369,2025-02-11,WH_C,West,SKU0069,Hardware,7,216.45
108370,2025-02-11,WH_B,Central,SKU0012,Housewares,1,220.85
108371,2025-02-11,WH_C,West,SKU0036,Housewares,4,184.93
108372,2025-02-11,WH_B,Central,SKU0014,Electronics,3,202.74
108373,2025-02-11,WH_A,East,SKU0026,Hardware,5,205.68
108374,2025-02-11,WH_C,West,SKU0074,Hardware,1,181.93
108375,2025-02-11,WH_B,Central,SKU0098,Housewares,5,50.5
108376,2025-02-11,WH_A,East,SKU0051,Hardware,1,197.56
108377,2025-02-11,WH_B,Central,SKU0037,Sports,1,102.93
108378,2025-02-11,WH_A,East,SKU0010,Electronics,1,57.14
108379,2025-02-11,WH_C,West,SKU0055,Housewares,8,202.44
108380,2025-02-11,WH_A,East,SKU0057,Electronics,1,30.99
108381,2025-02-11,WH_C,West,SKU0011,Hardware,1,106.75
108382,2025-02-11,WH_C,West,SKU0100,Office,1,222.35
108383,2025-02-11,WH_B,Central,SKU0076,Hardware,5,213.29
108384,2025-02-11,WH_B,Central,SKU0031,Sports,4,184.62
108385,2025-02-11,WH_B,Central,SKU0038,Housewares,3,240.27
108386,2025-02-11,WH_A,East,SKU0073,Office,3,159.41
108387,2025-02-11,WH_C,West,SKU0035,Hardware,4,65.34
108388,2025-02-11,WH_C,West,SKU0022,Sports,10,9.69
108389,2025-02-11,WH_B,Central,SKU0003,Hardware,3,23.89
108390,2025-02-11,WH_A,East,SKU0071,Hardware,5,242.07
108391,2025-02-11,WH_A,East,SKU0046,Hardware,1,215.01
108392,2025-02-11,WH_B,Central,SKU0069,Hardware,1,44.05
108393,2025-02-11,WH_B,Central,SKU0038,Housewares,1,78.95
108394,2025-02-11,WH_C,West,SKU0012,Housewares,2,200.06
108395,2025-02-11,WH_C,West,SKU0001,Housewares,1,26.61
108396,2025-02-11,WH_C,West,SKU0098,Housewares,1,77.65
108397,2025-02-11,WH_C,West,SKU0052,Hardware,1,58.89
108398,2025-02-11,WH_C,West,SKU0098,Housewares,1,214.72
108399,2025-02-11,WH_B,Central,SKU0063,Housewares,1,216.2
108400,2025-02-12,WH_B,Central,SKU0099,Office,2,166.81
108401,2025-02-12,WH_C,West,SKU0009,Hardware,5,79.56
108402,2025-02-12,WH_C,West,SKU0100,Office,9,25.52
108403,2025-02-12,WH_A,East,SKU0044,Hardware,2,67.43
108404,2025-02-12,WH_A,East,SKU0027,Electronics,1,114.97
108405,2025-02-12,WH_B,Central,SKU0004,Hardware,7,113.19
108406,2025-02-12,WH_A,East,SKU0057,Electronics,3,238.18
108407,2025-02-12,WH_B,Central,SKU0083,Housewares,2,105.04
108408,2025-02-12,WH_C,West,SKU0007,Office,10,207.78
108409,2025-02-12,WH_B,Central,SKU0099,Office,8,102.32
108410,2025-02-12,WH_C,West,SKU0081,Housewares,3,66.15
108411,2025-02-12,WH_B,Central,SKU0078,Housewares,6,233.6
108412,2025-02-12,WH_B,Central,SKU0085,Hardware,1,30.71
108413,2025-02-12,WH_B,Central,SKU0062,Housewares,1,160.04
108414,2025-02-12,WH_B,Central,SKU0004,Hardware,1,161.46
108415,2025-02-12,WH_B,Central,SKU0059,Electronics,1,229.62
108416,2025-02-12,WH_C,West,SKU0036,Housewares,1,126.92
108417,2025-02-12,WH_C,West,SKU0092,Housewares,1,22.89
108418,2025-02-12,WH_C,West,SKU0014,Electronics,2,194.72
108419,2025-02-12,WH_C,West,SKU0033,Housewares,9,23.76
108420,2025-02-12,WH_C,West,SKU0051,Hardware,4,70.43
108421,2025-02-12,WH_C,West,SKU0094,Hardware,5,88.79
108422,2025-02-12,WH_B,Central,SKU0087,Office,1,154.94
108423,2025-02-12,WH_B,Central,SKU0019,Sports,6,49.49
108424,2025-02-12,WH_C,West,SKU0069,Hardware,1,221.54
108425,2025-02-12,WH_A,East,SKU0041,Sports,3,203.13
108426,2025-02-12,WH_C,West,SKU0066,Sports,1,223.16
108427,2025-02-12,WH_B,Central,SKU0069,Hardware,1,224.92
108428,2025-02-12,WH_B,Central,SKU0085,Hardware,1,221.78
108429,2025-02-12,WH_A,East,SKU0022,Sports,3,140.8
108430,2025-02-12,WH_A,East,SKU0001,Housewares,1,173.66
108431,2025-02-12,WH_C,West,SKU0009,Hardware,2,182.94
108432,2025-02-12,WH_C,West,SKU0074,Hardware,3,113.71
108433,2025-02-12,WH_C,West,SKU0036,Housewares,1,230.15
108434,2025-02-12,WH_A,East,SKU0080,Hardware,7,56.92
108435,2025-02-12,WH_B,Central,SKU0060,Hardware,2,54.7
108436,2025-02-12,WH_B,Central,SKU0084,Office,5,29.06
108437,2025-02-12,WH_A,East,SKU0042,Electronics,13,154.66
108438,2025-02-12,WH_B,Central,SKU0035,Hardware,1,221.07
108439,2025-02-12,WH_B,Central,SKU0085,Hardware,3,175.84
108440,2025-02-12,WH_C,West,SKU0080,Hardware,1,87.52
108441,2025-02-12,WH_A,East,SKU0021,Sports,7,160.56
108442,2025-02-12,WH_A,East,SKU0050,Hardware,1,85.21
108443,2025-02-12,WH_B,Central,SKU0002,Electronics,2,41.26
108444,2025-02-12,WH_C,West,SKU0025,Office,1,19.55
108445,2025-02-12,WH_C,West,SKU0043,Hardware,2,83.55
108446,2025-02-12,WH_B,Central,SKU0013,Electronics,1,19.71
108447,2025-02-12,WH_A,East,SKU0046,Hardware,4,192.86
108448,2025-02-12,WH_C,West,SKU0046,Hardware,5,164.66
108449,2025-02-12,WH_C,West,SKU0026,Hardware,4,146.42
108450,2025-02-12,WH_C,West,SKU0034,Office,2,68.65
108451,2025-02-12,WH_B,Central,SKU0007,Office,1,76.5
108452,2025-02-12,WH_B,Central,SKU0041,Sports,3,232.07
108453,2025-02-12,WH_B,Central,SKU0019,Sports,1,169.11
108454,2025-02-12,WH_B,Central,SKU0064,Sports,1,158.75
108455,2025-02-12,WH_A,East,SKU0013,Electronics,1,35.05
108456,2025-02-12,WH_B,Central,SKU0028,Electronics,1,223.9
108457,2025-02-12,WH_C,West,SKU0002,Electronics,1,144.56
108458,2025-02-12,WH_C,West,SKU0009,Hardware,7,164.76
108459,2025-02-12,WH_C,West,SKU0087,Office,1,99.57
108460,2025-02-12,WH_C,West,SKU0056,Housewares,2,122.69
108461,2025-02-12,WH_C,West,SKU0046,Hardware,3,156.35
108462,2025-02-12,WH_B,Central,SKU0038,Housewares,2,239.42
108463,2025-02-12,WH_A,East,SKU0059,Electronics,5,154.17
108464,2025-02-12,WH_B,Central,SKU0075,Sports,2,182.37
108465,2025-02-12,WH_A,East,SKU0026,Hardware,4,77.33
108466,2025-02-12,WH_A,East,SKU0097,Office,3,38.11
108467,2025-02-12,WH_B,Central,SKU0048,Hardware,1,234.92
108468,2025-02-12,WH_C,West,SKU0095,Electronics,1,42.79
108469,2025-02-12,WH_C,West,SKU0006,Sports,1,101.46
108470,2025-02-12,WH_C,West,SKU0048,Hardware,1,109.6
108471,2025-02-12,WH_C,West,SKU0065,Sports,3,222.6
108472,2025-02-12,WH_A,East,SKU0023,Hardware,1,193.26
108473,2025-02-12,WH_A,East,SKU0042,Electronics,1,97.96
108474,2025-02-12,WH_A,East,SKU0085,Hardware,17,21.83
108475,2025-02-12,WH_C,West,SKU0034,Office,1,86.74
108476,2025-02-12,WH_A,East,SKU0027,Electronics,9,9.91
108477,2025-02-12,WH_B,Central,SKU0014,Electronics,1,152.77
108478,2025-02-12,WH_C,West,SKU0081,Housewares,1,18.18
108479,2025-02-12,WH_B,Central,SKU0006,Sports,1,141.99
108480,2025-02-12,WH_A,East,SKU0007,Office,2,178.09
108481,2025-02-12,WH_B,Central,SKU0004,Hardware,1,127.46
108482,2025-02-12,WH_A,East,SKU0066,Sports,2,59.48
108483,2025-02-12,WH_A,East,SKU0036,Housewares,2,178.52
108484,2025-02-12,WH_B,Central,SKU0077,Office,14,151.12
108485,2025-02-12,WH_C,West,SKU0033,Housewares,5,209.25
108486,2025-02-12,WH_B,Central,SKU0081,Housewares,8,182.15
108487,2025-02-12,WH_C,West,SKU0013,Electronics,1,78.03
108488,2025-02-12,WH_A,East,SKU0098,Housewares,4,132.6
108489,2025-02-12,WH_C,West,SKU0033,Housewares,1,165.88
108490,2025-02-12,WH_B,Central,SKU0084,Office,7,92.63
108491,2025-02-12,WH_C,West,SKU0043,Hardware,2,147.47
108492,2025-02-12,WH_C,West,SKU0094,Hardware,1,27.11
108493,2025-02-12,WH_C,West,SKU0091,Electronics,6,233.72
108494,2025-02-12,WH_C,West,SKU0049,Housewares,7,102.18
108495,2025-02-12,WH_C,West,SKU0039,Office,1,235.83
108496,2025-02-12,WH_C,West,SKU0002,Electronics,6,205.86
108497,2025-02-12,WH_B,Central,SKU0088,Housewares,1,161.49
108498,2025-02-12,WH_A,East,SKU0001,Housewares,4,146.16
108499,2025-02-12,WH_C,West,SKU0035,Hardware,2,190.39
108500,2025-02-12,WH_A,East,SKU0072,Office,4,63.79
108501,2025-02-12,WH_A,East,SKU0036,Housewares,1,196.39
108502,2025-02-12,WH_B,Central,SKU0023,Hardware,1,229.32
108503,2025-02-12,WH_C,West,SKU0028,Electronics,5,224.39
108504,2025-02-12,WH_B,Central,SKU0075,Sports,1,30.75
108505,2025-02-12,WH_A,East,SKU0073,Office,1,141.2
108506,2025-02-12,WH_A,East,SKU0063,Housewares,1,69.56
108507,2025-02-12,WH_C,West,SKU0092,Housewares,1,142.71
108508,2025-02-12,WH_C,West,SKU0089,Electronics,2,108.47
108509,2025-02-12,WH_A,East,SKU0033,Housewares,1,232.55
108510,2025-02-12,WH_A,East,SKU0020,Electronics,1,35.29
108511,2025-02-12,WH_A,East,SKU0030,Housewares,1,42.39
108512,2025-02-12,WH_B,Central,SKU0091,Electronics,1,159.37
108513,2025-02-12,WH_B,Central,SKU0016,Housewares,10,71.66
108514,2025-02-12,WH_A,East,SKU0009,Hardware,4,228.29
108515,2025-02-12,WH_A,East,SKU0027,Electronics,1,67.05
108516,2025-02-12,WH_C,West,SKU0056,Housewares,2,224.69
108517,2025-02-12,WH_C,West,SKU0014,Electronics,1,124.22
108518,2025-02-12,WH_C,West,SKU0057,Electronics,4,152.28
108519,2025-02-12,WH_B,Central,SKU0039,Office,2,140.64
108520,2025-02-12,WH_C,West,SKU0022,Sports,2,172.11
108521,2025-02-12,WH_A,East,SKU0018,Housewares,1,131.76
108522,2025-02-12,WH_C,West,SKU0021,Sports,1,246.08
108523,2025-02-12,WH_B,Central,SKU0066,Sports,1,41.91
108524,2025-02-12,WH_B,Central,SKU0079,Hardware,1,230.41
108525,2025-02-12,WH_C,West,SKU0041,Sports,3,116.7
108526,2025-02-12,WH_C,West,SKU0041,Sports,7,225.54
108527,2025-02-12,WH_A,East,SKU0062,Housewares,1,143.09
108528,2025-02-12,WH_B,Central,SKU0041,Sports,7,83.25
108529,2025-02-12,WH_A,East,SKU0028,Electronics,1,199.29
108530,2025-02-12,WH_A,East,SKU0061,Office,3,16.92
108531,2025-02-12,WH_B,Central,SKU0009,Hardware,1,212.33
108532,2025-02-12,WH_B,Central,SKU0057,Electronics,1,230.38
108533,2025-02-12,WH_A,East,SKU0034,Office,1,151.6
108534,2025-02-12,WH_A,East,SKU0097,Office,2,102.08
108535,2025-02-12,WH_C,West,SKU0075,Sports,1,52.16
108536,2025-02-12,WH_C,West,SKU0082,Hardware,2,114.36
108537,2025-02-12,WH_B,Central,SKU0078,Housewares,1,28.94
108538,2025-02-12,WH_A,East,SKU0062,Housewares,1,133.98
108539,2025-02-12,WH_B,Central,SKU0066,Sports,1,21.34
108540,2025-02-12,WH_C,West,SKU0033,Housewares,2,142.51
108541,2025-02-12,WH_A,East,SKU0051,Hardware,1,84.81
108542,2025-02-12,WH_A,East,SKU0066,Sports,4,217.96
108543,2025-02-12,WH_C,West,SKU0081,Housewares,1,92.15
108544,2025-02-12,WH_B,Central,SKU0024,Electronics,5,243.59
108545,2025-02-12,WH_A,East,SKU0088,Housewares,1,198.24
108546,2025-02-12,WH_A,East,SKU0100,Office,1,69.61
108547,2025-02-12,WH_A,East,SKU0039,Office,3,118.32
108548,2025-02-12,WH_B,Central,SKU0069,Hardware,1,31.27
108549,2025-02-12,WH_A,East,SKU0068,Electronics,6,220.27
108550,2025-02-12,WH_C,West,SKU0043,Hardware,1,167.53
108551,2025-02-12,WH_B,Central,SKU0100,Office,1,163.35
108552,2025-02-12,WH_C,West,SKU0045,Electronics,7,68.75
108553,2025-02-12,WH_A,East,SKU0100,Office,1,199.81
108554,2025-02-12,WH_C,West,SKU0008,Electronics,3,105.12
108555,2025-02-12,WH_B,Central,SKU0055,Housewares,5,230.54
108556,2025-02-12,WH_B,Central,SKU0010,Electronics,1,14.67
108557,2025-02-12,WH_B,Central,SKU0022,Sports,2,186.22
108558,2025-02-12,WH_A,East,SKU0012,Housewares,1,29.36
108559,2025-02-12,WH_B,Central,SKU0046,Hardware,1,7.84
108560,2025-02-12,WH_A,East,SKU0065,Sports,3,40.79
108561,2025-02-12,WH_A,East,SKU0079,Hardware,3,62.46
108562,2025-02-12,WH_A,East,SKU0086,Hardware,14,135.29
108563,2025-02-12,WH_C,West,SKU0100,Office,1,194.31
108564,2025-02-12,WH_B,Central,SKU0035,Hardware,1,153.79
108565,2025-02-12,WH_C,West,SKU0009,Hardware,9,131.73
108566,2025-02-12,WH_B,Central,SKU0070,Hardware,4,79.18
108567,2025-02-12,WH_A,East,SKU0079,Hardware,3,29.33
108568,2025-02-12,WH_A,East,SKU0089,Electronics,6,53.94
108569,2025-02-12,WH_C,West,SKU0028,Electronics,1,239.76
108570,2025-02-12,WH_A,East,SKU0068,Electronics,1,67.33
108571,2025-02-12,WH_C,West,SKU0036,Housewares,2,245.27
108572,2025-02-12,WH_A,East,SKU0064,Sports,3,32.98
108573,2025-02-12,WH_B,Central,SKU0041,Sports,4,109.42
108574,2025-02-12,WH_B,Central,SKU0031,Sports,14,159.04
108575,2025-02-12,WH_C,West,SKU0069,Hardware,2,141.53
108576,2025-02-12,WH_A,East,SKU0086,Hardware,3,184.3
108577,2025-02-12,WH_B,Central,SKU0100,Office,1,37.01
108578,2025-02-12,WH_C,West,SKU0053,Hardware,1,122.1
108579,2025-02-12,WH_B,Central,SKU0048,Hardware,1,57.39
108580,2025-02-13,WH_A,East,SKU0075,Sports,7,12.99
108581,2025-02-13,WH_C,West,SKU0024,Electronics,8,227.27
108582,2025-02-13,WH_A,East,SKU0017,Hardware,3,12.97
108583,2025-02-13,WH_C,West,SKU0037,Sports,1,244.88
108584,2025-02-13,WH_B,Central,SKU0043,Hardware,7,241.32
108585,2025-02-13,WH_A,East,SKU0073,Office,16,20.65
108586,2025-02-13,WH_A,East,SKU0085,Hardware,2,209.36
108587,2025-02-13,WH_A,East,SKU0024,Electronics,1,111.71
108588,2025-02-13,WH_C,West,SKU0056,Housewares,1,14.33
108589,2025-02-13,WH_B,Central,SKU0073,Office,1,10.25
108590,2025-02-13,WH_B,Central,SKU0015,Housewares,2,156.51
108591,2025-02-13,WH_C,West,SKU0093,Sports,1,207.41
108592,2025-02-13,WH_C,West,SKU0008,Electronics,6,39.24
108593,2025-02-13,WH_A,East,SKU0061,Office,1,83.25
108594,2025-02-13,WH_B,Central,SKU0045,Electronics,3,129.32
108595,2025-02-13,WH_A,East,SKU0025,Office,2,42.34
108596,2025-02-13,WH_C,West,SKU0080,Hardware,1,239.93
108597,2025-02-13,WH_C,West,SKU0032,Sports,1,149.9
108598,2025-02-13,WH_C,West,SKU0079,Hardware,1,20.64
108599,2025-02-13,WH_C,West,SKU0032,Sports,1,153.01
108600,2025-02-13,WH_A,East,SKU0022,Sports,1,48.86
108601,2025-02-13,WH_A,East,SKU0055,Housewares,3,39.31
108602,2025-02-13,WH_C,West,SKU0100,Office,3,239.4
108603,2025-02-13,WH_B,Central,SKU0063,Housewares,1,54.11
108604,2025-02-13,WH_A,East,SKU0004,Hardware,5,128.84
108605,2025-02-13,WH_C,West,SKU0027,Electronics,7,181.54
108606,2025-02-13,WH_B,Central,SKU0088,Housewares,1,156.26
108607,2025-02-13,WH_B,Central,SKU0023,Hardware,1,99.87
108608,2025-02-13,WH_C,West,SKU0063,Housewares,2,149.56
108609,2025-02-13,WH_B,Central,SKU0093,Sports,2,187.17
108610,2025-02-13,WH_B,Central,SKU0009,Hardware,1,23.05
108611,2025-02-13,WH_A,East,SKU0051,Hardware,1,199.14
108612,2025-02-13,WH_C,West,SKU0094,Hardware,1,60.18
108613,2025-02-13,WH_C,West,SKU0044,Hardware,1,163.58
108614,2025-02-13,WH_A,East,SKU0077,Office,1,53.75
108615,2025-02-13,WH_C,West,SKU0067,Hardware,1,172.94
108616,2025-02-13,WH_C,West,SKU0093,Sports,4,35.35
108617,2025-02-13,WH_B,Central,SKU0054,Office,3,6.11
108618,2025-02-13,WH_C,West,SKU0069,Hardware,3,166.95
108619,2025-02-13,WH_A,East,SKU0005,Sports,1,38.53
108620,2025-02-13,WH_B,Central,SKU0023,Hardware,4,22.58
108621,2025-02-13,WH_B,Central,SKU0047,Electronics,6,194.5
108622,2025-02-13,WH_B,Central,SKU0100,Office,4,189.83
108623,2025-02-13,WH_C,West,SKU0025,Office,1,247.54
108624,2025-02-13,WH_B,Central,SKU0089,Electronics,5,129.44
108625,2025-02-13,WH_C,West,SKU0039,Office,3,186.12
108626,2025-02-13,WH_C,West,SKU0093,Sports,5,67.57
108627,2025-02-13,WH_B,Central,SKU0018,Housewares,1,200.92
108628,2025-02-13,WH_C,West,SKU0022,Sports,4,133.04
108629,2025-02-13,WH_A,East,SKU0050,Hardware,1,242.27
108630,2025-02-13,WH_B,Central,SKU0055,Housewares,1,192.18
108631,2025-02-13,WH_A,East,SKU0012,Housewares,1,80.91
108632,2025-02-13,WH_C,West,SKU0041,Sports,3,202.87
108633,2025-02-13,WH_C,West,SKU0098,Housewares,11,41.48
108634,2025-02-13,WH_B,Central,SKU0044,Hardware,6,133.41
108635,2025-02-13,WH_B,Central,SKU0068,Electronics,1,199.62
108636,2025-02-13,WH_C,West,SKU0064,Sports,1,217.72
108637,2025-02-13,WH_A,East,SKU0048,Hardware,1,179.22
108638,2025-02-13,WH_C,West,SKU0053,Hardware,1,68.05
108639,2025-02-13,WH_A,East,SKU0066,Sports,1,123.07
108640,2025-02-13,WH_A,East,SKU0040,Housewares,1,20.11
108641,2025-02-13,WH_A,East,SKU0069,Hardware,1,124.38
108642,2025-02-13,WH_B,Central,SKU0083,Housewares,4,232.71
108643,2025-02-13,WH_C,West,SKU0063,Housewares,2,103.81
108644,2025-02-13,WH_B,Central,SKU0041,Sports,9,240.9
108645,2025-02-13,WH_C,West,SKU0058,Sports,1,135.21
108646,2025-02-13,WH_B,Central,SKU0098,Housewares,5,206.45
108647,2025-02-13,WH_C,West,SKU0088,Housewares,3,120.51
108648,2025-02-13,WH_A,East,SKU0008,Electronics,1,202.57
108649,2025-02-13,WH_C,West,SKU0083,Housewares,1,109.97
108650,2025-02-13,WH_A,East,SKU0019,Sports,2,208.79
108651,2025-02-13,WH_A,East,SKU0028,Electronics,1,139.42
108652,2025-02-13,WH_A,East,SKU0048,Hardware,1,210.04
108653,2025-02-13,WH_C,West,SKU0022,Sports,4,205.92
108654,2025-02-13,WH_B,Central,SKU0054,Office,1,124.29
108655,2025-02-13,WH_B,Central,SKU0026,Hardware,1,170.07
108656,2025-02-13,WH_A,East,SKU0002,Electronics,1,194.77
108657,2025-02-13,WH_A,East,SKU0017,Hardware,1,130.75
108658,2025-02-13,WH_C,West,SKU0078,Housewares,1,141.69
108659,2025-02-13,WH_B,Central,SKU0076,Hardware,2,118.23
108660,2025-02-13,WH_A,East,SKU0100,Office,1,12.92
108661,2025-02-13,WH_A,East,SKU0094,Hardware,3,218.26
108662,2025-02-13,WH_C,West,SKU0073,Office,3,223.79
108663,2025-02-13,WH_C,West,SKU0076,Hardware,7,115.14
108664,2025-02-13,WH_A,East,SKU0029,Sports,3,102.36
108665,2025-02-13,WH_A,East,SKU0006,Sports,7,142.93
108666,2025-02-13,WH_B,Central,SKU0022,Sports,4,8.56
108667,2025-02-13,WH_C,West,SKU0026,Hardware,2,186.79
108668,2025-02-13,WH_C,West,SKU0045,Electronics,1,8.52
108669,2025-02-13,WH_C,West,SKU0012,Housewares,4,87.83
108670,2025-02-13,WH_C,West,SKU0004,Hardware,1,142.7
108671,2025-02-13,WH_A,East,SKU0068,Electronics,1,30.37
108672,2025-02-13,WH_C,West,SKU0088,Housewares,9,88.03
108673,2025-02-13,WH_C,West,SKU0003,Hardware,1,16.7
108674,2025-02-13,WH_B,Central,SKU0077,Office,1,110.57
108675,2025-02-13,WH_C,West,SKU0093,Sports,1,109.02
108676,2025-02-13,WH_B,Central,SKU0073,Office,3,162.24
108677,2025-02-13,WH_B,Central,SKU0010,Electronics,2,204.63
108678,2025-02-13,WH_B,Central,SKU0051,Hardware,5,149.75
108679,2025-02-13,WH_C,West,SKU0002,Electronics,1,104.51
108680,2025-02-13,WH_C,West,SKU0028,Electronics,3,20.4
108681,2025-02-13,WH_A,East,SKU0048,Hardware,1,237.34
108682,2025-02-13,WH_B,Central,SKU0097,Office,3,42.51
108683,2025-02-13,WH_C,West,SKU0070,Hardware,1,52.42
108684,2025-02-13,WH_B,Central,SKU0015,Housewares,1,100.96
108685,2025-02-13,WH_C,West,SKU0060,Hardware,3,238.76
108686,2025-02-13,WH_C,West,SKU0092,Housewares,4,61.38
108687,2025-02-13,WH_B,Central,SKU0023,Hardware,1,132.54
108688,2025-02-13,WH_B,Central,SKU0089,Electronics,1,209.07
108689,2025-02-13,WH_B,Central,SKU0097,Office,1,76.04
108690,2025-02-13,WH_C,West,SKU0007,Office,2,35.19
108691,2025-02-13,WH_A,East,SKU0072,Office,2,236.34
108692,2025-02-13,WH_B,Central,SKU0038,Housewares,3,204.13
108693,2025-02-13,WH_B,Central,SKU0076,Hardware,1,94.5
108694,2025-02-13,WH_C,West,SKU0072,Office,1,166.81
108695,2025-02-13,WH_B,Central,SKU0036,Housewares,2,120.72
108696,2025-02-13,WH_C,West,SKU0050,Hardware,1,169.98
108697,2025-02-13,WH_A,East,SKU0017,Hardware,3,53.07
108698,2025-02-13,WH_C,West,SKU0045,Electronics,4,220.45
108699,2025-02-13,WH_A,East,SKU0096,Hardware,1,115.75
108700,2025-02-13,WH_B,Central,SKU0041,Sports,6,124.39
108701,2025-02-13,WH_B,Central,SKU0052,Hardware,5,57.86
108702,2025-02-13,WH_B,Central,SKU0067,Hardware,1,19.57
108703,2025-02-13,WH_C,West,SKU0025,Office,10,45.36
108704,2025-02-13,WH_B,Central,SKU0075,Sports,6,82.35
108705,2025-02-13,WH_C,West,SKU0089,Electronics,1,64.04
108706,2025-02-13,WH_A,East,SKU0078,Housewares,2,31.16
108707,2025-02-13,WH_A,East,SKU0066,Sports,7,225.47
108708,2025-02-13,WH_A,East,SKU0026,Hardware,1,185.59
108709,2025-02-13,WH_B,Central,SKU0022,Sports,1,245.62
108710,2025-02-13,WH_C,West,SKU0056,Housewares,1,120.4
108711,2025-02-13,WH_A,East,SKU0071,Hardware,1,182.96
108712,2025-02-13,WH_A,East,SKU0056,Housewares,1,158.89
108713,2025-02-13,WH_A,East,SKU0002,Electronics,8,116.2
108714,2025-02-13,WH_C,West,SKU0069,Hardware,1,126.45
108715,2025-02-13,WH_C,West,SKU0089,Electronics,1,114.63
108716,2025-02-13,WH_B,Central,SKU0098,Housewares,1,249.53
108717,2025-02-13,WH_A,East,SKU0040,Housewares,1,74.9
108718,2025-02-13,WH_C,West,SKU0034,Office,1,138.33
108719,2025-02-13,WH_B,Central,SKU0065,Sports,1,230.67
108720,2025-02-13,WH_A,East,SKU0068,Electronics,2,224.54
108721,2025-02-13,WH_C,West,SKU0056,Housewares,1,41.73
108722,2025-02-13,WH_B,Central,SKU0094,Hardware,1,120.33
108723,2025-02-13,WH_C,West,SKU0038,Housewares,1,196.54
108724,2025-02-13,WH_C,West,SKU0001,Housewares,4,176.98
108725,2025-02-13,WH_A,East,SKU0038,Housewares,6,139.62
108726,2025-02-13,WH_B,Central,SKU0007,Office,1,134.65
108727,2025-02-13,WH_C,West,SKU0069,Hardware,1,130.51
108728,2025-02-13,WH_B,Central,SKU0007,Office,2,192.32
108729,2025-02-13,WH_A,East,SKU0051,Hardware,1,27.6
108730,2025-02-13,WH_B,Central,SKU0038,Housewares,2,198.05
108731,2025-02-13,WH_A,East,SKU0021,Sports,10,27.11
108732,2025-02-13,WH_B,Central,SKU0070,Hardware,4,150.98
108733,2025-02-13,WH_B,Central,SKU0020,Electronics,1,180.97
108734,2025-02-13,WH_A,East,SKU0039,Office,1,197.39
108735,2025-02-13,WH_C,West,SKU0036,Housewares,3,173.54
108736,2025-02-13,WH_B,Central,SKU0056,Housewares,1,230.16
108737,2025-02-13,WH_C,West,SKU0056,Housewares,6,225.56
108738,2025-02-13,WH_C,West,SKU0097,Office,1,125.58
108739,2025-02-13,WH_C,West,SKU0031,Sports,1,17.52
108740,2025-02-13,WH_A,East,SKU0039,Office,1,144.35
108741,2025-02-13,WH_A,East,SKU0034,Office,1,146.99
108742,2025-02-13,WH_B,Central,SKU0076,Hardware,2,227.23
108743,2025-02-13,WH_C,West,SKU0072,Office,6,181.05
108744,2025-02-13,WH_C,West,SKU0097,Office,5,5.77
108745,2025-02-13,WH_C,West,SKU0097,Office,1,117.35
108746,2025-02-13,WH_A,East,SKU0014,Electronics,3,199.55
108747,2025-02-13,WH_A,East,SKU0082,Hardware,1,235.34
108748,2025-02-13,WH_C,West,SKU0016,Housewares,5,30.18
108749,2025-02-13,WH_B,Central,SKU0080,Hardware,1,248.75
108750,2025-02-13,WH_A,East,SKU0080,Hardware,1,99.64
108751,2025-02-13,WH_A,East,SKU0046,Hardware,1,124.19
108752,2025-02-13,WH_A,East,SKU0069,Hardware,3,16.63
108753,2025-02-13,WH_A,East,SKU0024,Electronics,5,229.81
108754,2025-02-13,WH_B,Central,SKU0094,Hardware,4,229.33
108755,2025-02-13,WH_C,West,SKU0045,Electronics,1,115.28
108756,2025-02-13,WH_C,West,SKU0070,Hardware,1,210.02
108757,2025-02-13,WH_C,West,SKU0023,Hardware,9,77.95
108758,2025-02-13,WH_B,Central,SKU0047,Electronics,2,77.93
108759,2025-02-13,WH_C,West,SKU0075,Sports,1,121.76
108760,2025-02-13,WH_A,East,SKU0064,Sports,4,41.01
108761,2025-02-13,WH_B,Central,SKU0011,Hardware,1,54.46
108762,2025-02-13,WH_B,Central,SKU0086,Hardware,1,162.65
108763,2025-02-13,WH_A,East,SKU0004,Hardware,1,112.2
108764,2025-02-13,WH_B,Central,SKU0078,Housewares,3,114.99
108765,2025-02-13,WH_A,East,SKU0028,Electronics,7,193.45
108766,2025-02-13,WH_A,East,SKU0050,Hardware,1,36.95
108767,2025-02-13,WH_A,East,SKU0030,Housewares,6,102.24
108768,2025-02-13,WH_C,West,SKU0098,Housewares,1,203.45
108769,2025-02-13,WH_B,Central,SKU0094,Hardware,1,115.52
108770,2025-02-13,WH_A,East,SKU0089,Electronics,3,212.93
108771,2025-02-13,WH_A,East,SKU0032,Sports,6,119.09
108772,2025-02-13,WH_C,West,SKU0092,Housewares,5,13.76
108773,2025-02-13,WH_C,West,SKU0033,Housewares,1,7.57
108774,2025-02-13,WH_A,East,SKU0063,Housewares,1,182.56
108775,2025-02-13,WH_B,Central,SKU0013,Electronics,1,133.15
108776,2025-02-13,WH_C,West,SKU0100,Office,1,35.1
108777,2025-02-13,WH_C,West,SKU0026,Hardware,3,174.82
108778,2025-02-13,WH_C,West,SKU0076,Hardware,3,192.5
108779,2025-02-13,WH_C,West,SKU0015,Housewares,1,248.56
108780,2025-02-13,WH_B,Central,SKU0053,Hardware,1,163.69
108781,2025-02-13,WH_A,East,SKU0011,Hardware,10,59.96
108782,2025-02-13,WH_B,Central,SKU0019,Sports,1,146.11
108783,2025-02-13,WH_B,Central,SKU0002,Electronics,4,85.59
108784,2025-02-13,WH_B,Central,SKU0081,Housewares,5,64.06
108785,2025-02-13,WH_A,East,SKU0023,Hardware,6,66.97
108786,2025-02-13,WH_C,West,SKU0068,Electronics,2,92.66
108787,2025-02-13,WH_C,West,SKU0050,Hardware,1,91.73
108788,2025-02-13,WH_C,West,SKU0070,Hardware,2,212.04
108789,2025-02-13,WH_C,West,SKU0043,Hardware,4,115.09
108790,2025-02-13,WH_B,Central,SKU0063,Housewares,1,214.3
108791,2025-02-13,WH_A,East,SKU0075,Sports,6,116.15
108792,2025-02-13,WH_C,West,SKU0022,Sports,3,95.47
108793,2025-02-13,WH_A,East,SKU0073,Office,1,83.76
108794,2025-02-13,WH_A,East,SKU0093,Sports,3,193.51
108795,2025-02-13,WH_A,East,SKU0012,Housewares,5,9.34
108796,2025-02-13,WH_C,West,SKU0059,Electronics,1,72.11
108797,2025-02-13,WH_B,Central,SKU0055,Housewares,3,65.11
108798,2025-02-13,WH_B,Central,SKU0005,Sports,2,179.43
108799,2025-02-13,WH_C,West,SKU0057,Electronics,4,71.02
108800,2025-02-13,WH_B,Central,SKU0021,Sports,1,58.58
108801,2025-02-13,WH_A,East,SKU0083,Housewares,2,14.91
108802,2025-02-13,WH_B,Central,SKU0081,Housewares,1,248.89
108803,2025-02-13,WH_B,Central,SKU0064,Sports,1,126.65
108804,2025-02-13,WH_C,West,SKU0095,Electronics,1,150.02
108805,2025-02-13,WH_A,East,SKU0083,Housewares,1,134.9
108806,2025-02-13,WH_C,West,SKU0002,Electronics,2,242.03
108807,2025-02-13,WH_A,East,SKU0091,Electronics,1,144.76
108808,2025-02-13,WH_B,Central,SKU0057,Electronics,1,108.39
108809,2025-02-13,WH_B,Central,SKU0067,Hardware,1,173.67
108810,2025-02-13,WH_A,East,SKU0012,Housewares,1,119.78
108811,2025-02-13,WH_C,West,SKU0024,Electronics,1,119.69
108812,2025-02-13,WH_B,Central,SKU0093,Sports,1,64.38
108813,2025-02-13,WH_B,Central,SKU0100,Office,1,16.32
108814,2025-02-13,WH_B,Central,SKU0018,Housewares,1,197.29
108815,2025-02-13,WH_B,Central,SKU0089,Electronics,5,180.25
108816,2025-02-13,WH_A,East,SKU0072,Office,3,203.76
108817,2025-02-13,WH_B,Central,SKU0098,Housewares,1,133.69
108818,2025-02-13,WH_B,Central,SKU0078,Housewares,1,195.58
108819,2025-02-13,WH_B,Central,SKU0096,Hardware,2,203.46
108820,2025-02-13,WH_B,Central,SKU0051,Hardware,4,119.22
108821,2025-02-13,WH_B,Central,SKU0056,Housewares,2,11.93
108822,2025-02-13,WH_A,East,SKU0018,Housewares,2,170.98
108823,2025-02-13,WH_A,East,SKU0027,Electronics,1,246.7
108824,2025-02-13,WH_B,Central,SKU0020,Electronics,11,74.29
108825,2025-02-13,WH_C,West,SKU0058,Sports,3,12.35
108826,2025-02-13,WH_B,Central,SKU0064,Sports,3,157.88
108827,2025-02-13,WH_A,East,SKU0052,Hardware,5,79.57
108828,2025-02-13,WH_C,West,SKU0073,Office,6,215.2
108829,2025-02-13,WH_C,West,SKU0019,Sports,3,120.72
108830,2025-02-14,WH_A,East,SKU0003,Hardware,2,183.84
108831,2025-02-14,WH_B,Central,SKU0005,Sports,11,34.82
108832,2025-02-14,WH_C,West,SKU0038,Housewares,1,196.28
108833,2025-02-14,WH_C,West,SKU0080,Hardware,1,169.76
108834,2025-02-14,WH_B,Central,SKU0093,Sports,1,178.74
108835,2025-02-14,WH_B,Central,SKU0056,Housewares,3,148.53
108836,2025-02-14,WH_B,Central,SKU0010,Electronics,4,220.63
108837,2025-02-14,WH_B,Central,SKU0055,Housewares,5,36.26
108838,2025-02-14,WH_A,East,SKU0085,Hardware,4,115.19
108839,2025-02-14,WH_B,Central,SKU0041,Sports,1,220.51
108840,2025-02-14,WH_A,East,SKU0061,Office,2,127.8
108841,2025-02-14,WH_B,Central,SKU0090,Electronics,4,140.56
108842,2025-02-14,WH_B,Central,SKU0077,Office,5,30.21
108843,2025-02-14,WH_C,West,SKU0068,Electronics,4,45.14
108844,2025-02-14,WH_A,East,SKU0011,Hardware,1,48.97
108845,2025-02-14,WH_A,East,SKU0025,Office,1,184.3
108846,2025-02-14,WH_C,West,SKU0086,Hardware,3,61.3
108847,2025-02-14,WH_A,East,SKU0097,Office,1,29.33
108848,2025-02-14,WH_B,Central,SKU0043,Hardware,1,97.75
108849,2025-02-14,WH_A,East,SKU0089,Electronics,1,209.48
108850,2025-02-14,WH_C,West,SKU0076,Hardware,5,31.72
108851,2025-02-14,WH_A,East,SKU0020,Electronics,1,185.34
108852,2025-02-14,WH_A,East,SKU0069,Hardware,6,22.56
108853,2025-02-14,WH_A,East,SKU0067,Hardware,6,20.1
108854,2025-02-14,WH_C,West,SKU0048,Hardware,3,10.41
108855,2025-02-14,WH_B,Central,SKU0089,Electronics,7,91.65
108856,2025-02-14,WH_C,West,SKU0081,Housewares,3,50.23
108857,2025-02-14,WH_B,Central,SKU0030,Housewares,1,188.09
108858,2025-02-14,WH_B,Central,SKU0039,Office,10,248.05
108859,2025-02-14,WH_B,Central,SKU0027,Electronics,4,212.56
108860,2025-02-14,WH_B,Central,SKU0053,Hardware,10,14.88
108861,2025-02-14,WH_B,Central,SKU0093,Sports,1,17.91
108862,2025-02-14,WH_B,Central,SKU0013,Electronics,2,239.83
108863,2025-02-14,WH_A,East,SKU0039,Office,2,141.07
108864,2025-02-14,WH_C,West,SKU0087,Office,5,232.59
108865,2025-02-14,WH_A,East,SKU0017,Hardware,3,224.37
108866,2025-02-14,WH_C,West,SKU0065,Sports,1,128.33
108867,2025-02-14,WH_B,Central,SKU0092,Housewares,1,86.47
108868,2025-02-14,WH_B,Central,SKU0038,Housewares,1,224.03
108869,2025-02-14,WH_B,Central,SKU0034,Office,1,134.91
108870,2025-02-14,WH_C,West,SKU0018,Housewares,1,240.9
108871,2025-02-14,WH_C,West,SKU0079,Hardware,2,5.17
108872,2025-02-14,WH_C,West,SKU0003,Hardware,1,249.84
108873,2025-02-14,WH_B,Central,SKU0029,Sports,11,138.43
108874,2025-02-14,WH_A,East,SKU0081,Housewares,2,225.89
108875,2025-02-14,WH_C,West,SKU0052,Hardware,3,233.39
108876,2025-02-14,WH_C,West,SKU0054,Office,1,244.1
108877,2025-02-14,WH_C,West,SKU0068,Electronics,2,162.99
108878,2025-02-14,WH_A,East,SKU0007,Office,1,154.85
108879,2025-02-14,WH_B,Central,SKU0029,Sports,4,112.63
108880,2025-02-14,WH_B,Central,SKU0032,Sports,2,101.37
108881,2025-02-14,WH_B,Central,SKU0096,Hardware,10,121.77
108882,2025-02-14,WH_B,Central,SKU0022,Sports,1,12.07
108883,2025-02-14,WH_A,East,SKU0070,Hardware,4,139.18
108884,2025-02-14,WH_B,Central,SKU0004,Hardware,1,98.72
108885,2025-02-14,WH_C,West,SKU0066,Sports,7,237.2
108886,2025-02-14,WH_B,Central,SKU0096,Hardware,1,35.24
108887,2025-02-14,WH_B,Central,SKU0005,Sports,1,217.83
108888,2025-02-14,WH_C,West,SKU0097,Office,1,31.44
108889,2025-02-14,WH_B,Central,SKU0077,Office,1,229.73
108890,2025-02-14,WH_B,Central,SKU0028,Electronics,3,156.14
108891,2025-02-14,WH_A,East,SKU0096,Hardware,4,174.85
108892,2025-02-14,WH_A,East,SKU0030,Housewares,4,23.05
108893,2025-02-14,WH_B,Central,SKU0071,Hardware,2,189.54
108894,2025-02-14,WH_B,Central,SKU0033,Housewares,2,7.89
108895,2025-02-14,WH_C,West,SKU0003,Hardware,1,240.91
108896,2025-02-14,WH_A,East,SKU0068,Electronics,3,173.68
108897,2025-02-14,WH_C,West,SKU0020,Electronics,3,36.31
108898,2025-02-14,WH_C,West,SKU0078,Housewares,1,112.96
108899,2025-02-14,WH_C,West,SKU0100,Office,1,203.89
108900,2025-02-14,WH_B,Central,SKU0099,Office,1,72.4
108901,2025-02-14,WH_C,West,SKU0014,Electronics,1,102.97
108902,2025-02-14,WH_B,Central,SKU0070,Hardware,1,69.41
108903,2025-02-14,WH_A,East,SKU0043,Hardware,1,61.72
108904,2025-02-14,WH_B,Central,SKU0051,Hardware,1,136.49
108905,2025-02-14,WH_A,East,SKU0024,Electronics,1,20.54
108906,2025-02-14,WH_B,Central,SKU0077,Office,1,212.34
108907,2025-02-14,WH_C,West,SKU0013,Electronics,1,236.37
108908,2025-02-14,WH_C,West,SKU0013,Electronics,1,8.56
108909,2025-02-14,WH_C,West,SKU0085,Hardware,1,22.07
108910,2025-02-14,WH_A,East,SKU0016,Housewares,2,82.5
108911,2025-02-14,WH_C,West,SKU0017,Hardware,4,184.49
108912,2025-02-14,WH_C,West,SKU0005,Sports,1,142.35
108913,2025-02-14,WH_C,West,SKU0080,Hardware,2,71.32
108914,2025-02-14,WH_B,Central,SKU0063,Housewares,1,97.25
108915,2025-02-14,WH_C,West,SKU0048,Hardware,1,82.14
108916,2025-02-14,WH_A,East,SKU0029,Sports,2,137.33
108917,2025-02-14,WH_C,West,SKU0004,Hardware,1,7.04
108918,2025-02-14,WH_C,West,SKU0014,Electronics,1,13.86
108919,2025-02-14,WH_B,Central,SKU0009,Hardware,1,100.49
108920,2025-02-14,WH_B,Central,SKU0040,Housewares,1,57.78
108921,2025-02-14,WH_B,Central,SKU0047,Electronics,1,26.21
108922,2025-02-14,WH_A,East,SKU0075,Sports,1,104.39
108923,2025-02-14,WH_B,Central,SKU0079,Hardware,1,211.0
108924,2025-02-14,WH_B,Central,SKU0029,Sports,3,98.86
108925,2025-02-14,WH_C,West,SKU0072,Office,1,52.58
108926,2025-02-14,WH_C,West,SKU0011,Hardware,1,44.22
108927,2025-02-14,WH_C,West,SKU0083,Housewares,1,65.19
108928,2025-02-14,WH_A,East,SKU0013,Electronics,6,240.43
108929,2025-02-14,WH_C,West,SKU0036,Housewares,3,203.15
108930,2025-02-14,WH_A,East,SKU0075,Sports,1,167.93
108931,2025-02-14,WH_A,East,SKU0020,Electronics,1,240.25
108932,2025-02-14,WH_A,East,SKU0028,Electronics,3,82.63
108933,2025-02-14,WH_C,West,SKU0054,Office,4,8.87
108934,2025-02-14,WH_C,West,SKU0047,Electronics,1,224.44
108935,2025-02-14,WH_C,West,SKU0028,Electronics,1,168.64
108936,2025-02-14,WH_A,East,SKU0027,Electronics,1,101.13
108937,2025-02-14,WH_A,East,SKU0045,Electronics,4,228.0
108938,2025-02-14,WH_C,West,SKU0080,Hardware,1,72.84
108939,2025-02-14,WH_B,Central,SKU0041,Sports,2,155.38
108940,2025-02-14,WH_C,West,SKU0020,Electronics,1,202.35
108941,2025-02-14,WH_A,East,SKU0048,Hardware,4,104.28
108942,2025-02-14,WH_A,East,SKU0047,Electronics,1,52.65
108943,2025-02-14,WH_C,West,SKU0012,Housewares,2,232.24
108944,2025-02-14,WH_B,Central,SKU0098,Housewares,2,134.95
108945,2025-02-14,WH_C,West,SKU0045,Electronics,3,42.31
108946,2025-02-14,WH_B,Central,SKU0075,Sports,1,89.62
108947,2025-02-14,WH_C,West,SKU0021,Sports,15,219.61
108948,2025-02-14,WH_B,Central,SKU0066,Sports,3,100.83
108949,2025-02-14,WH_A,East,SKU0003,Hardware,2,79.37
108950,2025-02-14,WH_B,Central,SKU0025,Office,3,107.62
108951,2025-02-14,WH_C,West,SKU0052,Hardware,1,57.7
108952,2025-02-14,WH_A,East,SKU0073,Office,2,175.17
108953,2025-02-14,WH_C,West,SKU0028,Electronics,1,203.04
108954,2025-02-14,WH_A,East,SKU0016,Housewares,5,182.16
108955,2025-02-14,WH_C,West,SKU0025,Office,3,61.81
108956,2025-02-14,WH_B,Central,SKU0046,Hardware,7,70.8
108957,2025-02-14,WH_A,East,SKU0094,Hardware,1,161.44
108958,2025-02-14,WH_C,West,SKU0011,Hardware,1,233.59
108959,2025-02-14,WH_C,West,SKU0034,Office,1,45.11
108960,2025-02-14,WH_B,Central,SKU0054,Office,9,131.28
108961,2025-02-14,WH_A,East,SKU0022,Sports,2,99.52
108962,2025-02-14,WH_B,Central,SKU0016,Housewares,5,75.47
108963,2025-02-14,WH_C,West,SKU0076,Hardware,1,126.83
108964,2025-02-14,WH_A,East,SKU0004,Hardware,7,71.95
108965,2025-02-14,WH_B,Central,SKU0089,Electronics,1,185.83
108966,2025-02-14,WH_B,Central,SKU0033,Housewares,4,111.71
108967,2025-02-14,WH_C,West,SKU0027,Electronics,5,47.12
108968,2025-02-14,WH_C,West,SKU0029,Sports,1,104.05
108969,2025-02-14,WH_A,East,SKU0029,Sports,1,58.35
108970,2025-02-14,WH_C,West,SKU0001,Housewares,1,9.41
108971,2025-02-14,WH_B,Central,SKU0069,Hardware,3,172.57
108972,2025-02-14,WH_B,Central,SKU0060,Hardware,1,84.11
108973,2025-02-14,WH_B,Central,SKU0034,Office,1,234.45
108974,2025-02-14,WH_C,West,SKU0001,Housewares,2,184.18
108975,2025-02-14,WH_B,Central,SKU0041,Sports,1,28.22
108976,2025-02-14,WH_B,Central,SKU0066,Sports,1,120.64
108977,2025-02-14,WH_A,East,SKU0045,Electronics,3,194.66
108978,2025-02-14,WH_C,West,SKU0059,Electronics,3,228.63
108979,2025-02-14,WH_B,Central,SKU0050,Hardware,1,214.56
108980,2025-02-14,WH_B,Central,SKU0094,Hardware,3,48.0
108981,2025-02-14,WH_C,West,SKU0072,Office,3,130.38
108982,2025-02-14,WH_C,West,SKU0071,Hardware,1,65.75
108983,2025-02-14,WH_B,Central,SKU0059,Electronics,1,63.59
108984,2025-02-14,WH_B,Central,SKU0072,Office,1,212.3
108985,2025-02-14,WH_C,West,SKU0074,Hardware,2,94.1
108986,2025-02-14,WH_B,Central,SKU0095,Electronics,1,216.88
108987,2025-02-14,WH_B,Central,SKU0082,Hardware,1,98.14
108988,2025-02-14,WH_B,Central,SKU0091,Electronics,4,54.13
108989,2025-02-14,WH_C,West,SKU0099,Office,3,111.41
108990,2025-02-14,WH_B,Central,SKU0070,Hardware,2,197.79
108991,2025-02-14,WH_A,East,SKU0088,Housewares,14,208.72
108992,2025-02-14,WH_B,Central,SKU0076,Hardware,1,60.02
108993,2025-02-14,WH_A,East,SKU0014,Electronics,1,181.21
108994,2025-02-14,WH_A,East,SKU0075,Sports,2,225.94
108995,2025-02-14,WH_C,West,SKU0034,Office,1,68.34
108996,2025-02-14,WH_C,West,SKU0072,Office,1,187.32
108997,2025-02-14,WH_B,Central,SKU0027,Electronics,1,8.68
108998,2025-02-14,WH_A,East,SKU0029,Sports,4,93.64
108999,2025-02-14,WH_C,West,SKU0033,Housewares,1,49.77
109000,2025-02-14,WH_C,West,SKU0020,Electronics,8,235.8
109001,2025-02-14,WH_C,West,SKU0018,Housewares,1,62.03
109002,2025-02-14,WH_A,East,SKU0092,Housewares,3,169.25
109003,2025-02-14,WH_B,Central,SKU0037,Sports,1,144.28
109004,2025-02-14,WH_B,Central,SKU0047,Electronics,3,237.87
109005,2025-02-14,WH_B,Central,SKU0053,Hardware,3,32.02
109006,2025-02-14,WH_B,Central,SKU0051,Hardware,3,21.59
109007,2025-02-14,WH_A,East,SKU0084,Office,2,134.09
109008,2025-02-14,WH_B,Central,SKU0083,Housewares,4,7.83
109009,2025-02-14,WH_B,Central,SKU0034,Office,6,167.65
109010,2025-02-15,WH_A,East,SKU0019,Sports,1,44.21
109011,2025-02-15,WH_B,Central,SKU0054,Office,1,192.66
109012,2025-02-15,WH_A,East,SKU0015,Housewares,1,16.17
109013,2025-02-15,WH_B,Central,SKU0100,Office,1,142.09
109014,2025-02-15,WH_A,East,SKU0087,Office,2,65.33
109015,2025-02-15,WH_A,East,SKU0030,Housewares,8,214.43
109016,2025-02-15,WH_A,East,SKU0071,Hardware,1,121.27
109017,2025-02-15,WH_B,Central,SKU0051,Hardware,2,190.26
109018,2025-02-15,WH_A,East,SKU0079,Hardware,1,138.89
109019,2025-02-15,WH_C,West,SKU0073,Office,1,191.89
109020,2025-02-15,WH_A,East,SKU0018,Housewares,2,207.81
109021,2025-02-15,WH_B,Central,SKU0016,Housewares,1,226.56
109022,2025-02-15,WH_A,East,SKU0030,Housewares,5,205.53
109023,2025-02-15,WH_B,Central,SKU0074,Hardware,1,69.55
109024,2025-02-15,WH_B,Central,SKU0061,Office,11,237.82
109025,2025-02-15,WH_B,Central,SKU0050,Hardware,1,111.06
109026,2025-02-15,WH_A,East,SKU0089,Electronics,1,69.35
109027,2025-02-15,WH_C,West,SKU0047,Electronics,1,24.83
109028,2025-02-15,WH_C,West,SKU0011,Hardware,2,63.99
109029,2025-02-15,WH_A,East,SKU0002,Electronics,14,131.28
109030,2025-02-15,WH_A,East,SKU0083,Housewares,1,228.72
109031,2025-02-15,WH_B,Central,SKU0058,Sports,2,36.13
109032,2025-02-15,WH_A,East,SKU0094,Hardware,2,113.06
109033,2025-02-15,WH_C,West,SKU0001,Housewares,4,174.98
109034,2025-02-15,WH_B,Central,SKU0016,Housewares,1,120.02
109035,2025-02-15,WH_A,East,SKU0004,Hardware,2,108.5
109036,2025-02-15,WH_C,West,SKU0093,Sports,1,226.83
109037,2025-02-15,WH_C,West,SKU0024,Electronics,3,120.08
109038,2025-02-15,WH_B,Central,SKU0086,Hardware,2,57.23
109039,2025-02-15,WH_A,East,SKU0088,Housewares,2,187.78
109040,2025-02-15,WH_A,East,SKU0039,Office,2,122.76
109041,2025-02-15,WH_B,Central,SKU0062,Housewares,1,191.6
109042,2025-02-15,WH_A,East,SKU0099,Office,4,188.77
109043,2025-02-15,WH_B,Central,SKU0083,Housewares,1,156.38
109044,2025-02-15,WH_A,East,SKU0086,Hardware,4,142.66
109045,2025-02-15,WH_B,Central,SKU0004,Hardware,4,214.33
109046,2025-02-15,WH_C,West,SKU0019,Sports,1,80.05
109047,2025-02-15,WH_A,East,SKU0087,Office,2,75.97
109048,2025-02-15,WH_C,West,SKU0069,Hardware,8,52.56
109049,2025-02-15,WH_A,East,SKU0014,Electronics,1,248.61
109050,2025-02-15,WH_A,East,SKU0089,Electronics,1,114.96
109051,2025-02-15,WH_B,Central,SKU0079,Hardware,1,203.4
109052,2025-02-15,WH_B,Central,SKU0022,Sports,1,44.55
109053,2025-02-15,WH_A,East,SKU0085,Hardware,8,82.76
109054,2025-02-15,WH_B,Central,SKU0038,Housewares,4,76.19
109055,2025-02-15,WH_A,East,SKU0049,Housewares,1,201.59
109056,2025-02-15,WH_B,Central,SKU0058,Sports,1,86.33
109057,2025-02-15,WH_C,West,SKU0001,Housewares,4,130.47
109058,2025-02-15,WH_C,West,SKU0039,Office,3,21.37
109059,2025-02-15,WH_A,East,SKU0038,Housewares,4,47.13
109060,2025-02-15,WH_B,Central,SKU0089,Electronics,4,143.22
109061,2025-02-15,WH_A,East,SKU0019,Sports,4,57.14
109062,2025-02-15,WH_C,West,SKU0023,Hardware,1,201.51
109063,2025-02-15,WH_C,West,SKU0017,Hardware,7,60.51
109064,2025-02-15,WH_A,East,SKU0038,Housewares,4,31.6
109065,2025-02-15,WH_A,East,SKU0013,Electronics,1,234.99
109066,2025-02-15,WH_A,East,SKU0088,Housewares,8,77.69
109067,2025-02-15,WH_C,West,SKU0098,Housewares,1,41.62
109068,2025-02-15,WH_B,Central,SKU0022,Sports,1,27.56
109069,2025-02-15,WH_C,West,SKU0069,Hardware,1,9.17
109070,2025-02-15,WH_C,West,SKU0055,Housewares,1,225.57
109071,2025-02-15,WH_C,West,SKU0084,Office,1,23.07
109072,2025-02-15,WH_A,East,SKU0029,Sports,3,239.13
109073,2025-02-15,WH_A,East,SKU0024,Electronics,1,157.95
109074,2025-02-15,WH_C,West,SKU0014,Electronics,7,107.68
109075,2025-02-15,WH_C,West,SKU0079,Hardware,3,112.97
109076,2025-02-15,WH_C,West,SKU0009,Hardware,9,128.43
109077,2025-02-15,WH_C,West,SKU0006,Sports,6,129.26
109078,2025-02-15,WH_C,West,SKU0060,Hardware,3,99.6
109079,2025-02-15,WH_C,West,SKU0034,Office,7,163.5
109080,2025-02-15,WH_A,East,SKU0097,Office,1,8.83
109081,2025-02-15,WH_B,Central,SKU0062,Housewares,3,33.0
109082,2025-02-15,WH_B,Central,SKU0030,Housewares,3,83.89
109083,2025-02-15,WH_C,West,SKU0018,Housewares,2,47.73
109084,2025-02-15,WH_B,Central,SKU0093,Sports,1,112.04
109085,2025-02-15,WH_C,West,SKU0080,Hardware,3,43.15
109086,2025-02-15,WH_B,Central,SKU0087,Office,1,55.71
109087,2025-02-15,WH_C,West,SKU0085,Hardware,5,163.76
109088,2025-02-15,WH_A,East,SKU0062,Housewares,1,237.0
109089,2025-02-15,WH_B,Central,SKU0071,Hardware,3,233.4
109090,2025-02-15,WH_C,West,SKU0058,Sports,2,38.82
109091,2025-02-15,WH_C,West,SKU0079,Hardware,3,54.37
109092,2025-02-15,WH_A,East,SKU0049,Housewares,1,129.86
109093,2025-02-15,WH_B,Central,SKU0067,Hardware,1,10.09
109094,2025-02-15,WH_C,West,SKU0066,Sports,1,206.96
109095,2025-02-15,WH_A,East,SKU0076,Hardware,1,31.81
109096,2025-02-15,WH_C,West,SKU0028,Electronics,4,79.93
109097,2025-02-15,WH_C,West,SKU0074,Hardware,8,98.16
109098,2025-02-15,WH_C,West,SKU0070,Hardware,4,68.4
109099,2025-02-15,WH_A,East,SKU0008,Electronics,1,220.98
109100,2025-02-15,WH_A,East,SKU0095,Electronics,7,178.48
109101,2025-02-15,WH_A,East,SKU0093,Sports,4,6.75
109102,2025-02-15,WH_C,West,SKU0098,Housewares,4,120.69
109103,2025-02-15,WH_C,West,SKU0053,Hardware,1,137.32
109104,2025-02-15,WH_B,Central,SKU0041,Sports,1,175.59
109105,2025-02-15,WH_A,East,SKU0039,Office,1,141.86
109106,2025-02-15,WH_B,Central,SKU0063,Housewares,1,170.39
109107,2025-02-15,WH_A,East,SKU0062,Housewares,1,46.75
109108,2025-02-15,WH_B,Central,SKU0018,Housewares,1,34.84
109109,2025-02-15,WH_B,Central,SKU0044,Hardware,1,59.47
109110,2025-02-15,WH_C,West,SKU0065,Sports,1,18.33
109111,2025-02-15,WH_B,Central,SKU0098,Housewares,8,34.2
109112,2025-02-15,WH_C,West,SKU0014,Electronics,3,136.09
109113,2025-02-15,WH_A,East,SKU0073,Office,2,30.85
109114,2025-02-15,WH_B,Central,SKU0075,Sports,1,196.07
109115,2025-02-15,WH_B,Central,SKU0038,Housewares,1,116.98
109116,2025-02-15,WH_B,Central,SKU0074,Hardware,2,111.28
109117,2025-02-15,WH_C,West,SKU0010,Electronics,4,188.43
109118,2025-02-15,WH_C,West,SKU0045,Electronics,1,203.96
109119,2025-02-15,WH_A,East,SKU0090,Electronics,2,158.8
109120,2025-02-15,WH_C,West,SKU0082,Hardware,6,121.62
109121,2025-02-15,WH_C,West,SKU0062,Housewares,4,158.88
109122,2025-02-15,WH_A,East,SKU0071,Hardware,1,198.32
109123,2025-02-15,WH_C,West,SKU0003,Hardware,1,147.4
109124,2025-02-15,WH_A,East,SKU0046,Hardware,1,43.26
109125,2025-02-15,WH_B,Central,SKU0021,Sports,2,80.36
109126,2025-02-15,WH_C,West,SKU0017,Hardware,1,239.18
109127,2025-02-15,WH_C,West,SKU0059,Electronics,1,143.36
109128,2025-02-15,WH_A,East,SKU0046,Hardware,2,20.19
109129,2025-02-15,WH_B,Central,SKU0040,Housewares,3,130.66
109130,2025-02-15,WH_B,Central,SKU0055,Housewares,1,21.17
109131,2025-02-15,WH_B,Central,SKU0056,Housewares,1,221.6
109132,2025-02-15,WH_A,East,SKU0012,Housewares,1,58.74
109133,2025-02-15,WH_A,East,SKU0094,Hardware,1,223.25
109134,2025-02-15,WH_C,West,SKU0068,Electronics,3,221.05
109135,2025-02-15,WH_A,East,SKU0082,Hardware,7,232.35
109136,2025-02-15,WH_A,East,SKU0071,Hardware,1,121.67
109137,2025-02-15,WH_A,East,SKU0027,Electronics,5,86.32
109138,2025-02-15,WH_B,Central,SKU0076,Hardware,1,86.23
109139,2025-02-15,WH_C,West,SKU0040,Housewares,3,35.29
109140,2025-02-15,WH_A,East,SKU0066,Sports,4,204.79
109141,2025-02-15,WH_A,East,SKU0007,Office,1,28.97
109142,2025-02-15,WH_B,Central,SKU0044,Hardware,1,92.32
109143,2025-02-15,WH_C,West,SKU0017,Hardware,2,123.96
109144,2025-02-15,WH_A,East,SKU0027,Electronics,5,39.85
109145,2025-02-15,WH_B,Central,SKU0076,Hardware,3,139.48
109146,2025-02-15,WH_C,West,SKU0030,Housewares,4,88.78
109147,2025-02-15,WH_B,Central,SKU0075,Sports,1,12.01
109148,2025-02-15,WH_B,Central,SKU0071,Hardware,1,96.87
109149,2025-02-15,WH_B,Central,SKU0029,Sports,1,26.01
109150,2025-02-15,WH_B,Central,SKU0004,Hardware,5,236.78
109151,2025-02-15,WH_B,Central,SKU0044,Hardware,2,18.08
109152,2025-02-15,WH_A,East,SKU0047,Electronics,4,58.21
109153,2025-02-15,WH_B,Central,SKU0049,Housewares,3,111.41
109154,2025-02-15,WH_B,Central,SKU0018,Housewares,1,73.29
109155,2025-02-15,WH_C,West,SKU0010,Electronics,1,185.38
109156,2025-02-15,WH_C,West,SKU0023,Hardware,1,75.32
109157,2025-02-15,WH_A,East,SKU0036,Housewares,1,155.87
109158,2025-02-15,WH_A,East,SKU0030,Housewares,1,232.61
109159,2025-02-15,WH_A,East,SKU0062,Housewares,4,195.58
109160,2025-02-15,WH_B,Central,SKU0061,Office,1,70.32
109161,2025-02-15,WH_A,East,SKU0066,Sports,2,8.3
109162,2025-02-15,WH_C,West,SKU0006,Sports,6,195.55
109163,2025-02-15,WH_C,West,SKU0091,Electronics,1,213.01
109164,2025-02-15,WH_C,West,SKU0051,Hardware,1,32.98
109165,2025-02-15,WH_B,Central,SKU0005,Sports,1,122.39
109166,2025-02-15,WH_B,Central,SKU0026,Hardware,4,48.74
109167,2025-02-15,WH_A,East,SKU0001,Housewares,4,50.31
109168,2025-02-15,WH_B,Central,SKU0026,Hardware,13,214.1
109169,2025-02-15,WH_B,Central,SKU0081,Housewares,4,149.96
109170,2025-02-15,WH_C,West,SKU0074,Hardware,1,34.22
109171,2025-02-15,WH_C,West,SKU0008,Electronics,1,103.65
109172,2025-02-15,WH_C,West,SKU0075,Sports,3,46.67
109173,2025-02-15,WH_C,West,SKU0078,Housewares,2,174.87
109174,2025-02-15,WH_A,East,SKU0095,Electronics,1,196.1
109175,2025-02-15,WH_C,West,SKU0088,Housewares,1,44.84
109176,2025-02-15,WH_B,Central,SKU0100,Office,1,73.33
109177,2025-02-15,WH_C,West,SKU0031,Sports,1,142.92
109178,2025-02-15,WH_B,Central,SKU0099,Office,8,224.54
109179,2025-02-15,WH_A,East,SKU0089,Electronics,1,216.84
109180,2025-02-15,WH_B,Central,SKU0069,Hardware,9,77.07
109181,2025-02-15,WH_B,Central,SKU0029,Sports,7,249.37
109182,2025-02-15,WH_A,East,SKU0095,Electronics,4,100.6
109183,2025-02-15,WH_A,East,SKU0076,Hardware,2,94.23
109184,2025-02-15,WH_C,West,SKU0084,Office,16,21.62
109185,2025-02-15,WH_B,Central,SKU0089,Electronics,6,23.26
109186,2025-02-15,WH_C,West,SKU0029,Sports,1,235.29
109187,2025-02-15,WH_A,East,SKU0030,Housewares,6,93.58
109188,2025-02-15,WH_C,West,SKU0014,Electronics,9,216.15
109189,2025-02-15,WH_B,Central,SKU0024,Electronics,6,150.8
109190,2025-02-16,WH_C,West,SKU0058,Sports,9,203.35
109191,2025-02-16,WH_C,West,SKU0090,Electronics,8,73.97
109192,2025-02-16,WH_B,Central,SKU0030,Housewares,2,217.58
109193,2025-02-16,WH_C,West,SKU0097,Office,2,201.27
109194,2025-02-16,WH_C,West,SKU0060,Hardware,10,202.12
109195,2025-02-16,WH_A,East,SKU0075,Sports,1,34.08
109196,2025-02-16,WH_C,West,SKU0028,Electronics,1,167.38
109197,2025-02-16,WH_B,Central,SKU0083,Housewares,1,51.48
109198,2025-02-16,WH_C,West,SKU0057,Electronics,1,219.43
109199,2025-02-16,WH_B,Central,SKU0031,Sports,1,17.23
109200,2025-02-16,WH_B,Central,SKU0066,Sports,2,48.55
109201,2025-02-16,WH_C,West,SKU0029,Sports,1,50.14
109202,2025-02-16,WH_B,Central,SKU0020,Electronics,2,18.61
109203,2025-02-16,WH_C,West,SKU0017,Hardware,8,35.17
109204,2025-02-16,WH_C,West,SKU0007,Office,9,195.64
109205,2025-02-16,WH_C,West,SKU0099,Office,5,47.34
109206,2025-02-16,WH_A,East,SKU0057,Electronics,3,205.18
109207,2025-02-16,WH_A,East,SKU0011,Hardware,2,140.01
109208,2025-02-16,WH_B,Central,SKU0088,Housewares,1,106.49
109209,2025-02-16,WH_A,East,SKU0073,Office,1,243.35
109210,2025-02-16,WH_C,West,SKU0016,Housewares,3,16.86
109211,2025-02-16,WH_B,Central,SKU0097,Office,1,161.3
109212,2025-02-16,WH_B,Central,SKU0090,Electronics,1,167.92
109213,2025-02-16,WH_B,Central,SKU0090,Electronics,1,104.93
109214,2025-02-16,WH_B,Central,SKU0023,Hardware,2,94.44
109215,2025-02-16,WH_A,East,SKU0087,Office,1,211.69
109216,2025-02-16,WH_A,East,SKU0094,Hardware,1,165.52
109217,2025-02-16,WH_A,East,SKU0068,Electronics,5,42.4
109218,2025-02-16,WH_C,West,SKU0032,Sports,1,207.26
109219,2025-02-16,WH_B,Central,SKU0005,Sports,2,207.79
109220,2025-02-16,WH_A,East,SKU0083,Housewares,1,208.99
109221,2025-02-16,WH_B,Central,SKU0067,Hardware,1,221.38
109222,2025-02-16,WH_C,West,SKU0084,Office,5,144.0
109223,2025-02-16,WH_B,Central,SKU0072,Office,2,89.73
109224,2025-02-16,WH_A,East,SKU0085,Hardware,1,116.58
109225,2025-02-16,WH_C,West,SKU0039,Office,3,249.62
109226,2025-02-16,WH_A,East,SKU0045,Electronics,5,111.41
109227,2025-02-16,WH_C,West,SKU0062,Housewares,4,31.47
109228,2025-02-16,WH_A,East,SKU0070,Hardware,1,109.11
109229,2025-02-16,WH_B,Central,SKU0068,Electronics,20,100.8
109230,2025-02-16,WH_B,Central,SKU0082,Hardware,1,21.47
109231,2025-02-16,WH_B,Central,SKU0048,Hardware,3,75.83
109232,2025-02-16,WH_B,Central,SKU0071,Hardware,6,123.32
109233,2025-02-16,WH_C,West,SKU0013,Electronics,1,190.98
109234,2025-02-16,WH_C,West,SKU0043,Hardware,1,185.66
109235,2025-02-16,WH_B,Central,SKU0042,Electronics,3,182.19
109236,2025-02-16,WH_B,Central,SKU0032,Sports,5,212.86
109237,2025-02-16,WH_B,Central,SKU0031,Sports,3,239.46
109238,2025-02-16,WH_B,Central,SKU0025,Office,1,232.95
109239,2025-02-16,WH_A,East,SKU0051,Hardware,1,56.85
109240,2025-02-16,WH_A,East,SKU0012,Housewares,5,103.11
109241,2025-02-16,WH_B,Central,SKU0058,Sports,1,69.0
109242,2025-02-16,WH_B,Central,SKU0058,Sports,1,31.03
109243,2025-02-16,WH_C,West,SKU0062,Housewares,1,143.85
109244,2025-02-16,WH_B,Central,SKU0029,Sports,3,186.02
109245,2025-02-16,WH_A,East,SKU0041,Sports,1,230.88
109246,2025-02-16,WH_A,East,SKU0032,Sports,1,32.23
109247,2025-02-16,WH_A,East,SKU0061,Office,8,137.47
109248,2025-02-16,WH_A,East,SKU0091,Electronics,10,101.45
109249,2025-02-16,WH_C,West,SKU0042,Electronics,4,31.93
109250,2025-02-16,WH_B,Central,SKU0021,Sports,5,46.82
109251,2025-02-16,WH_B,Central,SKU0077,Office,1,28.95
109252,2025-02-16,WH_A,East,SKU0064,Sports,2,76.51
109253,2025-02-16,WH_A,East,SKU0074,Hardware,9,213.91
109254,2025-02-16,WH_C,West,SKU0025,Office,4,203.36
109255,2025-02-16,WH_A,East,SKU0006,Sports,6,216.98
109256,2025-02-16,WH_B,Central,SKU0047,Electronics,7,233.92
109257,2025-02-16,WH_B,Central,SKU0043,Hardware,1,58.79
109258,2025-02-16,WH_B,Central,SKU0069,Hardware,3,35.22
109259,2025-02-16,WH_C,West,SKU0029,Sports,1,194.37
109260,2025-02-16,WH_A,East,SKU0004,Hardware,3,164.46
109261,2025-02-16,WH_C,West,SKU0055,Housewares,9,168.57
109262,2025-02-16,WH_B,Central,SKU0098,Housewares,1,73.68
109263,2025-02-16,WH_B,Central,SKU0074,Hardware,1,73.06
109264,2025-02-16,WH_A,East,SKU0037,Sports,1,69.09
109265,2025-02-16,WH_B,Central,SKU0073,Office,5,183.42
109266,2025-02-16,WH_A,East,SKU0092,Housewares,2,226.04
109267,2025-02-16,WH_A,East,SKU0068,Electronics,1,146.53
109268,2025-02-16,WH_B,Central,SKU0085,Hardware,1,223.54
109269,2025-02-16,WH_C,West,SKU0056,Housewares,1,48.58
109270,2025-02-16,WH_C,West,SKU0038,Housewares,1,212.82
109271,2025-02-16,WH_B,Central,SKU0067,Hardware,1,231.67
109272,2025-02-16,WH_B,Central,SKU0046,Hardware,1,66.52
109273,2025-02-16,WH_C,West,SKU0043,Hardware,1,105.2
109274,2025-02-16,WH_B,Central,SKU0021,Sports,2,148.77
109275,2025-02-16,WH_B,Central,SKU0088,Housewares,1,114.36
109276,2025-02-16,WH_A,East,SKU0089,Electronics,1,99.03
109277,2025-02-16,WH_B,Central,SKU0079,Hardware,1,151.41
109278,2025-02-16,WH_A,East,SKU0015,Housewares,1,192.17
109279,2025-02-16,WH_B,Central,SKU0063,Housewares,3,78.2
109280,2025-02-16,WH_A,East,SKU0009,Hardware,1,237.0
109281,2025-02-16,WH_C,West,SKU0039,Office,1,203.78
109282,2025-02-16,WH_B,Central,SKU0098,Housewares,2,156.61
109283,2025-02-16,WH_B,Central,SKU0024,Electronics,3,116.72
109284,2025-02-16,WH_C,West,SKU0038,Housewares,1,227.85
109285,2025-02-16,WH_C,West,SKU0085,Hardware,4,142.1
109286,2025-02-16,WH_B,Central,SKU0091,Electronics,1,127.34
109287,2025-02-16,WH_A,East,SKU0050,Hardware,5,8.06
109288,2025-02-16,WH_A,East,SKU0079,Hardware,6,16.45
109289,2025-02-16,WH_B,Central,SKU0038,Housewares,2,86.62
109290,2025-02-16,WH_A,East,SKU0008,Electronics,3,25.96
109291,2025-02-16,WH_B,Central,SKU0070,Hardware,2,214.53
109292,2025-02-16,WH_C,West,SKU0070,Hardware,2,25.66
109293,2025-02-16,WH_B,Central,SKU0096,Hardware,1,157.19
109294,2025-02-16,WH_A,East,SKU0042,Electronics,1,22.47
109295,2025-02-16,WH_B,Central,SKU0016,Housewares,1,56.33
109296,2025-02-16,WH_B,Central,SKU0095,Electronics,1,122.84
109297,2025-02-16,WH_C,West,SKU0097,Office,1,58.72
109298,2025-02-16,WH_C,West,SKU0026,Hardware,2,76.27
109299,2025-02-16,WH_C,West,SKU0071,Hardware,1,172.27
109300,2025-02-16,WH_B,Central,SKU0034,Office,2,56.97
109301,2025-02-16,WH_A,East,SKU0027,Electronics,2,239.12
109302,2025-02-16,WH_B,Central,SKU0099,Office,9,135.33
109303,2025-02-16,WH_C,West,SKU0028,Electronics,1,117.26
109304,2025-02-16,WH_A,East,SKU0019,Sports,1,106.72
109305,2025-02-16,WH_B,Central,SKU0080,Hardware,7,119.52
109306,2025-02-16,WH_B,Central,SKU0003,Hardware,2,43.72
109307,2025-02-16,WH_C,West,SKU0093,Sports,1,248.38
109308,2025-02-16,WH_C,West,SKU0048,Hardware,1,73.44
109309,2025-02-16,WH_A,East,SKU0097,Office,2,187.6
109310,2025-02-16,WH_C,West,SKU0052,Hardware,1,133.41
109311,2025-02-16,WH_A,East,SKU0050,Hardware,1,122.84
109312,2025-02-16,WH_C,West,SKU0064,Sports,1,129.98
109313,2025-02-16,WH_C,West,SKU0036,Housewares,1,210.8
109314,2025-02-16,WH_A,East,SKU0097,Office,2,235.67
109315,2025-02-16,WH_A,East,SKU0020,Electronics,2,49.63
109316,2025-02-16,WH_C,West,SKU0099,Office,1,167.85
109317,2025-02-16,WH_A,East,SKU0054,Office,1,140.4
109318,2025-02-16,WH_A,East,SKU0060,Hardware,1,195.4
109319,2025-02-16,WH_A,East,SKU0068,Electronics,7,82.14
109320,2025-02-16,WH_C,West,SKU0057,Electronics,4,27.53
109321,2025-02-16,WH_B,Central,SKU0031,Sports,1,118.16
109322,2025-02-16,WH_B,Central,SKU0096,Hardware,1,156.81
109323,2025-02-16,WH_A,East,SKU0075,Sports,2,26.38
109324,2025-02-16,WH_A,East,SKU0005,Sports,1,17.67
109325,2025-02-16,WH_C,West,SKU0095,Electronics,9,163.11
109326,2025-02-16,WH_C,West,SKU0059,Electronics,5,137.61
109327,2025-02-16,WH_A,East,SKU0053,Hardware,1,158.52
109328,2025-02-16,WH_C,West,SKU0070,Hardware,2,105.01
109329,2025-02-16,WH_A,East,SKU0094,Hardware,1,164.27
109330,2025-02-16,WH_A,East,SKU0030,Housewares,2,42.13
109331,2025-02-16,WH_A,East,SKU0094,Hardware,5,160.84
109332,2025-02-16,WH_B,Central,SKU0041,Sports,2,188.48
109333,2025-02-16,WH_A,East,SKU0068,Electronics,1,230.33
109334,2025-02-16,WH_A,East,SKU0001,Housewares,1,69.38
109335,2025-02-16,WH_B,Central,SKU0029,Sports,5,86.83
109336,2025-02-16,WH_B,Central,SKU0058,Sports,5,85.36
109337,2025-02-16,WH_C,West,SKU0063,Housewares,2,61.56
109338,2025-02-16,WH_A,East,SKU0085,Hardware,3,45.9
109339,2025-02-16,WH_C,West,SKU0079,Hardware,6,96.05
109340,2025-02-16,WH_C,West,SKU0052,Hardware,1,10.89
109341,2025-02-16,WH_B,Central,SKU0032,Sports,11,204.23
109342,2025-02-16,WH_C,West,SKU0090,Electronics,1,230.46
109343,2025-02-16,WH_B,Central,SKU0068,Electronics,8,135.6
109344,2025-02-16,WH_B,Central,SKU0072,Office,1,124.34
109345,2025-02-16,WH_A,East,SKU0071,Hardware,1,114.76
109346,2025-02-16,WH_A,East,SKU0073,Office,7,74.05
109347,2025-02-16,WH_B,Central,SKU0031,Sports,5,234.15
109348,2025-02-16,WH_A,East,SKU0051,Hardware,4,134.18
109349,2025-02-16,WH_B,Central,SKU0022,Sports,2,205.81
109350,2025-02-16,WH_B,Central,SKU0076,Hardware,1,185.3
109351,2025-02-16,WH_B,Central,SKU0069,Hardware,2,102.3
109352,2025-02-16,WH_C,West,SKU0029,Sports,4,70.23
109353,2025-02-16,WH_A,East,SKU0027,Electronics,6,173.68
109354,2025-02-16,WH_B,Central,SKU0079,Hardware,2,133.16
109355,2025-02-16,WH_C,West,SKU0075,Sports,1,156.15
109356,2025-02-16,WH_C,West,SKU0003,Hardware,3,7.86
109357,2025-02-16,WH_C,West,SKU0044,Hardware,1,208.95
109358,2025-02-16,WH_C,West,SKU0066,Sports,3,155.74
109359,2025-02-16,WH_B,Central,SKU0060,Hardware,1,159.86
109360,2025-02-16,WH_A,East,SKU0014,Electronics,4,103.43
109361,2025-02-16,WH_B,Central,SKU0028,Electronics,1,23.93
109362,2025-02-16,WH_B,Central,SKU0068,Electronics,2,172.55
109363,2025-02-16,WH_A,East,SKU0018,Housewares,1,108.25
109364,2025-02-16,WH_B,Central,SKU0074,Hardware,2,43.19
109365,2025-02-16,WH_A,East,SKU0023,Hardware,1,154.06
109366,2025-02-16,WH_A,East,SKU0036,Housewares,3,160.82
109367,2025-02-16,WH_B,Central,SKU0092,Housewares,3,147.47
109368,2025-02-16,WH_B,Central,SKU0084,Office,5,207.55
109369,2025-02-16,WH_C,West,SKU0044,Hardware,4,145.99
109370,2025-02-17,WH_A,East,SKU0098,Housewares,15,14.58
109371,2025-02-17,WH_A,East,SKU0076,Hardware,1,203.17
109372,2025-02-17,WH_C,West,SKU0088,Housewares,5,205.59
109373,2025-02-17,WH_B,Central,SKU0040,Housewares,6,108.54
109374,2025-02-17,WH_C,West,SKU0040,Housewares,8,56.25
109375,2025-02-17,WH_A,East,SKU0034,Office,8,141.39
109376,2025-02-17,WH_C,West,SKU0073,Office,1,185.34
109377,2025-02-17,WH_A,East,SKU0080,Hardware,1,59.01
109378,2025-02-17,WH_C,West,SKU0004,Hardware,1,12.2
109379,2025-02-17,WH_A,East,SKU0028,Electronics,4,124.19
109380,2025-02-17,WH_A,East,SKU0085,Hardware,11,112.62
109381,2025-02-17,WH_C,West,SKU0018,Housewares,5,242.18
109382,2025-02-17,WH_A,East,SKU0041,Sports,1,30.8
109383,2025-02-17,WH_C,West,SKU0024,Electronics,1,218.18
109384,2025-02-17,WH_C,West,SKU0024,Electronics,5,94.85
109385,2025-02-17,WH_C,West,SKU0009,Hardware,1,201.57
109386,2025-02-17,WH_C,West,SKU0002,Electronics,2,12.74
109387,2025-02-17,WH_B,Central,SKU0049,Housewares,4,239.46
109388,2025-02-17,WH_A,East,SKU0083,Housewares,1,75.04
109389,2025-02-17,WH_A,East,SKU0054,Office,5,148.24
109390,2025-02-17,WH_B,Central,SKU0051,Hardware,13,229.3
109391,2025-02-17,WH_A,East,SKU0046,Hardware,1,170.14
109392,2025-02-17,WH_B,Central,SKU0067,Hardware,3,32.16
109393,2025-02-17,WH_C,West,SKU0004,Hardware,1,144.51
109394,2025-02-17,WH_A,East,SKU0038,Housewares,1,138.63
109395,2025-02-17,WH_C,West,SKU0069,Hardware,1,141.38
109396,2025-02-17,WH_A,East,SKU0024,Electronics,1,222.45
109397,2025-02-17,WH_B,Central,SKU0085,Hardware,1,218.35
109398,2025-02-17,WH_C,West,SKU0064,Sports,1,146.65
109399,2025-02-17,WH_A,East,SKU0048,Hardware,1,203.23
109400,2025-02-17,WH_B,Central,SKU0097,Office,5,203.22
109401,2025-02-17,WH_B,Central,SKU0005,Sports,3,79.67
109402,2025-02-17,WH_A,East,SKU0047,Electronics,3,240.08
109403,2025-02-17,WH_A,East,SKU0065,Sports,3,239.32
109404,2025-02-17,WH_C,West,SKU0081,Housewares,1,212.27
109405,2025-02-17,WH_C,West,SKU0028,Electronics,3,205.71
109406,2025-02-17,WH_C,West,SKU0094,Hardware,3,122.69
109407,2025-02-17,WH_C,West,SKU0041,Sports,3,233.36
109408,2025-02-17,WH_B,Central,SKU0095,Electronics,1,238.18
109409,2025-02-17,WH_C,West,SKU0066,Sports,1,8.47
109410,2025-02-17,WH_B,Central,SKU0021,Sports,2,212.89
109411,2025-02-17,WH_C,West,SKU0041,Sports,1,174.89
109412,2025-02-17,WH_C,West,SKU0002,Electronics,2,76.24
109413,2025-02-17,WH_A,East,SKU0008,Electronics,1,22.95
109414,2025-02-17,WH_A,East,SKU0017,Hardware,2,115.28
109415,2025-02-17,WH_A,East,SKU0019,Sports,1,242.76
109416,2025-02-17,WH_A,East,SKU0040,Housewares,5,133.61
109417,2025-02-17,WH_B,Central,SKU0051,Hardware,2,52.43
109418,2025-02-17,WH_A,East,SKU0100,Office,3,238.64
109419,2025-02-17,WH_B,Central,SKU0009,Hardware,6,25.77
109420,2025-02-17,WH_B,Central,SKU0005,Sports,1,240.51
109421,2025-02-17,WH_C,West,SKU0021,Sports,1,139.85
109422,2025-02-17,WH_A,East,SKU0097,Office,1,211.61
109423,2025-02-17,WH_C,West,SKU0015,Housewares,1,162.72
109424,2025-02-17,WH_B,Central,SKU0035,Hardware,1,43.38
109425,2025-02-17,WH_A,East,SKU0001,Housewares,2,16.19
109426,2025-02-17,WH_B,Central,SKU0090,Electronics,1,38.36
109427,2025-02-17,WH_C,West,SKU0082,Hardware,1,242.89
109428,2025-02-17,WH_B,Central,SKU0063,Housewares,1,215.44
109429,2025-02-17,WH_B,Central,SKU0053,Hardware,1,15.44
109430,2025-02-17,WH_A,East,SKU0023,Hardware,3,14.49
109431,2025-02-17,WH_C,West,SKU0082,Hardware,2,39.08
109432,2025-02-17,WH_B,Central,SKU0079,Hardware,3,223.71
109433,2025-02-17,WH_B,Central,SKU0050,Hardware,9,134.31
109434,2025-02-17,WH_A,East,SKU0046,Hardware,2,14.38
109435,2025-02-17,WH_C,West,SKU0081,Housewares,4,239.27
109436,2025-02-17,WH_B,Central,SKU0027,Electronics,1,199.45
109437,2025-02-17,WH_B,Central,SKU0093,Sports,4,197.5
109438,2025-02-17,WH_B,Central,SKU0094,Hardware,4,57.7
109439,2025-02-17,WH_A,East,SKU0013,Electronics,4,40.38
109440,2025-02-17,WH_C,West,SKU0100,Office,3,5.87
109441,2025-02-17,WH_A,East,SKU0021,Sports,7,207.71
109442,2025-02-17,WH_C,West,SKU0091,Electronics,3,28.14
109443,2025-02-17,WH_A,East,SKU0080,Hardware,5,219.42
109444,2025-02-17,WH_C,West,SKU0044,Hardware,3,244.09
109445,2025-02-17,WH_B,Central,SKU0024,Electronics,1,178.62
109446,2025-02-17,WH_B,Central,SKU0002,Electronics,2,40.67
109447,2025-02-17,WH_C,West,SKU0017,Hardware,3,200.88
109448,2025-02-17,WH_A,East,SKU0004,Hardware,1,199.41
109449,2025-02-17,WH_B,Central,SKU0074,Hardware,1,149.89
109450,2025-02-17,WH_A,East,SKU0035,Hardware,4,40.76
109451,2025-02-17,WH_B,Central,SKU0025,Office,2,109.1
109452,2025-02-17,WH_B,Central,SKU0054,Office,2,108.93
109453,2025-02-17,WH_A,East,SKU0026,Hardware,1,67.18
109454,2025-02-17,WH_A,East,SKU0059,Electronics,6,43.33
109455,2025-02-17,WH_B,Central,SKU0055,Housewares,1,28.78
109456,2025-02-17,WH_C,West,SKU0029,Sports,1,8.55
109457,2025-02-17,WH_B,Central,SKU0085,Hardware,1,52.22
109458,2025-02-17,WH_C,West,SKU0073,Office,1,35.39
109459,2025-02-17,WH_A,East,SKU0060,Hardware,1,137.66
109460,2025-02-17,WH_B,Central,SKU0088,Housewares,3,159.4
109461,2025-02-17,WH_C,West,SKU0083,Housewares,2,112.94
109462,2025-02-17,WH_A,East,SKU0092,Housewares,3,225.96
109463,2025-02-17,WH_B,Central,SKU0072,Office,2,19.91
109464,2025-02-17,WH_A,East,SKU0072,Office,2,133.43
109465,2025-02-17,WH_B,Central,SKU0058,Sports,1,144.35
109466,2025-02-17,WH_B,Central,SKU0073,Office,3,14.13
109467,2025-02-17,WH_B,Central,SKU0037,Sports,1,205.22
109468,2025-02-17,WH_C,West,SKU0077,Office,2,21.63
109469,2025-02-17,WH_C,West,SKU0079,Hardware,4,235.63
109470,2025-02-17,WH_C,West,SKU0087,Office,5,93.83
109471,2025-02-17,WH_A,East,SKU0019,Sports,2,149.87
109472,2025-02-17,WH_B,Central,SKU0052,Hardware,3,168.19
109473,2025-02-17,WH_C,West,SKU0042,Electronics,1,211.54
109474,2025-02-17,WH_C,West,SKU0030,Housewares,5,104.07
109475,2025-02-17,WH_B,Central,SKU0053,Hardware,1,154.1
109476,2025-02-17,WH_A,East,SKU0090,Electronics,1,186.64
109477,2025-02-17,WH_C,West,SKU0020,Electronics,1,69.43
109478,2025-02-17,WH_B,Central,SKU0079,Hardware,6,155.88
109479,2025-02-17,WH_C,West,SKU0100,Office,1,173.89
109480,2025-02-17,WH_C,West,SKU0037,Sports,4,62.62
109481,2025-02-17,WH_A,East,SKU0042,Electronics,10,96.35
109482,2025-02-17,WH_B,Central,SKU0080,Hardware,8,76.94
109483,2025-02-17,WH_C,West,SKU0094,Hardware,2,131.8
109484,2025-02-17,WH_A,East,SKU0050,Hardware,14,105.05
109485,2025-02-17,WH_C,West,SKU0079,Hardware,1,209.14
109486,2025-02-17,WH_B,Central,SKU0096,Hardware,1,221.81
109487,2025-02-17,WH_B,Central,SKU0081,Housewares,1,145.14
109488,2025-02-17,WH_C,West,SKU0035,Hardware,3,87.4
109489,2025-02-17,WH_A,East,SKU0071,Hardware,5,150.46
109490,2025-02-17,WH_B,Central,SKU0079,Hardware,1,84.71
109491,2025-02-17,WH_A,East,SKU0038,Housewares,1,161.89
109492,2025-02-17,WH_A,East,SKU0027,Electronics,1,83.54
109493,2025-02-17,WH_B,Central,SKU0055,Housewares,8,71.84
109494,2025-02-17,WH_B,Central,SKU0026,Hardware,6,243.85
109495,2025-02-17,WH_B,Central,SKU0010,Electronics,5,9.78
109496,2025-02-17,WH_C,West,SKU0021,Sports,6,57.29
109497,2025-02-17,WH_B,Central,SKU0004,Hardware,1,247.94
109498,2025-02-17,WH_C,West,SKU0049,Housewares,1,165.43
109499,2025-02-17,WH_B,Central,SKU0040,Housewares,1,95.51
109500,2025-02-17,WH_B,Central,SKU0026,Hardware,2,237.33
109501,2025-02-17,WH_A,East,SKU0055,Housewares,1,65.6
109502,2025-02-17,WH_A,East,SKU0009,Hardware,1,54.52
109503,2025-02-17,WH_A,East,SKU0050,Hardware,1,20.4
109504,2025-02-17,WH_C,West,SKU0067,Hardware,2,36.06
109505,2025-02-17,WH_C,West,SKU0068,Electronics,2,51.3
109506,2025-02-17,WH_C,West,SKU0097,Office,8,80.24
109507,2025-02-17,WH_A,East,SKU0072,Office,1,209.86
109508,2025-02-17,WH_A,East,SKU0041,Sports,1,205.93
109509,2025-02-17,WH_C,West,SKU0013,Electronics,1,127.51
109510,2025-02-17,WH_B,Central,SKU0085,Hardware,1,141.69
109511,2025-02-17,WH_A,East,SKU0094,Hardware,1,126.72
109512,2025-02-17,WH_B,Central,SKU0094,Hardware,3,106.6
109513,2025-02-17,WH_C,West,SKU0076,Hardware,3,180.0
109514,2025-02-17,WH_B,Central,SKU0095,Electronics,4,120.38
109515,2025-02-17,WH_C,West,SKU0042,Electronics,1,189.61
109516,2025-02-17,WH_B,Central,SKU0034,Office,7,164.89
109517,2025-02-17,WH_B,Central,SKU0042,Electronics,2,142.1
109518,2025-02-17,WH_C,West,SKU0022,Sports,3,249.64
109519,2025-02-17,WH_C,West,SKU0003,Hardware,1,10.19
109520,2025-02-17,WH_A,East,SKU0087,Office,9,112.92
109521,2025-02-17,WH_A,East,SKU0068,Electronics,2,189.59
109522,2025-02-17,WH_B,Central,SKU0033,Housewares,4,163.56
109523,2025-02-17,WH_A,East,SKU0036,Housewares,1,146.14
109524,2025-02-17,WH_C,West,SKU0062,Housewares,3,213.45
109525,2025-02-17,WH_A,East,SKU0086,Hardware,1,73.1
109526,2025-02-17,WH_C,West,SKU0027,Electronics,1,168.05
109527,2025-02-17,WH_B,Central,SKU0055,Housewares,1,63.53
109528,2025-02-17,WH_B,Central,SKU0060,Hardware,1,211.41
109529,2025-02-17,WH_A,East,SKU0021,Sports,1,85.66
109530,2025-02-17,WH_C,West,SKU0075,Sports,2,35.12
109531,2025-02-17,WH_C,West,SKU0079,Hardware,1,189.19
109532,2025-02-17,WH_B,Central,SKU0084,Office,3,194.11
109533,2025-02-17,WH_A,East,SKU0006,Sports,1,95.38
109534,2025-02-17,WH_A,East,SKU0022,Sports,5,47.46
109535,2025-02-17,WH_B,Central,SKU0038,Housewares,3,222.55
109536,2025-02-17,WH_A,East,SKU0098,Housewares,1,53.46
109537,2025-02-17,WH_B,Central,SKU0070,Hardware,2,58.02
109538,2025-02-17,WH_C,West,SKU0028,Electronics,6,64.88
109539,2025-02-17,WH_C,West,SKU0025,Office,1,222.66
109540,2025-02-17,WH_A,East,SKU0079,Hardware,1,221.77
109541,2025-02-17,WH_C,West,SKU0028,Electronics,1,228.39
109542,2025-02-17,WH_C,West,SKU0076,Hardware,1,65.33
109543,2025-02-17,WH_C,West,SKU0097,Office,1,95.46
109544,2025-02-17,WH_A,East,SKU0072,Office,1,87.9
109545,2025-02-17,WH_B,Central,SKU0014,Electronics,3,208.82
109546,2025-02-17,WH_B,Central,SKU0092,Housewares,5,190.42
109547,2025-02-17,WH_C,West,SKU0075,Sports,1,109.52
109548,2025-02-17,WH_B,Central,SKU0095,Electronics,1,23.0
109549,2025-02-17,WH_A,East,SKU0008,Electronics,3,199.4
109550,2025-02-17,WH_B,Central,SKU0091,Electronics,5,223.13
109551,2025-02-17,WH_A,East,SKU0047,Electronics,2,249.54
109552,2025-02-17,WH_C,West,SKU0021,Sports,1,221.46
109553,2025-02-17,WH_A,East,SKU0062,Housewares,1,41.49
109554,2025-02-17,WH_C,West,SKU0006,Sports,2,35.41
109555,2025-02-17,WH_C,West,SKU0015,Housewares,1,53.04
109556,2025-02-17,WH_C,West,SKU0047,Electronics,4,232.23
109557,2025-02-17,WH_A,East,SKU0089,Electronics,1,243.82
109558,2025-02-17,WH_B,Central,SKU0052,Hardware,4,60.4
109559,2025-02-17,WH_B,Central,SKU0057,Electronics,2,245.54
109560,2025-02-17,WH_A,East,SKU0069,Hardware,5,94.02
109561,2025-02-17,WH_C,West,SKU0078,Housewares,1,205.72
109562,2025-02-17,WH_C,West,SKU0027,Electronics,2,45.04
109563,2025-02-17,WH_C,West,SKU0044,Hardware,1,167.14
109564,2025-02-17,WH_B,Central,SKU0005,Sports,1,176.19
109565,2025-02-17,WH_A,East,SKU0091,Electronics,3,71.33
109566,2025-02-17,WH_C,West,SKU0056,Housewares,1,234.19
109567,2025-02-17,WH_B,Central,SKU0075,Sports,4,198.01
109568,2025-02-17,WH_A,East,SKU0064,Sports,2,57.22
109569,2025-02-17,WH_A,East,SKU0065,Sports,2,194.17
109570,2025-02-17,WH_C,West,SKU0093,Sports,1,32.88
109571,2025-02-17,WH_C,West,SKU0080,Hardware,1,112.11
109572,2025-02-17,WH_A,East,SKU0055,Housewares,12,27.58
109573,2025-02-17,WH_B,Central,SKU0001,Housewares,1,204.7
109574,2025-02-17,WH_A,East,SKU0037,Sports,2,142.6
109575,2025-02-17,WH_B,Central,SKU0062,Housewares,4,14.8
109576,2025-02-17,WH_B,Central,SKU0039,Office,8,51.86
109577,2025-02-17,WH_B,Central,SKU0034,Office,1,88.04
109578,2025-02-17,WH_B,Central,SKU0023,Hardware,3,61.71
109579,2025-02-17,WH_B,Central,SKU0041,Sports,1,19.07
109580,2025-02-17,WH_B,Central,SKU0032,Sports,1,38.14
109581,2025-02-17,WH_C,West,SKU0065,Sports,1,47.4
109582,2025-02-17,WH_C,West,SKU0083,Housewares,1,113.9
109583,2025-02-17,WH_C,West,SKU0082,Hardware,4,60.71
109584,2025-02-17,WH_A,East,SKU0100,Office,1,204.76
109585,2025-02-17,WH_B,Central,SKU0089,Electronics,12,141.54
109586,2025-02-17,WH_A,East,SKU0019,Sports,1,159.73
109587,2025-02-17,WH_A,East,SKU0040,Housewares,1,45.37
109588,2025-02-17,WH_A,East,SKU0006,Sports,1,244.88
109589,2025-02-17,WH_A,East,SKU0064,Sports,3,74.44
109590,2025-02-17,WH_C,West,SKU0057,Electronics,8,100.2
109591,2025-02-17,WH_A,East,SKU0077,Office,1,156.07
109592,2025-02-17,WH_A,East,SKU0053,Hardware,2,76.16
109593,2025-02-17,WH_B,Central,SKU0047,Electronics,1,86.47
109594,2025-02-17,WH_B,Central,SKU0059,Electronics,4,35.01
109595,2025-02-17,WH_A,East,SKU0013,Electronics,4,44.49
109596,2025-02-17,WH_B,Central,SKU0099,Office,1,86.67
109597,2025-02-17,WH_A,East,SKU0082,Hardware,13,149.51
109598,2025-02-17,WH_B,Central,SKU0028,Electronics,4,141.07
109599,2025-02-17,WH_B,Central,SKU0076,Hardware,12,48.46
109600,2025-02-17,WH_C,West,SKU0044,Hardware,2,200.36
109601,2025-02-17,WH_C,West,SKU0002,Electronics,2,224.75
109602,2025-02-17,WH_C,West,SKU0015,Housewares,2,207.48
109603,2025-02-17,WH_A,East,SKU0045,Electronics,1,69.21
109604,2025-02-17,WH_B,Central,SKU0058,Sports,1,213.65
109605,2025-02-17,WH_B,Central,SKU0099,Office,1,158.73
109606,2025-02-17,WH_A,East,SKU0076,Hardware,1,202.4
109607,2025-02-17,WH_B,Central,SKU0100,Office,1,150.47
109608,2025-02-17,WH_C,West,SKU0079,Hardware,2,103.79
109609,2025-02-17,WH_A,East,SKU0036,Housewares,3,11.98
109610,2025-02-17,WH_B,Central,SKU0030,Housewares,5,90.25
109611,2025-02-17,WH_C,West,SKU0080,Hardware,4,79.74
109612,2025-02-17,WH_C,West,SKU0096,Hardware,1,100.42
109613,2025-02-17,WH_B,Central,SKU0092,Housewares,4,177.36
109614,2025-02-17,WH_A,East,SKU0093,Sports,1,234.78
109615,2025-02-17,WH_C,West,SKU0092,Housewares,1,90.93
109616,2025-02-17,WH_B,Central,SKU0093,Sports,1,22.22
109617,2025-02-17,WH_C,West,SKU0050,Hardware,1,27.54
109618,2025-02-17,WH_A,East,SKU0045,Electronics,1,215.7
109619,2025-02-17,WH_C,West,SKU0005,Sports,1,122.74
109620,2025-02-18,WH_C,West,SKU0057,Electronics,1,45.74
109621,2025-02-18,WH_B,Central,SKU0096,Hardware,1,144.16
109622,2025-02-18,WH_B,Central,SKU0072,Office,2,58.95
109623,2025-02-18,WH_B,Central,SKU0078,Housewares,1,144.33
109624,2025-02-18,WH_C,West,SKU0091,Electronics,4,83.34
109625,2025-02-18,WH_A,East,SKU0096,Hardware,1,183.96
109626,2025-02-18,WH_C,West,SKU0035,Hardware,2,214.9
109627,2025-02-18,WH_C,West,SKU0056,Housewares,1,193.88
109628,2025-02-18,WH_C,West,SKU0046,Hardware,1,148.27
109629,2025-02-18,WH_C,West,SKU0048,Hardware,1,29.77
109630,2025-02-18,WH_C,West,SKU0085,Hardware,2,129.17
109631,2025-02-18,WH_B,Central,SKU0096,Hardware,1,150.17
109632,2025-02-18,WH_B,Central,SKU0094,Hardware,1,169.19
109633,2025-02-18,WH_C,West,SKU0062,Housewares,1,180.17
109634,2025-02-18,WH_B,Central,SKU0072,Office,2,124.19
109635,2025-02-18,WH_A,East,SKU0083,Housewares,1,73.17
109636,2025-02-18,WH_C,West,SKU0057,Electronics,1,62.28
109637,2025-02-18,WH_B,Central,SKU0092,Housewares,9,229.33
109638,2025-02-18,WH_B,Central,SKU0009,Hardware,2,55.39
109639,2025-02-18,WH_B,Central,SKU0079,Hardware,7,188.6
109640,2025-02-18,WH_A,East,SKU0091,Electronics,1,125.22
109641,2025-02-18,WH_B,Central,SKU0061,Office,2,21.29
109642,2025-02-18,WH_B,Central,SKU0027,Electronics,1,118.56
109643,2025-02-18,WH_B,Central,SKU0047,Electronics,1,16.47
109644,2025-02-18,WH_B,Central,SKU0048,Hardware,1,227.94
109645,2025-02-18,WH_C,West,SKU0041,Sports,4,115.35
109646,2025-02-18,WH_A,East,SKU0018,Housewares,1,173.08
109647,2025-02-18,WH_C,West,SKU0096,Hardware,1,20.66
109648,2025-02-18,WH_B,Central,SKU0026,Hardware,4,19.15
109649,2025-02-18,WH_C,West,SKU0079,Hardware,1,216.12
109650,2025-02-18,WH_A,East,SKU0076,Hardware,1,178.12
109651,2025-02-18,WH_C,West,SKU0066,Sports,1,248.3
109652,2025-02-18,WH_C,West,SKU0052,Hardware,3,242.4
109653,2025-02-18,WH_A,East,SKU0004,Hardware,3,64.36
109654,2025-02-18,WH_C,West,SKU0091,Electronics,7,158.53
109655,2025-02-18,WH_C,West,SKU0089,Electronics,2,110.13
109656,2025-02-18,WH_C,West,SKU0100,Office,1,134.87
109657,2025-02-18,WH_A,East,SKU0093,Sports,1,214.24
109658,2025-02-18,WH_B,Central,SKU0085,Hardware,1,134.87
109659,2025-02-18,WH_C,West,SKU0006,Sports,5,11.76
109660,2025-02-18,WH_A,East,SKU0046,Hardware,1,17.62
109661,2025-02-18,WH_C,West,SKU0022,Sports,2,82.6
109662,2025-02-18,WH_B,Central,SKU0051,Hardware,9,155.99
109663,2025-02-18,WH_A,East,SKU0065,Sports,2,229.72
109664,2025-02-18,WH_C,West,SKU0024,Electronics,1,142.75
109665,2025-02-18,WH_B,Central,SKU0090,Electronics,2,25.12
109666,2025-02-18,WH_C,West,SKU0100,Office,8,176.56
109667,2025-02-18,WH_A,East,SKU0040,Housewares,6,245.72
109668,2025-02-18,WH_B,Central,SKU0038,Housewares,1,201.9
109669,2025-02-18,WH_C,West,SKU0071,Hardware,2,244.4
109670,2025-02-18,WH_B,Central,SKU0016,Housewares,1,8.39
109671,2025-02-18,WH_B,Central,SKU0041,Sports,1,36.36
109672,2025-02-18,WH_B,Central,SKU0090,Electronics,1,23.97
109673,2025-02-18,WH_A,East,SKU0006,Sports,1,28.59
109674,2025-02-18,WH_A,East,SKU0100,Office,2,70.36
109675,2025-02-18,WH_A,East,SKU0087,Office,1,26.78
109676,2025-02-18,WH_B,Central,SKU0051,Hardware,2,36.87
109677,2025-02-18,WH_A,East,SKU0023,Hardware,1,80.95
109678,2025-02-18,WH_B,Central,SKU0060,Hardware,6,198.19
109679,2025-02-18,WH_B,Central,SKU0014,Electronics,9,117.75
109680,2025-02-18,WH_A,East,SKU0009,Hardware,1,242.87
109681,2025-02-18,WH_B,Central,SKU0012,Housewares,1,7.23
109682,2025-02-18,WH_A,East,SKU0053,Hardware,5,46.46
109683,2025-02-18,WH_A,East,SKU0037,Sports,3,8.7
109684,2025-02-18,WH_C,West,SKU0075,Sports,1,123.47
109685,2025-02-18,WH_B,Central,SKU0019,Sports,1,222.71
109686,2025-02-18,WH_C,West,SKU0050,Hardware,4,85.41
109687,2025-02-18,WH_B,Central,SKU0029,Sports,2,180.3
109688,2025-02-18,WH_C,West,SKU0053,Hardware,4,101.94
109689,2025-02-18,WH_A,East,SKU0091,Electronics,6,235.74
109690,2025-02-18,WH_C,West,SKU0069,Hardware,1,228.25
109691,2025-02-18,WH_B,Central,SKU0061,Office,3,222.59
109692,2025-02-18,WH_A,East,SKU0012,Housewares,1,166.99
109693,2025-02-18,WH_C,West,SKU0057,Electronics,1,189.02
109694,2025-02-18,WH_C,West,SKU0015,Housewares,2,122.83
109695,2025-02-18,WH_A,East,SKU0056,Housewares,3,140.32
109696,2025-02-18,WH_B,Central,SKU0077,Office,4,215.32
109697,2025-02-18,WH_C,West,SKU0071,Hardware,4,80.34
109698,2025-02-18,WH_A,East,SKU0032,Sports,11,164.19
109699,2025-02-18,WH_B,Central,SKU0021,Sports,1,15.43
109700,2025-02-18,WH_C,West,SKU0005,Sports,13,151.76
109701,2025-02-18,WH_A,East,SKU0029,Sports,1,125.33
109702,2025-02-18,WH_B,Central,SKU0080,Hardware,1,238.08
109703,2025-02-18,WH_A,East,SKU0030,Housewares,2,123.74
109704,2025-02-18,WH_A,East,SKU0020,Electronics,4,100.77
109705,2025-02-18,WH_A,East,SKU0012,Housewares,1,193.26
109706,2025-02-18,WH_B,Central,SKU0099,Office,7,16.2
109707,2025-02-18,WH_A,East,SKU0082,Hardware,5,112.28
109708,2025-02-18,WH_C,West,SKU0085,Hardware,1,14.6
109709,2025-02-18,WH_B,Central,SKU0030,Housewares,1,86.55
109710,2025-02-18,WH_C,West,SKU0012,Housewares,1,51.25
109711,2025-02-18,WH_B,Central,SKU0002,Electronics,4,173.28
109712,2025-02-18,WH_C,West,SKU0010,Electronics,4,45.49
109713,2025-02-18,WH_B,Central,SKU0046,Hardware,1,119.8
109714,2025-02-18,WH_B,Central,SKU0050,Hardware,1,195.3
109715,2025-02-18,WH_B,Central,SKU0021,Sports,2,233.14
109716,2025-02-18,WH_A,East,SKU0002,Electronics,1,94.1
109717,2025-02-18,WH_A,East,SKU0078,Housewares,1,35.84
109718,2025-02-18,WH_B,Central,SKU0099,Office,2,14.85
109719,2025-02-18,WH_A,East,SKU0061,Office,3,14.17
109720,2025-02-18,WH_A,East,SKU0087,Office,6,20.93
109721,2025-02-18,WH_A,East,SKU0022,Sports,1,43.07
109722,2025-02-18,WH_C,West,SKU0091,Electronics,1,181.7
109723,2025-02-18,WH_C,West,SKU0069,Hardware,4,186.1
109724,2025-02-18,WH_A,East,SKU0021,Sports,1,247.74
109725,2025-02-18,WH_B,Central,SKU0032,Sports,1,65.09
109726,2025-02-18,WH_C,West,SKU0048,Hardware,16,244.43
109727,2025-02-18,WH_A,East,SKU0017,Hardware,2,56.21
109728,2025-02-18,WH_A,East,SKU0091,Electronics,1,132.62
109729,2025-02-18,WH_B,Central,SKU0008,Electronics,4,23.98
109730,2025-02-18,WH_A,East,SKU0064,Sports,3,30.26
109731,2025-02-18,WH_C,West,SKU0060,Hardware,5,135.37
109732,2025-02-18,WH_B,Central,SKU0005,Sports,13,189.48
109733,2025-02-18,WH_C,West,SKU0078,Housewares,2,39.59
109734,2025-02-18,WH_B,Central,SKU0072,Office,2,33.04
109735,2025-02-18,WH_A,East,SKU0024,Electronics,7,61.37
109736,2025-02-18,WH_A,East,SKU0094,Hardware,6,79.46
109737,2025-02-18,WH_A,East,SKU0049,Housewares,1,79.54
109738,2025-02-18,WH_B,Central,SKU0093,Sports,3,133.68
109739,2025-02-18,WH_C,West,SKU0051,Hardware,1,38.58
109740,2025-02-18,WH_A,East,SKU0061,Office,1,87.94
109741,2025-02-18,WH_A,East,SKU0044,Hardware,5,145.2
109742,2025-02-18,WH_C,West,SKU0008,Electronics,1,11.94
109743,2025-02-18,WH_B,Central,SKU0050,Hardware,1,176.6
109744,2025-02-18,WH_B,Central,SKU0040,Housewares,5,196.72
109745,2025-02-18,WH_B,Central,SKU0082,Hardware,4,68.94
109746,2025-02-18,WH_B,Central,SKU0023,Hardware,13,26.17
109747,2025-02-18,WH_A,East,SKU0061,Office,5,28.72
109748,2025-02-18,WH_A,East,SKU0007,Office,1,126.38
109749,2025-02-18,WH_B,Central,SKU0092,Housewares,1,101.57
109750,2025-02-18,WH_A,East,SKU0065,Sports,1,163.56
109751,2025-02-18,WH_A,East,SKU0091,Electronics,3,27.17
109752,2025-02-18,WH_B,Central,SKU0031,Sports,1,195.09
109753,2025-02-18,WH_A,East,SKU0029,Sports,2,135.99
109754,2025-02-18,WH_C,West,SKU0004,Hardware,11,112.25
109755,2025-02-18,WH_C,West,SKU0069,Hardware,1,171.76
109756,2025-02-18,WH_A,East,SKU0034,Office,5,128.08
109757,2025-02-18,WH_C,West,SKU0002,Electronics,3,130.91
109758,2025-02-18,WH_A,East,SKU0025,Office,1,13.4
109759,2025-02-18,WH_C,West,SKU0064,Sports,1,122.54
109760,2025-02-18,WH_A,East,SKU0047,Electronics,1,211.51
109761,2025-02-18,WH_A,East,SKU0039,Office,1,17.28
109762,2025-02-18,WH_A,East,SKU0037,Sports,1,171.13
109763,2025-02-18,WH_A,East,SKU0078,Housewares,2,159.89
109764,2025-02-18,WH_C,West,SKU0081,Housewares,1,131.51
109765,2025-02-18,WH_B,Central,SKU0063,Housewares,4,172.55
109766,2025-02-18,WH_B,Central,SKU0045,Electronics,1,30.36
109767,2025-02-18,WH_B,Central,SKU0010,Electronics,6,133.92
109768,2025-02-18,WH_A,East,SKU0075,Sports,6,112.48
109769,2025-02-18,WH_B,Central,SKU0062,Housewares,1,80.32
109770,2025-02-18,WH_B,Central,SKU0048,Hardware,1,155.48
109771,2025-02-18,WH_A,East,SKU0066,Sports,4,64.45
109772,2025-02-18,WH_A,East,SKU0069,Hardware,1,54.65
109773,2025-02-18,WH_A,East,SKU0074,Hardware,8,45.17
109774,2025-02-18,WH_C,West,SKU0095,Electronics,1,124.04
109775,2025-02-18,WH_A,East,SKU0043,Hardware,2,215.23
109776,2025-02-18,WH_B,Central,SKU0025,Office,1,31.46
109777,2025-02-18,WH_B,Central,SKU0053,Hardware,1,106.23
109778,2025-02-18,WH_C,West,SKU0024,Electronics,1,101.02
109779,2025-02-18,WH_C,West,SKU0084,Office,5,209.98
109780,2025-02-18,WH_B,Central,SKU0005,Sports,4,190.04
109781,2025-02-18,WH_C,West,SKU0085,Hardware,1,41.6
109782,2025-02-18,WH_B,Central,SKU0056,Housewares,3,150.74
109783,2025-02-18,WH_C,West,SKU0079,Hardware,3,180.65
109784,2025-02-18,WH_C,West,SKU0069,Hardware,7,160.61
109785,2025-02-18,WH_C,West,SKU0093,Sports,1,25.34
109786,2025-02-18,WH_A,East,SKU0049,Housewares,1,178.91
109787,2025-02-18,WH_B,Central,SKU0068,Electronics,1,34.42
109788,2025-02-18,WH_A,East,SKU0046,Hardware,20,107.62
109789,2025-02-18,WH_A,East,SKU0078,Housewares,1,45.32
109790,2025-02-18,WH_B,Central,SKU0069,Hardware,5,205.8
109791,2025-02-18,WH_C,West,SKU0093,Sports,2,139.06
109792,2025-02-18,WH_B,Central,SKU0083,Housewares,9,60.93
109793,2025-02-18,WH_B,Central,SKU0066,Sports,1,11.04
109794,2025-02-18,WH_A,East,SKU0086,Hardware,1,99.13
109795,2025-02-18,WH_A,East,SKU0075,Sports,8,92.77
109796,2025-02-18,WH_C,West,SKU0001,Housewares,5,192.82
109797,2025-02-18,WH_C,West,SKU0063,Housewares,1,240.87
109798,2025-02-18,WH_B,Central,SKU0017,Hardware,2,151.15
109799,2025-02-18,WH_A,East,SKU0041,Sports,1,176.31
109800,2025-02-19,WH_B,Central,SKU0066,Sports,1,50.42
109801,2025-02-19,WH_B,Central,SKU0062,Housewares,1,97.66
109802,2025-02-19,WH_A,East,SKU0042,Electronics,4,178.31
109803,2025-02-19,WH_C,West,SKU0063,Housewares,1,200.62
109804,2025-02-19,WH_A,East,SKU0073,Office,1,12.99
109805,2025-02-19,WH_C,West,SKU0086,Hardware,1,197.37
109806,2025-02-19,WH_A,East,SKU0070,Hardware,3,51.15
109807,2025-02-19,WH_C,West,SKU0041,Sports,1,77.32
109808,2025-02-19,WH_A,East,SKU0052,Hardware,4,234.91
109809,2025-02-19,WH_C,West,SKU0044,Hardware,2,27.32
109810,2025-02-19,WH_C,West,SKU0088,Housewares,2,249.7
109811,2025-02-19,WH_C,West,SKU0084,Office,8,248.34
109812,2025-02-19,WH_A,East,SKU0006,Sports,3,109.39
109813,2025-02-19,WH_C,West,SKU0011,Hardware,6,224.32
109814,2025-02-19,WH_B,Central,SKU0017,Hardware,1,194.97
109815,2025-02-19,WH_B,Central,SKU0065,Sports,7,225.14
109816,2025-02-19,WH_B,Central,SKU0071,Hardware,3,136.65
109817,2025-02-19,WH_C,West,SKU0018,Housewares,4,131.46
109818,2025-02-19,WH_B,Central,SKU0065,Sports,1,68.44
109819,2025-02-19,WH_B,Central,SKU0054,Office,2,116.71
109820,2025-02-19,WH_B,Central,SKU0098,Housewares,2,68.87
109821,2025-02-19,WH_A,East,SKU0013,Electronics,2,167.21
109822,2025-02-19,WH_A,East,SKU0070,Hardware,4,149.55
109823,2025-02-19,WH_B,Central,SKU0033,Housewares,4,46.5
109824,2025-02-19,WH_B,Central,SKU0005,Sports,1,49.01
109825,2025-02-19,WH_A,East,SKU0054,Office,5,141.26
109826,2025-02-19,WH_C,West,SKU0019,Sports,1,191.73
109827,2025-02-19,WH_B,Central,SKU0092,Housewares,1,6.52
109828,2025-02-19,WH_C,West,SKU0053,Hardware,1,65.98
109829,2025-02-19,WH_B,Central,SKU0094,Hardware,1,243.52
109830,2025-02-19,WH_A,East,SKU0094,Hardware,2,149.33
109831,2025-02-19,WH_A,East,SKU0015,Housewares,3,102.44
109832,2025-02-19,WH_A,East,SKU0027,Electronics,11,243.45
109833,2025-02-19,WH_C,West,SKU0078,Housewares,4,56.86
109834,2025-02-19,WH_B,Central,SKU0082,Hardware,6,29.73
109835,2025-02-19,WH_C,West,SKU0013,Electronics,2,117.02
109836,2025-02-19,WH_A,East,SKU0007,Office,1,226.46
109837,2025-02-19,WH_A,East,SKU0081,Housewares,9,227.31
109838,2025-02-19,WH_C,West,SKU0018,Housewares,1,86.58
109839,2025-02-19,WH_C,West,SKU0073,Office,9,31.07
109840,2025-02-19,WH_C,West,SKU0004,Hardware,2,123.95
109841,2025-02-19,WH_B,Central,SKU0008,Electronics,1,222.21
109842,2025-02-19,WH_A,East,SKU0073,Office,1,150.21
109843,2025-02-19,WH_B,Central,SKU0051,Hardware,1,107.41
109844,2025-02-19,WH_A,East,SKU0038,Housewares,1,158.04
109845,2025-02-19,WH_A,East,SKU0098,Housewares,13,209.22
109846,2025-02-19,WH_C,West,SKU0088,Housewares,3,190.31
109847,2025-02-19,WH_B,Central,SKU0033,Housewares,5,120.77
109848,2025-02-19,WH_A,East,SKU0031,Sports,2,224.39
109849,2025-02-19,WH_C,West,SKU0017,Hardware,3,38.33
109850,2025-02-19,WH_A,East,SKU0006,Sports,4,10.56
109851,2025-02-19,WH_C,West,SKU0098,Housewares,5,198.13
109852,2025-02-19,WH_C,West,SKU0046,Hardware,5,10.78
109853,2025-02-19,WH_C,West,SKU0034,Office,10,155.46
109854,2025-02-19,WH_B,Central,SKU0019,Sports,4,143.81
109855,2025-02-19,WH_B,Central,SKU0005,Sports,1,77.56
109856,2025-02-19,WH_A,East,SKU0059,Electronics,1,137.92
109857,2025-02-19,WH_B,Central,SKU0001,Housewares,1,144.04
109858,2025-02-19,WH_B,Central,SKU0010,Electronics,2,113.31
109859,2025-02-19,WH_C,West,SKU0025,Office,1,111.01
109860,2025-02-19,WH_B,Central,SKU0098,Housewares,6,117.22
109861,2025-02-19,WH_B,Central,SKU0004,Hardware,1,159.29
109862,2025-02-19,WH_A,East,SKU0031,Sports,2,27.2
109863,2025-02-19,WH_B,Central,SKU0071,Hardware,1,126.13
109864,2025-02-19,WH_C,West,SKU0100,Office,1,83.39
109865,2025-02-19,WH_B,Central,SKU0032,Sports,1,76.13
109866,2025-02-19,WH_B,Central,SKU0005,Sports,1,194.54
109867,2025-02-19,WH_C,West,SKU0023,Hardware,2,218.85
109868,2025-02-19,WH_A,East,SKU0054,Office,8,230.91
109869,2025-02-19,WH_A,East,SKU0094,Hardware,1,120.86
109870,2025-02-19,WH_B,Central,SKU0016,Housewares,2,213.79
109871,2025-02-19,WH_B,Central,SKU0023,Hardware,2,66.92
109872,2025-02-19,WH_C,West,SKU0019,Sports,2,15.85
109873,2025-02-19,WH_C,West,SKU0048,Hardware,5,143.67
109874,2025-02-19,WH_B,Central,SKU0075,Sports,3,54.23
109875,2025-02-19,WH_C,West,SKU0077,Office,2,135.01
109876,2025-02-19,WH_B,Central,SKU0095,Electronics,2,212.62
109877,2025-02-19,WH_B,Central,SKU0031,Sports,4,138.98
109878,2025-02-19,WH_C,West,SKU0081,Housewares,6,92.81
109879,2025-02-19,WH_A,East,SKU0058,Sports,2,164.11
109880,2025-02-19,WH_A,East,SKU0049,Housewares,1,93.55
109881,2025-02-19,WH_A,East,SKU0074,Hardware,1,160.8
109882,2025-02-19,WH_C,West,SKU0065,Sports,1,38.87
109883,2025-02-19,WH_A,East,SKU0028,Electronics,1,173.68
109884,2025-02-19,WH_B,Central,SKU0064,Sports,1,244.18
109885,2025-02-19,WH_C,West,SKU0037,Sports,4,101.22
109886,2025-02-19,WH_A,East,SKU0051,Hardware,2,6.87
109887,2025-02-19,WH_B,Central,SKU0055,Housewares,5,71.45
109888,2025-02-19,WH_B,Central,SKU0048,Hardware,1,190.74
109889,2025-02-19,WH_C,West,SKU0003,Hardware,1,144.05
109890,2025-02-19,WH_B,Central,SKU0037,Sports,5,195.1
109891,2025-02-19,WH_C,West,SKU0090,Electronics,1,217.83
109892,2025-02-19,WH_B,Central,SKU0099,Office,1,127.51
109893,2025-02-19,WH_C,West,SKU0006,Sports,2,22.39
109894,2025-02-19,WH_C,West,SKU0039,Office,2,146.47
109895,2025-02-19,WH_C,West,SKU0029,Sports,6,91.65
109896,2025-02-19,WH_A,East,SKU0004,Hardware,1,121.75
109897,2025-02-19,WH_C,West,SKU0021,Sports,3,142.66
109898,2025-02-19,WH_B,Central,SKU0035,Hardware,1,90.23
109899,2025-02-19,WH_C,West,SKU0053,Hardware,1,186.13
109900,2025-02-19,WH_B,Central,SKU0007,Office,6,16.19
109901,2025-02-19,WH_B,Central,SKU0096,Hardware,2,143.67
109902,2025-02-19,WH_B,Central,SKU0001,Housewares,1,128.17
109903,2025-02-19,WH_C,West,SKU0087,Office,3,123.51
109904,2025-02-19,WH_A,East,SKU0039,Office,7,137.51
109905,2025-02-19,WH_B,Central,SKU0089,Electronics,1,238.56
109906,2025-02-19,WH_B,Central,SKU0007,Office,1,197.19
109907,2025-02-19,WH_C,West,SKU0025,Office,2,186.52
109908,2025-02-19,WH_A,East,SKU0033,Housewares,2,19.45
109909,2025-02-19,WH_C,West,SKU0044,Hardware,1,157.07
109910,2025-02-19,WH_A,East,SKU0010,Electronics,2,243.4
109911,2025-02-19,WH_C,West,SKU0031,Sports,2,75.18
109912,2025-02-19,WH_B,Central,SKU0027,Electronics,1,198.16
109913,2025-02-19,WH_B,Central,SKU0061,Office,6,155.34
109914,2025-02-19,WH_C,West,SKU0018,Housewares,1,215.94
109915,2025-02-19,WH_B,Central,SKU0060,Hardware,1,102.69
109916,2025-02-19,WH_C,West,SKU0059,Electronics,2,17.1
109917,2025-02-19,WH_C,West,SKU0011,Hardware,3,51.2
109918,2025-02-19,WH_C,West,SKU0054,Office,1,106.55
109919,2025-02-19,WH_C,West,SKU0019,Sports,3,21.04
109920,2025-02-19,WH_B,Central,SKU0088,Housewares,1,72.22
109921,2025-02-19,WH_A,East,SKU0095,Electronics,1,174.46
109922,2025-02-19,WH_A,East,SKU0034,Office,1,45.78
109923,2025-02-19,WH_C,West,SKU0075,Sports,4,14.6
109924,2025-02-19,WH_B,Central,SKU0016,Housewares,6,173.29
109925,2025-02-19,WH_B,Central,SKU0100,Office,1,90.78
109926,2025-02-19,WH_B,Central,SKU0020,Electronics,8,156.62
109927,2025-02-19,WH_C,West,SKU0061,Office,2,165.0
109928,2025-02-19,WH_C,West,SKU0042,Electronics,1,45.99
109929,2025-02-19,WH_A,East,SKU0040,Housewares,1,173.39
109930,2025-02-19,WH_A,East,SKU0021,Sports,6,78.55
109931,2025-02-19,WH_C,West,SKU0083,Housewares,2,248.1
109932,2025-02-19,WH_B,Central,SKU0079,Hardware,1,100.6
109933,2025-02-19,WH_A,East,SKU0051,Hardware,1,12.98
109934,2025-02-19,WH_B,Central,SKU0095,Electronics,2,56.13
109935,2025-02-19,WH_B,Central,SKU0061,Office,1,179.05
109936,2025-02-19,WH_B,Central,SKU0071,Hardware,4,222.78
109937,2025-02-19,WH_B,Central,SKU0058,Sports,8,217.92
109938,2025-02-19,WH_B,Central,SKU0025,Office,1,59.79
109939,2025-02-19,WH_B,Central,SKU0093,Sports,1,91.61
109940,2025-02-19,WH_C,West,SKU0048,Hardware,1,165.05
109941,2025-02-19,WH_A,East,SKU0056,Housewares,3,44.1
109942,2025-02-19,WH_B,Central,SKU0080,Hardware,2,10.63
109943,2025-02-19,WH_B,Central,SKU0001,Housewares,1,74.91
109944,2025-02-19,WH_A,East,SKU0019,Sports,19,231.08
109945,2025-02-19,WH_C,West,SKU0059,Electronics,1,229.76
109946,2025-02-19,WH_B,Central,SKU0041,Sports,1,146.28
109947,2025-02-19,WH_B,Central,SKU0040,Housewares,2,182.91
109948,2025-02-19,WH_A,East,SKU0092,Housewares,1,22.07
109949,2025-02-19,WH_A,East,SKU0052,Hardware,1,138.4
109950,2025-02-19,WH_A,East,SKU0081,Housewares,2,199.19
109951,2025-02-19,WH_B,Central,SKU0037,Sports,1,247.08
109952,2025-02-19,WH_B,Central,SKU0016,Housewares,13,29.26
109953,2025-02-19,WH_B,Central,SKU0077,Office,1,149.63
109954,2025-02-19,WH_B,Central,SKU0020,Electronics,1,124.47
109955,2025-02-19,WH_B,Central,SKU0027,Electronics,1,179.47
109956,2025-02-19,WH_C,West,SKU0002,Electronics,1,110.32
109957,2025-02-19,WH_A,East,SKU0059,Electronics,2,242.45
109958,2025-02-19,WH_A,East,SKU0027,Electronics,3,28.75
109959,2025-02-19,WH_C,West,SKU0097,Office,1,107.83
109960,2025-02-19,WH_B,Central,SKU0011,Hardware,4,114.48
109961,2025-02-19,WH_C,West,SKU0014,Electronics,3,210.68
109962,2025-02-19,WH_B,Central,SKU0058,Sports,1,192.61
109963,2025-02-19,WH_B,Central,SKU0023,Hardware,4,205.83
109964,2025-02-19,WH_C,West,SKU0002,Electronics,9,80.85
109965,2025-02-19,WH_A,East,SKU0081,Housewares,1,69.36
109966,2025-02-19,WH_C,West,SKU0006,Sports,1,85.81
109967,2025-02-19,WH_A,East,SKU0017,Hardware,6,20.41
109968,2025-02-19,WH_C,West,SKU0085,Hardware,1,154.59
109969,2025-02-19,WH_A,East,SKU0029,Sports,4,175.86
109970,2025-02-19,WH_C,West,SKU0053,Hardware,1,116.18
109971,2025-02-19,WH_A,East,SKU0032,Sports,1,247.09
109972,2025-02-19,WH_C,West,SKU0009,Hardware,20,17.47
109973,2025-02-19,WH_C,West,SKU0098,Housewares,3,204.2
109974,2025-02-19,WH_C,West,SKU0073,Office,1,174.94
109975,2025-02-19,WH_A,East,SKU0084,Office,1,36.35
109976,2025-02-19,WH_B,Central,SKU0035,Hardware,7,162.42
109977,2025-02-19,WH_C,West,SKU0006,Sports,5,135.51
109978,2025-02-19,WH_C,West,SKU0010,Electronics,1,97.28
109979,2025-02-19,WH_A,East,SKU0071,Hardware,6,8.82
109980,2025-02-20,WH_B,Central,SKU0049,Housewares,1,67.06
109981,2025-02-20,WH_B,Central,SKU0023,Hardware,1,29.15
109982,2025-02-20,WH_A,East,SKU0044,Hardware,5,44.08
109983,2025-02-20,WH_A,East,SKU0006,Sports,5,91.99
109984,2025-02-20,WH_C,West,SKU0015,Housewares,1,118.4
109985,2025-02-20,WH_C,West,SKU0090,Electronics,3,184.17
109986,2025-02-20,WH_B,Central,SKU0081,Housewares,3,194.57
109987,2025-02-20,WH_A,East,SKU0086,Hardware,1,128.68
109988,2025-02-20,WH_C,West,SKU0066,Sports,2,63.64
109989,2025-02-20,WH_B,Central,SKU0043,Hardware,2,119.45
109990,2025-02-20,WH_C,West,SKU0037,Sports,1,34.02
109991,2025-02-20,WH_B,Central,SKU0032,Sports,1,192.78
109992,2025-02-20,WH_B,Central,SKU0074,Hardware,1,124.44
109993,2025-02-20,WH_C,West,SKU0089,Electronics,10,218.59
109994,2025-02-20,WH_B,Central,SKU0045,Electronics,7,24.03
109995,2025-02-20,WH_B,Central,SKU0081,Housewares,2,59.74
109996,2025-02-20,WH_A,East,SKU0060,Hardware,1,171.54
109997,2025-02-20,WH_C,West,SKU0035,Hardware,2,128.9
109998,2025-02-20,WH_C,West,SKU0045,Electronics,5,172.24
109999,2025-02-20,WH_A,East,SKU0071,Hardware,5,233.32
110000,2025-02-20,WH_C,West,SKU0070,Hardware,3,101.87
110001,2025-02-20,WH_A,East,SKU0066,Sports,1,71.37
110002,2025-02-20,WH_A,East,SKU0035,Hardware,1,186.32
110003,2025-02-20,WH_C,West,SKU0088,Housewares,1,204.5
110004,2025-02-20,WH_C,West,SKU0056,Housewares,4,127.36
110005,2025-02-20,WH_A,East,SKU0052,Hardware,1,32.61
110006,2025-02-20,WH_C,West,SKU0023,Hardware,1,31.86
110007,2025-02-20,WH_B,Central,SKU0008,Electronics,5,129.79
110008,2025-02-20,WH_A,East,SKU0060,Hardware,1,9.43
110009,2025-02-20,WH_B,Central,SKU0078,Housewares,2,189.26
110010,2025-02-20,WH_C,West,SKU0012,Housewares,4,57.53
110011,2025-02-20,WH_C,West,SKU0037,Sports,15,144.35
110012,2025-02-20,WH_C,West,SKU0009,Hardware,1,101.24
110013,2025-02-20,WH_C,West,SKU0089,Electronics,1,125.87
110014,2025-02-20,WH_C,West,SKU0081,Housewares,4,105.31
110015,2025-02-20,WH_B,Central,SKU0098,Housewares,6,121.8
110016,2025-02-20,WH_B,Central,SKU0066,Sports,6,177.28
110017,2025-02-20,WH_B,Central,SKU0014,Electronics,1,21.42
110018,2025-02-20,WH_C,West,SKU0069,Hardware,4,92.42
110019,2025-02-20,WH_A,East,SKU0035,Hardware,1,217.0
110020,2025-02-20,WH_A,East,SKU0020,Electronics,12,203.14
110021,2025-02-20,WH_C,West,SKU0068,Electronics,3,5.23
110022,2025-02-20,WH_C,West,SKU0016,Housewares,1,169.38
110023,2025-02-20,WH_C,West,SKU0042,Electronics,1,9.77
110024,2025-02-20,WH_C,West,SKU0079,Hardware,4,107.6
110025,2025-02-20,WH_B,Central,SKU0027,Electronics,3,119.74
110026,2025-02-20,WH_A,East,SKU0031,Sports,1,160.8
110027,2025-02-20,WH_B,Central,SKU0019,Sports,4,43.21
110028,2025-02-20,WH_C,West,SKU0034,Office,6,49.48
110029,2025-02-20,WH_B,Central,SKU0032,Sports,1,134.16
110030,2025-02-20,WH_B,Central,SKU0009,Hardware,1,127.61
110031,2025-02-20,WH_B,Central,SKU0046,Hardware,3,180.04
110032,2025-02-20,WH_B,Central,SKU0083,Housewares,7,216.21
110033,2025-02-20,WH_A,East,SKU0069,Hardware,12,150.87
110034,2025-02-20,WH_C,West,SKU0059,Electronics,1,63.82
110035,2025-02-20,WH_B,Central,SKU0083,Housewares,1,41.98
110036,2025-02-20,WH_C,West,SKU0054,Office,3,165.29
110037,2025-02-20,WH_A,East,SKU0021,Sports,1,223.57
110038,2025-02-20,WH_C,West,SKU0047,Electronics,2,21.91
110039,2025-02-20,WH_C,West,SKU0056,Housewares,1,40.08
110040,2025-02-20,WH_A,East,SKU0033,Housewares,1,222.42
110041,2025-02-20,WH_A,East,SKU0045,Electronics,4,54.42
110042,2025-02-20,WH_B,Central,SKU0014,Electronics,1,161.01
110043,2025-02-20,WH_A,East,SKU0060,Hardware,6,82.6
110044,2025-02-20,WH_B,Central,SKU0061,Office,2,223.14
110045,2025-02-20,WH_B,Central,SKU0014,Electronics,4,223.42
110046,2025-02-20,WH_A,East,SKU0045,Electronics,1,174.28
110047,2025-02-20,WH_C,West,SKU0062,Housewares,1,155.97
110048,2025-02-20,WH_B,Central,SKU0032,Sports,1,176.86
110049,2025-02-20,WH_C,West,SKU0048,Hardware,1,168.07
110050,2025-02-20,WH_A,East,SKU0005,Sports,3,215.0
110051,2025-02-20,WH_B,Central,SKU0003,Hardware,3,133.1
110052,2025-02-20,WH_A,East,SKU0093,Sports,4,74.69
110053,2025-02-20,WH_A,East,SKU0037,Sports,3,182.51
110054,2025-02-20,WH_A,East,SKU0013,Electronics,1,247.3
110055,2025-02-20,WH_B,Central,SKU0050,Hardware,1,25.7
110056,2025-02-20,WH_B,Central,SKU0014,Electronics,1,29.36
110057,2025-02-20,WH_C,West,SKU0014,Electronics,1,36.33
110058,2025-02-20,WH_A,East,SKU0012,Housewares,1,195.6
110059,2025-02-20,WH_B,Central,SKU0054,Office,1,142.96
110060,2025-02-20,WH_C,West,SKU0085,Hardware,1,221.73
110061,2025-02-20,WH_B,Central,SKU0036,Housewares,7,125.63
110062,2025-02-20,WH_A,East,SKU0055,Housewares,4,150.26
110063,2025-02-20,WH_C,West,SKU0019,Sports,1,65.06
110064,2025-02-20,WH_A,East,SKU0094,Hardware,4,110.35
110065,2025-02-20,WH_C,West,SKU0007,Office,7,244.04
110066,2025-02-20,WH_C,West,SKU0027,Electronics,1,142.46
110067,2025-02-20,WH_A,East,SKU0020,Electronics,2,217.68
110068,2025-02-20,WH_C,West,SKU0042,Electronics,3,153.81
110069,2025-02-20,WH_A,East,SKU0016,Housewares,3,100.42
110070,2025-02-20,WH_B,Central,SKU0017,Hardware,9,19.12
110071,2025-02-20,WH_B,Central,SKU0073,Office,1,106.82
110072,2025-02-20,WH_A,East,SKU0064,Sports,1,138.48
110073,2025-02-20,WH_B,Central,SKU0033,Housewares,1,117.62
110074,2025-02-20,WH_C,West,SKU0087,Office,1,54.58
110075,2025-02-20,WH_A,East,SKU0067,Hardware,1,214.36
110076,2025-02-20,WH_C,West,SKU0025,Office,3,44.19
110077,2025-02-20,WH_C,West,SKU0007,Office,2,233.26
110078,2025-02-20,WH_B,Central,SKU0009,Hardware,1,120.28
110079,2025-02-20,WH_C,West,SKU0038,Housewares,8,38.27
110080,2025-02-20,WH_C,West,SKU0081,Housewares,3,78.29
110081,2025-02-20,WH_A,East,SKU0089,Electronics,6,18.32
110082,2025-02-20,WH_A,East,SKU0080,Hardware,13,193.31
110083,2025-02-20,WH_B,Central,SKU0046,Hardware,1,191.41
110084,2025-02-20,WH_C,West,SKU0018,Housewares,7,32.66
110085,2025-02-20,WH_C,West,SKU0050,Hardware,7,93.24
110086,2025-02-20,WH_B,Central,SKU0078,Housewares,1,32.54
110087,2025-02-20,WH_B,Central,SKU0022,Sports,6,245.75
110088,2025-02-20,WH_C,West,SKU0082,Hardware,6,113.18
110089,2025-02-20,WH_B,Central,SKU0019,Sports,9,104.68
110090,2025-02-20,WH_B,Central,SKU0076,Hardware,1,88.53
110091,2025-02-20,WH_A,East,SKU0082,Hardware,19,158.36
110092,2025-02-20,WH_B,Central,SKU0015,Housewares,1,157.92
110093,2025-02-20,WH_B,Central,SKU0043,Hardware,1,17.14
110094,2025-02-20,WH_A,East,SKU0030,Housewares,1,9.71
110095,2025-02-20,WH_A,East,SKU0096,Hardware,1,186.19
110096,2025-02-20,WH_C,West,SKU0012,Housewares,1,134.37
110097,2025-02-20,WH_C,West,SKU0091,Electronics,3,139.43
110098,2025-02-20,WH_B,Central,SKU0037,Sports,1,94.02
110099,2025-02-20,WH_B,Central,SKU0094,Hardware,1,88.97
110100,2025-02-20,WH_C,West,SKU0048,Hardware,2,130.72
110101,2025-02-20,WH_A,East,SKU0069,Hardware,1,189.23
110102,2025-02-20,WH_C,West,SKU0007,Office,1,117.45
110103,2025-02-20,WH_A,East,SKU0090,Electronics,4,175.83
110104,2025-02-20,WH_B,Central,SKU0050,Hardware,1,198.29
110105,2025-02-20,WH_B,Central,SKU0039,Office,3,99.21
110106,2025-02-20,WH_C,West,SKU0098,Housewares,6,39.78
110107,2025-02-20,WH_A,East,SKU0028,Electronics,1,175.96
110108,2025-02-20,WH_A,East,SKU0095,Electronics,6,84.03
110109,2025-02-20,WH_C,West,SKU0038,Housewares,2,7.9
110110,2025-02-20,WH_B,Central,SKU0018,Housewares,1,86.08
110111,2025-02-20,WH_A,East,SKU0091,Electronics,5,23.12
110112,2025-02-20,WH_B,Central,SKU0059,Electronics,1,113.46
110113,2025-02-20,WH_A,East,SKU0038,Housewares,1,44.58
110114,2025-02-20,WH_C,West,SKU0097,Office,1,243.68
110115,2025-02-20,WH_B,Central,SKU0100,Office,2,26.52
110116,2025-02-20,WH_A,East,SKU0012,Housewares,1,15.27
110117,2025-02-20,WH_C,West,SKU0045,Electronics,1,217.08
110118,2025-02-20,WH_B,Central,SKU0009,Hardware,5,95.13
110119,2025-02-20,WH_B,Central,SKU0054,Office,4,189.3
110120,2025-02-20,WH_A,East,SKU0057,Electronics,1,104.07
110121,2025-02-20,WH_B,Central,SKU0025,Office,1,73.3
110122,2025-02-20,WH_B,Central,SKU0048,Hardware,1,204.12
110123,2025-02-20,WH_C,West,SKU0070,Hardware,2,54.22
110124,2025-02-20,WH_C,West,SKU0020,Electronics,1,126.68
110125,2025-02-20,WH_B,Central,SKU0057,Electronics,3,205.63
110126,2025-02-20,WH_B,Central,SKU0058,Sports,4,206.92
110127,2025-02-20,WH_B,Central,SKU0071,Hardware,1,217.09
110128,2025-02-20,WH_B,Central,SKU0058,Sports,1,46.19
110129,2025-02-20,WH_C,West,SKU0053,Hardware,1,88.31
110130,2025-02-20,WH_B,Central,SKU0059,Electronics,1,166.36
110131,2025-02-20,WH_B,Central,SKU0072,Office,3,60.1
110132,2025-02-20,WH_C,West,SKU0028,Electronics,1,150.86
110133,2025-02-20,WH_C,West,SKU0069,Hardware,1,173.72
110134,2025-02-20,WH_C,West,SKU0012,Housewares,1,213.42
110135,2025-02-20,WH_C,West,SKU0053,Hardware,1,59.1
110136,2025-02-20,WH_B,Central,SKU0073,Office,3,140.74
110137,2025-02-20,WH_A,East,SKU0005,Sports,1,207.65
110138,2025-02-20,WH_B,Central,SKU0011,Hardware,1,42.3
110139,2025-02-20,WH_C,West,SKU0022,Sports,4,37.69
110140,2025-02-20,WH_B,Central,SKU0050,Hardware,10,113.24
110141,2025-02-20,WH_C,West,SKU0003,Hardware,3,115.73
110142,2025-02-20,WH_C,West,SKU0025,Office,1,190.74
110143,2025-02-20,WH_B,Central,SKU0094,Hardware,1,172.19
110144,2025-02-20,WH_B,Central,SKU0008,Electronics,1,64.07
110145,2025-02-20,WH_A,East,SKU0057,Electronics,1,204.98
110146,2025-02-20,WH_A,East,SKU0007,Office,2,20.84
110147,2025-02-20,WH_A,East,SKU0005,Sports,3,147.04
110148,2025-02-20,WH_B,Central,SKU0029,Sports,2,91.63
110149,2025-02-20,WH_C,West,SKU0033,Housewares,2,96.11
110150,2025-02-20,WH_A,East,SKU0003,Hardware,1,211.89
110151,2025-02-20,WH_A,East,SKU0035,Hardware,3,169.26
110152,2025-02-20,WH_C,West,SKU0031,Sports,1,167.58
110153,2025-02-20,WH_B,Central,SKU0001,Housewares,1,173.45
110154,2025-02-20,WH_A,East,SKU0037,Sports,1,43.59
110155,2025-02-20,WH_A,East,SKU0067,Hardware,7,30.64
110156,2025-02-20,WH_A,East,SKU0055,Housewares,4,29.94
110157,2025-02-20,WH_B,Central,SKU0016,Housewares,3,32.04
110158,2025-02-20,WH_A,East,SKU0049,Housewares,2,51.06
110159,2025-02-20,WH_B,Central,SKU0080,Hardware,6,103.36
110160,2025-02-20,WH_C,West,SKU0020,Electronics,1,158.9
110161,2025-02-20,WH_C,West,SKU0050,Hardware,1,215.64
110162,2025-02-20,WH_A,East,SKU0067,Hardware,1,105.73
110163,2025-02-20,WH_B,Central,SKU0059,Electronics,1,215.66
110164,2025-02-20,WH_C,West,SKU0091,Electronics,2,168.99
110165,2025-02-20,WH_A,East,SKU0051,Hardware,3,234.69
110166,2025-02-20,WH_B,Central,SKU0091,Electronics,5,232.18
110167,2025-02-20,WH_A,East,SKU0096,Hardware,1,57.64
110168,2025-02-20,WH_A,East,SKU0066,Sports,1,215.16
110169,2025-02-20,WH_A,East,SKU0079,Hardware,5,164.35
110170,2025-02-20,WH_B,Central,SKU0076,Hardware,1,82.92
110171,2025-02-20,WH_C,West,SKU0054,Office,3,65.9
110172,2025-02-20,WH_A,East,SKU0026,Hardware,2,137.97
110173,2025-02-20,WH_B,Central,SKU0023,Hardware,1,233.91
110174,2025-02-20,WH_C,West,SKU0005,Sports,1,224.22
110175,2025-02-20,WH_A,East,SKU0086,Hardware,2,27.5
110176,2025-02-20,WH_A,East,SKU0048,Hardware,5,198.9
110177,2025-02-20,WH_C,West,SKU0028,Electronics,5,161.35
110178,2025-02-20,WH_B,Central,SKU0029,Sports,3,227.23
110179,2025-02-20,WH_A,East,SKU0086,Hardware,1,25.34
110180,2025-02-20,WH_C,West,SKU0043,Hardware,1,218.17
110181,2025-02-20,WH_C,West,SKU0015,Housewares,2,48.14
110182,2025-02-20,WH_A,East,SKU0065,Sports,1,114.13
110183,2025-02-20,WH_A,East,SKU0075,Sports,5,202.27
110184,2025-02-20,WH_C,West,SKU0038,Housewares,5,193.39
110185,2025-02-20,WH_C,West,SKU0093,Sports,1,181.44
110186,2025-02-20,WH_A,East,SKU0019,Sports,2,182.97
110187,2025-02-20,WH_B,Central,SKU0045,Electronics,1,123.47
110188,2025-02-20,WH_C,West,SKU0050,Hardware,1,226.78
110189,2025-02-20,WH_B,Central,SKU0100,Office,1,147.68
110190,2025-02-20,WH_C,West,SKU0022,Sports,1,95.38
110191,2025-02-20,WH_A,East,SKU0068,Electronics,6,56.35
110192,2025-02-20,WH_A,East,SKU0046,Hardware,1,68.82
110193,2025-02-20,WH_B,Central,SKU0082,Hardware,2,132.57
110194,2025-02-20,WH_A,East,SKU0088,Housewares,1,174.53
110195,2025-02-20,WH_C,West,SKU0080,Hardware,7,53.71
110196,2025-02-20,WH_B,Central,SKU0072,Office,3,148.66
110197,2025-02-20,WH_A,East,SKU0100,Office,1,156.37
110198,2025-02-20,WH_C,West,SKU0074,Hardware,1,209.32
110199,2025-02-20,WH_A,East,SKU0015,Housewares,1,143.93
110200,2025-02-20,WH_B,Central,SKU0085,Hardware,1,220.93
110201,2025-02-20,WH_B,Central,SKU0099,Office,2,201.61
110202,2025-02-20,WH_B,Central,SKU0061,Office,7,86.92
110203,2025-02-20,WH_C,West,SKU0014,Electronics,6,182.94
110204,2025-02-20,WH_A,East,SKU0023,Hardware,1,30.46
110205,2025-02-20,WH_B,Central,SKU0062,Housewares,5,119.74
110206,2025-02-20,WH_B,Central,SKU0077,Office,2,223.36
110207,2025-02-20,WH_A,East,SKU0004,Hardware,7,32.61
110208,2025-02-20,WH_A,East,SKU0079,Hardware,1,224.33
110209,2025-02-20,WH_B,Central,SKU0024,Electronics,5,181.65
110210,2025-02-20,WH_C,West,SKU0054,Office,1,157.19
110211,2025-02-20,WH_B,Central,SKU0028,Electronics,2,45.96
110212,2025-02-20,WH_C,West,SKU0027,Electronics,4,81.43
110213,2025-02-20,WH_A,East,SKU0032,Sports,2,93.65
110214,2025-02-20,WH_C,West,SKU0031,Sports,1,133.57
110215,2025-02-20,WH_B,Central,SKU0061,Office,1,22.47
110216,2025-02-20,WH_B,Central,SKU0093,Sports,1,156.62
110217,2025-02-20,WH_A,East,SKU0043,Hardware,1,26.43
110218,2025-02-20,WH_A,East,SKU0080,Hardware,8,31.34
110219,2025-02-20,WH_B,Central,SKU0081,Housewares,1,37.69
110220,2025-02-20,WH_C,West,SKU0021,Sports,8,122.88
110221,2025-02-20,WH_C,West,SKU0038,Housewares,1,193.36
110222,2025-02-20,WH_C,West,SKU0064,Sports,4,225.79
110223,2025-02-20,WH_B,Central,SKU0087,Office,3,18.41
110224,2025-02-20,WH_A,East,SKU0035,Hardware,2,99.09
110225,2025-02-20,WH_C,West,SKU0060,Hardware,4,149.78
110226,2025-02-20,WH_C,West,SKU0008,Electronics,3,49.21
110227,2025-02-20,WH_A,East,SKU0098,Housewares,1,110.87
110228,2025-02-20,WH_C,West,SKU0012,Housewares,11,9.68
110229,2025-02-20,WH_B,Central,SKU0043,Hardware,5,28.79
110230,2025-02-21,WH_C,West,SKU0039,Office,1,85.4
110231,2025-02-21,WH_C,West,SKU0038,Housewares,3,171.22
110232,2025-02-21,WH_A,East,SKU0084,Office,2,194.77
110233,2025-02-21,WH_C,West,SKU0048,Hardware,1,160.29
110234,2025-02-21,WH_B,Central,SKU0048,Hardware,3,165.31
110235,2025-02-21,WH_B,Central,SKU0065,Sports,2,59.27
110236,2025-02-21,WH_A,East,SKU0023,Hardware,7,244.12
110237,2025-02-21,WH_A,East,SKU0091,Electronics,3,113.8
110238,2025-02-21,WH_C,West,SKU0040,Housewares,2,31.55
110239,2025-02-21,WH_B,Central,SKU0066,Sports,1,244.15
110240,2025-02-21,WH_A,East,SKU0002,Electronics,2,142.35
110241,2025-02-21,WH_A,East,SKU0077,Office,9,222.16
110242,2025-02-21,WH_A,East,SKU0077,Office,2,70.9
110243,2025-02-21,WH_C,West,SKU0074,Hardware,1,216.59
110244,2025-02-21,WH_C,West,SKU0009,Hardware,7,126.1
110245,2025-02-21,WH_C,West,SKU0045,Electronics,1,153.53
110246,2025-02-21,WH_C,West,SKU0014,Electronics,1,43.68
110247,2025-02-21,WH_A,East,SKU0064,Sports,7,63.67
110248,2025-02-21,WH_C,West,SKU0004,Hardware,3,110.2
110249,2025-02-21,WH_C,West,SKU0046,Hardware,5,176.7
110250,2025-02-21,WH_A,East,SKU0055,Housewares,1,115.15
110251,2025-02-21,WH_B,Central,SKU0013,Electronics,1,179.83
110252,2025-02-21,WH_C,West,SKU0097,Office,2,88.34
110253,2025-02-21,WH_B,Central,SKU0040,Housewares,1,33.05
110254,2025-02-21,WH_C,West,SKU0098,Housewares,1,179.8
110255,2025-02-21,WH_B,Central,SKU0070,Hardware,2,92.12
110256,2025-02-21,WH_A,East,SKU0043,Hardware,5,123.68
110257,2025-02-21,WH_B,Central,SKU0049,Housewares,4,196.39
110258,2025-02-21,WH_C,West,SKU0098,Housewares,5,213.19
110259,2025-02-21,WH_B,Central,SKU0055,Housewares,3,188.61
110260,2025-02-21,WH_C,West,SKU0081,Housewares,4,46.44
110261,2025-02-21,WH_B,Central,SKU0075,Sports,1,30.54
110262,2025-02-21,WH_C,West,SKU0046,Hardware,1,195.68
110263,2025-02-21,WH_A,East,SKU0057,Electronics,8,170.04
110264,2025-02-21,WH_B,Central,SKU0017,Hardware,6,82.9
110265,2025-02-21,WH_C,West,SKU0034,Office,5,88.0
110266,2025-02-21,WH_C,West,SKU0009,Hardware,6,200.52
110267,2025-02-21,WH_C,West,SKU0013,Electronics,12,207.68
110268,2025-02-21,WH_B,Central,SKU0031,Sports,1,31.97
110269,2025-02-21,WH_A,East,SKU0053,Hardware,6,144.94
110270,2025-02-21,WH_B,Central,SKU0002,Electronics,5,99.85
110271,2025-02-21,WH_B,Central,SKU0015,Housewares,1,17.84
110272,2025-02-21,WH_B,Central,SKU0020,Electronics,3,33.04
110273,2025-02-21,WH_A,East,SKU0039,Office,4,107.76
110274,2025-02-21,WH_B,Central,SKU0051,Hardware,2,201.3
110275,2025-02-21,WH_B,Central,SKU0088,Housewares,1,106.16
110276,2025-02-21,WH_C,West,SKU0006,Sports,3,230.01
110277,2025-02-21,WH_C,West,SKU0085,Hardware,1,157.57
110278,2025-02-21,WH_C,West,SKU0076,Hardware,9,163.97
110279,2025-02-21,WH_C,West,SKU0084,Office,6,235.23
110280,2025-02-21,WH_A,East,SKU0021,Sports,7,190.83
110281,2025-02-21,WH_B,Central,SKU0070,Hardware,2,28.7
110282,2025-02-21,WH_B,Central,SKU0084,Office,1,67.66
110283,2025-02-21,WH_B,Central,SKU0083,Housewares,1,29.97
110284,2025-02-21,WH_A,East,SKU0038,Housewares,1,27.23
110285,2025-02-21,WH_A,East,SKU0069,Hardware,1,18.33
110286,2025-02-21,WH_A,East,SKU0008,Electronics,1,206.23
110287,2025-02-21,WH_A,East,SKU0075,Sports,5,226.7
110288,2025-02-21,WH_C,West,SKU0071,Hardware,4,64.89
110289,2025-02-21,WH_B,Central,SKU0026,Hardware,3,189.69
110290,2025-02-21,WH_C,West,SKU0034,Office,2,202.72
110291,2025-02-21,WH_B,Central,SKU0020,Electronics,1,150.72
110292,2025-02-21,WH_C,West,SKU0038,Housewares,1,202.28
110293,2025-02-21,WH_A,East,SKU0048,Hardware,1,57.09
110294,2025-02-21,WH_A,East,SKU0059,Electronics,2,237.07
110295,2025-02-21,WH_A,East,SKU0002,Electronics,1,187.13
110296,2025-02-21,WH_A,East,SKU0001,Housewares,1,30.83
110297,2025-02-21,WH_C,West,SKU0042,Electronics,1,147.85
110298,2025-02-21,WH_B,Central,SKU0083,Housewares,5,160.5
110299,2025-02-21,WH_A,East,SKU0087,Office,2,74.99
110300,2025-02-21,WH_A,East,SKU0094,Hardware,1,193.79
110301,2025-02-21,WH_A,East,SKU0057,Electronics,1,40.89
110302,2025-02-21,WH_B,Central,SKU0099,Office,3,240.46
110303,2025-02-21,WH_C,West,SKU0025,Office,1,154.31
110304,2025-02-21,WH_C,West,SKU0083,Housewares,1,11.31
110305,2025-02-21,WH_B,Central,SKU0022,Sports,5,129.61
110306,2025-02-21,WH_B,Central,SKU0065,Sports,1,224.39
110307,2025-02-21,WH_A,East,SKU0011,Hardware,2,185.58
110308,2025-02-21,WH_A,East,SKU0071,Hardware,1,50.3
110309,2025-02-21,WH_A,East,SKU0088,Housewares,1,75.48
110310,2025-02-21,WH_C,West,SKU0051,Hardware,1,162.75
110311,2025-02-21,WH_C,West,SKU0015,Housewares,1,102.27
110312,2025-02-21,WH_A,East,SKU0013,Electronics,2,178.92
110313,2025-02-21,WH_B,Central,SKU0009,Hardware,3,222.13
110314,2025-02-21,WH_B,Central,SKU0063,Housewares,14,234.67
110315,2025-02-21,WH_C,West,SKU0075,Sports,4,173.07
110316,2025-02-21,WH_C,West,SKU0063,Housewares,1,135.71
110317,2025-02-21,WH_A,East,SKU0072,Office,3,106.17
110318,2025-02-21,WH_C,West,SKU0013,Electronics,1,137.92
110319,2025-02-21,WH_A,East,SKU0065,Sports,7,68.93
110320,2025-02-21,WH_C,West,SKU0097,Office,1,165.01
110321,2025-02-21,WH_B,Central,SKU0001,Housewares,1,209.55
110322,2025-02-21,WH_C,West,SKU0005,Sports,3,91.3
110323,2025-02-21,WH_B,Central,SKU0050,Hardware,3,73.44
110324,2025-02-21,WH_C,West,SKU0057,Electronics,4,22.32
110325,2025-02-21,WH_C,West,SKU0029,Sports,1,69.1
110326,2025-02-21,WH_A,East,SKU0016,Housewares,5,189.42
110327,2025-02-21,WH_C,West,SKU0044,Hardware,5,164.63
110328,2025-02-21,WH_C,West,SKU0046,Hardware,4,112.5
110329,2025-02-21,WH_B,Central,SKU0085,Hardware,3,12.62
110330,2025-02-21,WH_A,East,SKU0083,Housewares,6,172.77
110331,2025-02-21,WH_B,Central,SKU0004,Hardware,6,193.86
110332,2025-02-21,WH_A,East,SKU0031,Sports,1,71.86
110333,2025-02-21,WH_C,West,SKU0060,Hardware,4,50.25
110334,2025-02-21,WH_B,Central,SKU0091,Electronics,1,8.69
110335,2025-02-21,WH_C,West,SKU0014,Electronics,1,29.32
110336,2025-02-21,WH_C,West,SKU0039,Office,4,123.71
110337,2025-02-21,WH_B,Central,SKU0024,Electronics,1,152.51
110338,2025-02-21,WH_C,West,SKU0026,Hardware,1,182.9
110339,2025-02-21,WH_A,East,SKU0078,Housewares,2,6.59
110340,2025-02-21,WH_A,East,SKU0068,Electronics,1,188.8
110341,2025-02-21,WH_C,West,SKU0095,Electronics,1,240.66
110342,2025-02-21,WH_C,West,SKU0020,Electronics,6,195.67
110343,2025-02-21,WH_B,Central,SKU0098,Housewares,1,91.69
110344,2025-02-21,WH_A,East,SKU0097,Office,1,38.72
110345,2025-02-21,WH_C,West,SKU0067,Hardware,23,41.06
110346,2025-02-21,WH_C,West,SKU0082,Hardware,1,220.63
110347,2025-02-21,WH_A,East,SKU0052,Hardware,1,120.03
110348,2025-02-21,WH_C,West,SKU0094,Hardware,11,65.59
110349,2025-02-21,WH_C,West,SKU0095,Electronics,3,24.61
110350,2025-02-21,WH_C,West,SKU0075,Sports,2,88.07
110351,2025-02-21,WH_B,Central,SKU0022,Sports,3,111.06
110352,2025-02-21,WH_A,East,SKU0080,Hardware,1,138.77
110353,2025-02-21,WH_C,West,SKU0009,Hardware,1,204.54
110354,2025-02-21,WH_C,West,SKU0048,Hardware,4,138.52
110355,2025-02-21,WH_B,Central,SKU0083,Housewares,1,229.23
110356,2025-02-21,WH_C,West,SKU0074,Hardware,3,74.78
110357,2025-02-21,WH_A,East,SKU0021,Sports,4,160.58
110358,2025-02-21,WH_B,Central,SKU0085,Hardware,1,32.99
110359,2025-02-21,WH_B,Central,SKU0049,Housewares,8,75.54
110360,2025-02-21,WH_B,Central,SKU0054,Office,3,13.93
110361,2025-02-21,WH_B,Central,SKU0060,Hardware,2,61.63
110362,2025-02-21,WH_C,West,SKU0004,Hardware,1,194.51
110363,2025-02-21,WH_B,Central,SKU0079,Hardware,4,180.23
110364,2025-02-21,WH_A,East,SKU0055,Housewares,1,74.8
110365,2025-02-21,WH_C,West,SKU0057,Electronics,1,174.26
110366,2025-02-21,WH_A,East,SKU0056,Housewares,4,158.82
110367,2025-02-21,WH_A,East,SKU0099,Office,4,109.69
110368,2025-02-21,WH_C,West,SKU0099,Office,2,20.74
110369,2025-02-21,WH_C,West,SKU0086,Hardware,1,111.0
110370,2025-02-21,WH_B,Central,SKU0100,Office,2,97.58
110371,2025-02-21,WH_A,East,SKU0014,Electronics,1,63.21
110372,2025-02-21,WH_B,Central,SKU0087,Office,1,176.75
110373,2025-02-21,WH_A,East,SKU0023,Hardware,2,146.92
110374,2025-02-21,WH_A,East,SKU0077,Office,2,95.05
110375,2025-02-21,WH_A,East,SKU0031,Sports,4,230.9
110376,2025-02-21,WH_A,East,SKU0026,Hardware,1,105.23
110377,2025-02-21,WH_A,East,SKU0081,Housewares,1,169.32
110378,2025-02-21,WH_B,Central,SKU0001,Housewares,2,247.06
110379,2025-02-21,WH_B,Central,SKU0040,Housewares,2,75.71
110380,2025-02-21,WH_B,Central,SKU0044,Hardware,2,246.25
110381,2025-02-21,WH_B,Central,SKU0073,Office,3,36.5
110382,2025-02-21,WH_A,East,SKU0064,Sports,1,78.18
110383,2025-02-21,WH_B,Central,SKU0099,Office,5,154.73
110384,2025-02-21,WH_A,East,SKU0024,Electronics,4,48.18
110385,2025-02-21,WH_A,East,SKU0003,Hardware,7,19.29
110386,2025-02-21,WH_B,Central,SKU0100,Office,1,8.47
110387,2025-02-21,WH_B,Central,SKU0052,Hardware,1,240.75
110388,2025-02-21,WH_C,West,SKU0020,Electronics,1,40.62
110389,2025-02-21,WH_C,West,SKU0003,Hardware,7,178.99
110390,2025-02-21,WH_B,Central,SKU0044,Hardware,1,21.85
110391,2025-02-21,WH_C,West,SKU0039,Office,4,125.72
110392,2025-02-21,WH_C,West,SKU0002,Electronics,1,93.38
110393,2025-02-21,WH_B,Central,SKU0083,Housewares,2,140.05
110394,2025-02-21,WH_B,Central,SKU0087,Office,5,194.07
110395,2025-02-21,WH_B,Central,SKU0030,Housewares,4,183.68
110396,2025-02-21,WH_B,Central,SKU0012,Housewares,4,171.01
110397,2025-02-21,WH_C,West,SKU0045,Electronics,6,141.58
110398,2025-02-21,WH_C,West,SKU0067,Hardware,2,176.82
110399,2025-02-21,WH_A,East,SKU0071,Hardware,1,195.35
110400,2025-02-21,WH_C,West,SKU0029,Sports,8,77.58
110401,2025-02-21,WH_B,Central,SKU0080,Hardware,2,12.99
110402,2025-02-21,WH_B,Central,SKU0065,Sports,4,142.12
110403,2025-02-21,WH_B,Central,SKU0079,Hardware,3,40.03
110404,2025-02-21,WH_A,East,SKU0038,Housewares,4,67.7
110405,2025-02-21,WH_A,East,SKU0043,Hardware,3,150.32
110406,2025-02-21,WH_B,Central,SKU0044,Hardware,3,17.31
110407,2025-02-21,WH_C,West,SKU0090,Electronics,4,199.84
110408,2025-02-21,WH_C,West,SKU0019,Sports,1,105.17
110409,2025-02-21,WH_C,West,SKU0048,Hardware,1,232.33
110410,2025-02-22,WH_B,Central,SKU0070,Hardware,4,176.16
110411,2025-02-22,WH_A,East,SKU0098,Housewares,7,90.45
110412,2025-02-22,WH_A,East,SKU0072,Office,2,173.08
110413,2025-02-22,WH_C,West,SKU0072,Office,16,109.66
110414,2025-02-22,WH_A,East,SKU0047,Electronics,1,25.7
110415,2025-02-22,WH_B,Central,SKU0030,Housewares,1,130.39
110416,2025-02-22,WH_A,East,SKU0056,Housewares,1,22.87
110417,2025-02-22,WH_A,East,SKU0005,Sports,10,238.1
110418,2025-02-22,WH_B,Central,SKU0067,Hardware,1,198.52
110419,2025-02-22,WH_C,West,SKU0037,Sports,6,118.86
110420,2025-02-22,WH_C,West,SKU0016,Housewares,1,36.8
110421,2025-02-22,WH_A,East,SKU0068,Electronics,1,200.25
110422,2025-02-22,WH_C,West,SKU0049,Housewares,1,174.91
110423,2025-02-22,WH_C,West,SKU0018,Housewares,2,101.69
110424,2025-02-22,WH_B,Central,SKU0095,Electronics,1,86.7
110425,2025-02-22,WH_C,West,SKU0037,Sports,5,203.79
110426,2025-02-22,WH_A,East,SKU0032,Sports,1,39.37
110427,2025-02-22,WH_A,East,SKU0050,Hardware,4,87.25
110428,2025-02-22,WH_C,West,SKU0034,Office,3,142.86
110429,2025-02-22,WH_B,Central,SKU0048,Hardware,3,18.16
110430,2025-02-22,WH_B,Central,SKU0050,Hardware,8,10.14
110431,2025-02-22,WH_A,East,SKU0020,Electronics,1,60.41
110432,2025-02-22,WH_A,East,SKU0086,Hardware,15,22.77
110433,2025-02-22,WH_A,East,SKU0075,Sports,6,43.98
110434,2025-02-22,WH_A,East,SKU0027,Electronics,1,195.85
110435,2025-02-22,WH_B,Central,SKU0093,Sports,5,199.08
110436,2025-02-22,WH_A,East,SKU0057,Electronics,1,220.56
110437,2025-02-22,WH_A,East,SKU0003,Hardware,1,88.78
110438,2025-02-22,WH_C,West,SKU0092,Housewares,1,21.6
110439,2025-02-22,WH_A,East,SKU0089,Electronics,2,142.05
110440,2025-02-22,WH_A,East,SKU0051,Hardware,14,157.31
110441,2025-02-22,WH_B,Central,SKU0086,Hardware,1,198.6
110442,2025-02-22,WH_A,East,SKU0038,Housewares,1,135.55
110443,2025-02-22,WH_C,West,SKU0081,Housewares,1,84.05
110444,2025-02-22,WH_B,Central,SKU0049,Housewares,2,177.07
110445,2025-02-22,WH_A,East,SKU0006,Sports,1,200.31
110446,2025-02-22,WH_B,Central,SKU0060,Hardware,6,73.85
110447,2025-02-22,WH_B,Central,SKU0028,Electronics,4,49.19
110448,2025-02-22,WH_B,Central,SKU0044,Hardware,2,200.42
110449,2025-02-22,WH_A,East,SKU0074,Hardware,1,11.44
110450,2025-02-22,WH_A,East,SKU0097,Office,2,211.95
110451,2025-02-22,WH_C,West,SKU0062,Housewares,1,12.26
110452,2025-02-22,WH_C,West,SKU0004,Hardware,4,70.45
110453,2025-02-22,WH_B,Central,SKU0078,Housewares,1,26.31
110454,2025-02-22,WH_B,Central,SKU0007,Office,1,155.56
110455,2025-02-22,WH_B,Central,SKU0014,Electronics,2,76.64
110456,2025-02-22,WH_A,East,SKU0088,Housewares,1,100.11
110457,2025-02-22,WH_A,East,SKU0048,Hardware,3,216.21
110458,2025-02-22,WH_A,East,SKU0004,Hardware,4,6.08
110459,2025-02-22,WH_C,West,SKU0066,Sports,1,110.2
110460,2025-02-22,WH_A,East,SKU0012,Housewares,5,63.06
110461,2025-02-22,WH_B,Central,SKU0056,Housewares,6,31.95
110462,2025-02-22,WH_B,Central,SKU0081,Housewares,1,228.79
110463,2025-02-22,WH_C,West,SKU0080,Hardware,1,118.63
110464,2025-02-22,WH_B,Central,SKU0001,Housewares,1,41.17
110465,2025-02-22,WH_B,Central,SKU0028,Electronics,2,241.1
110466,2025-02-22,WH_B,Central,SKU0041,Sports,3,91.66
110467,2025-02-22,WH_B,Central,SKU0081,Housewares,3,40.1
110468,2025-02-22,WH_C,West,SKU0040,Housewares,2,120.02
110469,2025-02-22,WH_B,Central,SKU0052,Hardware,1,186.19
110470,2025-02-22,WH_C,West,SKU0019,Sports,1,135.53
110471,2025-02-22,WH_C,West,SKU0084,Office,5,54.42
110472,2025-02-22,WH_C,West,SKU0095,Electronics,1,166.86
110473,2025-02-22,WH_B,Central,SKU0066,Sports,4,74.42
110474,2025-02-22,WH_A,East,SKU0097,Office,1,186.28
110475,2025-02-22,WH_C,West,SKU0021,Sports,1,168.23
110476,2025-02-22,WH_B,Central,SKU0006,Sports,1,105.77
110477,2025-02-22,WH_B,Central,SKU0004,Hardware,3,117.68
110478,2025-02-22,WH_B,Central,SKU0045,Electronics,1,104.56
110479,2025-02-22,WH_B,Central,SKU0091,Electronics,1,29.81
110480,2025-02-22,WH_A,East,SKU0054,Office,1,16.15
110481,2025-02-22,WH_B,Central,SKU0044,Hardware,8,188.71
110482,2025-02-22,WH_A,East,SKU0045,Electronics,8,33.12
110483,2025-02-22,WH_A,East,SKU0072,Office,2,25.41
110484,2025-02-22,WH_B,Central,SKU0090,Electronics,1,119.24
110485,2025-02-22,WH_B,Central,SKU0003,Hardware,3,20.57
110486,2025-02-22,WH_A,East,SKU0060,Hardware,1,27.09
110487,2025-02-22,WH_B,Central,SKU0007,Office,1,120.59
110488,2025-02-22,WH_A,East,SKU0058,Sports,1,146.18
110489,2025-02-22,WH_B,Central,SKU0028,Electronics,2,86.57
110490,2025-02-22,WH_B,Central,SKU0061,Office,1,113.06
110491,2025-02-22,WH_B,Central,SKU0039,Office,1,191.36
110492,2025-02-22,WH_C,West,SKU0005,Sports,1,214.97
110493,2025-02-22,WH_C,West,SKU0044,Hardware,1,182.37
110494,2025-02-22,WH_B,Central,SKU0089,Electronics,6,222.43
110495,2025-02-22,WH_C,West,SKU0018,Housewares,1,67.87
110496,2025-02-22,WH_A,East,SKU0034,Office,2,50.07
110497,2025-02-22,WH_C,West,SKU0089,Electronics,4,179.28
110498,2025-02-22,WH_C,West,SKU0011,Hardware,4,111.15
110499,2025-02-22,WH_C,West,SKU0072,Office,2,30.17
110500,2025-02-22,WH_A,East,SKU0096,Hardware,3,124.28
110501,2025-02-22,WH_B,Central,SKU0064,Sports,2,212.51
110502,2025-02-22,WH_A,East,SKU0044,Hardware,4,136.12
110503,2025-02-22,WH_A,East,SKU0042,Electronics,1,114.38
110504,2025-02-22,WH_A,East,SKU0059,Electronics,1,42.14
110505,2025-02-22,WH_C,West,SKU0076,Hardware,3,174.42
110506,2025-02-22,WH_B,Central,SKU0008,Electronics,10,116.65
110507,2025-02-22,WH_A,East,SKU0022,Sports,17,50.84
110508,2025-02-22,WH_A,East,SKU0090,Electronics,3,248.72
110509,2025-02-22,WH_A,East,SKU0038,Housewares,3,115.83
110510,2025-02-22,WH_A,East,SKU0080,Hardware,2,212.15
110511,2025-02-22,WH_B,Central,SKU0004,Hardware,8,116.21
110512,2025-02-22,WH_C,West,SKU0019,Sports,4,233.75
110513,2025-02-22,WH_A,East,SKU0039,Office,1,125.82
110514,2025-02-22,WH_C,West,SKU0082,Hardware,16,91.6
110515,2025-02-22,WH_A,East,SKU0010,Electronics,2,165.97
110516,2025-02-22,WH_B,Central,SKU0098,Housewares,1,202.62
110517,2025-02-22,WH_A,East,SKU0010,Electronics,1,127.58
110518,2025-02-22,WH_B,Central,SKU0016,Housewares,3,105.57
110519,2025-02-22,WH_A,East,SKU0056,Housewares,1,138.88
110520,2025-02-22,WH_A,East,SKU0094,Hardware,1,111.36
110521,2025-02-22,WH_A,East,SKU0042,Electronics,1,211.96
110522,2025-02-22,WH_B,Central,SKU0076,Hardware,1,25.28
110523,2025-02-22,WH_B,Central,SKU0070,Hardware,4,9.81
110524,2025-02-22,WH_B,Central,SKU0058,Sports,2,177.15
110525,2025-02-22,WH_B,Central,SKU0070,Hardware,1,37.16
110526,2025-02-22,WH_B,Central,SKU0070,Hardware,1,248.37
110527,2025-02-22,WH_C,West,SKU0067,Hardware,4,81.61
110528,2025-02-22,WH_A,East,SKU0098,Housewares,1,163.91
110529,2025-02-22,WH_C,West,SKU0035,Hardware,1,71.48
110530,2025-02-22,WH_A,East,SKU0040,Housewares,1,197.04
110531,2025-02-22,WH_C,West,SKU0062,Housewares,6,55.46
110532,2025-02-22,WH_A,East,SKU0096,Hardware,1,34.06
110533,2025-02-22,WH_C,West,SKU0055,Housewares,1,78.34
110534,2025-02-22,WH_A,East,SKU0044,Hardware,1,116.44
110535,2025-02-22,WH_B,Central,SKU0006,Sports,1,21.4
110536,2025-02-22,WH_B,Central,SKU0035,Hardware,3,145.26
110537,2025-02-22,WH_C,West,SKU0033,Housewares,5,79.06
110538,2025-02-22,WH_C,West,SKU0081,Housewares,1,93.24
110539,2025-02-22,WH_A,East,SKU0066,Sports,4,64.23
110540,2025-02-22,WH_B,Central,SKU0012,Housewares,1,41.16
110541,2025-02-22,WH_B,Central,SKU0046,Hardware,12,241.99
110542,2025-02-22,WH_C,West,SKU0078,Housewares,3,57.63
110543,2025-02-22,WH_B,Central,SKU0031,Sports,4,148.06
110544,2025-02-22,WH_A,East,SKU0001,Housewares,4,215.8
110545,2025-02-22,WH_B,Central,SKU0056,Housewares,1,228.86
110546,2025-02-22,WH_B,Central,SKU0009,Hardware,6,139.05
110547,2025-02-22,WH_A,East,SKU0007,Office,3,105.7
110548,2025-02-22,WH_A,East,SKU0042,Electronics,3,139.49
110549,2025-02-22,WH_B,Central,SKU0100,Office,1,84.1
110550,2025-02-22,WH_B,Central,SKU0015,Housewares,3,239.37
110551,2025-02-22,WH_C,West,SKU0043,Hardware,1,101.17
110552,2025-02-22,WH_C,West,SKU0014,Electronics,4,35.14
110553,2025-02-22,WH_B,Central,SKU0003,Hardware,15,171.14
110554,2025-02-22,WH_C,West,SKU0011,Hardware,7,210.32
110555,2025-02-22,WH_A,East,SKU0087,Office,4,13.06
110556,2025-02-22,WH_B,Central,SKU0016,Housewares,1,54.46
110557,2025-02-22,WH_A,East,SKU0097,Office,6,171.67
110558,2025-02-22,WH_B,Central,SKU0029,Sports,1,93.1
110559,2025-02-22,WH_C,West,SKU0053,Hardware,1,186.3
110560,2025-02-22,WH_C,West,SKU0022,Sports,1,62.42
110561,2025-02-22,WH_A,East,SKU0008,Electronics,2,15.3
110562,2025-02-22,WH_A,East,SKU0078,Housewares,1,47.95
110563,2025-02-22,WH_C,West,SKU0028,Electronics,8,97.39
110564,2025-02-22,WH_B,Central,SKU0024,Electronics,2,128.22
110565,2025-02-22,WH_A,East,SKU0056,Housewares,3,73.38
110566,2025-02-22,WH_B,Central,SKU0005,Sports,1,24.96
110567,2025-02-22,WH_C,West,SKU0014,Electronics,1,123.29
110568,2025-02-22,WH_A,East,SKU0096,Hardware,1,111.33
110569,2025-02-22,WH_A,East,SKU0010,Electronics,1,158.75
110570,2025-02-22,WH_A,East,SKU0013,Electronics,6,16.66
110571,2025-02-22,WH_B,Central,SKU0098,Housewares,1,82.85
110572,2025-02-22,WH_B,Central,SKU0098,Housewares,1,14.89
110573,2025-02-22,WH_C,West,SKU0051,Hardware,1,228.55
110574,2025-02-22,WH_B,Central,SKU0030,Housewares,3,239.82
110575,2025-02-22,WH_B,Central,SKU0020,Electronics,1,220.36
110576,2025-02-22,WH_C,West,SKU0064,Sports,5,219.36
110577,2025-02-22,WH_C,West,SKU0038,Housewares,1,164.87
110578,2025-02-22,WH_A,East,SKU0070,Hardware,2,138.58
110579,2025-02-22,WH_C,West,SKU0023,Hardware,2,200.01
110580,2025-02-22,WH_B,Central,SKU0059,Electronics,10,208.09
110581,2025-02-22,WH_A,East,SKU0047,Electronics,6,123.56
110582,2025-02-22,WH_B,Central,SKU0052,Hardware,3,106.81
110583,2025-02-22,WH_C,West,SKU0095,Electronics,1,224.34
110584,2025-02-22,WH_B,Central,SKU0011,Hardware,7,172.14
110585,2025-02-22,WH_C,West,SKU0024,Electronics,5,93.29
110586,2025-02-22,WH_A,East,SKU0017,Hardware,1,206.15
110587,2025-02-22,WH_A,East,SKU0062,Housewares,1,14.79
110588,2025-02-22,WH_C,West,SKU0007,Office,1,102.57
110589,2025-02-22,WH_A,East,SKU0085,Hardware,1,89.31
110590,2025-02-23,WH_C,West,SKU0037,Sports,8,215.34
110591,2025-02-23,WH_C,West,SKU0049,Housewares,1,178.92
110592,2025-02-23,WH_B,Central,SKU0070,Hardware,1,189.37
110593,2025-02-23,WH_A,East,SKU0088,Housewares,1,182.03
110594,2025-02-23,WH_C,West,SKU0088,Housewares,3,62.03
110595,2025-02-23,WH_C,West,SKU0069,Hardware,5,145.18
110596,2025-02-23,WH_C,West,SKU0067,Hardware,4,28.03
110597,2025-02-23,WH_A,East,SKU0100,Office,2,76.51
110598,2025-02-23,WH_C,West,SKU0087,Office,5,237.63
110599,2025-02-23,WH_B,Central,SKU0002,Electronics,1,182.45
110600,2025-02-23,WH_A,East,SKU0032,Sports,1,215.09
110601,2025-02-23,WH_C,West,SKU0035,Hardware,1,52.78
110602,2025-02-23,WH_C,West,SKU0025,Office,1,183.32
110603,2025-02-23,WH_A,East,SKU0091,Electronics,1,151.04
110604,2025-02-23,WH_A,East,SKU0085,Hardware,2,103.55
110605,2025-02-23,WH_B,Central,SKU0014,Electronics,2,33.96
110606,2025-02-23,WH_A,East,SKU0076,Hardware,6,55.73
110607,2025-02-23,WH_B,Central,SKU0046,Hardware,6,132.09
110608,2025-02-23,WH_A,East,SKU0052,Hardware,2,68.04
110609,2025-02-23,WH_A,East,SKU0001,Housewares,1,125.22
110610,2025-02-23,WH_A,East,SKU0090,Electronics,1,108.67
110611,2025-02-23,WH_B,Central,SKU0100,Office,1,71.37
110612,2025-02-23,WH_A,East,SKU0084,Office,1,243.36
110613,2025-02-23,WH_C,West,SKU0022,Sports,2,208.81
110614,2025-02-23,WH_A,East,SKU0059,Electronics,1,5.47
110615,2025-02-23,WH_B,Central,SKU0076,Hardware,2,207.57
110616,2025-02-23,WH_A,East,SKU0088,Housewares,2,156.61
110617,2025-02-23,WH_B,Central,SKU0078,Housewares,1,244.75
110618,2025-02-23,WH_B,Central,SKU0060,Hardware,2,30.14
110619,2025-02-23,WH_C,West,SKU0020,Electronics,1,22.63
110620,2025-02-23,WH_A,East,SKU0015,Housewares,1,179.33
110621,2025-02-23,WH_B,Central,SKU0008,Electronics,1,81.71
110622,2025-02-23,WH_C,West,SKU0085,Hardware,2,127.13
110623,2025-02-23,WH_B,Central,SKU0009,Hardware,1,131.63
110624,2025-02-23,WH_C,West,SKU0080,Hardware,1,121.2
110625,2025-02-23,WH_C,West,SKU0047,Electronics,14,192.26
110626,2025-02-23,WH_A,East,SKU0092,Housewares,1,171.04
110627,2025-02-23,WH_C,West,SKU0058,Sports,1,51.92
110628,2025-02-23,WH_B,Central,SKU0063,Housewares,4,56.35
110629,2025-02-23,WH_B,Central,SKU0004,Hardware,5,98.2
110630,2025-02-23,WH_C,West,SKU0008,Electronics,4,68.6
110631,2025-02-23,WH_C,West,SKU0056,Housewares,3,57.07
110632,2025-02-23,WH_C,West,SKU0044,Hardware,1,204.58
110633,2025-02-23,WH_A,East,SKU0036,Housewares,5,220.74
110634,2025-02-23,WH_B,Central,SKU0034,Office,1,191.43
110635,2025-02-23,WH_A,East,SKU0038,Housewares,5,81.37
110636,2025-02-23,WH_A,East,SKU0090,Electronics,1,104.94
110637,2025-02-23,WH_B,Central,SKU0080,Hardware,1,212.44
110638,2025-02-23,WH_A,East,SKU0089,Electronics,1,79.08
110639,2025-02-23,WH_A,East,SKU0007,Office,1,170.34
110640,2025-02-23,WH_A,East,SKU0046,Hardware,1,19.99
110641,2025-02-23,WH_C,West,SKU0068,Electronics,3,175.1
110642,2025-02-23,WH_A,East,SKU0093,Sports,1,239.51
110643,2025-02-23,WH_A,East,SKU0022,Sports,4,173.17
110644,2025-02-23,WH_B,Central,SKU0063,Housewares,4,105.91
110645,2025-02-23,WH_A,East,SKU0010,Electronics,1,218.2
110646,2025-02-23,WH_B,Central,SKU0041,Sports,1,201.59
110647,2025-02-23,WH_C,West,SKU0089,Electronics,1,118.67
110648,2025-02-23,WH_B,Central,SKU0091,Electronics,1,153.73
110649,2025-02-23,WH_B,Central,SKU0012,Housewares,3,44.38
110650,2025-02-23,WH_C,West,SKU0019,Sports,2,118.9
110651,2025-02-23,WH_A,East,SKU0006,Sports,4,138.6
110652,2025-02-23,WH_C,West,SKU0030,Housewares,1,134.59
110653,2025-02-23,WH_A,East,SKU0061,Office,2,234.12
110654,2025-02-23,WH_B,Central,SKU0059,Electronics,1,14.15
110655,2025-02-23,WH_B,Central,SKU0087,Office,3,152.94
110656,2025-02-23,WH_A,East,SKU0041,Sports,7,33.78
110657,2025-02-23,WH_C,West,SKU0083,Housewares,2,41.94
110658,2025-02-23,WH_B,Central,SKU0012,Housewares,1,200.85
110659,2025-02-23,WH_A,East,SKU0004,Hardware,5,209.3
110660,2025-02-23,WH_C,West,SKU0084,Office,2,160.32
110661,2025-02-23,WH_C,West,SKU0016,Housewares,2,142.5
110662,2025-02-23,WH_A,East,SKU0080,Hardware,6,56.27
110663,2025-02-23,WH_C,West,SKU0056,Housewares,1,154.47
110664,2025-02-23,WH_B,Central,SKU0041,Sports,4,191.66
110665,2025-02-23,WH_B,Central,SKU0090,Electronics,1,59.37
110666,2025-02-23,WH_B,Central,SKU0012,Housewares,7,92.59
110667,2025-02-23,WH_B,Central,SKU0096,Hardware,1,53.95
110668,2025-02-23,WH_A,East,SKU0057,Electronics,10,80.89
110669,2025-02-23,WH_A,East,SKU0007,Office,2,183.03
110670,2025-02-23,WH_A,East,SKU0042,Electronics,3,97.5
110671,2025-02-23,WH_C,West,SKU0047,Electronics,1,210.31
110672,2025-02-23,WH_C,West,SKU0098,Housewares,3,10.74
110673,2025-02-23,WH_B,Central,SKU0066,Sports,1,75.14
110674,2025-02-23,WH_B,Central,SKU0071,Hardware,1,146.34
110675,2025-02-23,WH_A,East,SKU0065,Sports,1,207.13
110676,2025-02-23,WH_B,Central,SKU0049,Housewares,1,128.03
110677,2025-02-23,WH_C,West,SKU0059,Electronics,1,81.06
110678,2025-02-23,WH_A,East,SKU0040,Housewares,3,61.24
110679,2025-02-23,WH_A,East,SKU0062,Housewares,3,134.78
110680,2025-02-23,WH_A,East,SKU0016,Housewares,1,9.4
110681,2025-02-23,WH_B,Central,SKU0036,Housewares,1,191.45
110682,2025-02-23,WH_B,Central,SKU0005,Sports,1,202.19
110683,2025-02-23,WH_A,East,SKU0098,Housewares,2,13.02
110684,2025-02-23,WH_B,Central,SKU0063,Housewares,5,234.38
110685,2025-02-23,WH_C,West,SKU0019,Sports,1,56.05
110686,2025-02-23,WH_C,West,SKU0028,Electronics,3,249.31
110687,2025-02-23,WH_A,East,SKU0044,Hardware,6,29.24
110688,2025-02-23,WH_A,East,SKU0009,Hardware,2,167.97
110689,2025-02-23,WH_C,West,SKU0089,Electronics,2,144.17
110690,2025-02-23,WH_B,Central,SKU0003,Hardware,1,168.78
110691,2025-02-23,WH_A,East,SKU0069,Hardware,3,146.06
110692,2025-02-23,WH_A,East,SKU0059,Electronics,2,58.66
110693,2025-02-23,WH_A,East,SKU0094,Hardware,2,36.42
110694,2025-02-23,WH_C,West,SKU0035,Hardware,1,195.57
110695,2025-02-23,WH_B,Central,SKU0023,Hardware,3,164.01
110696,2025-02-23,WH_C,West,SKU0036,Housewares,7,98.29
110697,2025-02-23,WH_B,Central,SKU0038,Housewares,1,106.37
110698,2025-02-23,WH_A,East,SKU0031,Sports,1,130.65
110699,2025-02-23,WH_C,West,SKU0073,Office,4,58.34
110700,2025-02-23,WH_A,East,SKU0055,Housewares,1,128.76
110701,2025-02-23,WH_A,East,SKU0042,Electronics,1,176.98
110702,2025-02-23,WH_C,West,SKU0020,Electronics,1,148.55
110703,2025-02-23,WH_A,East,SKU0068,Electronics,1,7.07
110704,2025-02-23,WH_A,East,SKU0087,Office,1,110.14
110705,2025-02-23,WH_C,West,SKU0020,Electronics,5,104.92
110706,2025-02-23,WH_C,West,SKU0069,Hardware,7,211.42
110707,2025-02-23,WH_C,West,SKU0048,Hardware,1,43.15
110708,2025-02-23,WH_A,East,SKU0004,Hardware,1,93.12
110709,2025-02-23,WH_B,Central,SKU0007,Office,2,35.4
110710,2025-02-23,WH_A,East,SKU0098,Housewares,2,147.29
110711,2025-02-23,WH_B,Central,SKU0074,Hardware,3,139.77
110712,2025-02-23,WH_B,Central,SKU0088,Housewares,5,162.19
110713,2025-02-23,WH_B,Central,SKU0022,Sports,7,176.73
110714,2025-02-23,WH_A,East,SKU0019,Sports,1,56.37
110715,2025-02-23,WH_C,West,SKU0070,Hardware,1,27.15
110716,2025-02-23,WH_C,West,SKU0040,Housewares,1,58.03
110717,2025-02-23,WH_C,West,SKU0084,Office,4,99.58
110718,2025-02-23,WH_C,West,SKU0045,Electronics,1,17.83
110719,2025-02-23,WH_C,West,SKU0007,Office,2,155.16
110720,2025-02-23,WH_C,West,SKU0094,Hardware,6,128.2
110721,2025-02-23,WH_C,West,SKU0087,Office,1,20.99
110722,2025-02-23,WH_B,Central,SKU0061,Office,1,39.1
110723,2025-02-23,WH_A,East,SKU0085,Hardware,4,31.42
110724,2025-02-23,WH_C,West,SKU0032,Sports,1,168.36
110725,2025-02-23,WH_B,Central,SKU0028,Electronics,1,242.42
110726,2025-02-23,WH_C,West,SKU0007,Office,5,187.41
110727,2025-02-23,WH_B,Central,SKU0035,Hardware,1,18.91
110728,2025-02-23,WH_B,Central,SKU0068,Electronics,1,97.3
110729,2025-02-23,WH_C,West,SKU0079,Hardware,1,34.56
110730,2025-02-23,WH_A,East,SKU0057,Electronics,3,61.94
110731,2025-02-23,WH_A,East,SKU0026,Hardware,3,139.33
110732,2025-02-23,WH_C,West,SKU0093,Sports,6,200.31
110733,2025-02-23,WH_B,Central,SKU0056,Housewares,1,154.49
110734,2025-02-23,WH_B,Central,SKU0094,Hardware,3,216.2
110735,2025-02-23,WH_C,West,SKU0086,Hardware,3,39.47
110736,2025-02-23,WH_B,Central,SKU0082,Hardware,1,161.21
110737,2025-02-23,WH_A,East,SKU0016,Housewares,7,223.42
110738,2025-02-23,WH_A,East,SKU0085,Hardware,1,208.51
110739,2025-02-23,WH_C,West,SKU0053,Hardware,2,118.76
110740,2025-02-23,WH_C,West,SKU0073,Office,1,171.16
110741,2025-02-23,WH_C,West,SKU0028,Electronics,2,96.79
110742,2025-02-23,WH_A,East,SKU0014,Electronics,4,97.94
110743,2025-02-23,WH_B,Central,SKU0053,Hardware,2,101.13
110744,2025-02-23,WH_A,East,SKU0095,Electronics,1,44.49
110745,2025-02-23,WH_C,West,SKU0017,Hardware,3,203.75
110746,2025-02-23,WH_A,East,SKU0059,Electronics,1,84.77
110747,2025-02-23,WH_C,West,SKU0045,Electronics,1,151.42
110748,2025-02-23,WH_C,West,SKU0100,Office,1,5.18
110749,2025-02-23,WH_A,East,SKU0011,Hardware,4,39.87
110750,2025-02-23,WH_A,East,SKU0089,Electronics,3,89.33
110751,2025-02-23,WH_A,East,SKU0030,Housewares,2,214.5
110752,2025-02-23,WH_C,West,SKU0014,Electronics,1,195.52
110753,2025-02-23,WH_C,West,SKU0006,Sports,1,230.74
110754,2025-02-23,WH_A,East,SKU0031,Sports,1,199.63
110755,2025-02-23,WH_C,West,SKU0083,Housewares,1,85.13
110756,2025-02-23,WH_B,Central,SKU0027,Electronics,3,166.41
110757,2025-02-23,WH_A,East,SKU0010,Electronics,3,90.96
110758,2025-02-23,WH_A,East,SKU0051,Hardware,3,109.98
110759,2025-02-23,WH_C,West,SKU0057,Electronics,2,139.07
110760,2025-02-23,WH_B,Central,SKU0012,Housewares,1,212.42
110761,2025-02-23,WH_C,West,SKU0043,Hardware,6,54.91
110762,2025-02-23,WH_A,East,SKU0072,Office,1,118.89
110763,2025-02-23,WH_C,West,SKU0081,Housewares,2,10.46
110764,2025-02-23,WH_A,East,SKU0063,Housewares,4,216.18
110765,2025-02-23,WH_C,West,SKU0042,Electronics,1,224.67
110766,2025-02-23,WH_A,East,SKU0023,Hardware,5,137.85
110767,2025-02-23,WH_B,Central,SKU0046,Hardware,1,55.83
110768,2025-02-23,WH_B,Central,SKU0046,Hardware,2,129.27
110769,2025-02-23,WH_B,Central,SKU0061,Office,3,201.4
110770,2025-02-24,WH_B,Central,SKU0075,Sports,8,200.09
110771,2025-02-24,WH_C,West,SKU0061,Office,7,127.35
110772,2025-02-24,WH_B,Central,SKU0070,Hardware,1,17.7
110773,2025-02-24,WH_C,West,SKU0012,Housewares,1,155.43
110774,2025-02-24,WH_C,West,SKU0090,Electronics,1,45.71
110775,2025-02-24,WH_B,Central,SKU0018,Housewares,5,246.32
110776,2025-02-24,WH_C,West,SKU0071,Hardware,1,26.91
110777,2025-02-24,WH_C,West,SKU0049,Housewares,2,87.73
110778,2025-02-24,WH_A,East,SKU0072,Office,4,165.3
110779,2025-02-24,WH_B,Central,SKU0075,Sports,1,138.5
110780,2025-02-24,WH_B,Central,SKU0095,Electronics,1,241.45
110781,2025-02-24,WH_B,Central,SKU0018,Housewares,1,232.28
110782,2025-02-24,WH_B,Central,SKU0025,Office,1,30.3
110783,2025-02-24,WH_B,Central,SKU0045,Electronics,1,222.3
110784,2025-02-24,WH_B,Central,SKU0068,Electronics,2,206.91
110785,2025-02-24,WH_B,Central,SKU0086,Hardware,1,32.32
110786,2025-02-24,WH_A,East,SKU0010,Electronics,1,163.1
110787,2025-02-24,WH_A,East,SKU0022,Sports,6,116.47
110788,2025-02-24,WH_A,East,SKU0062,Housewares,1,161.21
110789,2025-02-24,WH_A,East,SKU0039,Office,1,144.72
110790,2025-02-24,WH_C,West,SKU0041,Sports,1,203.73
110791,2025-02-24,WH_C,West,SKU0030,Housewares,4,137.61
110792,2025-02-24,WH_A,East,SKU0012,Housewares,1,73.65
110793,2025-02-24,WH_C,West,SKU0054,Office,1,133.25
110794,2025-02-24,WH_B,Central,SKU0038,Housewares,1,218.08
110795,2025-02-24,WH_B,Central,SKU0021,Sports,5,43.24
110796,2025-02-24,WH_A,East,SKU0022,Sports,3,175.64
110797,2025-02-24,WH_A,East,SKU0067,Hardware,1,42.48
110798,2025-02-24,WH_C,West,SKU0072,Office,1,186.17
110799,2025-02-24,WH_A,East,SKU0099,Office,1,152.85
110800,2025-02-24,WH_A,East,SKU0052,Hardware,6,150.31
110801,2025-02-24,WH_C,West,SKU0069,Hardware,10,163.15
110802,2025-02-24,WH_A,East,SKU0098,Housewares,1,213.85
110803,2025-02-24,WH_C,West,SKU0014,Electronics,1,243.03
110804,2025-02-24,WH_C,West,SKU0053,Hardware,1,238.55
110805,2025-02-24,WH_C,West,SKU0005,Sports,1,7.79
110806,2025-02-24,WH_B,Central,SKU0052,Hardware,1,29.1
110807,2025-02-24,WH_A,East,SKU0061,Office,3,69.81
110808,2025-02-24,WH_C,West,SKU0094,Hardware,3,168.82
110809,2025-02-24,WH_B,Central,SKU0092,Housewares,3,208.99
110810,2025-02-24,WH_A,East,SKU0026,Hardware,1,17.36
110811,2025-02-24,WH_C,West,SKU0094,Hardware,1,30.43
110812,2025-02-24,WH_C,West,SKU0050,Hardware,1,242.01
110813,2025-02-24,WH_C,West,SKU0008,Electronics,1,115.97
110814,2025-02-24,WH_A,East,SKU0017,Hardware,5,230.06
110815,2025-02-24,WH_B,Central,SKU0002,Electronics,10,207.48
110816,2025-02-24,WH_C,West,SKU0096,Hardware,2,61.22
110817,2025-02-24,WH_C,West,SKU0043,Hardware,2,53.21
110818,2025-02-24,WH_A,East,SKU0083,Housewares,1,230.24
110819,2025-02-24,WH_C,West,SKU0031,Sports,1,129.52
110820,2025-02-24,WH_C,West,SKU0084,Office,2,115.6
110821,2025-02-24,WH_C,West,SKU0078,Housewares,1,229.21
110822,2025-02-24,WH_A,East,SKU0020,Electronics,5,57.09
110823,2025-02-24,WH_A,East,SKU0051,Hardware,1,166.85
110824,2025-02-24,WH_C,West,SKU0085,Hardware,2,192.71
110825,2025-02-24,WH_C,West,SKU0059,Electronics,3,178.59
110826,2025-02-24,WH_C,West,SKU0057,Electronics,6,192.81
110827,2025-02-24,WH_A,East,SKU0008,Electronics,1,218.85
110828,2025-02-24,WH_A,East,SKU0009,Hardware,1,228.17
110829,2025-02-24,WH_B,Central,SKU0023,Hardware,5,23.15
110830,2025-02-24,WH_C,West,SKU0010,Electronics,4,127.53
110831,2025-02-24,WH_B,Central,SKU0060,Hardware,11,117.31
110832,2025-02-24,WH_B,Central,SKU0090,Electronics,1,76.82
110833,2025-02-24,WH_C,West,SKU0059,Electronics,1,150.02
110834,2025-02-24,WH_B,Central,SKU0079,Hardware,1,131.2
110835,2025-02-24,WH_B,Central,SKU0053,Hardware,1,209.98
110836,2025-02-24,WH_B,Central,SKU0041,Sports,1,115.13
110837,2025-02-24,WH_A,East,SKU0076,Hardware,1,159.9
110838,2025-02-24,WH_A,East,SKU0080,Hardware,5,170.53
110839,2025-02-24,WH_B,Central,SKU0067,Hardware,1,161.27
110840,2025-02-24,WH_A,East,SKU0050,Hardware,1,40.3
110841,2025-02-24,WH_A,East,SKU0022,Sports,1,113.7
110842,2025-02-24,WH_A,East,SKU0099,Office,1,185.71
110843,2025-02-24,WH_B,Central,SKU0081,Housewares,8,100.3
110844,2025-02-24,WH_C,West,SKU0067,Hardware,1,13.19
110845,2025-02-24,WH_B,Central,SKU0009,Hardware,1,234.83
110846,2025-02-24,WH_C,West,SKU0078,Housewares,16,17.59
110847,2025-02-24,WH_C,West,SKU0089,Electronics,1,168.99
110848,2025-02-24,WH_B,Central,SKU0061,Office,1,150.64
110849,2025-02-24,WH_A,East,SKU0016,Housewares,5,215.23
110850,2025-02-24,WH_B,Central,SKU0080,Hardware,3,25.03
110851,2025-02-24,WH_C,West,SKU0084,Office,1,242.0
110852,2025-02-24,WH_B,Central,SKU0063,Housewares,1,116.21
110853,2025-02-24,WH_B,Central,SKU0026,Hardware,1,55.36
110854,2025-02-24,WH_C,West,SKU0052,Hardware,1,51.43
110855,2025-02-24,WH_B,Central,SKU0083,Housewares,6,47.74
110856,2025-02-24,WH_A,East,SKU0028,Electronics,2,235.87
110857,2025-02-24,WH_C,West,SKU0055,Housewares,9,152.1
110858,2025-02-24,WH_A,East,SKU0066,Sports,1,65.73
110859,2025-02-24,WH_A,East,SKU0041,Sports,4,245.27
110860,2025-02-24,WH_C,West,SKU0038,Housewares,1,198.42
110861,2025-02-24,WH_B,Central,SKU0088,Housewares,1,78.06
110862,2025-02-24,WH_A,East,SKU0011,Hardware,2,77.82
110863,2025-02-24,WH_C,West,SKU0068,Electronics,3,107.21
110864,2025-02-24,WH_B,Central,SKU0051,Hardware,1,135.08
110865,2025-02-24,WH_C,West,SKU0091,Electronics,1,186.56
110866,2025-02-24,WH_C,West,SKU0053,Hardware,2,236.94
110867,2025-02-24,WH_C,West,SKU0061,Office,1,184.41
110868,2025-02-24,WH_C,West,SKU0076,Hardware,1,96.42
110869,2025-02-24,WH_B,Central,SKU0096,Hardware,1,92.72
110870,2025-02-24,WH_C,West,SKU0010,Electronics,1,10.15
110871,2025-02-24,WH_B,Central,SKU0069,Hardware,5,221.04
110872,2025-02-24,WH_C,West,SKU0024,Electronics,1,195.12
110873,2025-02-24,WH_B,Central,SKU0057,Electronics,1,202.91
110874,2025-02-24,WH_C,West,SKU0060,Hardware,2,80.06
110875,2025-02-24,WH_A,East,SKU0067,Hardware,2,129.13
110876,2025-02-24,WH_C,West,SKU0051,Hardware,3,121.47
110877,2025-02-24,WH_A,East,SKU0027,Electronics,4,16.09
110878,2025-02-24,WH_C,West,SKU0007,Office,1,142.03
110879,2025-02-24,WH_C,West,SKU0014,Electronics,2,46.54
110880,2025-02-24,WH_A,East,SKU0007,Office,1,10.14
110881,2025-02-24,WH_C,West,SKU0074,Hardware,1,85.94
110882,2025-02-24,WH_A,East,SKU0053,Hardware,2,115.13
110883,2025-02-24,WH_B,Central,SKU0049,Housewares,1,211.61
110884,2025-02-24,WH_A,East,SKU0092,Housewares,2,163.29
110885,2025-02-24,WH_B,Central,SKU0057,Electronics,1,195.33
110886,2025-02-24,WH_B,Central,SKU0022,Sports,1,103.49
110887,2025-02-24,WH_B,Central,SKU0072,Office,1,33.28
110888,2025-02-24,WH_C,West,SKU0023,Hardware,1,113.15
110889,2025-02-24,WH_C,West,SKU0043,Hardware,3,81.61
110890,2025-02-24,WH_C,West,SKU0031,Sports,1,178.27
110891,2025-02-24,WH_B,Central,SKU0044,Hardware,1,182.06
110892,2025-02-24,WH_A,East,SKU0046,Hardware,1,81.52
110893,2025-02-24,WH_C,West,SKU0009,Hardware,2,218.43
110894,2025-02-24,WH_B,Central,SKU0083,Housewares,4,115.16
110895,2025-02-24,WH_C,West,SKU0014,Electronics,3,136.7
110896,2025-02-24,WH_A,East,SKU0068,Electronics,5,194.16
110897,2025-02-24,WH_C,West,SKU0004,Hardware,11,30.71
110898,2025-02-24,WH_C,West,SKU0008,Electronics,1,52.13
110899,2025-02-24,WH_A,East,SKU0075,Sports,2,167.69
110900,2025-02-24,WH_B,Central,SKU0073,Office,1,108.28
110901,2025-02-24,WH_B,Central,SKU0026,Hardware,2,166.44
110902,2025-02-24,WH_A,East,SKU0087,Office,1,230.66
110903,2025-02-24,WH_B,Central,SKU0044,Hardware,1,243.37
110904,2025-02-24,WH_C,West,SKU0039,Office,1,82.5
110905,2025-02-24,WH_A,East,SKU0012,Housewares,1,175.26
110906,2025-02-24,WH_B,Central,SKU0003,Hardware,1,67.47
110907,2025-02-24,WH_A,East,SKU0092,Housewares,9,219.83
110908,2025-02-24,WH_C,West,SKU0016,Housewares,1,145.39
110909,2025-02-24,WH_B,Central,SKU0050,Hardware,1,139.77
110910,2025-02-24,WH_A,East,SKU0034,Office,1,93.79
110911,2025-02-24,WH_C,West,SKU0073,Office,3,66.7
110912,2025-02-24,WH_B,Central,SKU0001,Housewares,1,231.69
110913,2025-02-24,WH_A,East,SKU0008,Electronics,4,98.9
110914,2025-02-24,WH_B,Central,SKU0053,Hardware,1,166.46
110915,2025-02-24,WH_C,West,SKU0008,Electronics,4,215.89
110916,2025-02-24,WH_C,West,SKU0063,Housewares,2,131.62
110917,2025-02-24,WH_B,Central,SKU0084,Office,3,48.06
110918,2025-02-24,WH_A,East,SKU0001,Housewares,5,23.11
110919,2025-02-24,WH_A,East,SKU0040,Housewares,2,149.47
110920,2025-02-24,WH_B,Central,SKU0079,Hardware,1,13.69
110921,2025-02-24,WH_B,Central,SKU0098,Housewares,3,10.92
110922,2025-02-24,WH_C,West,SKU0003,Hardware,1,138.34
110923,2025-02-24,WH_A,East,SKU0084,Office,8,21.15
110924,2025-02-24,WH_A,East,SKU0016,Housewares,2,85.58
110925,2025-02-24,WH_C,West,SKU0042,Electronics,3,238.46
110926,2025-02-24,WH_A,East,SKU0049,Housewares,1,239.2
110927,2025-02-24,WH_C,West,SKU0039,Office,6,153.73
110928,2025-02-24,WH_C,West,SKU0019,Sports,4,216.9
110929,2025-02-24,WH_C,West,SKU0038,Housewares,4,85.04
110930,2025-02-24,WH_B,Central,SKU0021,Sports,5,81.81
110931,2025-02-24,WH_C,West,SKU0034,Office,6,67.59
110932,2025-02-24,WH_B,Central,SKU0026,Hardware,2,174.77
110933,2025-02-24,WH_C,West,SKU0049,Housewares,1,196.83
110934,2025-02-24,WH_A,East,SKU0080,Hardware,7,50.63
110935,2025-02-24,WH_B,Central,SKU0002,Electronics,1,158.5
110936,2025-02-24,WH_C,West,SKU0007,Office,2,88.62
110937,2025-02-24,WH_A,East,SKU0038,Housewares,4,207.4
110938,2025-02-24,WH_B,Central,SKU0003,Hardware,1,172.16
110939,2025-02-24,WH_B,Central,SKU0031,Sports,3,88.95
110940,2025-02-24,WH_B,Central,SKU0039,Office,10,89.87
110941,2025-02-24,WH_A,East,SKU0068,Electronics,2,98.13
110942,2025-02-24,WH_B,Central,SKU0003,Hardware,1,27.45
110943,2025-02-24,WH_C,West,SKU0071,Hardware,1,203.98
110944,2025-02-24,WH_C,West,SKU0032,Sports,1,149.21
110945,2025-02-24,WH_B,Central,SKU0098,Housewares,8,41.02
110946,2025-02-24,WH_A,East,SKU0099,Office,5,97.91
110947,2025-02-24,WH_C,West,SKU0034,Office,1,158.25
110948,2025-02-24,WH_B,Central,SKU0026,Hardware,6,90.39
110949,2025-02-24,WH_C,West,SKU0063,Housewares,4,9.71
110950,2025-02-24,WH_A,East,SKU0058,Sports,2,159.49
110951,2025-02-24,WH_A,East,SKU0056,Housewares,2,234.77
110952,2025-02-24,WH_A,East,SKU0040,Housewares,8,88.8
110953,2025-02-24,WH_C,West,SKU0028,Electronics,1,199.13
110954,2025-02-24,WH_C,West,SKU0086,Hardware,5,107.4
110955,2025-02-24,WH_A,East,SKU0041,Sports,1,206.05
110956,2025-02-24,WH_B,Central,SKU0033,Housewares,1,104.28
110957,2025-02-24,WH_C,West,SKU0008,Electronics,1,138.02
110958,2025-02-24,WH_A,East,SKU0043,Hardware,1,149.7
110959,2025-02-24,WH_A,East,SKU0018,Housewares,1,188.29
110960,2025-02-24,WH_C,West,SKU0043,Hardware,1,47.14
110961,2025-02-24,WH_C,West,SKU0034,Office,3,99.11
110962,2025-02-24,WH_B,Central,SKU0050,Hardware,2,235.56
110963,2025-02-24,WH_B,Central,SKU0016,Housewares,1,42.34
110964,2025-02-24,WH_C,West,SKU0031,Sports,1,122.24
110965,2025-02-24,WH_C,West,SKU0091,Electronics,4,52.82
110966,2025-02-24,WH_B,Central,SKU0010,Electronics,1,17.26
110967,2025-02-24,WH_B,Central,SKU0055,Housewares,3,187.26
110968,2025-02-24,WH_B,Central,SKU0085,Hardware,1,136.88
110969,2025-02-24,WH_B,Central,SKU0074,Hardware,4,70.73
110970,2025-02-24,WH_B,Central,SKU0071,Hardware,2,241.16
110971,2025-02-24,WH_B,Central,SKU0097,Office,3,24.14
110972,2025-02-24,WH_A,East,SKU0056,Housewares,1,132.19
110973,2025-02-24,WH_A,East,SKU0041,Sports,1,170.76
110974,2025-02-24,WH_C,West,SKU0097,Office,3,219.7
110975,2025-02-24,WH_A,East,SKU0012,Housewares,2,174.57
110976,2025-02-24,WH_C,West,SKU0059,Electronics,1,5.7
110977,2025-02-24,WH_B,Central,SKU0039,Office,1,20.24
110978,2025-02-24,WH_A,East,SKU0037,Sports,1,119.73
110979,2025-02-24,WH_C,West,SKU0010,Electronics,3,39.49
110980,2025-02-24,WH_B,Central,SKU0072,Office,1,200.59
110981,2025-02-24,WH_C,West,SKU0049,Housewares,2,12.19
110982,2025-02-24,WH_C,West,SKU0027,Electronics,5,159.3
110983,2025-02-24,WH_B,Central,SKU0081,Housewares,1,66.76
110984,2025-02-24,WH_B,Central,SKU0057,Electronics,2,142.4
110985,2025-02-24,WH_B,Central,SKU0023,Hardware,4,92.85
110986,2025-02-24,WH_B,Central,SKU0026,Hardware,2,147.72
110987,2025-02-24,WH_B,Central,SKU0051,Hardware,2,22.86
110988,2025-02-24,WH_B,Central,SKU0072,Office,1,88.03
110989,2025-02-24,WH_A,East,SKU0081,Housewares,14,119.09
110990,2025-02-24,WH_A,East,SKU0073,Office,1,123.5
110991,2025-02-24,WH_A,East,SKU0049,Housewares,7,154.81
110992,2025-02-24,WH_B,Central,SKU0047,Electronics,1,228.58
110993,2025-02-24,WH_B,Central,SKU0093,Sports,7,69.76
110994,2025-02-24,WH_C,West,SKU0073,Office,1,241.78
110995,2025-02-24,WH_B,Central,SKU0007,Office,2,110.78
110996,2025-02-24,WH_C,West,SKU0066,Sports,1,99.19
110997,2025-02-24,WH_B,Central,SKU0023,Hardware,2,14.48
110998,2025-02-24,WH_C,West,SKU0063,Housewares,1,6.32
110999,2025-02-24,WH_A,East,SKU0029,Sports,1,49.83
111000,2025-02-24,WH_B,Central,SKU0043,Hardware,5,50.38
111001,2025-02-24,WH_B,Central,SKU0018,Housewares,3,34.0
111002,2025-02-24,WH_C,West,SKU0043,Hardware,2,111.73
111003,2025-02-24,WH_C,West,SKU0040,Housewares,1,214.86
111004,2025-02-24,WH_A,East,SKU0092,Housewares,1,150.83
111005,2025-02-24,WH_B,Central,SKU0087,Office,5,179.9
111006,2025-02-24,WH_B,Central,SKU0071,Hardware,12,5.52
111007,2025-02-24,WH_A,East,SKU0034,Office,6,155.3
111008,2025-02-24,WH_A,East,SKU0007,Office,1,119.05
111009,2025-02-24,WH_A,East,SKU0012,Housewares,4,49.72
111010,2025-02-24,WH_A,East,SKU0009,Hardware,3,39.22
111011,2025-02-24,WH_C,West,SKU0079,Hardware,4,144.27
111012,2025-02-24,WH_B,Central,SKU0087,Office,1,27.26
111013,2025-02-24,WH_A,East,SKU0088,Housewares,5,13.09
111014,2025-02-24,WH_C,West,SKU0016,Housewares,1,143.89
111015,2025-02-24,WH_C,West,SKU0070,Hardware,1,59.94
111016,2025-02-24,WH_A,East,SKU0010,Electronics,4,76.29
111017,2025-02-24,WH_A,East,SKU0090,Electronics,1,181.67
111018,2025-02-24,WH_C,West,SKU0036,Housewares,9,208.82
111019,2025-02-24,WH_B,Central,SKU0054,Office,2,109.1
111020,2025-02-25,WH_B,Central,SKU0074,Hardware,7,192.73
111021,2025-02-25,WH_C,West,SKU0052,Hardware,2,220.56
111022,2025-02-25,WH_A,East,SKU0087,Office,2,243.51
111023,2025-02-25,WH_C,West,SKU0069,Hardware,5,139.86
111024,2025-02-25,WH_A,East,SKU0070,Hardware,7,88.9
111025,2025-02-25,WH_C,West,SKU0003,Hardware,3,46.96
111026,2025-02-25,WH_C,West,SKU0011,Hardware,6,65.77
111027,2025-02-25,WH_B,Central,SKU0051,Hardware,8,9.16
111028,2025-02-25,WH_C,West,SKU0030,Housewares,3,41.76
111029,2025-02-25,WH_A,East,SKU0028,Electronics,4,125.52
111030,2025-02-25,WH_A,East,SKU0021,Sports,7,180.19
111031,2025-02-25,WH_A,East,SKU0077,Office,4,34.52
111032,2025-02-25,WH_A,East,SKU0013,Electronics,1,213.39
111033,2025-02-25,WH_B,Central,SKU0031,Sports,1,217.4
111034,2025-02-25,WH_A,East,SKU0041,Sports,1,80.57
111035,2025-02-25,WH_A,East,SKU0043,Hardware,7,210.73
111036,2025-02-25,WH_B,Central,SKU0061,Office,1,114.78
111037,2025-02-25,WH_B,Central,SKU0093,Sports,7,8.62
111038,2025-02-25,WH_B,Central,SKU0099,Office,1,163.07
111039,2025-02-25,WH_C,West,SKU0089,Electronics,1,114.97
111040,2025-02-25,WH_B,Central,SKU0064,Sports,2,215.76
111041,2025-02-25,WH_C,West,SKU0033,Housewares,9,130.5
111042,2025-02-25,WH_B,Central,SKU0019,Sports,2,183.06
111043,2025-02-25,WH_C,West,SKU0088,Housewares,1,235.51
111044,2025-02-25,WH_A,East,SKU0004,Hardware,1,5.44
111045,2025-02-25,WH_B,Central,SKU0042,Electronics,2,88.66
111046,2025-02-25,WH_C,West,SKU0029,Sports,1,59.25
111047,2025-02-25,WH_C,West,SKU0020,Electronics,1,207.86
111048,2025-02-25,WH_B,Central,SKU0015,Housewares,3,28.19
111049,2025-02-25,WH_C,West,SKU0072,Office,1,129.02
111050,2025-02-25,WH_A,East,SKU0009,Hardware,3,167.8
111051,2025-02-25,WH_C,West,SKU0005,Sports,5,37.65
111052,2025-02-25,WH_A,East,SKU0097,Office,2,192.67
111053,2025-02-25,WH_B,Central,SKU0069,Hardware,8,29.72
111054,2025-02-25,WH_C,West,SKU0033,Housewares,1,91.87
111055,2025-02-25,WH_B,Central,SKU0075,Sports,2,105.11
111056,2025-02-25,WH_A,East,SKU0020,Electronics,5,237.88
111057,2025-02-25,WH_A,East,SKU0080,Hardware,1,176.42
111058,2025-02-25,WH_A,East,SKU0077,Office,1,225.0
111059,2025-02-25,WH_B,Central,SKU0026,Hardware,1,247.92
111060,2025-02-25,WH_A,East,SKU0058,Sports,1,98.57
111061,2025-02-25,WH_C,West,SKU0080,Hardware,2,101.62
111062,2025-02-25,WH_C,West,SKU0062,Housewares,1,159.14
111063,2025-02-25,WH_C,West,SKU0093,Sports,3,236.6
111064,2025-02-25,WH_C,West,SKU0004,Hardware,1,177.91
111065,2025-02-25,WH_C,West,SKU0050,Hardware,5,208.69
111066,2025-02-25,WH_C,West,SKU0033,Housewares,1,92.15
111067,2025-02-25,WH_C,West,SKU0037,Sports,1,141.97
111068,2025-02-25,WH_A,East,SKU0034,Office,6,204.65
111069,2025-02-25,WH_B,Central,SKU0070,Hardware,5,91.2
111070,2025-02-25,WH_B,Central,SKU0029,Sports,1,47.24
111071,2025-02-25,WH_C,West,SKU0090,Electronics,3,37.79
111072,2025-02-25,WH_A,East,SKU0071,Hardware,1,91.65
111073,2025-02-25,WH_B,Central,SKU0029,Sports,1,85.8
111074,2025-02-25,WH_B,Central,SKU0052,Hardware,10,9.89
111075,2025-02-25,WH_C,West,SKU0083,Housewares,5,248.44
111076,2025-02-25,WH_A,East,SKU0067,Hardware,1,236.05
111077,2025-02-25,WH_B,Central,SKU0034,Office,1,245.66
111078,2025-02-25,WH_C,West,SKU0056,Housewares,5,221.75
111079,2025-02-25,WH_B,Central,SKU0059,Electronics,1,218.17
111080,2025-02-25,WH_A,East,SKU0078,Housewares,8,205.67
111081,2025-02-25,WH_C,West,SKU0038,Housewares,1,25.77
111082,2025-02-25,WH_B,Central,SKU0083,Housewares,1,177.71
111083,2025-02-25,WH_B,Central,SKU0087,Office,1,237.91
111084,2025-02-25,WH_C,West,SKU0083,Housewares,2,92.8
111085,2025-02-25,WH_A,East,SKU0035,Hardware,2,180.37
111086,2025-02-25,WH_B,Central,SKU0024,Electronics,1,76.33
111087,2025-02-25,WH_B,Central,SKU0025,Office,1,169.13
111088,2025-02-25,WH_A,East,SKU0082,Hardware,3,84.39
111089,2025-02-25,WH_C,West,SKU0001,Housewares,1,124.34
111090,2025-02-25,WH_B,Central,SKU0028,Electronics,2,164.11
111091,2025-02-25,WH_B,Central,SKU0049,Housewares,2,96.27
111092,2025-02-25,WH_B,Central,SKU0075,Sports,1,80.44
111093,2025-02-25,WH_C,West,SKU0056,Housewares,3,111.12
111094,2025-02-25,WH_B,Central,SKU0074,Hardware,1,6.45
111095,2025-02-25,WH_A,East,SKU0030,Housewares,1,217.54
111096,2025-02-25,WH_C,West,SKU0006,Sports,1,166.07
111097,2025-02-25,WH_A,East,SKU0067,Hardware,7,35.94
111098,2025-02-25,WH_A,East,SKU0047,Electronics,1,137.07
111099,2025-02-25,WH_C,West,SKU0057,Electronics,5,248.46
111100,2025-02-25,WH_A,East,SKU0050,Hardware,3,162.25
111101,2025-02-25,WH_B,Central,SKU0077,Office,7,210.16
111102,2025-02-25,WH_B,Central,SKU0036,Housewares,6,5.66
111103,2025-02-25,WH_A,East,SKU0064,Sports,2,196.77
111104,2025-02-25,WH_A,East,SKU0021,Sports,1,189.11
111105,2025-02-25,WH_B,Central,SKU0029,Sports,1,145.92
111106,2025-02-25,WH_C,West,SKU0044,Hardware,5,110.68
111107,2025-02-25,WH_A,East,SKU0067,Hardware,4,134.95
111108,2025-02-25,WH_C,West,SKU0066,Sports,3,131.58
111109,2025-02-25,WH_C,West,SKU0082,Hardware,1,211.2
111110,2025-02-25,WH_C,West,SKU0005,Sports,1,148.24
111111,2025-02-25,WH_A,East,SKU0023,Hardware,1,142.89
111112,2025-02-25,WH_C,West,SKU0094,Hardware,9,18.99
111113,2025-02-25,WH_C,West,SKU0084,Office,1,201.48
111114,2025-02-25,WH_B,Central,SKU0025,Office,1,132.48
111115,2025-02-25,WH_A,East,SKU0050,Hardware,1,59.65
111116,2025-02-25,WH_C,West,SKU0021,Sports,3,208.0
111117,2025-02-25,WH_A,East,SKU0096,Hardware,3,210.05
111118,2025-02-25,WH_C,West,SKU0063,Housewares,2,203.5
111119,2025-02-25,WH_B,Central,SKU0094,Hardware,12,25.29
111120,2025-02-25,WH_B,Central,SKU0073,Office,1,51.52
111121,2025-02-25,WH_C,West,SKU0059,Electronics,1,127.4
111122,2025-02-25,WH_A,East,SKU0093,Sports,2,112.63
111123,2025-02-25,WH_C,West,SKU0068,Electronics,1,15.58
111124,2025-02-25,WH_A,East,SKU0081,Housewares,1,47.88
111125,2025-02-25,WH_C,West,SKU0042,Electronics,1,107.29
111126,2025-02-25,WH_B,Central,SKU0065,Sports,1,206.47
111127,2025-02-25,WH_C,West,SKU0005,Sports,3,89.08
111128,2025-02-25,WH_C,West,SKU0030,Housewares,4,247.37
111129,2025-02-25,WH_A,East,SKU0084,Office,1,93.83
111130,2025-02-25,WH_C,West,SKU0030,Housewares,14,38.78
111131,2025-02-25,WH_B,Central,SKU0041,Sports,1,132.64
111132,2025-02-25,WH_B,Central,SKU0010,Electronics,1,24.18
111133,2025-02-25,WH_C,West,SKU0039,Office,1,107.64
111134,2025-02-25,WH_A,East,SKU0018,Housewares,5,178.42
111135,2025-02-25,WH_C,West,SKU0041,Sports,7,86.46
111136,2025-02-25,WH_C,West,SKU0085,Hardware,1,118.48
111137,2025-02-25,WH_A,East,SKU0025,Office,1,55.79
111138,2025-02-25,WH_A,East,SKU0081,Housewares,1,19.97
111139,2025-02-25,WH_A,East,SKU0069,Hardware,1,226.85
111140,2025-02-25,WH_A,East,SKU0078,Housewares,1,158.96
111141,2025-02-25,WH_B,Central,SKU0048,Hardware,6,31.34
111142,2025-02-25,WH_B,Central,SKU0071,Hardware,7,205.54
111143,2025-02-25,WH_A,East,SKU0050,Hardware,1,226.81
111144,2025-02-25,WH_A,East,SKU0049,Housewares,4,32.29
111145,2025-02-25,WH_A,East,SKU0016,Housewares,5,137.83
111146,2025-02-25,WH_A,East,SKU0035,Hardware,5,156.33
111147,2025-02-25,WH_C,West,SKU0070,Hardware,1,152.28
111148,2025-02-25,WH_A,East,SKU0093,Sports,3,192.72
111149,2025-02-25,WH_B,Central,SKU0044,Hardware,5,167.49
111150,2025-02-25,WH_A,East,SKU0024,Electronics,13,195.74
111151,2025-02-25,WH_A,East,SKU0059,Electronics,7,83.28
111152,2025-02-25,WH_B,Central,SKU0020,Electronics,1,93.77
111153,2025-02-25,WH_A,East,SKU0038,Housewares,1,240.54
111154,2025-02-25,WH_C,West,SKU0010,Electronics,1,127.12
111155,2025-02-25,WH_B,Central,SKU0064,Sports,1,203.67
111156,2025-02-25,WH_B,Central,SKU0043,Hardware,1,116.51
111157,2025-02-25,WH_B,Central,SKU0094,Hardware,1,27.58
111158,2025-02-25,WH_A,East,SKU0034,Office,1,203.21
111159,2025-02-25,WH_A,East,SKU0015,Housewares,1,245.96
111160,2025-02-25,WH_C,West,SKU0080,Hardware,1,75.83
111161,2025-02-25,WH_B,Central,SKU0038,Housewares,4,92.59
111162,2025-02-25,WH_B,Central,SKU0032,Sports,1,50.73
111163,2025-02-25,WH_A,East,SKU0073,Office,3,48.99
111164,2025-02-25,WH_C,West,SKU0040,Housewares,5,137.18
111165,2025-02-25,WH_B,Central,SKU0014,Electronics,2,233.71
111166,2025-02-25,WH_B,Central,SKU0051,Hardware,4,187.07
111167,2025-02-25,WH_C,West,SKU0044,Hardware,5,27.5
111168,2025-02-25,WH_A,East,SKU0011,Hardware,3,62.14
111169,2025-02-25,WH_A,East,SKU0062,Housewares,1,8.71
111170,2025-02-25,WH_C,West,SKU0027,Electronics,6,186.08
111171,2025-02-25,WH_A,East,SKU0055,Housewares,1,85.34
111172,2025-02-25,WH_A,East,SKU0034,Office,1,126.01
111173,2025-02-25,WH_B,Central,SKU0025,Office,2,120.69
111174,2025-02-25,WH_B,Central,SKU0028,Electronics,3,221.55
111175,2025-02-25,WH_A,East,SKU0044,Hardware,1,219.79
111176,2025-02-25,WH_B,Central,SKU0037,Sports,1,34.74
111177,2025-02-25,WH_B,Central,SKU0088,Housewares,1,55.62
111178,2025-02-25,WH_A,East,SKU0091,Electronics,12,98.36
111179,2025-02-25,WH_B,Central,SKU0064,Sports,3,175.53
111180,2025-02-25,WH_C,West,SKU0028,Electronics,1,59.78
111181,2025-02-25,WH_B,Central,SKU0030,Housewares,1,121.07
111182,2025-02-25,WH_C,West,SKU0017,Hardware,9,144.31
111183,2025-02-25,WH_B,Central,SKU0072,Office,10,146.29
111184,2025-02-25,WH_A,East,SKU0019,Sports,1,99.17
111185,2025-02-25,WH_A,East,SKU0051,Hardware,4,108.3
111186,2025-02-25,WH_A,East,SKU0020,Electronics,1,28.54
111187,2025-02-25,WH_B,Central,SKU0017,Hardware,1,143.37
111188,2025-02-25,WH_B,Central,SKU0013,Electronics,5,135.76
111189,2025-02-25,WH_A,East,SKU0044,Hardware,4,163.17
111190,2025-02-25,WH_A,East,SKU0027,Electronics,2,57.63
111191,2025-02-25,WH_C,West,SKU0069,Hardware,6,72.55
111192,2025-02-25,WH_C,West,SKU0076,Hardware,1,68.16
111193,2025-02-25,WH_C,West,SKU0056,Housewares,1,127.17
111194,2025-02-25,WH_B,Central,SKU0074,Hardware,1,132.88
111195,2025-02-25,WH_A,East,SKU0045,Electronics,1,132.35
111196,2025-02-25,WH_C,West,SKU0015,Housewares,1,204.71
111197,2025-02-25,WH_B,Central,SKU0070,Hardware,2,56.07
111198,2025-02-25,WH_C,West,SKU0027,Electronics,6,31.82
111199,2025-02-25,WH_B,Central,SKU0091,Electronics,3,171.22
111200,2025-02-26,WH_A,East,SKU0076,Hardware,1,225.87
111201,2025-02-26,WH_A,East,SKU0005,Sports,1,186.52
111202,2025-02-26,WH_C,West,SKU0026,Hardware,1,133.79
111203,2025-02-26,WH_C,West,SKU0065,Sports,10,154.64
111204,2025-02-26,WH_A,East,SKU0068,Electronics,1,117.3
111205,2025-02-26,WH_B,Central,SKU0072,Office,3,114.07
111206,2025-02-26,WH_A,East,SKU0059,Electronics,7,217.53
111207,2025-02-26,WH_A,East,SKU0016,Housewares,1,197.31
111208,2025-02-26,WH_C,West,SKU0064,Sports,8,82.64
111209,2025-02-26,WH_B,Central,SKU0064,Sports,1,7.35
111210,2025-02-26,WH_C,West,SKU0004,Hardware,1,240.42
111211,2025-02-26,WH_C,West,SKU0051,Hardware,1,99.9
111212,2025-02-26,WH_B,Central,SKU0031,Sports,1,45.19
111213,2025-02-26,WH_B,Central,SKU0029,Sports,2,182.18
111214,2025-02-26,WH_C,West,SKU0033,Housewares,2,13.69
111215,2025-02-26,WH_C,West,SKU0019,Sports,4,233.24
111216,2025-02-26,WH_B,Central,SKU0020,Electronics,1,94.78
111217,2025-02-26,WH_C,West,SKU0065,Sports,1,78.96
111218,2025-02-26,WH_B,Central,SKU0016,Housewares,3,193.69
111219,2025-02-26,WH_B,Central,SKU0045,Electronics,1,88.22
111220,2025-02-26,WH_A,East,SKU0055,Housewares,1,46.7
111221,2025-02-26,WH_A,East,SKU0035,Hardware,7,177.84
111222,2025-02-26,WH_C,West,SKU0092,Housewares,1,34.96
111223,2025-02-26,WH_B,Central,SKU0041,Sports,5,123.51
111224,2025-02-26,WH_A,East,SKU0033,Housewares,4,13.18
111225,2025-02-26,WH_C,West,SKU0096,Hardware,1,157.41
111226,2025-02-26,WH_B,Central,SKU0035,Hardware,2,77.29
111227,2025-02-26,WH_B,Central,SKU0099,Office,1,78.94
111228,2025-02-26,WH_C,West,SKU0074,Hardware,4,50.01
111229,2025-02-26,WH_C,West,SKU0053,Hardware,2,108.8
111230,2025-02-26,WH_C,West,SKU0007,Office,4,54.4
111231,2025-02-26,WH_C,West,SKU0048,Hardware,1,102.68
111232,2025-02-26,WH_C,West,SKU0026,Hardware,1,117.99
111233,2025-02-26,WH_C,West,SKU0058,Sports,1,247.57
111234,2025-02-26,WH_B,Central,SKU0097,Office,2,22.02
111235,2025-02-26,WH_C,West,SKU0071,Hardware,1,220.23
111236,2025-02-26,WH_A,East,SKU0082,Hardware,6,240.64
111237,2025-02-26,WH_C,West,SKU0087,Office,6,48.19
111238,2025-02-26,WH_A,East,SKU0023,Hardware,1,155.98
111239,2025-02-26,WH_A,East,SKU0054,Office,3,37.15
111240,2025-02-26,WH_C,West,SKU0074,Hardware,1,240.95
111241,2025-02-26,WH_A,East,SKU0090,Electronics,8,43.46
111242,2025-02-26,WH_B,Central,SKU0084,Office,1,223.57
111243,2025-02-26,WH_C,West,SKU0090,Electronics,1,200.53
111244,2025-02-26,WH_B,Central,SKU0079,Hardware,1,185.41
111245,2025-02-26,WH_A,East,SKU0046,Hardware,1,225.3
111246,2025-02-26,WH_C,West,SKU0095,Electronics,1,133.16
111247,2025-02-26,WH_A,East,SKU0058,Sports,2,163.97
111248,2025-02-26,WH_B,Central,SKU0068,Electronics,1,162.45
111249,2025-02-26,WH_B,Central,SKU0015,Housewares,1,223.94
111250,2025-02-26,WH_B,Central,SKU0061,Office,1,210.87
111251,2025-02-26,WH_C,West,SKU0025,Office,3,88.56
111252,2025-02-26,WH_A,East,SKU0015,Housewares,1,241.68
111253,2025-02-26,WH_B,Central,SKU0081,Housewares,1,182.12
111254,2025-02-26,WH_C,West,SKU0010,Electronics,1,226.82
111255,2025-02-26,WH_A,East,SKU0091,Electronics,4,233.51
111256,2025-02-26,WH_C,West,SKU0086,Hardware,6,139.63
111257,2025-02-26,WH_B,Central,SKU0055,Housewares,1,59.26
111258,2025-02-26,WH_A,East,SKU0054,Office,1,59.06
111259,2025-02-26,WH_A,East,SKU0001,Housewares,1,217.61
111260,2025-02-26,WH_A,East,SKU0030,Housewares,1,63.43
111261,2025-02-26,WH_C,West,SKU0025,Office,2,217.0
111262,2025-02-26,WH_A,East,SKU0056,Housewares,1,98.72
111263,2025-02-26,WH_B,Central,SKU0055,Housewares,1,76.95
111264,2025-02-26,WH_B,Central,SKU0042,Electronics,3,165.67
111265,2025-02-26,WH_A,East,SKU0066,Sports,5,229.81
111266,2025-02-26,WH_A,East,SKU0021,Sports,6,137.34
111267,2025-02-26,WH_A,East,SKU0099,Office,1,59.43
111268,2025-02-26,WH_A,East,SKU0088,Housewares,2,230.01
111269,2025-02-26,WH_B,Central,SKU0025,Office,2,234.25
111270,2025-02-26,WH_A,East,SKU0022,Sports,1,26.15
111271,2025-02-26,WH_B,Central,SKU0043,Hardware,4,220.45
111272,2025-02-26,WH_A,East,SKU0057,Electronics,1,30.1
111273,2025-02-26,WH_C,West,SKU0093,Sports,1,20.33
111274,2025-02-26,WH_C,West,SKU0091,Electronics,1,62.53
111275,2025-02-26,WH_B,Central,SKU0015,Housewares,1,124.68
111276,2025-02-26,WH_B,Central,SKU0053,Hardware,1,156.88
111277,2025-02-26,WH_C,West,SKU0006,Sports,3,102.01
111278,2025-02-26,WH_B,Central,SKU0016,Housewares,1,95.26
111279,2025-02-26,WH_A,East,SKU0009,Hardware,1,83.8
111280,2025-02-26,WH_C,West,SKU0065,Sports,1,76.26
111281,2025-02-26,WH_C,West,SKU0087,Office,3,247.19
111282,2025-02-26,WH_B,Central,SKU0017,Hardware,7,206.3
111283,2025-02-26,WH_A,East,SKU0037,Sports,4,236.51
111284,2025-02-26,WH_B,Central,SKU0013,Electronics,4,120.38
111285,2025-02-26,WH_B,Central,SKU0066,Sports,2,79.92
111286,2025-02-26,WH_C,West,SKU0046,Hardware,1,91.64
111287,2025-02-26,WH_C,West,SKU0014,Electronics,1,184.61
111288,2025-02-26,WH_A,East,SKU0049,Housewares,5,240.85
111289,2025-02-26,WH_A,East,SKU0078,Housewares,1,239.56
111290,2025-02-26,WH_A,East,SKU0055,Housewares,4,12.56
111291,2025-02-26,WH_C,West,SKU0037,Sports,2,94.58
111292,2025-02-26,WH_A,East,SKU0052,Hardware,1,135.22
111293,2025-02-26,WH_C,West,SKU0048,Hardware,2,66.8
111294,2025-02-26,WH_B,Central,SKU0052,Hardware,8,154.56
111295,2025-02-26,WH_A,East,SKU0023,Hardware,1,181.71
111296,2025-02-26,WH_B,Central,SKU0052,Hardware,2,120.94
111297,2025-02-26,WH_C,West,SKU0048,Hardware,5,38.85
111298,2025-02-26,WH_A,East,SKU0093,Sports,2,196.29
111299,2025-02-26,WH_B,Central,SKU0006,Sports,3,6.33
111300,2025-02-26,WH_C,West,SKU0055,Housewares,4,236.44
111301,2025-02-26,WH_B,Central,SKU0100,Office,3,219.6
111302,2025-02-26,WH_A,East,SKU0046,Hardware,1,90.9
111303,2025-02-26,WH_B,Central,SKU0019,Sports,1,185.07
111304,2025-02-26,WH_A,East,SKU0063,Housewares,8,221.92
111305,2025-02-26,WH_B,Central,SKU0057,Electronics,1,158.4
111306,2025-02-26,WH_A,East,SKU0048,Hardware,16,77.37
111307,2025-02-26,WH_A,East,SKU0084,Office,3,227.12
111308,2025-02-26,WH_A,East,SKU0045,Electronics,6,83.76
111309,2025-02-26,WH_C,West,SKU0094,Hardware,1,163.27
111310,2025-02-26,WH_C,West,SKU0058,Sports,8,129.46
111311,2025-02-26,WH_C,West,SKU0075,Sports,1,216.67
111312,2025-02-26,WH_A,East,SKU0009,Hardware,1,171.83
111313,2025-02-26,WH_B,Central,SKU0034,Office,1,97.4
111314,2025-02-26,WH_A,East,SKU0096,Hardware,1,26.67
111315,2025-02-26,WH_C,West,SKU0062,Housewares,6,49.4
111316,2025-02-26,WH_B,Central,SKU0062,Housewares,1,147.67
111317,2025-02-26,WH_B,Central,SKU0004,Hardware,2,144.1
111318,2025-02-26,WH_B,Central,SKU0031,Sports,1,39.77
111319,2025-02-26,WH_B,Central,SKU0038,Housewares,1,16.37
111320,2025-02-26,WH_B,Central,SKU0068,Electronics,8,135.3
111321,2025-02-26,WH_A,East,SKU0031,Sports,1,105.65
111322,2025-02-26,WH_C,West,SKU0086,Hardware,3,97.28
111323,2025-02-26,WH_B,Central,SKU0045,Electronics,4,68.69
111324,2025-02-26,WH_C,West,SKU0034,Office,1,234.07
111325,2025-02-26,WH_B,Central,SKU0028,Electronics,1,167.09
111326,2025-02-26,WH_B,Central,SKU0023,Hardware,1,120.44
111327,2025-02-26,WH_B,Central,SKU0073,Office,1,45.97
111328,2025-02-26,WH_C,West,SKU0083,Housewares,1,211.96
111329,2025-02-26,WH_C,West,SKU0053,Hardware,9,21.65
111330,2025-02-26,WH_C,West,SKU0007,Office,1,140.28
111331,2025-02-26,WH_B,Central,SKU0017,Hardware,2,164.39
111332,2025-02-26,WH_A,East,SKU0040,Housewares,4,200.32
111333,2025-02-26,WH_C,West,SKU0053,Hardware,1,14.27
111334,2025-02-26,WH_B,Central,SKU0048,Hardware,6,120.04
111335,2025-02-26,WH_C,West,SKU0083,Housewares,10,135.53
111336,2025-02-26,WH_C,West,SKU0082,Hardware,2,157.63
111337,2025-02-26,WH_C,West,SKU0024,Electronics,1,67.24
111338,2025-02-26,WH_C,West,SKU0063,Housewares,7,57.02
111339,2025-02-26,WH_A,East,SKU0095,Electronics,1,129.95
111340,2025-02-26,WH_A,East,SKU0092,Housewares,3,5.22
111341,2025-02-26,WH_C,West,SKU0003,Hardware,1,102.76
111342,2025-02-26,WH_B,Central,SKU0006,Sports,6,210.73
111343,2025-02-26,WH_C,West,SKU0080,Hardware,7,211.3
111344,2025-02-26,WH_B,Central,SKU0097,Office,4,215.46
111345,2025-02-26,WH_B,Central,SKU0041,Sports,1,88.51
111346,2025-02-26,WH_B,Central,SKU0048,Hardware,3,231.17
111347,2025-02-26,WH_A,East,SKU0006,Sports,3,55.95
111348,2025-02-26,WH_A,East,SKU0087,Office,8,191.28
111349,2025-02-26,WH_C,West,SKU0080,Hardware,3,191.81
111350,2025-02-26,WH_C,West,SKU0034,Office,3,10.42
111351,2025-02-26,WH_B,Central,SKU0078,Housewares,1,239.36
111352,2025-02-26,WH_A,East,SKU0021,Sports,1,194.05
111353,2025-02-26,WH_A,East,SKU0087,Office,1,227.34
111354,2025-02-26,WH_B,Central,SKU0083,Housewares,2,159.81
111355,2025-02-26,WH_B,Central,SKU0087,Office,1,19.09
111356,2025-02-26,WH_C,West,SKU0028,Electronics,4,21.57
111357,2025-02-26,WH_A,East,SKU0039,Office,3,141.1
111358,2025-02-26,WH_B,Central,SKU0069,Hardware,5,55.41
111359,2025-02-26,WH_B,Central,SKU0024,Electronics,2,155.47
111360,2025-02-26,WH_C,West,SKU0074,Hardware,1,186.04
111361,2025-02-26,WH_C,West,SKU0012,Housewares,1,36.58
111362,2025-02-26,WH_A,East,SKU0074,Hardware,1,29.08
111363,2025-02-26,WH_C,West,SKU0044,Hardware,6,116.91
111364,2025-02-26,WH_A,East,SKU0069,Hardware,1,66.76
111365,2025-02-26,WH_C,West,SKU0098,Housewares,3,197.59
111366,2025-02-26,WH_C,West,SKU0007,Office,1,19.67
111367,2025-02-26,WH_C,West,SKU0052,Hardware,7,86.09
111368,2025-02-26,WH_B,Central,SKU0039,Office,1,35.15
111369,2025-02-26,WH_A,East,SKU0069,Hardware,1,193.91
111370,2025-02-26,WH_A,East,SKU0098,Housewares,2,10.07
111371,2025-02-26,WH_C,West,SKU0013,Electronics,1,81.36
111372,2025-02-26,WH_B,Central,SKU0017,Hardware,3,133.26
111373,2025-02-26,WH_C,West,SKU0100,Office,10,151.55
111374,2025-02-26,WH_B,Central,SKU0045,Electronics,3,132.46
111375,2025-02-26,WH_C,West,SKU0081,Housewares,1,159.5
111376,2025-02-26,WH_B,Central,SKU0074,Hardware,1,180.75
111377,2025-02-26,WH_B,Central,SKU0038,Housewares,1,95.08
111378,2025-02-26,WH_C,West,SKU0008,Electronics,2,158.98
111379,2025-02-26,WH_B,Central,SKU0075,Sports,3,176.58
111380,2025-02-27,WH_A,East,SKU0076,Hardware,1,223.68
111381,2025-02-27,WH_B,Central,SKU0046,Hardware,1,51.17
111382,2025-02-27,WH_B,Central,SKU0062,Housewares,1,169.53
111383,2025-02-27,WH_C,West,SKU0033,Housewares,1,53.79
111384,2025-02-27,WH_C,West,SKU0096,Hardware,1,156.67
111385,2025-02-27,WH_A,East,SKU0056,Housewares,2,141.58
111386,2025-02-27,WH_A,East,SKU0090,Electronics,14,215.75
111387,2025-02-27,WH_B,Central,SKU0072,Office,1,190.89
111388,2025-02-27,WH_A,East,SKU0030,Housewares,2,22.28
111389,2025-02-27,WH_A,East,SKU0096,Hardware,1,200.91
111390,2025-02-27,WH_C,West,SKU0094,Hardware,2,144.97
111391,2025-02-27,WH_A,East,SKU0042,Electronics,1,232.94
111392,2025-02-27,WH_A,East,SKU0024,Electronics,3,232.3
111393,2025-02-27,WH_C,West,SKU0085,Hardware,1,148.01
111394,2025-02-27,WH_B,Central,SKU0011,Hardware,3,35.87
111395,2025-02-27,WH_A,East,SKU0059,Electronics,1,57.63
111396,2025-02-27,WH_C,West,SKU0046,Hardware,12,138.14
111397,2025-02-27,WH_B,Central,SKU0068,Electronics,1,167.8
111398,2025-02-27,WH_C,West,SKU0087,Office,3,90.1
111399,2025-02-27,WH_A,East,SKU0059,Electronics,15,203.2
111400,2025-02-27,WH_C,West,SKU0073,Office,1,166.71
111401,2025-02-27,WH_A,East,SKU0098,Housewares,3,47.59
111402,2025-02-27,WH_A,East,SKU0049,Housewares,6,207.38
111403,2025-02-27,WH_B,Central,SKU0015,Housewares,4,59.56
111404,2025-02-27,WH_A,East,SKU0064,Sports,1,49.23
111405,2025-02-27,WH_A,East,SKU0062,Housewares,1,235.37
111406,2025-02-27,WH_B,Central,SKU0003,Hardware,5,27.24
111407,2025-02-27,WH_C,West,SKU0048,Hardware,3,65.17
111408,2025-02-27,WH_B,Central,SKU0004,Hardware,1,76.64
111409,2025-02-27,WH_A,East,SKU0059,Electronics,1,9.91
111410,2025-02-27,WH_B,Central,SKU0066,Sports,1,176.59
111411,2025-02-27,WH_A,East,SKU0080,Hardware,1,123.8
111412,2025-02-27,WH_A,East,SKU0097,Office,6,11.96
111413,2025-02-27,WH_C,West,SKU0051,Hardware,4,99.05
111414,2025-02-27,WH_A,East,SKU0063,Housewares,2,61.56
111415,2025-02-27,WH_C,West,SKU0065,Sports,2,184.02
111416,2025-02-27,WH_B,Central,SKU0015,Housewares,1,89.1
111417,2025-02-27,WH_B,Central,SKU0078,Housewares,2,107.11
111418,2025-02-27,WH_C,West,SKU0015,Housewares,1,115.66
111419,2025-02-27,WH_B,Central,SKU0065,Sports,1,78.96
111420,2025-02-27,WH_B,Central,SKU0088,Housewares,2,121.88
111421,2025-02-27,WH_C,West,SKU0013,Electronics,3,210.17
111422,2025-02-27,WH_C,West,SKU0019,Sports,8,42.08
111423,2025-02-27,WH_B,Central,SKU0012,Housewares,2,147.69
111424,2025-02-27,WH_A,East,SKU0003,Hardware,6,224.49
111425,2025-02-27,WH_B,Central,SKU0054,Office,4,150.89
111426,2025-02-27,WH_C,West,SKU0019,Sports,1,72.78
111427,2025-02-27,WH_A,East,SKU0038,Housewares,2,39.14
111428,2025-02-27,WH_C,West,SKU0068,Electronics,1,228.3
111429,2025-02-27,WH_A,East,SKU0030,Housewares,9,6.28
111430,2025-02-27,WH_A,East,SKU0018,Housewares,5,234.81
111431,2025-02-27,WH_A,East,SKU0021,Sports,2,114.98
111432,2025-02-27,WH_A,East,SKU0051,Hardware,7,6.85
111433,2025-02-27,WH_A,East,SKU0029,Sports,5,77.66
111434,2025-02-27,WH_A,East,SKU0085,Hardware,3,84.18
111435,2025-02-27,WH_B,Central,SKU0090,Electronics,2,203.04
111436,2025-02-27,WH_C,West,SKU0011,Hardware,1,167.66
111437,2025-02-27,WH_B,Central,SKU0094,Hardware,6,225.76
111438,2025-02-27,WH_A,East,SKU0025,Office,6,132.02
111439,2025-02-27,WH_A,East,SKU0094,Hardware,4,114.48
111440,2025-02-27,WH_C,West,SKU0067,Hardware,1,74.54
111441,2025-02-27,WH_B,Central,SKU0021,Sports,1,14.27
111442,2025-02-27,WH_C,West,SKU0075,Sports,2,80.65
111443,2025-02-27,WH_C,West,SKU0052,Hardware,1,34.82
111444,2025-02-27,WH_A,East,SKU0018,Housewares,1,225.26
111445,2025-02-27,WH_A,East,SKU0028,Electronics,2,141.45
111446,2025-02-27,WH_B,Central,SKU0042,Electronics,1,132.36
111447,2025-02-27,WH_C,West,SKU0034,Office,3,41.93
111448,2025-02-27,WH_A,East,SKU0048,Hardware,12,229.2
111449,2025-02-27,WH_C,West,SKU0069,Hardware,14,93.28
111450,2025-02-27,WH_C,West,SKU0041,Sports,5,85.54
111451,2025-02-27,WH_A,East,SKU0006,Sports,4,237.22
111452,2025-02-27,WH_A,East,SKU0029,Sports,1,39.38
111453,2025-02-27,WH_B,Central,SKU0003,Hardware,1,200.6
111454,2025-02-27,WH_A,East,SKU0013,Electronics,3,132.97
111455,2025-02-27,WH_A,East,SKU0007,Office,4,213.23
111456,2025-02-27,WH_C,West,SKU0100,Office,8,54.31
111457,2025-02-27,WH_C,West,SKU0033,Housewares,1,231.14
111458,2025-02-27,WH_A,East,SKU0019,Sports,1,124.48
111459,2025-02-27,WH_C,West,SKU0058,Sports,8,185.0
111460,2025-02-27,WH_C,West,SKU0070,Hardware,2,92.54
111461,2025-02-27,WH_A,East,SKU0026,Hardware,7,7.19
111462,2025-02-27,WH_B,Central,SKU0010,Electronics,1,236.79
111463,2025-02-27,WH_A,East,SKU0082,Hardware,2,157.84
111464,2025-02-27,WH_A,East,SKU0079,Hardware,2,102.35
111465,2025-02-27,WH_C,West,SKU0016,Housewares,3,192.79
111466,2025-02-27,WH_B,Central,SKU0067,Hardware,1,149.68
111467,2025-02-27,WH_A,East,SKU0052,Hardware,1,139.16
111468,2025-02-27,WH_B,Central,SKU0095,Electronics,4,148.38
111469,2025-02-27,WH_C,West,SKU0017,Hardware,6,75.12
111470,2025-02-27,WH_B,Central,SKU0025,Office,2,26.43
111471,2025-02-27,WH_C,West,SKU0045,Electronics,3,113.51
111472,2025-02-27,WH_B,Central,SKU0060,Hardware,2,36.46
111473,2025-02-27,WH_C,West,SKU0038,Housewares,17,194.12
111474,2025-02-27,WH_B,Central,SKU0099,Office,1,144.64
111475,2025-02-27,WH_B,Central,SKU0078,Housewares,2,240.39
111476,2025-02-27,WH_C,West,SKU0013,Electronics,4,90.67
111477,2025-02-27,WH_B,Central,SKU0032,Sports,11,78.94
111478,2025-02-27,WH_A,East,SKU0010,Electronics,2,176.66
111479,2025-02-27,WH_C,West,SKU0038,Housewares,1,239.31
111480,2025-02-27,WH_C,West,SKU0093,Sports,1,113.23
111481,2025-02-27,WH_B,Central,SKU0027,Electronics,1,219.37
111482,2025-02-27,WH_A,East,SKU0025,Office,1,13.51
111483,2025-02-27,WH_B,Central,SKU0076,Hardware,1,106.37
111484,2025-02-27,WH_C,West,SKU0021,Sports,2,15.2
111485,2025-02-27,WH_C,West,SKU0041,Sports,1,28.88
111486,2025-02-27,WH_A,East,SKU0053,Hardware,3,78.45
111487,2025-02-27,WH_C,West,SKU0078,Housewares,2,23.06
111488,2025-02-27,WH_C,West,SKU0007,Office,6,79.59
111489,2025-02-27,WH_C,West,SKU0019,Sports,4,207.54
111490,2025-02-27,WH_B,Central,SKU0067,Hardware,13,186.55
111491,2025-02-27,WH_C,West,SKU0005,Sports,1,42.39
111492,2025-02-27,WH_B,Central,SKU0064,Sports,1,222.13
111493,2025-02-27,WH_C,West,SKU0012,Housewares,1,188.74
111494,2025-02-27,WH_B,Central,SKU0014,Electronics,2,220.52
111495,2025-02-27,WH_B,Central,SKU0092,Housewares,4,25.94
111496,2025-02-27,WH_C,West,SKU0095,Electronics,4,70.37
111497,2025-02-27,WH_B,Central,SKU0060,Hardware,4,237.39
111498,2025-02-27,WH_A,East,SKU0003,Hardware,7,35.63
111499,2025-02-27,WH_A,East,SKU0079,Hardware,1,195.36
111500,2025-02-27,WH_C,West,SKU0080,Hardware,3,48.16
111501,2025-02-27,WH_C,West,SKU0098,Housewares,3,8.79
111502,2025-02-27,WH_A,East,SKU0031,Sports,2,208.91
111503,2025-02-27,WH_A,East,SKU0037,Sports,3,21.02
111504,2025-02-27,WH_B,Central,SKU0003,Hardware,14,92.24
111505,2025-02-27,WH_C,West,SKU0030,Housewares,1,25.76
111506,2025-02-27,WH_B,Central,SKU0009,Hardware,1,71.44
111507,2025-02-27,WH_B,Central,SKU0032,Sports,4,174.48
111508,2025-02-27,WH_C,West,SKU0053,Hardware,2,216.65
111509,2025-02-27,WH_A,East,SKU0026,Hardware,18,99.27
111510,2025-02-27,WH_C,West,SKU0072,Office,1,185.34
111511,2025-02-27,WH_A,East,SKU0059,Electronics,3,8.28
111512,2025-02-27,WH_C,West,SKU0081,Housewares,3,181.3
111513,2025-02-27,WH_C,West,SKU0011,Hardware,12,148.76
111514,2025-02-27,WH_B,Central,SKU0060,Hardware,3,198.24
111515,2025-02-27,WH_A,East,SKU0059,Electronics,1,184.99
111516,2025-02-27,WH_B,Central,SKU0098,Housewares,2,29.52
111517,2025-02-27,WH_A,East,SKU0039,Office,3,62.45
111518,2025-02-27,WH_A,East,SKU0006,Sports,2,73.84
111519,2025-02-27,WH_C,West,SKU0016,Housewares,1,66.46
111520,2025-02-27,WH_A,East,SKU0052,Hardware,1,126.06
111521,2025-02-27,WH_C,West,SKU0012,Housewares,1,83.64
111522,2025-02-27,WH_B,Central,SKU0015,Housewares,5,228.04
111523,2025-02-27,WH_A,East,SKU0021,Sports,2,125.14
111524,2025-02-27,WH_B,Central,SKU0007,Office,2,57.57
111525,2025-02-27,WH_B,Central,SKU0062,Housewares,15,187.59
111526,2025-02-27,WH_C,West,SKU0075,Sports,1,71.68
111527,2025-02-27,WH_C,West,SKU0019,Sports,3,84.1
111528,2025-02-27,WH_B,Central,SKU0010,Electronics,1,196.33
111529,2025-02-27,WH_C,West,SKU0035,Hardware,1,177.78
111530,2025-02-27,WH_B,Central,SKU0099,Office,8,35.41
111531,2025-02-27,WH_B,Central,SKU0100,Office,1,236.0
111532,2025-02-27,WH_C,West,SKU0071,Hardware,1,10.12
111533,2025-02-27,WH_A,East,SKU0088,Housewares,6,74.16
111534,2025-02-27,WH_A,East,SKU0007,Office,1,60.6
111535,2025-02-27,WH_B,Central,SKU0039,Office,7,194.73
111536,2025-02-27,WH_B,Central,SKU0018,Housewares,2,116.05
111537,2025-02-27,WH_C,West,SKU0095,Electronics,1,231.87
111538,2025-02-27,WH_B,Central,SKU0052,Hardware,4,73.33
111539,2025-02-27,WH_A,East,SKU0054,Office,8,234.12
111540,2025-02-27,WH_C,West,SKU0025,Office,3,246.33
111541,2025-02-27,WH_B,Central,SKU0023,Hardware,1,184.19
111542,2025-02-27,WH_C,West,SKU0092,Housewares,1,174.46
111543,2025-02-27,WH_B,Central,SKU0055,Housewares,7,136.34
111544,2025-02-27,WH_A,East,SKU0071,Hardware,4,40.06
111545,2025-02-27,WH_C,West,SKU0062,Housewares,3,20.48
111546,2025-02-27,WH_B,Central,SKU0094,Hardware,1,160.35
111547,2025-02-27,WH_C,West,SKU0071,Hardware,2,85.67
111548,2025-02-27,WH_B,Central,SKU0034,Office,2,172.66
111549,2025-02-27,WH_A,East,SKU0060,Hardware,3,23.04
111550,2025-02-27,WH_C,West,SKU0099,Office,3,166.59
111551,2025-02-27,WH_C,West,SKU0073,Office,3,212.6
111552,2025-02-27,WH_A,East,SKU0089,Electronics,2,234.79
111553,2025-02-27,WH_B,Central,SKU0067,Hardware,11,189.2
111554,2025-02-27,WH_C,West,SKU0063,Housewares,1,40.06
111555,2025-02-27,WH_B,Central,SKU0086,Hardware,5,40.92
111556,2025-02-27,WH_B,Central,SKU0046,Hardware,1,230.17
111557,2025-02-27,WH_A,East,SKU0082,Hardware,2,76.87
111558,2025-02-27,WH_A,East,SKU0086,Hardware,9,178.3
111559,2025-02-27,WH_A,East,SKU0033,Housewares,2,85.72
111560,2025-02-27,WH_C,West,SKU0078,Housewares,3,184.07
111561,2025-02-27,WH_B,Central,SKU0073,Office,3,52.86
111562,2025-02-27,WH_B,Central,SKU0056,Housewares,3,147.45
111563,2025-02-27,WH_C,West,SKU0023,Hardware,5,158.07
111564,2025-02-27,WH_A,East,SKU0076,Hardware,1,83.04
111565,2025-02-27,WH_A,East,SKU0055,Housewares,4,186.29
111566,2025-02-27,WH_B,Central,SKU0054,Office,1,91.88
111567,2025-02-27,WH_A,East,SKU0046,Hardware,1,86.27
111568,2025-02-27,WH_B,Central,SKU0088,Housewares,1,218.85
111569,2025-02-27,WH_C,West,SKU0093,Sports,3,242.44
111570,2025-02-27,WH_C,West,SKU0073,Office,6,152.85
111571,2025-02-27,WH_B,Central,SKU0038,Housewares,2,221.51
111572,2025-02-27,WH_A,East,SKU0097,Office,1,59.76
111573,2025-02-27,WH_C,West,SKU0071,Hardware,1,18.03
111574,2025-02-27,WH_A,East,SKU0081,Housewares,1,25.5
111575,2025-02-27,WH_A,East,SKU0039,Office,1,140.08
111576,2025-02-27,WH_B,Central,SKU0098,Housewares,3,136.49
111577,2025-02-27,WH_C,West,SKU0081,Housewares,1,101.77
111578,2025-02-27,WH_A,East,SKU0050,Hardware,1,164.27
111579,2025-02-27,WH_B,Central,SKU0089,Electronics,5,33.59
111580,2025-02-27,WH_B,Central,SKU0002,Electronics,1,104.46
111581,2025-02-27,WH_C,West,SKU0096,Hardware,1,68.87
111582,2025-02-27,WH_B,Central,SKU0048,Hardware,1,82.65
111583,2025-02-27,WH_B,Central,SKU0046,Hardware,10,215.13
111584,2025-02-27,WH_A,East,SKU0024,Electronics,2,201.12
111585,2025-02-27,WH_A,East,SKU0090,Electronics,1,32.31
111586,2025-02-27,WH_C,West,SKU0068,Electronics,1,162.76
111587,2025-02-27,WH_C,West,SKU0037,Sports,6,61.63
111588,2025-02-27,WH_B,Central,SKU0045,Electronics,1,212.74
111589,2025-02-27,WH_C,West,SKU0045,Electronics,1,176.38
111590,2025-02-27,WH_A,East,SKU0052,Hardware,2,48.1
111591,2025-02-27,WH_C,West,SKU0084,Office,3,108.09
111592,2025-02-27,WH_B,Central,SKU0004,Hardware,1,226.16
111593,2025-02-27,WH_C,West,SKU0084,Office,1,104.19
111594,2025-02-27,WH_A,East,SKU0035,Hardware,1,18.35
111595,2025-02-27,WH_A,East,SKU0075,Sports,1,47.21
111596,2025-02-27,WH_C,West,SKU0049,Housewares,2,74.25
111597,2025-02-27,WH_C,West,SKU0020,Electronics,5,63.79
111598,2025-02-27,WH_B,Central,SKU0021,Sports,3,56.54
111599,2025-02-27,WH_B,Central,SKU0089,Electronics,1,69.83
111600,2025-02-27,WH_B,Central,SKU0001,Housewares,5,25.15
111601,2025-02-27,WH_C,West,SKU0037,Sports,1,6.96
111602,2025-02-27,WH_B,Central,SKU0023,Hardware,2,235.98
111603,2025-02-27,WH_A,East,SKU0082,Hardware,1,146.34
111604,2025-02-27,WH_A,East,SKU0020,Electronics,1,243.47
111605,2025-02-27,WH_C,West,SKU0056,Housewares,3,15.83
111606,2025-02-27,WH_A,East,SKU0025,Office,1,120.27
111607,2025-02-27,WH_A,East,SKU0059,Electronics,2,76.15
111608,2025-02-27,WH_A,East,SKU0048,Hardware,3,146.25
111609,2025-02-27,WH_B,Central,SKU0021,Sports,1,147.66
111610,2025-02-27,WH_C,West,SKU0008,Electronics,7,64.59
111611,2025-02-27,WH_B,Central,SKU0013,Electronics,4,7.93
111612,2025-02-27,WH_C,West,SKU0081,Housewares,1,237.67
111613,2025-02-27,WH_B,Central,SKU0055,Housewares,3,160.16
111614,2025-02-27,WH_C,West,SKU0071,Hardware,1,50.16
111615,2025-02-27,WH_A,East,SKU0035,Hardware,1,151.61
111616,2025-02-27,WH_A,East,SKU0028,Electronics,3,46.54
111617,2025-02-27,WH_C,West,SKU0078,Housewares,1,143.86
111618,2025-02-27,WH_C,West,SKU0008,Electronics,9,139.61
111619,2025-02-27,WH_C,West,SKU0029,Sports,2,192.47
111620,2025-02-27,WH_A,East,SKU0076,Hardware,1,99.05
111621,2025-02-27,WH_B,Central,SKU0007,Office,2,196.91
111622,2025-02-27,WH_B,Central,SKU0088,Housewares,3,50.6
111623,2025-02-27,WH_C,West,SKU0001,Housewares,1,130.59
111624,2025-02-27,WH_C,West,SKU0074,Hardware,2,88.2
111625,2025-02-27,WH_C,West,SKU0057,Electronics,2,169.88
111626,2025-02-27,WH_B,Central,SKU0055,Housewares,1,115.58
111627,2025-02-27,WH_C,West,SKU0013,Electronics,4,190.43
111628,2025-02-27,WH_B,Central,SKU0033,Housewares,1,249.02
111629,2025-02-27,WH_B,Central,SKU0033,Housewares,1,84.87
111630,2025-02-28,WH_A,East,SKU0097,Office,1,210.67
111631,2025-02-28,WH_A,East,SKU0025,Office,4,172.5
111632,2025-02-28,WH_C,West,SKU0068,Electronics,1,178.39
111633,2025-02-28,WH_B,Central,SKU0075,Sports,1,217.8
111634,2025-02-28,WH_C,West,SKU0075,Sports,1,58.37
111635,2025-02-28,WH_C,West,SKU0025,Office,9,131.67
111636,2025-02-28,WH_B,Central,SKU0074,Hardware,1,91.18
111637,2025-02-28,WH_A,East,SKU0025,Office,5,91.41
111638,2025-02-28,WH_B,Central,SKU0045,Electronics,1,35.22
111639,2025-02-28,WH_B,Central,SKU0021,Sports,2,231.32
111640,2025-02-28,WH_B,Central,SKU0033,Housewares,9,248.9
111641,2025-02-28,WH_C,West,SKU0033,Housewares,1,194.86
111642,2025-02-28,WH_B,Central,SKU0017,Hardware,2,139.25
111643,2025-02-28,WH_C,West,SKU0081,Housewares,4,209.66
111644,2025-02-28,WH_B,Central,SKU0061,Office,1,235.98
111645,2025-02-28,WH_A,East,SKU0075,Sports,5,181.67
111646,2025-02-28,WH_B,Central,SKU0096,Hardware,5,136.63
111647,2025-02-28,WH_B,Central,SKU0033,Housewares,4,151.67
111648,2025-02-28,WH_B,Central,SKU0007,Office,2,56.84
111649,2025-02-28,WH_B,Central,SKU0049,Housewares,5,221.55
111650,2025-02-28,WH_C,West,SKU0014,Electronics,10,34.51
111651,2025-02-28,WH_A,East,SKU0019,Sports,1,172.92
111652,2025-02-28,WH_A,East,SKU0004,Hardware,5,189.07
111653,2025-02-28,WH_A,East,SKU0030,Housewares,1,182.86
111654,2025-02-28,WH_B,Central,SKU0081,Housewares,1,167.32
111655,2025-02-28,WH_A,East,SKU0030,Housewares,1,16.65
111656,2025-02-28,WH_A,East,SKU0092,Housewares,4,122.02
111657,2025-02-28,WH_C,West,SKU0028,Electronics,1,123.06
111658,2025-02-28,WH_B,Central,SKU0090,Electronics,1,89.78
111659,2025-02-28,WH_B,Central,SKU0061,Office,1,58.75
111660,2025-02-28,WH_A,East,SKU0091,Electronics,1,96.08
111661,2025-02-28,WH_A,East,SKU0043,Hardware,1,134.3
111662,2025-02-28,WH_B,Central,SKU0066,Sports,1,210.77
111663,2025-02-28,WH_C,West,SKU0061,Office,5,206.95
111664,2025-02-28,WH_C,West,SKU0052,Hardware,1,76.24
111665,2025-02-28,WH_C,West,SKU0078,Housewares,1,173.41
111666,2025-02-28,WH_C,West,SKU0012,Housewares,2,157.95
111667,2025-02-28,WH_B,Central,SKU0020,Electronics,3,230.0
111668,2025-02-28,WH_C,West,SKU0087,Office,8,210.92
111669,2025-02-28,WH_B,Central,SKU0060,Hardware,1,244.94
111670,2025-02-28,WH_B,Central,SKU0010,Electronics,3,174.88
111671,2025-02-28,WH_A,East,SKU0057,Electronics,1,122.45
111672,2025-02-28,WH_B,Central,SKU0034,Office,2,73.23
111673,2025-02-28,WH_B,Central,SKU0085,Hardware,1,135.45
111674,2025-02-28,WH_B,Central,SKU0010,Electronics,1,15.8
111675,2025-02-28,WH_B,Central,SKU0074,Hardware,2,31.39
111676,2025-02-28,WH_A,East,SKU0007,Office,1,71.25
111677,2025-02-28,WH_C,West,SKU0043,Hardware,10,13.51
111678,2025-02-28,WH_A,East,SKU0019,Sports,2,42.22
111679,2025-02-28,WH_A,East,SKU0049,Housewares,1,50.06
111680,2025-02-28,WH_A,East,SKU0100,Office,15,12.93
111681,2025-02-28,WH_A,East,SKU0015,Housewares,2,153.97
111682,2025-02-28,WH_C,West,SKU0012,Housewares,4,158.37
111683,2025-02-28,WH_B,Central,SKU0051,Hardware,1,151.52
111684,2025-02-28,WH_C,West,SKU0065,Sports,11,212.87
111685,2025-02-28,WH_B,Central,SKU0056,Housewares,1,121.97
111686,2025-02-28,WH_B,Central,SKU0004,Hardware,1,144.63
111687,2025-02-28,WH_A,East,SKU0062,Housewares,1,31.49
111688,2025-02-28,WH_B,Central,SKU0070,Hardware,1,16.04
111689,2025-02-28,WH_B,Central,SKU0099,Office,1,58.67
111690,2025-02-28,WH_A,East,SKU0077,Office,14,203.08
111691,2025-02-28,WH_B,Central,SKU0042,Electronics,2,61.98
111692,2025-02-28,WH_B,Central,SKU0051,Hardware,2,164.0
111693,2025-02-28,WH_C,West,SKU0026,Hardware,1,247.03
111694,2025-02-28,WH_B,Central,SKU0021,Sports,2,247.12
111695,2025-02-28,WH_C,West,SKU0097,Office,1,157.76
111696,2025-02-28,WH_A,East,SKU0008,Electronics,1,7.32
111697,2025-02-28,WH_A,East,SKU0094,Hardware,5,115.01
111698,2025-02-28,WH_A,East,SKU0088,Housewares,1,93.19
111699,2025-02-28,WH_B,Central,SKU0023,Hardware,1,182.76
111700,2025-02-28,WH_A,East,SKU0029,Sports,3,203.05
111701,2025-02-28,WH_C,West,SKU0083,Housewares,11,100.84
111702,2025-02-28,WH_A,East,SKU0095,Electronics,1,125.91
111703,2025-02-28,WH_C,West,SKU0054,Office,1,190.72
111704,2025-02-28,WH_B,Central,SKU0048,Hardware,2,56.78
111705,2025-02-28,WH_C,West,SKU0091,Electronics,5,156.67
111706,2025-02-28,WH_B,Central,SKU0028,Electronics,1,53.15
111707,2025-02-28,WH_A,East,SKU0008,Electronics,6,98.36
111708,2025-02-28,WH_C,West,SKU0067,Hardware,12,134.79
111709,2025-02-28,WH_A,East,SKU0097,Office,1,150.5
111710,2025-02-28,WH_A,East,SKU0046,Hardware,1,202.84
111711,2025-02-28,WH_A,East,SKU0067,Hardware,2,241.17
111712,2025-02-28,WH_A,East,SKU0025,Office,3,17.04
111713,2025-02-28,WH_A,East,SKU0038,Housewares,1,135.17
111714,2025-02-28,WH_B,Central,SKU0058,Sports,7,110.95
111715,2025-02-28,WH_B,Central,SKU0045,Electronics,2,50.56
111716,2025-02-28,WH_C,West,SKU0003,Hardware,1,139.4
111717,2025-02-28,WH_A,East,SKU0019,Sports,3,111.69
111718,2025-02-28,WH_A,East,SKU0019,Sports,1,67.72
111719,2025-02-28,WH_C,West,SKU0024,Electronics,3,6.34
111720,2025-02-28,WH_C,West,SKU0071,Hardware,2,5.87
111721,2025-02-28,WH_A,East,SKU0092,Housewares,2,12.57
111722,2025-02-28,WH_B,Central,SKU0077,Office,8,122.1
111723,2025-02-28,WH_C,West,SKU0043,Hardware,3,214.13
111724,2025-02-28,WH_B,Central,SKU0047,Electronics,1,137.31
111725,2025-02-28,WH_C,West,SKU0007,Office,5,136.75
111726,2025-02-28,WH_A,East,SKU0055,Housewares,1,95.37
111727,2025-02-28,WH_C,West,SKU0053,Hardware,1,155.78
111728,2025-02-28,WH_A,East,SKU0051,Hardware,1,106.77
111729,2025-02-28,WH_A,East,SKU0036,Housewares,2,197.66
111730,2025-02-28,WH_A,East,SKU0099,Office,2,231.91
111731,2025-02-28,WH_C,West,SKU0032,Sports,1,164.44
111732,2025-02-28,WH_B,Central,SKU0054,Office,1,63.42
111733,2025-02-28,WH_C,West,SKU0018,Housewares,5,148.62
111734,2025-02-28,WH_C,West,SKU0094,Hardware,8,189.45
111735,2025-02-28,WH_B,Central,SKU0089,Electronics,1,195.78
111736,2025-02-28,WH_B,Central,SKU0064,Sports,1,85.89
111737,2025-02-28,WH_A,East,SKU0080,Hardware,1,217.08
111738,2025-02-28,WH_A,East,SKU0097,Office,1,172.87
111739,2025-02-28,WH_B,Central,SKU0007,Office,1,208.1
111740,2025-02-28,WH_B,Central,SKU0057,Electronics,5,123.13
111741,2025-02-28,WH_A,East,SKU0031,Sports,3,132.76
111742,2025-02-28,WH_A,East,SKU0035,Hardware,2,222.76
111743,2025-02-28,WH_B,Central,SKU0072,Office,10,95.04
111744,2025-02-28,WH_C,West,SKU0012,Housewares,1,79.43
111745,2025-02-28,WH_B,Central,SKU0031,Sports,4,182.11
111746,2025-02-28,WH_B,Central,SKU0094,Hardware,1,26.67
111747,2025-02-28,WH_A,East,SKU0077,Office,3,72.36
111748,2025-02-28,WH_C,West,SKU0018,Housewares,1,106.35
111749,2025-02-28,WH_B,Central,SKU0001,Housewares,6,94.75
111750,2025-02-28,WH_C,West,SKU0075,Sports,3,225.64
111751,2025-02-28,WH_A,East,SKU0066,Sports,1,154.38
111752,2025-02-28,WH_A,East,SKU0006,Sports,7,52.39
111753,2025-02-28,WH_A,East,SKU0003,Hardware,13,94.45
111754,2025-02-28,WH_A,East,SKU0015,Housewares,1,210.27
111755,2025-02-28,WH_A,East,SKU0091,Electronics,1,169.32
111756,2025-02-28,WH_C,West,SKU0016,Housewares,2,162.66
111757,2025-02-28,WH_B,Central,SKU0100,Office,1,90.79
111758,2025-02-28,WH_C,West,SKU0032,Sports,3,90.94
111759,2025-02-28,WH_B,Central,SKU0021,Sports,4,240.42
111760,2025-02-28,WH_A,East,SKU0030,Housewares,1,214.55
111761,2025-02-28,WH_A,East,SKU0062,Housewares,1,229.75
111762,2025-02-28,WH_A,East,SKU0006,Sports,8,144.45
111763,2025-02-28,WH_C,West,SKU0032,Sports,1,190.83
111764,2025-02-28,WH_C,West,SKU0056,Housewares,7,61.95
111765,2025-02-28,WH_A,East,SKU0045,Electronics,1,107.3
111766,2025-02-28,WH_A,East,SKU0089,Electronics,5,38.54
111767,2025-02-28,WH_A,East,SKU0039,Office,2,90.98
111768,2025-02-28,WH_A,East,SKU0067,Hardware,6,88.25
111769,2025-02-28,WH_A,East,SKU0010,Electronics,11,8.83
111770,2025-02-28,WH_C,West,SKU0012,Housewares,1,117.04
111771,2025-02-28,WH_B,Central,SKU0014,Electronics,1,185.66
111772,2025-02-28,WH_B,Central,SKU0044,Hardware,5,175.89
111773,2025-02-28,WH_B,Central,SKU0052,Hardware,10,116.73
111774,2025-02-28,WH_B,Central,SKU0050,Hardware,11,35.53
111775,2025-02-28,WH_C,West,SKU0092,Housewares,5,14.42
111776,2025-02-28,WH_C,West,SKU0089,Electronics,2,123.7
111777,2025-02-28,WH_B,Central,SKU0014,Electronics,5,176.68
111778,2025-02-28,WH_B,Central,SKU0060,Hardware,1,224.44
111779,2025-02-28,WH_B,Central,SKU0058,Sports,6,11.06
111780,2025-02-28,WH_A,East,SKU0026,Hardware,6,134.01
111781,2025-02-28,WH_B,Central,SKU0058,Sports,5,49.42
111782,2025-02-28,WH_A,East,SKU0050,Hardware,1,181.94
111783,2025-02-28,WH_A,East,SKU0051,Hardware,1,141.92
111784,2025-02-28,WH_A,East,SKU0045,Electronics,3,154.55
111785,2025-02-28,WH_B,Central,SKU0047,Electronics,3,156.99
111786,2025-02-28,WH_B,Central,SKU0046,Hardware,1,27.17
111787,2025-02-28,WH_A,East,SKU0023,Hardware,5,212.27
111788,2025-02-28,WH_B,Central,SKU0042,Electronics,1,211.01
111789,2025-02-28,WH_C,West,SKU0070,Hardware,1,86.55
111790,2025-02-28,WH_B,Central,SKU0013,Electronics,1,171.51
111791,2025-02-28,WH_A,East,SKU0043,Hardware,1,207.53
111792,2025-02-28,WH_C,West,SKU0002,Electronics,8,238.41
111793,2025-02-28,WH_B,Central,SKU0074,Hardware,1,230.25
111794,2025-02-28,WH_A,East,SKU0012,Housewares,2,183.1
111795,2025-02-28,WH_A,East,SKU0022,Sports,8,166.94
111796,2025-02-28,WH_B,Central,SKU0087,Office,1,133.65
111797,2025-02-28,WH_B,Central,SKU0013,Electronics,3,236.45
111798,2025-02-28,WH_C,West,SKU0073,Office,6,146.38
111799,2025-02-28,WH_B,Central,SKU0045,Electronics,1,89.95
111800,2025-02-28,WH_A,East,SKU0063,Housewares,1,75.85
111801,2025-02-28,WH_C,West,SKU0096,Hardware,4,209.82
111802,2025-02-28,WH_B,Central,SKU0056,Housewares,1,212.3
111803,2025-02-28,WH_A,East,SKU0034,Office,3,113.07
111804,2025-02-28,WH_A,East,SKU0081,Housewares,3,193.49
111805,2025-02-28,WH_B,Central,SKU0092,Housewares,2,113.56
111806,2025-02-28,WH_C,West,SKU0003,Hardware,1,5.34
111807,2025-02-28,WH_A,East,SKU0056,Housewares,8,70.53
111808,2025-02-28,WH_B,Central,SKU0066,Sports,3,236.12
111809,2025-02-28,WH_B,Central,SKU0059,Electronics,5,35.03
111810,2025-03-01,WH_A,East,SKU0072,Office,4,182.97
111811,2025-03-01,WH_C,West,SKU0016,Housewares,1,173.95
111812,2025-03-01,WH_A,East,SKU0056,Housewares,5,76.4
111813,2025-03-01,WH_A,East,SKU0056,Housewares,6,24.31
111814,2025-03-01,WH_B,Central,SKU0017,Hardware,2,62.14
111815,2025-03-01,WH_C,West,SKU0040,Housewares,3,47.84
111816,2025-03-01,WH_A,East,SKU0030,Housewares,1,36.21
111817,2025-03-01,WH_C,West,SKU0061,Office,5,37.41
111818,2025-03-01,WH_B,Central,SKU0043,Hardware,3,178.27
111819,2025-03-01,WH_A,East,SKU0063,Housewares,1,143.68
111820,2025-03-01,WH_A,East,SKU0025,Office,2,150.65
111821,2025-03-01,WH_B,Central,SKU0077,Office,8,24.73
111822,2025-03-01,WH_C,West,SKU0092,Housewares,5,216.22
111823,2025-03-01,WH_B,Central,SKU0079,Hardware,1,165.75
111824,2025-03-01,WH_A,East,SKU0036,Housewares,3,139.42
111825,2025-03-01,WH_A,East,SKU0045,Electronics,2,82.87
111826,2025-03-01,WH_B,Central,SKU0079,Hardware,3,74.96
111827,2025-03-01,WH_B,Central,SKU0037,Sports,1,215.06
111828,2025-03-01,WH_C,West,SKU0035,Hardware,1,134.45
111829,2025-03-01,WH_C,West,SKU0008,Electronics,1,97.73
111830,2025-03-01,WH_C,West,SKU0082,Hardware,2,8.83
111831,2025-03-01,WH_C,West,SKU0048,Hardware,2,123.99
111832,2025-03-01,WH_A,East,SKU0088,Housewares,2,57.05
111833,2025-03-01,WH_B,Central,SKU0058,Sports,1,163.56
111834,2025-03-01,WH_A,East,SKU0070,Hardware,1,79.95
111835,2025-03-01,WH_C,West,SKU0090,Electronics,5,30.42
111836,2025-03-01,WH_A,East,SKU0094,Hardware,1,168.81
111837,2025-03-01,WH_C,West,SKU0015,Housewares,1,81.55
111838,2025-03-01,WH_B,Central,SKU0046,Hardware,2,85.17
111839,2025-03-01,WH_A,East,SKU0066,Sports,1,61.94
111840,2025-03-01,WH_C,West,SKU0082,Hardware,1,245.97
111841,2025-03-01,WH_C,West,SKU0053,Hardware,1,134.99
111842,2025-03-01,WH_B,Central,SKU0061,Office,1,144.53
111843,2025-03-01,WH_A,East,SKU0006,Sports,2,183.15
111844,2025-03-01,WH_B,Central,SKU0068,Electronics,6,74.9
111845,2025-03-01,WH_B,Central,SKU0006,Sports,1,246.16
111846,2025-03-01,WH_C,West,SKU0007,Office,6,94.16
111847,2025-03-01,WH_C,West,SKU0012,Housewares,6,169.28
111848,2025-03-01,WH_A,East,SKU0053,Hardware,1,218.99
111849,2025-03-01,WH_C,West,SKU0003,Hardware,3,207.48
111850,2025-03-01,WH_C,West,SKU0077,Office,1,200.69
111851,2025-03-01,WH_B,Central,SKU0070,Hardware,1,185.09
111852,2025-03-01,WH_B,Central,SKU0065,Sports,1,104.27
111853,2025-03-01,WH_A,East,SKU0090,Electronics,4,35.63
111854,2025-03-01,WH_B,Central,SKU0040,Housewares,7,129.63
111855,2025-03-01,WH_A,East,SKU0049,Housewares,3,104.29
111856,2025-03-01,WH_A,East,SKU0041,Sports,3,178.91
111857,2025-03-01,WH_B,Central,SKU0012,Housewares,6,214.32
111858,2025-03-01,WH_C,West,SKU0072,Office,1,155.88
111859,2025-03-01,WH_A,East,SKU0067,Hardware,4,192.39
111860,2025-03-01,WH_C,West,SKU0017,Hardware,6,208.83
111861,2025-03-01,WH_C,West,SKU0095,Electronics,3,188.47
111862,2025-03-01,WH_C,West,SKU0027,Electronics,4,210.28
111863,2025-03-01,WH_A,East,SKU0040,Housewares,1,196.54
111864,2025-03-01,WH_A,East,SKU0097,Office,8,62.08
111865,2025-03-01,WH_C,West,SKU0084,Office,1,22.74
111866,2025-03-01,WH_A,East,SKU0056,Housewares,1,230.35
111867,2025-03-01,WH_B,Central,SKU0096,Hardware,1,188.16
111868,2025-03-01,WH_A,East,SKU0061,Office,6,219.99
111869,2025-03-01,WH_B,Central,SKU0099,Office,1,126.34
111870,2025-03-01,WH_B,Central,SKU0058,Sports,1,41.1
111871,2025-03-01,WH_A,East,SKU0091,Electronics,1,38.02
111872,2025-03-01,WH_A,East,SKU0033,Housewares,1,46.73
111873,2025-03-01,WH_A,East,SKU0045,Electronics,1,213.54
111874,2025-03-01,WH_C,West,SKU0020,Electronics,3,167.37
111875,2025-03-01,WH_A,East,SKU0089,Electronics,5,15.09
111876,2025-03-01,WH_A,East,SKU0012,Housewares,4,53.11
111877,2025-03-01,WH_A,East,SKU0074,Hardware,1,80.47
111878,2025-03-01,WH_A,East,SKU0039,Office,1,47.56
111879,2025-03-01,WH_C,West,SKU0038,Housewares,9,152.07
111880,2025-03-01,WH_C,West,SKU0007,Office,1,190.66
111881,2025-03-01,WH_B,Central,SKU0013,Electronics,5,32.01
111882,2025-03-01,WH_C,West,SKU0005,Sports,4,233.44
111883,2025-03-01,WH_C,West,SKU0060,Hardware,2,155.47
111884,2025-03-01,WH_A,East,SKU0008,Electronics,6,171.47
111885,2025-03-01,WH_C,West,SKU0070,Hardware,16,74.26
111886,2025-03-01,WH_A,East,SKU0043,Hardware,5,155.04
111887,2025-03-01,WH_A,East,SKU0003,Hardware,1,221.35
111888,2025-03-01,WH_B,Central,SKU0072,Office,16,19.17
111889,2025-03-01,WH_B,Central,SKU0043,Hardware,7,54.76
111890,2025-03-01,WH_B,Central,SKU0049,Housewares,1,15.23
111891,2025-03-01,WH_B,Central,SKU0023,Hardware,7,191.05
111892,2025-03-01,WH_C,West,SKU0008,Electronics,1,160.22
111893,2025-03-01,WH_C,West,SKU0055,Housewares,1,189.09
111894,2025-03-01,WH_B,Central,SKU0028,Electronics,1,17.69
111895,2025-03-01,WH_A,East,SKU0049,Housewares,5,145.24
111896,2025-03-01,WH_C,West,SKU0052,Hardware,4,170.26
111897,2025-03-01,WH_C,West,SKU0089,Electronics,1,176.17
111898,2025-03-01,WH_C,West,SKU0009,Hardware,1,88.24
111899,2025-03-01,WH_C,West,SKU0010,Electronics,4,191.95
111900,2025-03-01,WH_B,Central,SKU0049,Housewares,6,154.71
111901,2025-03-01,WH_C,West,SKU0091,Electronics,8,141.64
111902,2025-03-01,WH_B,Central,SKU0078,Housewares,2,53.32
111903,2025-03-01,WH_B,Central,SKU0025,Office,4,174.55
111904,2025-03-01,WH_C,West,SKU0021,Sports,1,26.34
111905,2025-03-01,WH_A,East,SKU0025,Office,1,33.04
111906,2025-03-01,WH_A,East,SKU0003,Hardware,1,43.95
111907,2025-03-01,WH_A,East,SKU0045,Electronics,5,225.34
111908,2025-03-01,WH_C,West,SKU0093,Sports,5,154.17
111909,2025-03-01,WH_B,Central,SKU0071,Hardware,2,223.28
111910,2025-03-01,WH_B,Central,SKU0039,Office,1,20.27
111911,2025-03-01,WH_A,East,SKU0092,Housewares,1,140.66
111912,2025-03-01,WH_C,West,SKU0089,Electronics,2,43.96
111913,2025-03-01,WH_C,West,SKU0080,Hardware,4,184.33
111914,2025-03-01,WH_C,West,SKU0018,Housewares,1,140.05
111915,2025-03-01,WH_B,Central,SKU0011,Hardware,4,6.88
111916,2025-03-01,WH_A,East,SKU0015,Housewares,1,120.65
111917,2025-03-01,WH_B,Central,SKU0036,Housewares,5,200.75
111918,2025-03-01,WH_C,West,SKU0059,Electronics,1,118.37
111919,2025-03-01,WH_A,East,SKU0054,Office,1,103.35
111920,2025-03-01,WH_A,East,SKU0014,Electronics,2,127.34
111921,2025-03-01,WH_A,East,SKU0030,Housewares,1,34.81
111922,2025-03-01,WH_C,West,SKU0084,Office,1,211.12
111923,2025-03-01,WH_A,East,SKU0080,Hardware,1,54.59
111924,2025-03-01,WH_B,Central,SKU0076,Hardware,9,21.18
111925,2025-03-01,WH_A,East,SKU0016,Housewares,1,99.9
111926,2025-03-01,WH_A,East,SKU0092,Housewares,1,143.61
111927,2025-03-01,WH_A,East,SKU0057,Electronics,1,56.2
111928,2025-03-01,WH_A,East,SKU0012,Housewares,19,88.57
111929,2025-03-01,WH_A,East,SKU0038,Housewares,3,219.16
111930,2025-03-01,WH_C,West,SKU0066,Sports,7,105.48
111931,2025-03-01,WH_B,Central,SKU0053,Hardware,11,182.52
111932,2025-03-01,WH_A,East,SKU0008,Electronics,2,174.85
111933,2025-03-01,WH_C,West,SKU0046,Hardware,1,108.98
111934,2025-03-01,WH_B,Central,SKU0017,Hardware,2,85.07
111935,2025-03-01,WH_B,Central,SKU0050,Hardware,4,66.52
111936,2025-03-01,WH_C,West,SKU0044,Hardware,4,42.28
111937,2025-03-01,WH_C,West,SKU0100,Office,1,189.51
111938,2025-03-01,WH_B,Central,SKU0020,Electronics,1,199.87
111939,2025-03-01,WH_C,West,SKU0069,Hardware,4,68.04
111940,2025-03-01,WH_A,East,SKU0084,Office,1,45.76
111941,2025-03-01,WH_B,Central,SKU0011,Hardware,4,212.51
111942,2025-03-01,WH_B,Central,SKU0041,Sports,1,45.23
111943,2025-03-01,WH_A,East,SKU0085,Hardware,1,57.87
111944,2025-03-01,WH_A,East,SKU0031,Sports,11,46.72
111945,2025-03-01,WH_A,East,SKU0021,Sports,1,197.44
111946,2025-03-01,WH_A,East,SKU0042,Electronics,2,136.03
111947,2025-03-01,WH_A,East,SKU0016,Housewares,1,176.95
111948,2025-03-01,WH_B,Central,SKU0092,Housewares,3,108.98
111949,2025-03-01,WH_B,Central,SKU0099,Office,1,211.11
111950,2025-03-01,WH_C,West,SKU0096,Hardware,1,135.83
111951,2025-03-01,WH_A,East,SKU0035,Hardware,3,161.52
111952,2025-03-01,WH_A,East,SKU0021,Sports,2,167.31
111953,2025-03-01,WH_A,East,SKU0030,Housewares,6,94.52
111954,2025-03-01,WH_B,Central,SKU0094,Hardware,2,175.76
111955,2025-03-01,WH_C,West,SKU0075,Sports,2,226.24
111956,2025-03-01,WH_C,West,SKU0024,Electronics,3,108.99
111957,2025-03-01,WH_B,Central,SKU0057,Electronics,5,124.94
111958,2025-03-01,WH_B,Central,SKU0025,Office,2,147.66
111959,2025-03-01,WH_A,East,SKU0097,Office,1,182.02
111960,2025-03-01,WH_A,East,SKU0097,Office,1,217.87
111961,2025-03-01,WH_B,Central,SKU0027,Electronics,4,91.64
111962,2025-03-01,WH_B,Central,SKU0063,Housewares,1,100.03
111963,2025-03-01,WH_C,West,SKU0042,Electronics,4,12.73
111964,2025-03-01,WH_C,West,SKU0065,Sports,1,67.26
111965,2025-03-01,WH_B,Central,SKU0006,Sports,6,106.39
111966,2025-03-01,WH_A,East,SKU0092,Housewares,3,92.68
111967,2025-03-01,WH_C,West,SKU0079,Hardware,1,84.84
111968,2025-03-01,WH_B,Central,SKU0060,Hardware,3,241.24
111969,2025-03-01,WH_C,West,SKU0009,Hardware,1,162.76
111970,2025-03-01,WH_C,West,SKU0094,Hardware,1,139.59
111971,2025-03-01,WH_B,Central,SKU0009,Hardware,2,115.26
111972,2025-03-01,WH_C,West,SKU0043,Hardware,2,220.66
111973,2025-03-01,WH_A,East,SKU0081,Housewares,1,208.42
111974,2025-03-01,WH_B,Central,SKU0086,Hardware,1,86.73
111975,2025-03-01,WH_B,Central,SKU0056,Housewares,1,204.63
111976,2025-03-01,WH_A,East,SKU0041,Sports,2,183.45
111977,2025-03-01,WH_C,West,SKU0055,Housewares,1,101.28
111978,2025-03-01,WH_B,Central,SKU0027,Electronics,7,240.49
111979,2025-03-01,WH_A,East,SKU0092,Housewares,4,188.61
111980,2025-03-01,WH_A,East,SKU0020,Electronics,3,148.87
111981,2025-03-01,WH_C,West,SKU0034,Office,2,241.13
111982,2025-03-01,WH_C,West,SKU0016,Housewares,4,165.56
111983,2025-03-01,WH_C,West,SKU0057,Electronics,1,244.38
111984,2025-03-01,WH_C,West,SKU0096,Hardware,2,236.21
111985,2025-03-01,WH_C,West,SKU0039,Office,3,14.82
111986,2025-03-01,WH_A,East,SKU0087,Office,2,223.71
111987,2025-03-01,WH_A,East,SKU0009,Hardware,1,217.35
111988,2025-03-01,WH_A,East,SKU0097,Office,2,15.91
111989,2025-03-01,WH_B,Central,SKU0084,Office,1,12.39
