shipment_id,order_id,sku_id,warehouse_id,region,ship_date,delivery_date,lead_time_days,qty_shipped,on_time
500000,100000,SKU0095,WH_A,East,2025-01-01,2025-01-06,5,3,0
500001,100000,SKU0095,WH_A,East,2025-01-02,2025-01-03,2,3,1
500002,100001,SKU0032,WH_B,Central,2025-01-01,2025-01-02,1,1,1
500003,100002,SKU0060,WH_C,West,2025-01-03,2025-01-05,4,4,1
500004,100003,SKU0068,WH_A,East,2025-01-01,2025-01-04,3,8,1
500005,100004,SKU0066,WH_B,Central,2025-01-05,2025-01-08,7,1,1
500006,100005,SKU0050,WH_B,Central,2025-01-01,2025-01-05,4,3,0
500007,100006,SKU0090,WH_B,Central,2025-01-02,2025-01-03,2,1,1
500008,100007,SKU0003,WH_A,East,2025-01-04,2025-01-09,8,1,0
500009,100008,SKU0066,WH_B,Central,2025-01-02,2025-01-04,3,1,1
500010,100009,SKU0084,WH_B,Central,2025-01-01,2025-01-05,4,3,0
500011,100010,SKU0018,WH_A,East,2025-01-01,2025-01-03,2,2,1
500012,100010,SKU0018,WH_A,East,2025-01-01,2025-01-02,1,1,1
500013,100011,SKU0097,WH_B,Central,2025-01-05,2025-01-07,6,1,1
500014,100012,SKU0062,WH_C,West,2025-01-03,2025-01-07,6,5,0
500015,100013,SKU0100,WH_C,West,2025-01-05,2025-01-12,11,1,0
500016,100013,SKU0100,WH_C,West,2025-01-01,2025-01-07,6,0,0
500017,100014,SKU0031,WH_C,West,2025-01-01,2025-01-03,2,8,1
500018,100014,SKU0031,WH_C,West,2025-01-03,2025-01-08,7,2,0
500019,100015,SKU0040,WH_A,East,2025-01-02,2025-01-04,3,1,1
500020,100016,SKU0077,WH_B,Central,2025-01-02,2025-01-04,3,1,1
500021,100017,SKU0049,WH_B,Central,2025-01-02,2025-01-06,5,7,0
500022,100018,SKU0019,WH_B,Central,2025-01-03,2025-01-04,3,4,1
500023,100019,SKU0044,WH_C,West,2025-01-02,2025-01-03,2,1,1
500024,100020,SKU0053,WH_A,East,2025-01-02,2025-01-03,2,5,1
500025,100021,SKU0091,WH_C,West,2025-01-03,2025-01-05,4,1,1
500026,100022,SKU0077,WH_B,Central,2025-01-01,2025-01-04,3,1,1
500027,100023,SKU0080,WH_A,East,2025-01-01,2025-01-03,2,1,1
500028,100023,SKU0080,WH_A,East,2025-01-02,2025-01-04,3,1,1
500029,100024,SKU0002,WH_A,East,2025-01-01,2025-01-03,2,3,1
500030,100025,SKU0075,WH_B,Central,2025-01-01,2025-01-04,3,1,1
500031,100026,SKU0031,WH_C,West,2025-01-01,2025-01-03,2,1,1
500032,100027,SKU0052,WH_A,East,2025-01-02,2025-01-08,7,1,0
500033,100028,SKU0062,WH_B,Central,2025-01-01,2025-01-06,5,2,0
500034,100029,SKU0037,WH_C,West,2025-01-01,2025-01-05,4,1,0
500035,100030,SKU0057,WH_B,Central,2025-01-01,2025-01-08,7,1,0
500036,100031,SKU0078,WH_A,East,2025-01-03,2025-01-04,3,1,1
500037,100031,SKU0078,WH_A,East,2025-01-01,2025-01-03,2,1,1
500038,100032,SKU0030,WH_C,West,2025-01-02,2025-01-04,3,1,1
500039,100033,SKU0081,WH_C,West,2025-01-01,2025-01-04,3,1,1
500040,100034,SKU0097,WH_B,Central,2025-01-01,2025-01-02,1,4,1
500041,100035,SKU0029,WH_A,East,2025-01-01,2025-01-02,1,1,1
500042,100036,SKU0066,WH_B,Central,2025-01-01,2025-01-04,3,2,1
500043,100037,SKU0005,WH_B,Central,2025-01-03,2025-01-04,3,1,1
500044,100038,SKU0004,WH_A,East,2025-01-01,2025-01-02,1,2,1
500045,100038,SKU0004,WH_A,East,2025-01-04,2025-01-06,5,1,1
500046,100039,SKU0018,WH_B,Central,2025-01-02,2025-01-04,3,1,1
500047,100040,SKU0025,WH_A,East,2025-01-01,2025-01-02,1,4,1
500048,100041,SKU0051,WH_B,Central,2025-01-02,2025-01-07,6,1,0
500049,100042,SKU0092,WH_C,West,2025-01-01,2025-01-03,2,7,1
500050,100043,SKU0059,WH_C,West,2025-01-02,2025-01-04,3,1,1
500051,100044,SKU0036,WH_C,West,2025-01-02,2025-01-03,2,1,1
500052,100045,SKU0033,WH_A,East,2025-01-02,2025-01-03,2,3,1
500053,100046,SKU0036,WH_B,Central,2025-01-02,2025-01-03,2,3,1
500054,100047,SKU0062,WH_B,Central,2025-01-01,2025-01-02,1,4,1
500055,100048,SKU0004,WH_A,East,2025-01-03,2025-01-04,3,1,1
500056,100049,SKU0017,WH_A,East,2025-01-01,2025-01-02,1,6,1
500057,100050,SKU0009,WH_C,West,2025-01-01,2025-01-03,2,1,1
500058,100051,SKU0014,WH_A,East,2025-01-02,2025-01-09,8,1,0
500059,100052,SKU0095,WH_C,West,2025-01-04,2025-01-05,4,1,1
500060,100053,SKU0013,WH_A,East,2025-01-01,2025-01-03,2,3,1
500061,100054,SKU0046,WH_B,Central,2025-01-03,2025-01-05,4,5,1
500062,100055,SKU0027,WH_C,West,2025-01-02,2025-01-05,4,1,1
500063,100056,SKU0047,WH_B,Central,2025-01-01,2025-01-03,2,1,1
500064,100057,SKU0098,WH_A,East,2025-01-01,2025-01-03,2,1,1
500065,100057,SKU0098,WH_A,East,2025-01-01,2025-01-03,2,3,1
500066,100058,SKU0082,WH_B,Central,2025-01-01,2025-01-05,4,2,0
500067,100059,SKU0082,WH_C,West,2025-01-03,2025-01-08,7,1,0
500068,100060,SKU0085,WH_C,West,2025-01-01,2025-01-02,1,1,1
500069,100061,SKU0020,WH_A,East,2025-01-01,2025-01-04,3,11,1
500070,100062,SKU0024,WH_A,East,2025-01-01,2025-01-02,1,1,1
500071,100063,SKU0094,WH_B,Central,2025-01-01,2025-01-03,2,1,1
500072,100064,SKU0091,WH_A,East,2025-01-01,2025-01-07,6,8,0
500073,100065,SKU0056,WH_A,East,2025-01-02,2025-01-03,2,7,1
500074,100066,SKU0033,WH_B,Central,2025-01-01,2025-01-02,1,1,1
500075,100067,SKU0038,WH_B,Central,2025-01-01,2025-01-02,1,4,1
500076,100068,SKU0083,WH_C,West,2025-01-02,2025-01-05,4,5,1
500077,100069,SKU0018,WH_B,Central,2025-01-01,2025-01-03,2,3,1
500078,100070,SKU0084,WH_C,West,2025-01-04,2025-01-06,5,1,1
500079,100070,SKU0084,WH_C,West,2025-01-04,2025-01-06,5,0,1
500080,100071,SKU0037,WH_C,West,2025-01-01,2025-01-03,2,4,1
500081,100072,SKU0029,WH_A,East,2025-01-04,2025-01-06,5,1,1
500082,100072,SKU0029,WH_A,East,2025-01-05,2025-01-07,6,0,1
500083,100073,SKU0008,WH_A,East,2025-01-01,2025-01-02,1,2,1
500084,100073,SKU0008,WH_A,East,2025-01-01,2025-01-02,1,2,1
500085,100074,SKU0064,WH_C,West,2025-01-02,2025-01-04,3,7,1
500086,100075,SKU0100,WH_C,West,2025-01-02,2025-01-05,4,1,1
500087,100075,SKU0100,WH_C,West,2025-01-04,2025-01-05,4,1,1
500088,100076,SKU0067,WH_B,Central,2025-01-01,2025-01-03,2,3,1
500089,100077,SKU0037,WH_A,East,2025-01-01,2025-01-02,1,1,1
500090,100078,SKU0026,WH_C,West,2025-01-02,2025-01-05,4,7,1
500091,100079,SKU0037,WH_C,West,2025-01-03,2025-01-08,7,1,0
500092,100080,SKU0037,WH_B,Central,2025-01-01,2025-01-07,6,1,0
500093,100081,SKU0007,WH_C,West,2025-01-01,2025-01-05,4,1,0
500094,100082,SKU0081,WH_A,East,2025-01-01,2025-01-06,5,1,0
500095,100083,SKU0076,WH_A,East,2025-01-01,2025-01-04,3,1,1
500096,100084,SKU0098,WH_B,Central,2025-01-01,2025-01-03,2,2,1
500097,100085,SKU0018,WH_A,East,2025-01-01,2025-01-04,3,12,1
500098,100086,SKU0068,WH_A,East,2025-01-01,2025-01-03,2,2,1
500099,100087,SKU0061,WH_C,West,2025-01-01,2025-01-03,2,5,1
500100,100088,SKU0052,WH_A,East,2025-01-01,2025-01-03,2,2,1
500101,100089,SKU0099,WH_C,West,2025-01-04,2025-01-09,8,2,0
500102,100090,SKU0012,WH_A,East,2025-01-01,2025-01-02,1,1,1
500103,100090,SKU0012,WH_A,East,2025-01-01,2025-01-05,4,0,0
500104,100091,SKU0022,WH_B,Central,2025-01-01,2025-01-02,1,1,1
500105,100092,SKU0022,WH_C,West,2025-01-01,2025-01-05,4,5,0
500106,100093,SKU0065,WH_C,West,2025-01-04,2025-01-07,6,1,1
500107,100094,SKU0035,WH_C,West,2025-01-03,2025-01-05,4,1,1
500108,100095,SKU0082,WH_A,East,2025-01-02,2025-01-05,4,1,1
500109,100096,SKU0099,WH_C,West,2025-01-01,2025-01-02,1,1,1
500110,100097,SKU0043,WH_C,West,2025-01-02,2025-01-03,2,1,1
500111,100098,SKU0001,WH_C,West,2025-01-01,2025-01-04,3,6,1
500112,100099,SKU0052,WH_C,West,2025-01-02,2025-01-06,5,1,0
500113,100099,SKU0052,WH_C,West,2025-01-01,2025-01-02,1,0,1
500114,100100,SKU0025,WH_C,West,2025-01-01,2025-01-02,1,2,1
500115,100100,SKU0025,WH_C,West,2025-01-01,2025-01-02,1,1,1
500116,100101,SKU0051,WH_C,West,2025-01-01,2025-01-02,1,1,1
500117,100101,SKU0051,WH_C,West,2025-01-01,2025-01-03,2,2,1
500118,100102,SKU0046,WH_A,East,2025-01-02,2025-01-03,2,10,1
500119,100103,SKU0008,WH_C,West,2025-01-02,2025-01-03,2,1,1
500120,100104,SKU0026,WH_A,East,2025-01-05,2025-01-06,5,2,1
500121,100105,SKU0068,WH_B,Central,2025-01-03,2025-01-04,3,1,1
500122,100106,SKU0051,WH_C,West,2025-01-04,2025-01-08,7,2,0
500123,100107,SKU0002,WH_C,West,2025-01-01,2025-01-03,2,1,1
500124,100108,SKU0054,WH_C,West,2025-01-01,2025-01-02,1,2,1
500125,100109,SKU0067,WH_A,East,2025-01-01,2025-01-03,2,5,1
500126,100110,SKU0035,WH_C,West,2025-01-01,2025-01-03,2,10,1
500127,100111,SKU0077,WH_B,Central,2025-01-02,2025-01-04,3,2,1
500128,100112,SKU0036,WH_A,East,2025-01-01,2025-01-03,2,2,1
500129,100113,SKU0041,WH_A,East,2025-01-01,2025-01-02,1,2,1
500130,100113,SKU0041,WH_A,East,2025-01-02,2025-01-03,2,1,1
500131,100114,SKU0063,WH_B,Central,2025-01-01,2025-01-05,4,1,0
500132,100115,SKU0010,WH_C,West,2025-01-04,2025-01-08,7,8,0
500133,100116,SKU0073,WH_C,West,2025-01-01,2025-01-02,1,6,1
500134,100117,SKU0046,WH_B,Central,2025-01-02,2025-01-08,7,3,0
500135,100118,SKU0016,WH_A,East,2025-01-01,2025-01-06,5,1,0
500136,100119,SKU0001,WH_A,East,2025-01-02,2025-01-09,8,1,0
500137,100120,SKU0054,WH_B,Central,2025-01-01,2025-01-03,2,2,1
500138,100121,SKU0023,WH_C,West,2025-01-01,2025-01-04,3,12,1
500139,100122,SKU0079,WH_A,East,2025-01-02,2025-01-07,6,2,0
500140,100123,SKU0084,WH_A,East,2025-01-03,2025-01-04,3,2,1
500141,100124,SKU0002,WH_A,East,2025-01-01,2025-01-03,2,1,1
500142,100125,SKU0068,WH_A,East,2025-01-05,2025-01-07,6,1,1
500143,100126,SKU0099,WH_C,West,2025-01-02,2025-01-03,2,1,1
500144,100127,SKU0074,WH_A,East,2025-01-02,2025-01-03,2,2,1
500145,100128,SKU0058,WH_C,West,2025-01-02,2025-01-06,5,1,0
500146,100129,SKU0005,WH_B,Central,2025-01-01,2025-01-03,2,1,1
500147,100129,SKU0005,WH_B,Central,2025-01-05,2025-01-06,5,0,1
500148,100130,SKU0050,WH_A,East,2025-01-01,2025-01-03,2,4,1
500149,100131,SKU0086,WH_C,West,2025-01-03,2025-01-05,4,1,1
500150,100132,SKU0059,WH_C,West,2025-01-02,2025-01-03,2,3,1
500151,100133,SKU0024,WH_A,East,2025-01-04,2025-01-05,4,5,1
500152,100134,SKU0074,WH_B,Central,2025-01-01,2025-01-03,2,1,1
500153,100135,SKU0095,WH_C,West,2025-01-01,2025-01-03,2,1,1
500154,100136,SKU0016,WH_B,Central,2025-01-02,2025-01-06,5,1,0
500155,100137,SKU0003,WH_A,East,2025-01-01,2025-01-03,2,3,1
500156,100138,SKU0037,WH_C,West,2025-01-01,2025-01-02,1,1,1
500157,100139,SKU0071,WH_C,West,2025-01-03,2025-01-04,3,1,1
500158,100140,SKU0073,WH_B,Central,2025-01-01,2025-01-02,1,2,1
500159,100141,SKU0015,WH_B,Central,2025-01-01,2025-01-02,1,1,1
500160,100142,SKU0061,WH_B,Central,2025-01-01,2025-01-04,3,2,1
500161,100142,SKU0061,WH_B,Central,2025-01-01,2025-01-05,4,1,0
500162,100143,SKU0080,WH_C,West,2025-01-01,2025-01-03,2,1,1
500163,100144,SKU0045,WH_C,West,2025-01-01,2025-01-03,2,12,1
500164,100145,SKU0084,WH_C,West,2025-01-01,2025-01-02,1,1,1
500165,100146,SKU0060,WH_B,Central,2025-01-01,2025-01-03,2,1,1
500166,100147,SKU0078,WH_A,East,2025-01-01,2025-01-04,3,1,1
500167,100148,SKU0003,WH_C,West,2025-01-01,2025-01-02,1,1,1
500168,100149,SKU0008,WH_B,Central,2025-01-01,2025-01-03,2,1,1
500169,100150,SKU0051,WH_C,West,2025-01-05,2025-01-07,6,1,1
500170,100150,SKU0051,WH_C,West,2025-01-01,2025-01-02,1,0,1
500171,100151,SKU0055,WH_B,Central,2025-01-02,2025-01-03,2,4,1
500172,100152,SKU0019,WH_C,West,2025-01-02,2025-01-07,6,2,0
500173,100153,SKU0095,WH_A,East,2025-01-02,2025-01-04,3,4,1
500174,100154,SKU0085,WH_B,Central,2025-01-02,2025-01-04,3,7,1
500175,100155,SKU0019,WH_C,West,2025-01-01,2025-01-04,3,2,1
500176,100156,SKU0051,WH_B,Central,2025-01-01,2025-01-03,2,1,1
500177,100157,SKU0052,WH_A,East,2025-01-01,2025-01-02,1,4,1
500178,100158,SKU0086,WH_B,Central,2025-01-03,2025-01-04,3,1,1
500179,100159,SKU0057,WH_C,West,2025-01-03,2025-01-09,8,13,0
500180,100160,SKU0064,WH_B,Central,2025-01-03,2025-01-04,3,1,1
500181,100161,SKU0077,WH_B,Central,2025-01-03,2025-01-05,4,1,1
500182,100162,SKU0041,WH_C,West,2025-01-01,2025-01-02,1,1,1
500183,100162,SKU0041,WH_C,West,2025-01-01,2025-01-02,1,0,1
500184,100163,SKU0070,WH_A,East,2025-01-01,2025-01-08,7,1,0
500185,100164,SKU0046,WH_A,East,2025-01-03,2025-01-06,5,3,1
500186,100165,SKU0087,WH_A,East,2025-01-01,2025-01-02,1,1,1
500187,100166,SKU0032,WH_C,West,2025-01-01,2025-01-04,3,1,1
500188,100166,SKU0032,WH_C,West,2025-01-04,2025-01-08,7,1,0
500189,100167,SKU0065,WH_A,East,2025-01-03,2025-01-04,3,2,1
500190,100168,SKU0021,WH_A,East,2025-01-01,2025-01-02,1,2,1
500191,100169,SKU0010,WH_B,Central,2025-01-01,2025-01-04,3,6,1
500192,100170,SKU0064,WH_B,Central,2025-01-03,2025-01-04,3,16,1
500193,100171,SKU0053,WH_C,West,2025-01-03,2025-01-04,3,1,1
500194,100171,SKU0053,WH_C,West,2025-01-02,2025-01-04,3,0,1
500195,100172,SKU0006,WH_B,Central,2025-01-01,2025-01-04,3,1,1
500196,100173,SKU0088,WH_B,Central,2025-01-01,2025-01-03,2,1,1
500197,100174,SKU0004,WH_B,Central,2025-01-02,2025-01-03,2,1,1
500198,100175,SKU0099,WH_C,West,2025-01-03,2025-01-07,6,2,0
500199,100176,SKU0005,WH_B,Central,2025-01-01,2025-01-03,2,1,1
500200,100177,SKU0090,WH_C,West,2025-01-01,2025-01-03,2,1,1
500201,100177,SKU0090,WH_C,West,2025-01-02,2025-01-03,2,0,1
500202,100178,SKU0089,WH_C,West,2025-01-03,2025-01-04,3,1,1
500203,100178,SKU0089,WH_C,West,2025-01-01,2025-01-04,3,0,1
500204,100179,SKU0021,WH_A,East,2025-01-02,2025-01-09,8,1,0
500205,100180,SKU0040,WH_A,East,2025-01-03,2025-01-04,2,4,1
500206,100181,SKU0054,WH_B,Central,2025-01-05,2025-01-07,5,1,1
500207,100182,SKU0050,WH_B,Central,2025-01-04,2025-01-05,3,1,1
500208,100183,SKU0005,WH_A,East,2025-01-02,2025-01-05,3,4,1
500209,100184,SKU0080,WH_C,West,2025-01-02,2025-01-03,1,1,1
500210,100185,SKU0078,WH_A,East,2025-01-03,2025-01-04,2,4,1
500211,100186,SKU0048,WH_B,Central,2025-01-02,2025-01-04,2,10,1
500212,100187,SKU0058,WH_A,East,2025-01-04,2025-01-05,3,3,1
500213,100188,SKU0055,WH_B,Central,2025-01-03,2025-01-04,2,2,1
500214,100189,SKU0068,WH_A,East,2025-01-02,2025-01-04,2,4,1
500215,100190,SKU0019,WH_C,West,2025-01-03,2025-01-04,2,1,1
500216,100191,SKU0076,WH_B,Central,2025-01-02,2025-01-04,2,8,1
500217,100192,SKU0018,WH_C,West,2025-01-04,2025-01-08,6,3,0
500218,100193,SKU0065,WH_C,West,2025-01-02,2025-01-04,2,1,1
500219,100194,SKU0062,WH_B,Central,2025-01-03,2025-01-07,5,2,0
500220,100194,SKU0062,WH_B,Central,2025-01-02,2025-01-04,2,6,1
500221,100195,SKU0093,WH_C,West,2025-01-04,2025-01-05,3,1,1
500222,100195,SKU0093,WH_C,West,2025-01-02,2025-01-04,2,0,1
500223,100196,SKU0009,WH_B,Central,2025-01-05,2025-01-08,6,6,1
500224,100197,SKU0099,WH_B,Central,2025-01-02,2025-01-03,1,1,1
500225,100197,SKU0099,WH_B,Central,2025-01-03,2025-01-04,2,0,1
500226,100198,SKU0043,WH_B,Central,2025-01-02,2025-01-04,2,12,1
500227,100199,SKU0100,WH_B,Central,2025-01-02,2025-01-03,1,1,1
500228,100200,SKU0058,WH_B,Central,2025-01-03,2025-01-06,4,1,1
500229,100201,SKU0045,WH_B,Central,2025-01-03,2025-01-07,5,1,0
500230,100202,SKU0014,WH_C,West,2025-01-02,2025-01-03,1,3,1
500231,100202,SKU0014,WH_C,West,2025-01-02,2025-01-03,1,1,1
500232,100203,SKU0003,WH_A,East,2025-01-04,2025-01-06,4,1,1
500233,100204,SKU0096,WH_C,West,2025-01-02,2025-01-04,2,1,1
500234,100205,SKU0077,WH_A,East,2025-01-02,2025-01-03,1,3,1
500235,100206,SKU0066,WH_A,East,2025-01-02,2025-01-04,2,1,1
500236,100207,SKU0039,WH_B,Central,2025-01-02,2025-01-04,2,1,1
500237,100207,SKU0039,WH_B,Central,2025-01-03,2025-01-04,2,0,1
500238,100208,SKU0053,WH_A,East,2025-01-04,2025-01-05,3,6,1
500239,100209,SKU0034,WH_C,West,2025-01-02,2025-01-04,2,5,1
500240,100209,SKU0034,WH_C,West,2025-01-05,2025-01-06,4,1,1
500241,100210,SKU0094,WH_A,East,2025-01-03,2025-01-06,4,9,1
500242,100211,SKU0096,WH_A,East,2025-01-03,2025-01-04,2,1,1
500243,100212,SKU0081,WH_B,Central,2025-01-03,2025-01-04,2,1,1
500244,100213,SKU0038,WH_C,West,2025-01-02,2025-01-05,3,1,1
500245,100213,SKU0038,WH_C,West,2025-01-03,2025-01-08,6,0,0
500246,100214,SKU0022,WH_A,East,2025-01-02,2025-01-04,2,1,1
500247,100215,SKU0038,WH_C,West,2025-01-02,2025-01-04,2,1,1
500248,100216,SKU0015,WH_C,West,2025-01-02,2025-01-04,2,1,1
500249,100217,SKU0024,WH_B,Central,2025-01-02,2025-01-05,3,2,1
500250,100218,SKU0015,WH_A,East,2025-01-02,2025-01-04,2,1,1
500251,100219,SKU0100,WH_B,Central,2025-01-04,2025-01-05,3,2,1
500252,100220,SKU0074,WH_C,West,2025-01-02,2025-01-04,2,1,1
500253,100221,SKU0048,WH_A,East,2025-01-03,2025-01-05,3,1,1
500254,100222,SKU0005,WH_B,Central,2025-01-02,2025-01-09,7,1,0
500255,100223,SKU0044,WH_C,West,2025-01-03,2025-01-06,4,2,1
500256,100224,SKU0024,WH_C,West,2025-01-02,2025-01-04,2,4,1
500257,100225,SKU0053,WH_C,West,2025-01-06,2025-01-08,6,1,1
500258,100226,SKU0017,WH_A,East,2025-01-02,2025-01-08,6,1,0
500259,100226,SKU0017,WH_A,East,2025-01-03,2025-01-04,2,1,1
500260,100227,SKU0055,WH_A,East,2025-01-03,2025-01-04,2,1,1
500261,100228,SKU0046,WH_C,West,2025-01-03,2025-01-07,5,4,0
500262,100228,SKU0046,WH_C,West,2025-01-03,2025-01-05,3,4,1
500263,100229,SKU0003,WH_B,Central,2025-01-04,2025-01-09,7,1,0
500264,100230,SKU0048,WH_C,West,2025-01-02,2025-01-04,2,1,1
500265,100231,SKU0084,WH_C,West,2025-01-06,2025-01-07,5,4,1
500266,100232,SKU0073,WH_B,Central,2025-01-02,2025-01-04,2,5,1
500267,100233,SKU0046,WH_C,West,2025-01-02,2025-01-03,1,2,1
500268,100234,SKU0077,WH_A,East,2025-01-03,2025-01-04,2,1,1
500269,100234,SKU0077,WH_A,East,2025-01-03,2025-01-04,2,3,1
500270,100235,SKU0064,WH_C,West,2025-01-02,2025-01-05,3,1,1
500271,100236,SKU0075,WH_B,Central,2025-01-03,2025-01-07,5,11,0
500272,100237,SKU0038,WH_C,West,2025-01-02,2025-01-03,1,1,1
500273,100237,SKU0038,WH_C,West,2025-01-02,2025-01-05,3,0,1
500274,100238,SKU0045,WH_A,East,2025-01-02,2025-01-08,6,1,0
500275,100239,SKU0023,WH_C,West,2025-01-04,2025-01-05,3,2,1
500276,100240,SKU0040,WH_B,Central,2025-01-04,2025-01-05,3,2,1
500277,100241,SKU0073,WH_B,Central,2025-01-02,2025-01-04,2,2,1
500278,100242,SKU0076,WH_C,West,2025-01-02,2025-01-03,1,8,1
500279,100243,SKU0077,WH_C,West,2025-01-02,2025-01-04,2,1,1
500280,100244,SKU0098,WH_C,West,2025-01-02,2025-01-04,2,1,1
500281,100245,SKU0003,WH_B,Central,2025-01-02,2025-01-04,2,1,1
500282,100246,SKU0062,WH_B,Central,2025-01-02,2025-01-06,4,1,0
500283,100247,SKU0084,WH_A,East,2025-01-06,2025-01-11,9,1,0
500284,100248,SKU0083,WH_B,Central,2025-01-02,2025-01-04,2,9,1
500285,100249,SKU0029,WH_C,West,2025-01-02,2025-01-06,4,1,0
500286,100250,SKU0041,WH_A,East,2025-01-02,2025-01-04,2,2,1
500287,100251,SKU0078,WH_B,Central,2025-01-03,2025-01-04,2,4,1
500288,100252,SKU0029,WH_C,West,2025-01-03,2025-01-04,2,1,1
500289,100253,SKU0020,WH_C,West,2025-01-02,2025-01-03,1,1,1
500290,100254,SKU0003,WH_B,Central,2025-01-02,2025-01-03,1,1,1
500291,100255,SKU0055,WH_A,East,2025-01-03,2025-01-09,7,1,0
500292,100256,SKU0047,WH_A,East,2025-01-03,2025-01-04,2,1,1
500293,100257,SKU0003,WH_B,Central,2025-01-02,2025-01-04,2,2,1
500294,100258,SKU0077,WH_B,Central,2025-01-04,2025-01-05,3,1,1
500295,100259,SKU0027,WH_B,Central,2025-01-02,2025-01-04,2,1,1
500296,100260,SKU0082,WH_C,West,2025-01-05,2025-01-07,5,8,1
500297,100261,SKU0044,WH_A,East,2025-01-03,2025-01-04,2,7,1
500298,100262,SKU0072,WH_C,West,2025-01-02,2025-01-04,2,1,1
500299,100262,SKU0072,WH_C,West,2025-01-03,2025-01-08,6,0,0
500300,100263,SKU0022,WH_A,East,2025-01-03,2025-01-04,2,1,1
500301,100263,SKU0022,WH_A,East,2025-01-03,2025-01-06,4,0,1
500302,100264,SKU0009,WH_B,Central,2025-01-03,2025-01-09,7,1,0
500303,100265,SKU0082,WH_C,West,2025-01-02,2025-01-05,3,1,1
500304,100266,SKU0064,WH_A,East,2025-01-02,2025-01-03,1,1,1
500305,100266,SKU0064,WH_A,East,2025-01-02,2025-01-05,3,0,1
500306,100267,SKU0085,WH_B,Central,2025-01-04,2025-01-05,3,7,1
500307,100268,SKU0017,WH_B,Central,2025-01-04,2025-01-05,3,1,1
500308,100269,SKU0096,WH_C,West,2025-01-02,2025-01-05,3,2,1
500309,100270,SKU0096,WH_C,West,2025-01-03,2025-01-04,2,5,1
500310,100271,SKU0087,WH_B,Central,2025-01-04,2025-01-06,4,1,1
500311,100271,SKU0087,WH_B,Central,2025-01-05,2025-01-09,7,0,0
500312,100272,SKU0091,WH_C,West,2025-01-04,2025-01-06,4,5,1
500313,100273,SKU0075,WH_A,East,2025-01-06,2025-01-10,8,2,0
500314,100274,SKU0094,WH_C,West,2025-01-02,2025-01-07,5,1,0
500315,100274,SKU0094,WH_C,West,2025-01-03,2025-01-06,4,1,1
500316,100275,SKU0064,WH_B,Central,2025-01-02,2025-01-03,1,2,1
500317,100276,SKU0054,WH_C,West,2025-01-03,2025-01-04,2,3,1
500318,100277,SKU0072,WH_C,West,2025-01-02,2025-01-03,1,2,1
500319,100278,SKU0008,WH_A,East,2025-01-04,2025-01-06,4,3,1
500320,100279,SKU0037,WH_A,East,2025-01-03,2025-01-07,5,1,0
500321,100280,SKU0031,WH_C,West,2025-01-02,2025-01-03,1,1,1
500322,100281,SKU0007,WH_C,West,2025-01-02,2025-01-08,6,1,0
500323,100281,SKU0007,WH_C,West,2025-01-02,2025-01-04,2,9,1
500324,100282,SKU0069,WH_C,West,2025-01-03,2025-01-04,2,10,1
500325,100283,SKU0093,WH_A,East,2025-01-03,2025-01-04,2,1,1
500326,100283,SKU0093,WH_A,East,2025-01-02,2025-01-03,1,2,1
500327,100284,SKU0010,WH_B,Central,2025-01-02,2025-01-04,2,1,1
500328,100285,SKU0071,WH_B,Central,2025-01-02,2025-01-06,4,6,0
500329,100286,SKU0001,WH_B,Central,2025-01-02,2025-01-05,3,1,1
500330,100287,SKU0010,WH_C,West,2025-01-02,2025-01-03,1,6,1
500331,100288,SKU0066,WH_B,Central,2025-01-03,2025-01-05,3,1,1
500332,100289,SKU0042,WH_B,Central,2025-01-02,2025-01-04,2,8,1
500333,100290,SKU0024,WH_B,Central,2025-01-02,2025-01-03,1,4,1
500334,100291,SKU0009,WH_A,East,2025-01-03,2025-01-05,3,1,1
500335,100292,SKU0042,WH_A,East,2025-01-02,2025-01-04,2,3,1
500336,100293,SKU0066,WH_A,East,2025-01-02,2025-01-04,2,2,1
500337,100294,SKU0002,WH_C,West,2025-01-02,2025-01-06,4,1,0
500338,100295,SKU0094,WH_B,Central,2025-01-02,2025-01-04,2,1,1
500339,100295,SKU0094,WH_B,Central,2025-01-03,2025-01-04,2,0,1
500340,100296,SKU0053,WH_B,Central,2025-01-04,2025-01-07,5,1,1
500341,100297,SKU0042,WH_C,West,2025-01-02,2025-01-03,1,1,1
500342,100297,SKU0042,WH_C,West,2025-01-02,2025-01-06,4,0,0
500343,100298,SKU0031,WH_A,East,2025-01-02,2025-01-03,1,1,1
500344,100299,SKU0089,WH_B,Central,2025-01-02,2025-01-03,1,3,1
500345,100300,SKU0061,WH_A,East,2025-01-02,2025-01-06,4,9,0
500346,100301,SKU0055,WH_B,Central,2025-01-03,2025-01-06,4,1,1
500347,100301,SKU0055,WH_B,Central,2025-01-04,2025-01-05,3,1,1
500348,100302,SKU0064,WH_A,East,2025-01-05,2025-01-06,4,1,1
500349,100303,SKU0019,WH_A,East,2025-01-02,2025-01-03,1,1,1
500350,100304,SKU0046,WH_C,West,2025-01-03,2025-01-04,2,2,1
500351,100305,SKU0054,WH_C,West,2025-01-03,2025-01-05,3,1,1
500352,100306,SKU0065,WH_B,Central,2025-01-03,2025-01-06,4,4,1
500353,100307,SKU0049,WH_C,West,2025-01-04,2025-01-08,6,1,0
500354,100308,SKU0069,WH_B,Central,2025-01-03,2025-01-10,8,1,0
500355,100309,SKU0009,WH_B,Central,2025-01-03,2025-01-05,3,1,1
500356,100309,SKU0009,WH_B,Central,2025-01-02,2025-01-03,1,1,1
500357,100310,SKU0039,WH_A,East,2025-01-02,2025-01-04,2,9,1
500358,100311,SKU0017,WH_C,West,2025-01-02,2025-01-04,2,1,1
500359,100312,SKU0025,WH_B,Central,2025-01-02,2025-01-04,2,5,1
500360,100313,SKU0083,WH_A,East,2025-01-02,2025-01-04,2,1,1
500361,100314,SKU0068,WH_A,East,2025-01-02,2025-01-04,2,1,1
500362,100315,SKU0062,WH_C,West,2025-01-02,2025-01-03,1,4,1
500363,100316,SKU0097,WH_C,West,2025-01-02,2025-01-03,1,1,1
500364,100317,SKU0080,WH_C,West,2025-01-02,2025-01-03,1,3,1
500365,100317,SKU0080,WH_C,West,2025-01-02,2025-01-05,3,1,1
500366,100318,SKU0036,WH_C,West,2025-01-02,2025-01-04,2,1,1
500367,100319,SKU0010,WH_B,Central,2025-01-03,2025-01-05,3,2,1
500368,100320,SKU0038,WH_C,West,2025-01-02,2025-01-04,2,1,1
500369,100321,SKU0074,WH_A,East,2025-01-02,2025-01-03,1,1,1
500370,100321,SKU0074,WH_A,East,2025-01-03,2025-01-05,3,0,1
500371,100322,SKU0006,WH_A,East,2025-01-02,2025-01-06,4,6,0
500372,100323,SKU0092,WH_A,East,2025-01-03,2025-01-04,2,4,1
500373,100324,SKU0072,WH_B,Central,2025-01-03,2025-01-09,7,1,0
500374,100325,SKU0071,WH_B,Central,2025-01-03,2025-01-08,6,3,0
500375,100326,SKU0097,WH_B,Central,2025-01-02,2025-01-03,1,4,1
500376,100327,SKU0071,WH_C,West,2025-01-02,2025-01-05,3,2,1
500377,100328,SKU0063,WH_A,East,2025-01-02,2025-01-04,2,5,1
500378,100329,SKU0081,WH_B,Central,2025-01-02,2025-01-05,3,1,1
500379,100330,SKU0030,WH_B,Central,2025-01-04,2025-01-05,3,2,1
500380,100331,SKU0093,WH_C,West,2025-01-02,2025-01-03,1,1,1
500381,100331,SKU0093,WH_C,West,2025-01-02,2025-01-04,2,0,1
500382,100332,SKU0082,WH_C,West,2025-01-03,2025-01-06,4,9,1
500383,100333,SKU0091,WH_C,West,2025-01-02,2025-01-03,1,1,1
500384,100334,SKU0044,WH_B,Central,2025-01-02,2025-01-03,1,1,1
500385,100335,SKU0077,WH_A,East,2025-01-02,2025-01-03,1,1,1
500386,100336,SKU0072,WH_C,West,2025-01-02,2025-01-04,2,1,1
500387,100337,SKU0040,WH_B,Central,2025-01-03,2025-01-04,2,1,1
500388,100338,SKU0080,WH_A,East,2025-01-04,2025-01-05,3,1,1
500389,100338,SKU0080,WH_A,East,2025-01-02,2025-01-04,2,1,1
500390,100339,SKU0098,WH_B,Central,2025-01-02,2025-01-05,3,3,1
500391,100340,SKU0006,WH_C,West,2025-01-04,2025-01-05,3,1,1
500392,100341,SKU0064,WH_A,East,2025-01-03,2025-01-04,2,3,1
500393,100342,SKU0094,WH_A,East,2025-01-02,2025-01-03,1,1,1
500394,100343,SKU0057,WH_B,Central,2025-01-03,2025-01-04,2,1,1
500395,100344,SKU0033,WH_B,Central,2025-01-02,2025-01-03,1,1,1
500396,100345,SKU0070,WH_C,West,2025-01-02,2025-01-03,1,1,1
500397,100345,SKU0070,WH_C,West,2025-01-03,2025-01-09,7,0,0
500398,100346,SKU0050,WH_B,Central,2025-01-02,2025-01-04,2,1,1
500399,100347,SKU0092,WH_C,West,2025-01-04,2025-01-06,4,1,1
500400,100347,SKU0092,WH_C,West,2025-01-02,2025-01-08,6,8,0
500401,100348,SKU0025,WH_B,Central,2025-01-04,2025-01-05,3,1,1
500402,100349,SKU0030,WH_C,West,2025-01-03,2025-01-05,3,1,1
500403,100350,SKU0010,WH_B,Central,2025-01-03,2025-01-07,5,1,0
500404,100350,SKU0010,WH_B,Central,2025-01-03,2025-01-05,3,0,1
500405,100351,SKU0039,WH_A,East,2025-01-04,2025-01-05,3,5,1
500406,100352,SKU0054,WH_C,West,2025-01-03,2025-01-06,4,2,1
500407,100352,SKU0054,WH_C,West,2025-01-04,2025-01-11,9,2,0
500408,100353,SKU0025,WH_B,Central,2025-01-03,2025-01-05,3,4,1
500409,100354,SKU0029,WH_A,East,2025-01-03,2025-01-06,4,1,1
500410,100355,SKU0061,WH_A,East,2025-01-03,2025-01-04,2,3,1
500411,100356,SKU0040,WH_A,East,2025-01-02,2025-01-04,2,1,1
500412,100357,SKU0031,WH_B,Central,2025-01-02,2025-01-04,2,4,1
500413,100358,SKU0061,WH_C,West,2025-01-04,2025-01-09,7,1,0
500414,100359,SKU0018,WH_C,West,2025-01-03,2025-01-06,4,1,1
500415,100360,SKU0011,WH_C,West,2025-01-03,2025-01-04,2,1,1
500416,100361,SKU0057,WH_B,Central,2025-01-02,2025-01-05,3,5,1
500417,100362,SKU0056,WH_B,Central,2025-01-02,2025-01-04,2,1,1
500418,100363,SKU0053,WH_A,East,2025-01-03,2025-01-07,5,1,0
500419,100364,SKU0014,WH_B,Central,2025-01-03,2025-01-07,5,1,0
500420,100365,SKU0021,WH_A,East,2025-01-03,2025-01-10,8,7,0
500421,100366,SKU0093,WH_B,Central,2025-01-04,2025-01-05,3,2,1
500422,100367,SKU0010,WH_C,West,2025-01-05,2025-01-06,4,2,1
500423,100368,SKU0096,WH_B,Central,2025-01-03,2025-01-09,7,3,0
500424,100369,SKU0047,WH_C,West,2025-01-02,2025-01-06,4,1,0
500425,100370,SKU0023,WH_A,East,2025-01-05,2025-01-09,7,1,0
500426,100371,SKU0080,WH_B,Central,2025-01-04,2025-01-05,3,1,1
500427,100372,SKU0098,WH_C,West,2025-01-02,2025-01-05,3,8,1
500428,100373,SKU0027,WH_C,West,2025-01-02,2025-01-07,5,6,0
500429,100373,SKU0027,WH_C,West,2025-01-02,2025-01-04,2,2,1
500430,100374,SKU0043,WH_C,West,2025-01-02,2025-01-03,1,1,1
500431,100375,SKU0085,WH_A,East,2025-01-03,2025-01-05,3,7,1
500432,100376,SKU0041,WH_B,Central,2025-01-02,2025-01-03,1,2,1
500433,100377,SKU0052,WH_A,East,2025-01-03,2025-01-07,5,1,0
500434,100378,SKU0077,WH_B,Central,2025-01-02,2025-01-05,3,3,1
500435,100379,SKU0018,WH_B,Central,2025-01-02,2025-01-08,6,1,0
500436,100379,SKU0018,WH_B,Central,2025-01-02,2025-01-03,1,0,1
500437,100380,SKU0008,WH_A,East,2025-01-02,2025-01-05,3,3,1
500438,100381,SKU0038,WH_B,Central,2025-01-05,2025-01-09,7,8,0
500439,100382,SKU0063,WH_A,East,2025-01-03,2025-01-04,2,1,1
500440,100382,SKU0063,WH_A,East,2025-01-02,2025-01-07,5,0,0
500441,100383,SKU0027,WH_B,Central,2025-01-03,2025-01-05,3,1,1
500442,100384,SKU0072,WH_C,West,2025-01-03,2025-01-04,2,6,1
500443,100384,SKU0072,WH_C,West,2025-01-04,2025-01-07,5,2,1
500444,100385,SKU0001,WH_A,East,2025-01-02,2025-01-04,2,1,1
500445,100386,SKU0081,WH_B,Central,2025-01-04,2025-01-05,3,7,1
500446,100387,SKU0069,WH_C,West,2025-01-02,2025-01-03,1,1,1
500447,100387,SKU0069,WH_C,West,2025-01-02,2025-01-04,2,3,1
500448,100388,SKU0096,WH_B,Central,2025-01-03,2025-01-08,6,2,0
500449,100389,SKU0042,WH_B,Central,2025-01-03,2025-01-05,3,1,1
500450,100389,SKU0042,WH_B,Central,2025-01-04,2025-01-09,7,2,0
500451,100390,SKU0052,WH_A,East,2025-01-03,2025-01-04,2,1,1
500452,100390,SKU0052,WH_A,East,2025-01-02,2025-01-03,1,1,1
500453,100391,SKU0055,WH_A,East,2025-01-06,2025-01-08,6,1,1
500454,100392,SKU0018,WH_B,Central,2025-01-03,2025-01-07,5,2,0
500455,100393,SKU0050,WH_C,West,2025-01-03,2025-01-04,2,6,1
500456,100394,SKU0020,WH_B,Central,2025-01-02,2025-01-06,4,4,0
500457,100395,SKU0055,WH_B,Central,2025-01-03,2025-01-05,3,2,1
500458,100396,SKU0088,WH_A,East,2025-01-02,2025-01-03,1,1,1
500459,100397,SKU0026,WH_A,East,2025-01-02,2025-01-04,2,1,1
500460,100398,SKU0083,WH_C,West,2025-01-03,2025-01-09,7,3,0
500461,100399,SKU0055,WH_A,East,2025-01-05,2025-01-07,5,1,1
500462,100400,SKU0088,WH_B,Central,2025-01-04,2025-01-08,6,2,0
500463,100401,SKU0088,WH_C,West,2025-01-03,2025-01-05,3,1,1
500464,100402,SKU0031,WH_B,Central,2025-01-02,2025-01-03,1,1,1
500465,100402,SKU0031,WH_B,Central,2025-01-05,2025-01-09,7,0,0
500466,100403,SKU0071,WH_B,Central,2025-01-02,2025-01-03,1,1,1
500467,100403,SKU0071,WH_B,Central,2025-01-03,2025-01-05,3,0,1
500468,100404,SKU0041,WH_C,West,2025-01-02,2025-01-05,3,5,1
500469,100405,SKU0010,WH_B,Central,2025-01-02,2025-01-03,1,5,1
500470,100406,SKU0058,WH_A,East,2025-01-05,2025-01-08,6,2,1
500471,100407,SKU0066,WH_A,East,2025-01-02,2025-01-07,5,3,0
500472,100407,SKU0066,WH_A,East,2025-01-04,2025-01-05,3,1,1
500473,100408,SKU0078,WH_C,West,2025-01-02,2025-01-04,2,1,1
500474,100408,SKU0078,WH_C,West,2025-01-05,2025-01-09,7,0,0
500475,100409,SKU0057,WH_B,Central,2025-01-02,2025-01-04,2,1,1
500476,100410,SKU0089,WH_B,Central,2025-01-03,2025-01-04,2,6,1
500477,100411,SKU0083,WH_B,Central,2025-01-03,2025-01-05,3,1,1
500478,100411,SKU0083,WH_B,Central,2025-01-02,2025-01-04,2,0,1
500479,100412,SKU0066,WH_C,West,2025-01-05,2025-01-10,8,5,0
500480,100413,SKU0032,WH_A,East,2025-01-04,2025-01-09,7,2,0
500481,100414,SKU0057,WH_C,West,2025-01-02,2025-01-07,5,1,0
500482,100415,SKU0001,WH_A,East,2025-01-02,2025-01-06,4,5,0
500483,100416,SKU0046,WH_A,East,2025-01-03,2025-01-04,2,1,1
500484,100417,SKU0089,WH_C,West,2025-01-02,2025-01-04,2,2,1
500485,100418,SKU0070,WH_C,West,2025-01-03,2025-01-05,3,1,1
500486,100419,SKU0039,WH_B,Central,2025-01-04,2025-01-06,4,4,1
500487,100420,SKU0034,WH_C,West,2025-01-03,2025-01-06,4,5,1
500488,100421,SKU0061,WH_C,West,2025-01-02,2025-01-04,2,1,1
500489,100421,SKU0061,WH_C,West,2025-01-04,2025-01-07,5,3,1
500490,100422,SKU0010,WH_B,Central,2025-01-02,2025-01-03,1,1,1
500491,100422,SKU0010,WH_B,Central,2025-01-02,2025-01-03,1,1,1
500492,100423,SKU0028,WH_B,Central,2025-01-02,2025-01-04,2,1,1
500493,100424,SKU0095,WH_A,East,2025-01-02,2025-01-03,1,4,1
500494,100425,SKU0053,WH_B,Central,2025-01-04,2025-01-05,3,3,1
500495,100426,SKU0003,WH_C,West,2025-01-03,2025-01-04,2,1,1
500496,100427,SKU0088,WH_B,Central,2025-01-02,2025-01-03,1,8,1
500497,100428,SKU0074,WH_A,East,2025-01-02,2025-01-09,7,1,0
500498,100429,SKU0064,WH_C,West,2025-01-02,2025-01-04,2,1,1
500499,100430,SKU0027,WH_A,East,2025-01-03,2025-01-05,2,1,1
500500,100431,SKU0062,WH_B,Central,2025-01-04,2025-01-05,2,4,1
500501,100432,SKU0056,WH_A,East,2025-01-03,2025-01-04,1,1,1
500502,100433,SKU0016,WH_B,Central,2025-01-04,2025-01-07,4,2,1
500503,100434,SKU0047,WH_A,East,2025-01-03,2025-01-05,2,4,1
500504,100435,SKU0013,WH_B,Central,2025-01-03,2025-01-04,1,1,1
500505,100436,SKU0032,WH_B,Central,2025-01-06,2025-01-07,4,8,1
500506,100437,SKU0013,WH_A,East,2025-01-04,2025-01-06,3,1,1
500507,100438,SKU0017,WH_B,Central,2025-01-03,2025-01-05,2,1,1
500508,100439,SKU0039,WH_B,Central,2025-01-04,2025-01-07,4,2,1
500509,100439,SKU0039,WH_B,Central,2025-01-04,2025-01-06,3,1,1
500510,100440,SKU0100,WH_A,East,2025-01-04,2025-01-06,3,4,1
500511,100441,SKU0002,WH_A,East,2025-01-06,2025-01-08,5,6,1
500512,100442,SKU0058,WH_A,East,2025-01-03,2025-01-05,2,1,1
500513,100443,SKU0087,WH_C,West,2025-01-03,2025-01-04,1,1,1
500514,100444,SKU0077,WH_B,Central,2025-01-03,2025-01-05,2,1,1
500515,100445,SKU0001,WH_A,East,2025-01-05,2025-01-06,3,1,1
500516,100446,SKU0001,WH_C,West,2025-01-03,2025-01-06,3,5,1
500517,100447,SKU0046,WH_A,East,2025-01-03,2025-01-07,4,1,0
500518,100447,SKU0046,WH_A,East,2025-01-04,2025-01-06,3,0,1
500519,100448,SKU0098,WH_C,West,2025-01-03,2025-01-04,1,6,1
500520,100449,SKU0074,WH_B,Central,2025-01-03,2025-01-06,3,12,1
500521,100450,SKU0079,WH_B,Central,2025-01-06,2025-01-09,6,6,1
500522,100451,SKU0063,WH_A,East,2025-01-04,2025-01-10,7,1,0
500523,100451,SKU0063,WH_A,East,2025-01-05,2025-01-08,5,0,1
500524,100452,SKU0076,WH_A,East,2025-01-03,2025-01-04,1,1,1
500525,100453,SKU0046,WH_A,East,2025-01-03,2025-01-04,1,1,1
500526,100453,SKU0046,WH_A,East,2025-01-03,2025-01-08,5,0,0
500527,100454,SKU0086,WH_A,East,2025-01-04,2025-01-07,4,6,1
500528,100455,SKU0077,WH_B,Central,2025-01-03,2025-01-04,1,4,1
500529,100456,SKU0018,WH_A,East,2025-01-03,2025-01-05,2,2,1
500530,100457,SKU0088,WH_B,Central,2025-01-03,2025-01-05,2,10,1
500531,100458,SKU0038,WH_B,Central,2025-01-03,2025-01-04,1,4,1
500532,100459,SKU0017,WH_B,Central,2025-01-03,2025-01-04,1,1,1
500533,100460,SKU0007,WH_C,West,2025-01-05,2025-01-07,4,1,1
500534,100461,SKU0070,WH_C,West,2025-01-04,2025-01-06,3,1,1
500535,100462,SKU0100,WH_A,East,2025-01-04,2025-01-07,4,1,1
500536,100463,SKU0001,WH_C,West,2025-01-06,2025-01-07,4,1,1
500537,100464,SKU0090,WH_B,Central,2025-01-04,2025-01-11,8,1,0
500538,100465,SKU0014,WH_B,Central,2025-01-03,2025-01-05,2,6,1
500539,100466,SKU0084,WH_C,West,2025-01-03,2025-01-07,4,13,0
500540,100467,SKU0031,WH_C,West,2025-01-03,2025-01-05,2,1,1
500541,100468,SKU0016,WH_B,Central,2025-01-05,2025-01-06,3,5,1
500542,100468,SKU0016,WH_B,Central,2025-01-03,2025-01-10,7,1,0
500543,100469,SKU0022,WH_B,Central,2025-01-05,2025-01-08,5,1,1
500544,100469,SKU0022,WH_B,Central,2025-01-03,2025-01-07,4,0,0
500545,100470,SKU0086,WH_A,East,2025-01-06,2025-01-09,6,4,1
500546,100471,SKU0017,WH_C,West,2025-01-03,2025-01-05,2,3,1
500547,100471,SKU0017,WH_C,West,2025-01-03,2025-01-04,1,3,1
500548,100472,SKU0021,WH_B,Central,2025-01-04,2025-01-05,2,1,1
500549,100473,SKU0090,WH_C,West,2025-01-03,2025-01-05,2,4,1
500550,100473,SKU0090,WH_C,West,2025-01-03,2025-01-04,1,1,1
500551,100474,SKU0049,WH_B,Central,2025-01-03,2025-01-05,2,1,1
500552,100475,SKU0062,WH_B,Central,2025-01-03,2025-01-05,2,1,1
500553,100476,SKU0009,WH_B,Central,2025-01-03,2025-01-04,1,5,1
500554,100477,SKU0078,WH_C,West,2025-01-05,2025-01-06,3,1,1
500555,100478,SKU0095,WH_B,Central,2025-01-04,2025-01-06,3,2,1
500556,100479,SKU0085,WH_B,Central,2025-01-03,2025-01-04,1,1,1
500557,100480,SKU0046,WH_C,West,2025-01-05,2025-01-07,4,1,1
500558,100480,SKU0046,WH_C,West,2025-01-03,2025-01-06,3,2,1
500559,100481,SKU0090,WH_B,Central,2025-01-03,2025-01-06,3,1,1
500560,100482,SKU0027,WH_B,Central,2025-01-03,2025-01-05,2,7,1
500561,100483,SKU0065,WH_C,West,2025-01-04,2025-01-06,3,1,1
500562,100483,SKU0065,WH_C,West,2025-01-03,2025-01-06,3,0,1
500563,100484,SKU0010,WH_B,Central,2025-01-04,2025-01-06,3,1,1
500564,100485,SKU0067,WH_A,East,2025-01-03,2025-01-04,1,1,1
500565,100485,SKU0067,WH_A,East,2025-01-04,2025-01-09,6,0,0
500566,100486,SKU0033,WH_C,West,2025-01-04,2025-01-07,4,5,1
500567,100487,SKU0049,WH_A,East,2025-01-05,2025-01-06,3,1,1
500568,100488,SKU0070,WH_A,East,2025-01-03,2025-01-05,2,1,1
500569,100489,SKU0041,WH_A,East,2025-01-04,2025-01-05,2,1,1
500570,100490,SKU0059,WH_C,West,2025-01-04,2025-01-05,2,6,1
500571,100491,SKU0006,WH_C,West,2025-01-05,2025-01-11,8,1,0
500572,100491,SKU0006,WH_C,West,2025-01-03,2025-01-05,2,4,1
500573,100492,SKU0068,WH_C,West,2025-01-05,2025-01-06,3,3,1
500574,100493,SKU0061,WH_A,East,2025-01-03,2025-01-06,3,1,1
500575,100494,SKU0047,WH_A,East,2025-01-04,2025-01-06,3,7,1
500576,100495,SKU0066,WH_B,Central,2025-01-06,2025-01-12,9,2,0
500577,100496,SKU0019,WH_B,Central,2025-01-05,2025-01-06,3,1,1
500578,100497,SKU0092,WH_B,Central,2025-01-03,2025-01-07,4,2,0
500579,100498,SKU0074,WH_A,East,2025-01-04,2025-01-06,3,1,1
500580,100498,SKU0074,WH_A,East,2025-01-03,2025-01-07,4,2,0
500581,100499,SKU0033,WH_A,East,2025-01-03,2025-01-09,6,1,0
500582,100500,SKU0055,WH_C,West,2025-01-04,2025-01-07,4,2,1
500583,100501,SKU0057,WH_B,Central,2025-01-03,2025-01-05,2,2,1
500584,100502,SKU0013,WH_B,Central,2025-01-04,2025-01-06,3,1,1
500585,100503,SKU0052,WH_B,Central,2025-01-03,2025-01-05,2,9,1
500586,100504,SKU0052,WH_B,Central,2025-01-03,2025-01-07,4,4,0
500587,100505,SKU0049,WH_B,Central,2025-01-05,2025-01-06,3,4,1
500588,100506,SKU0005,WH_A,East,2025-01-05,2025-01-08,5,3,1
500589,100507,SKU0087,WH_B,Central,2025-01-03,2025-01-04,1,1,1
500590,100508,SKU0056,WH_C,West,2025-01-03,2025-01-05,2,1,1
500591,100509,SKU0098,WH_B,Central,2025-01-03,2025-01-05,2,5,1
500592,100510,SKU0055,WH_A,East,2025-01-03,2025-01-06,3,1,1
500593,100511,SKU0089,WH_B,Central,2025-01-04,2025-01-11,8,1,0
500594,100512,SKU0099,WH_C,West,2025-01-03,2025-01-04,1,1,1
500595,100513,SKU0056,WH_B,Central,2025-01-04,2025-01-05,2,1,1
500596,100513,SKU0056,WH_B,Central,2025-01-04,2025-01-05,2,0,1
500597,100514,SKU0036,WH_C,West,2025-01-03,2025-01-05,2,2,1
500598,100515,SKU0009,WH_C,West,2025-01-03,2025-01-04,1,1,1
500599,100516,SKU0029,WH_A,East,2025-01-04,2025-01-08,5,2,0
500600,100517,SKU0077,WH_B,Central,2025-01-03,2025-01-07,4,3,0
500601,100518,SKU0033,WH_A,East,2025-01-03,2025-01-05,2,4,1
500602,100519,SKU0015,WH_C,West,2025-01-03,2025-01-05,2,2,1
500603,100520,SKU0013,WH_B,Central,2025-01-03,2025-01-05,2,1,1
500604,100520,SKU0013,WH_B,Central,2025-01-07,2025-01-10,7,0,1
500605,100521,SKU0082,WH_C,West,2025-01-05,2025-01-07,4,1,1
500606,100521,SKU0082,WH_C,West,2025-01-03,2025-01-04,1,0,1
500607,100522,SKU0038,WH_B,Central,2025-01-03,2025-01-05,2,2,1
500608,100522,SKU0038,WH_B,Central,2025-01-04,2025-01-06,3,1,1
500609,100523,SKU0051,WH_C,West,2025-01-04,2025-01-05,2,1,1
500610,100524,SKU0055,WH_B,Central,2025-01-03,2025-01-05,2,30,1
500611,100525,SKU0060,WH_A,East,2025-01-04,2025-01-11,8,6,0
500612,100526,SKU0011,WH_C,West,2025-01-03,2025-01-06,3,4,1
500613,100527,SKU0057,WH_A,East,2025-01-05,2025-01-06,3,1,1
500614,100528,SKU0022,WH_C,West,2025-01-06,2025-01-07,4,1,1
500615,100528,SKU0022,WH_C,West,2025-01-06,2025-01-07,4,0,1
500616,100529,SKU0028,WH_A,East,2025-01-04,2025-01-07,4,11,1
500617,100530,SKU0063,WH_C,West,2025-01-03,2025-01-04,1,4,1
500618,100531,SKU0029,WH_B,Central,2025-01-03,2025-01-04,1,1,1
500619,100532,SKU0004,WH_A,East,2025-01-04,2025-01-08,5,1,0
500620,100533,SKU0092,WH_A,East,2025-01-03,2025-01-04,1,10,1
500621,100534,SKU0070,WH_B,Central,2025-01-03,2025-01-04,1,1,1
500622,100535,SKU0066,WH_C,West,2025-01-06,2025-01-07,4,3,1
500623,100536,SKU0031,WH_A,East,2025-01-03,2025-01-04,1,5,1
500624,100537,SKU0043,WH_B,Central,2025-01-03,2025-01-04,1,4,1
500625,100538,SKU0036,WH_C,West,2025-01-03,2025-01-04,1,1,1
500626,100539,SKU0069,WH_C,West,2025-01-04,2025-01-06,3,1,1
500627,100540,SKU0084,WH_B,Central,2025-01-04,2025-01-06,3,1,1
500628,100541,SKU0049,WH_B,Central,2025-01-03,2025-01-04,1,7,1
500629,100542,SKU0025,WH_C,West,2025-01-03,2025-01-04,1,4,1
500630,100542,SKU0025,WH_C,West,2025-01-05,2025-01-06,3,1,1
500631,100543,SKU0006,WH_C,West,2025-01-03,2025-01-05,2,1,1
500632,100543,SKU0006,WH_C,West,2025-01-04,2025-01-07,4,0,1
500633,100544,SKU0022,WH_B,Central,2025-01-03,2025-01-05,2,6,1
500634,100545,SKU0067,WH_B,Central,2025-01-04,2025-01-06,3,2,1
500635,100546,SKU0095,WH_A,East,2025-01-06,2025-01-08,5,1,1
500636,100547,SKU0079,WH_A,East,2025-01-04,2025-01-06,3,1,1
500637,100547,SKU0079,WH_A,East,2025-01-05,2025-01-07,4,2,1
500638,100548,SKU0072,WH_C,West,2025-01-06,2025-01-07,4,1,1
500639,100549,SKU0025,WH_B,Central,2025-01-05,2025-01-07,4,4,1
500640,100550,SKU0031,WH_C,West,2025-01-04,2025-01-05,2,9,1
500641,100551,SKU0009,WH_A,East,2025-01-03,2025-01-07,4,1,0
500642,100552,SKU0027,WH_C,West,2025-01-03,2025-01-06,3,2,1
500643,100553,SKU0005,WH_A,East,2025-01-07,2025-01-08,5,1,1
500644,100554,SKU0020,WH_A,East,2025-01-03,2025-01-04,1,1,1
500645,100555,SKU0087,WH_B,Central,2025-01-03,2025-01-05,2,1,1
500646,100556,SKU0035,WH_A,East,2025-01-03,2025-01-05,2,4,1
500647,100557,SKU0099,WH_C,West,2025-01-06,2025-01-07,4,1,1
500648,100558,SKU0100,WH_C,West,2025-01-05,2025-01-07,4,1,1
500649,100558,SKU0100,WH_C,West,2025-01-03,2025-01-04,1,1,1
500650,100559,SKU0076,WH_C,West,2025-01-03,2025-01-06,3,4,1
500651,100560,SKU0085,WH_B,Central,2025-01-04,2025-01-06,3,4,1
500652,100561,SKU0096,WH_B,Central,2025-01-03,2025-01-06,3,1,1
500653,100562,SKU0036,WH_A,East,2025-01-03,2025-01-06,3,1,1
500654,100563,SKU0051,WH_B,Central,2025-01-03,2025-01-05,2,3,1
500655,100564,SKU0095,WH_C,West,2025-01-04,2025-01-08,5,3,0
500656,100565,SKU0037,WH_C,West,2025-01-05,2025-01-07,4,1,1
500657,100566,SKU0043,WH_B,Central,2025-01-05,2025-01-07,4,4,1
500658,100567,SKU0099,WH_B,Central,2025-01-04,2025-01-07,4,3,1
500659,100568,SKU0053,WH_B,Central,2025-01-05,2025-01-07,4,1,1
500660,100569,SKU0031,WH_C,West,2025-01-06,2025-01-07,4,1,1
500661,100569,SKU0031,WH_C,West,2025-01-06,2025-01-07,4,0,1
500662,100570,SKU0048,WH_A,East,2025-01-04,2025-01-07,4,1,1
500663,100571,SKU0006,WH_A,East,2025-01-05,2025-01-06,3,3,1
500664,100572,SKU0036,WH_B,Central,2025-01-07,2025-01-08,5,1,1
500665,100573,SKU0027,WH_C,West,2025-01-03,2025-01-07,4,1,0
500666,100573,SKU0027,WH_C,West,2025-01-05,2025-01-08,5,0,1
500667,100574,SKU0024,WH_B,Central,2025-01-05,2025-01-06,3,1,1
500668,100575,SKU0051,WH_A,East,2025-01-03,2025-01-09,6,6,0
500669,100575,SKU0051,WH_A,East,2025-01-04,2025-01-09,6,1,0
500670,100576,SKU0027,WH_B,Central,2025-01-05,2025-01-08,5,1,1
500671,100577,SKU0051,WH_A,East,2025-01-04,2025-01-06,3,1,1
500672,100578,SKU0001,WH_C,West,2025-01-03,2025-01-06,3,4,1
500673,100579,SKU0069,WH_A,East,2025-01-05,2025-01-07,4,1,1
500674,100580,SKU0004,WH_B,Central,2025-01-03,2025-01-04,1,1,1
500675,100581,SKU0039,WH_C,West,2025-01-03,2025-01-06,3,1,1
500676,100582,SKU0049,WH_B,Central,2025-01-04,2025-01-06,3,2,1
500677,100583,SKU0091,WH_B,Central,2025-01-04,2025-01-05,2,5,1
500678,100583,SKU0091,WH_B,Central,2025-01-05,2025-01-06,3,3,1
500679,100584,SKU0086,WH_B,Central,2025-01-04,2025-01-06,3,1,1
500680,100585,SKU0060,WH_B,Central,2025-01-03,2025-01-04,1,6,1
500681,100586,SKU0020,WH_B,Central,2025-01-06,2025-01-07,4,3,1
500682,100587,SKU0086,WH_B,Central,2025-01-03,2025-01-04,1,1,1
500683,100588,SKU0062,WH_A,East,2025-01-05,2025-01-06,3,2,1
500684,100589,SKU0028,WH_A,East,2025-01-03,2025-01-04,1,5,1
500685,100590,SKU0053,WH_A,East,2025-01-07,2025-01-14,11,3,0
500686,100590,SKU0053,WH_A,East,2025-01-03,2025-01-06,3,4,1
500687,100591,SKU0020,WH_C,West,2025-01-03,2025-01-05,2,4,1
500688,100592,SKU0065,WH_A,East,2025-01-04,2025-01-05,2,3,1
500689,100593,SKU0062,WH_B,Central,2025-01-03,2025-01-08,5,3,0
500690,100594,SKU0085,WH_C,West,2025-01-03,2025-01-04,1,5,1
500691,100595,SKU0072,WH_A,East,2025-01-04,2025-01-05,2,3,1
500692,100596,SKU0001,WH_A,East,2025-01-03,2025-01-04,1,3,1
500693,100597,SKU0070,WH_B,Central,2025-01-03,2025-01-05,2,1,1
500694,100598,SKU0079,WH_A,East,2025-01-03,2025-01-05,2,1,1
500695,100599,SKU0082,WH_B,Central,2025-01-06,2025-01-08,5,1,1
500696,100600,SKU0083,WH_B,Central,2025-01-04,2025-01-05,2,1,1
500697,100601,SKU0098,WH_C,West,2025-01-05,2025-01-09,6,1,0
500698,100602,SKU0052,WH_B,Central,2025-01-04,2025-01-05,2,1,1
500699,100603,SKU0044,WH_C,West,2025-01-03,2025-01-04,1,1,1
500700,100603,SKU0044,WH_C,West,2025-01-07,2025-01-09,6,0,1
500701,100604,SKU0023,WH_B,Central,2025-01-03,2025-01-04,1,1,1
500702,100605,SKU0077,WH_B,Central,2025-01-03,2025-01-06,3,2,1
500703,100606,SKU0100,WH_A,East,2025-01-04,2025-01-06,3,1,1
500704,100607,SKU0064,WH_C,West,2025-01-03,2025-01-04,1,4,1
500705,100608,SKU0040,WH_C,West,2025-01-03,2025-01-09,6,1,0
500706,100609,SKU0054,WH_A,East,2025-01-04,2025-01-09,6,1,0
500707,100610,SKU0051,WH_A,East,2025-01-04,2025-01-08,4,2,0
500708,100611,SKU0064,WH_A,East,2025-01-04,2025-01-06,2,1,1
500709,100612,SKU0093,WH_B,Central,2025-01-04,2025-01-07,3,1,1
500710,100613,SKU0081,WH_B,Central,2025-01-04,2025-01-06,2,1,1
500711,100614,SKU0097,WH_A,East,2025-01-06,2025-01-09,5,3,1
500712,100615,SKU0068,WH_B,Central,2025-01-07,2025-01-09,5,7,1
500713,100616,SKU0019,WH_C,West,2025-01-04,2025-01-06,2,1,1
500714,100617,SKU0042,WH_A,East,2025-01-04,2025-01-06,2,7,1
500715,100618,SKU0073,WH_C,West,2025-01-04,2025-01-08,4,4,0
500716,100619,SKU0045,WH_B,Central,2025-01-05,2025-01-07,3,1,1
500717,100620,SKU0004,WH_C,West,2025-01-04,2025-01-05,1,1,1
500718,100621,SKU0086,WH_A,East,2025-01-04,2025-01-06,2,1,1
500719,100622,SKU0007,WH_C,West,2025-01-04,2025-01-09,5,1,0
500720,100623,SKU0002,WH_A,East,2025-01-06,2025-01-09,5,2,1
500721,100624,SKU0085,WH_A,East,2025-01-04,2025-01-06,2,1,1
500722,100625,SKU0014,WH_B,Central,2025-01-05,2025-01-06,2,4,1
500723,100626,SKU0080,WH_C,West,2025-01-05,2025-01-10,6,3,0
500724,100627,SKU0031,WH_B,Central,2025-01-04,2025-01-06,2,1,1
500725,100628,SKU0037,WH_C,West,2025-01-07,2025-01-08,4,1,1
500726,100629,SKU0095,WH_B,Central,2025-01-05,2025-01-08,4,2,1
500727,100630,SKU0033,WH_B,Central,2025-01-07,2025-01-11,7,2,0
500728,100631,SKU0084,WH_B,Central,2025-01-05,2025-01-07,3,1,1
500729,100632,SKU0042,WH_A,East,2025-01-04,2025-01-07,3,9,1
500730,100633,SKU0004,WH_B,Central,2025-01-04,2025-01-06,2,5,1
500731,100634,SKU0046,WH_A,East,2025-01-05,2025-01-08,4,1,1
500732,100635,SKU0079,WH_C,West,2025-01-04,2025-01-05,1,1,1
500733,100636,SKU0025,WH_B,Central,2025-01-04,2025-01-05,1,1,1
500734,100637,SKU0031,WH_A,East,2025-01-04,2025-01-05,1,1,1
500735,100638,SKU0024,WH_C,West,2025-01-05,2025-01-07,3,5,1
500736,100639,SKU0027,WH_B,Central,2025-01-04,2025-01-09,5,2,0
500737,100640,SKU0018,WH_A,East,2025-01-05,2025-01-07,3,1,1
500738,100641,SKU0037,WH_B,Central,2025-01-04,2025-01-08,4,2,0
500739,100642,SKU0097,WH_A,East,2025-01-04,2025-01-07,3,3,1
500740,100643,SKU0035,WH_C,West,2025-01-04,2025-01-05,1,5,1
500741,100644,SKU0008,WH_A,East,2025-01-07,2025-01-09,5,1,1
500742,100645,SKU0039,WH_A,East,2025-01-04,2025-01-07,3,1,1
500743,100646,SKU0070,WH_A,East,2025-01-08,2025-01-09,5,1,1
500744,100647,SKU0021,WH_A,East,2025-01-04,2025-01-08,4,2,0
500745,100648,SKU0079,WH_B,Central,2025-01-05,2025-01-10,6,1,0
500746,100649,SKU0052,WH_B,Central,2025-01-05,2025-01-07,3,1,1
500747,100650,SKU0014,WH_C,West,2025-01-04,2025-01-06,2,5,1
500748,100651,SKU0016,WH_A,East,2025-01-05,2025-01-06,2,1,1
500749,100652,SKU0026,WH_C,West,2025-01-05,2025-01-06,2,3,1
500750,100653,SKU0004,WH_B,Central,2025-01-04,2025-01-05,1,1,1
500751,100654,SKU0008,WH_C,West,2025-01-04,2025-01-06,2,1,1
500752,100655,SKU0001,WH_B,Central,2025-01-05,2025-01-07,3,1,1
500753,100656,SKU0049,WH_A,East,2025-01-04,2025-01-05,1,1,1
500754,100657,SKU0030,WH_A,East,2025-01-05,2025-01-08,4,1,1
500755,100658,SKU0028,WH_B,Central,2025-01-04,2025-01-06,2,1,1
500756,100659,SKU0019,WH_C,West,2025-01-05,2025-01-07,3,5,1
500757,100660,SKU0089,WH_B,Central,2025-01-05,2025-01-06,2,1,1
500758,100661,SKU0097,WH_A,East,2025-01-05,2025-01-06,2,1,1
500759,100662,SKU0037,WH_A,East,2025-01-04,2025-01-05,1,1,1
500760,100663,SKU0072,WH_B,Central,2025-01-06,2025-01-08,4,1,1
500761,100663,SKU0072,WH_B,Central,2025-01-04,2025-01-08,4,0,0
500762,100664,SKU0060,WH_B,Central,2025-01-05,2025-01-07,3,1,1
500763,100665,SKU0095,WH_A,East,2025-01-08,2025-01-09,5,1,1
500764,100666,SKU0018,WH_A,East,2025-01-04,2025-01-07,3,1,1
500765,100666,SKU0018,WH_A,East,2025-01-05,2025-01-06,2,0,1
500766,100667,SKU0036,WH_C,West,2025-01-06,2025-01-09,5,3,1
500767,100668,SKU0009,WH_C,West,2025-01-07,2025-01-08,4,5,1
500768,100669,SKU0096,WH_A,East,2025-01-05,2025-01-06,2,2,1
500769,100670,SKU0036,WH_C,West,2025-01-04,2025-01-05,1,3,1
500770,100671,SKU0048,WH_B,Central,2025-01-04,2025-01-05,1,4,1
500771,100672,SKU0067,WH_C,West,2025-01-04,2025-01-05,1,1,1
500772,100672,SKU0067,WH_C,West,2025-01-04,2025-01-05,1,0,1
500773,100673,SKU0037,WH_A,East,2025-01-05,2025-01-07,3,9,1
500774,100674,SKU0075,WH_B,Central,2025-01-04,2025-01-05,1,1,1
500775,100674,SKU0075,WH_B,Central,2025-01-05,2025-01-07,3,0,1
500776,100675,SKU0054,WH_A,East,2025-01-04,2025-01-11,7,1,0
500777,100676,SKU0006,WH_C,West,2025-01-05,2025-01-06,2,3,1
500778,100677,SKU0015,WH_C,West,2025-01-06,2025-01-11,7,1,0
500779,100678,SKU0025,WH_A,East,2025-01-05,2025-01-10,6,1,0
500780,100678,SKU0025,WH_A,East,2025-01-04,2025-01-10,6,1,0
500781,100679,SKU0048,WH_C,West,2025-01-04,2025-01-06,2,1,1
500782,100680,SKU0026,WH_C,West,2025-01-04,2025-01-05,1,3,1
500783,100681,SKU0093,WH_C,West,2025-01-07,2025-01-08,4,1,1
500784,100682,SKU0081,WH_C,West,2025-01-06,2025-01-07,3,4,1
500785,100683,SKU0005,WH_B,Central,2025-01-05,2025-01-06,2,5,1
500786,100684,SKU0008,WH_A,East,2025-01-05,2025-01-08,4,2,1
500787,100684,SKU0008,WH_A,East,2025-01-05,2025-01-06,2,2,1
500788,100685,SKU0023,WH_A,East,2025-01-04,2025-01-05,1,1,1
500789,100686,SKU0027,WH_B,Central,2025-01-06,2025-01-08,4,1,1
500790,100687,SKU0092,WH_A,East,2025-01-05,2025-01-06,2,3,1
500791,100687,SKU0092,WH_A,East,2025-01-04,2025-01-06,2,3,1
500792,100688,SKU0037,WH_B,Central,2025-01-04,2025-01-06,2,1,1
500793,100689,SKU0020,WH_A,East,2025-01-04,2025-01-06,2,2,1
500794,100689,SKU0020,WH_A,East,2025-01-05,2025-01-06,2,1,1
500795,100690,SKU0050,WH_C,West,2025-01-04,2025-01-05,1,1,1
500796,100691,SKU0042,WH_C,West,2025-01-04,2025-01-06,2,3,1
500797,100692,SKU0099,WH_B,Central,2025-01-04,2025-01-06,2,1,1
500798,100693,SKU0022,WH_B,Central,2025-01-05,2025-01-09,5,1,0
500799,100694,SKU0036,WH_A,East,2025-01-04,2025-01-05,1,1,1
500800,100695,SKU0038,WH_B,Central,2025-01-04,2025-01-06,2,1,1
500801,100695,SKU0038,WH_B,Central,2025-01-05,2025-01-08,4,0,1
500802,100696,SKU0053,WH_A,East,2025-01-04,2025-01-05,1,1,1
500803,100697,SKU0027,WH_A,East,2025-01-04,2025-01-05,1,3,1
500804,100698,SKU0057,WH_B,Central,2025-01-06,2025-01-07,3,2,1
500805,100699,SKU0053,WH_B,Central,2025-01-05,2025-01-06,2,1,1
500806,100700,SKU0057,WH_A,East,2025-01-06,2025-01-08,4,1,1
500807,100701,SKU0035,WH_B,Central,2025-01-04,2025-01-06,2,1,1
500808,100702,SKU0072,WH_A,East,2025-01-05,2025-01-06,2,2,1
500809,100703,SKU0087,WH_A,East,2025-01-06,2025-01-08,4,2,1
500810,100704,SKU0053,WH_B,Central,2025-01-05,2025-01-07,3,1,1
500811,100705,SKU0098,WH_C,West,2025-01-04,2025-01-06,2,1,1
500812,100706,SKU0041,WH_B,Central,2025-01-04,2025-01-07,3,1,1
500813,100707,SKU0058,WH_A,East,2025-01-06,2025-01-10,6,6,0
500814,100708,SKU0031,WH_B,Central,2025-01-04,2025-01-07,3,1,1
500815,100708,SKU0031,WH_B,Central,2025-01-04,2025-01-05,1,0,1
500816,100709,SKU0091,WH_A,East,2025-01-04,2025-01-05,1,2,1
500817,100710,SKU0046,WH_A,East,2025-01-06,2025-01-09,5,4,1
500818,100711,SKU0034,WH_C,West,2025-01-04,2025-01-05,1,5,1
500819,100712,SKU0040,WH_C,West,2025-01-04,2025-01-06,2,1,1
500820,100713,SKU0052,WH_C,West,2025-01-05,2025-01-08,4,1,1
500821,100714,SKU0064,WH_C,West,2025-01-06,2025-01-08,4,1,1
500822,100715,SKU0065,WH_A,East,2025-01-05,2025-01-10,6,1,0
500823,100716,SKU0094,WH_C,West,2025-01-05,2025-01-06,2,8,1
500824,100717,SKU0050,WH_C,West,2025-01-04,2025-01-07,3,1,1
500825,100718,SKU0072,WH_A,East,2025-01-05,2025-01-08,4,3,1
500826,100719,SKU0021,WH_A,East,2025-01-05,2025-01-10,6,1,0
500827,100720,SKU0005,WH_A,East,2025-01-05,2025-01-09,5,3,0
500828,100721,SKU0007,WH_A,East,2025-01-05,2025-01-07,3,2,1
500829,100722,SKU0007,WH_A,East,2025-01-07,2025-01-11,7,1,0
500830,100723,SKU0004,WH_B,Central,2025-01-05,2025-01-08,4,7,1
500831,100724,SKU0057,WH_C,West,2025-01-04,2025-01-06,2,8,1
500832,100725,SKU0011,WH_C,West,2025-01-04,2025-01-06,2,1,1
500833,100726,SKU0039,WH_A,East,2025-01-04,2025-01-07,3,1,1
500834,100727,SKU0060,WH_C,West,2025-01-06,2025-01-07,3,1,1
500835,100727,SKU0060,WH_C,West,2025-01-04,2025-01-08,4,2,0
500836,100728,SKU0080,WH_A,East,2025-01-05,2025-01-07,3,4,1
500837,100729,SKU0031,WH_C,West,2025-01-05,2025-01-06,2,1,1
500838,100729,SKU0031,WH_C,West,2025-01-04,2025-01-10,6,1,0
500839,100730,SKU0084,WH_C,West,2025-01-05,2025-01-06,2,1,1
500840,100730,SKU0084,WH_C,West,2025-01-04,2025-01-06,2,2,1
500841,100731,SKU0016,WH_B,Central,2025-01-04,2025-01-05,1,1,1
500842,100732,SKU0014,WH_A,East,2025-01-04,2025-01-05,1,2,1
500843,100733,SKU0016,WH_B,Central,2025-01-05,2025-01-10,6,2,0
500844,100734,SKU0086,WH_C,West,2025-01-04,2025-01-05,1,1,1
500845,100735,SKU0013,WH_A,East,2025-01-04,2025-01-09,5,1,0
500846,100736,SKU0078,WH_B,Central,2025-01-05,2025-01-07,3,6,1
500847,100737,SKU0093,WH_A,East,2025-01-06,2025-01-08,4,1,1
500848,100738,SKU0015,WH_C,West,2025-01-04,2025-01-09,5,1,0
500849,100739,SKU0016,WH_A,East,2025-01-04,2025-01-06,2,1,1
500850,100740,SKU0003,WH_A,East,2025-01-05,2025-01-11,7,1,0
500851,100741,SKU0014,WH_C,West,2025-01-07,2025-01-10,6,6,1
500852,100742,SKU0002,WH_A,East,2025-01-04,2025-01-09,5,1,0
500853,100743,SKU0013,WH_B,Central,2025-01-04,2025-01-06,2,7,1
500854,100744,SKU0061,WH_B,Central,2025-01-04,2025-01-07,3,3,1
500855,100745,SKU0068,WH_A,East,2025-01-04,2025-01-07,3,1,1
500856,100746,SKU0024,WH_A,East,2025-01-04,2025-01-06,2,6,1
500857,100747,SKU0059,WH_B,Central,2025-01-05,2025-01-07,3,13,1
500858,100748,SKU0010,WH_C,West,2025-01-05,2025-01-09,5,1,0
500859,100749,SKU0034,WH_C,West,2025-01-04,2025-01-06,2,3,1
500860,100750,SKU0061,WH_C,West,2025-01-07,2025-01-11,7,1,0
500861,100751,SKU0012,WH_C,West,2025-01-07,2025-01-11,7,3,0
500862,100752,SKU0100,WH_A,East,2025-01-04,2025-01-05,1,2,1
500863,100753,SKU0029,WH_C,West,2025-01-04,2025-01-05,1,1,1
500864,100754,SKU0052,WH_B,Central,2025-01-04,2025-01-09,5,2,0
500865,100755,SKU0049,WH_B,Central,2025-01-05,2025-01-06,2,5,1
500866,100756,SKU0006,WH_C,West,2025-01-05,2025-01-06,2,11,1
500867,100757,SKU0076,WH_C,West,2025-01-04,2025-01-05,1,1,1
500868,100758,SKU0060,WH_B,Central,2025-01-05,2025-01-08,4,7,1
500869,100759,SKU0059,WH_B,Central,2025-01-04,2025-01-06,2,1,1
500870,100759,SKU0059,WH_B,Central,2025-01-04,2025-01-05,1,0,1
500871,100760,SKU0038,WH_C,West,2025-01-04,2025-01-05,1,1,1
500872,100761,SKU0001,WH_A,East,2025-01-04,2025-01-06,2,6,1
500873,100762,SKU0065,WH_A,East,2025-01-04,2025-01-05,1,2,1
500874,100763,SKU0006,WH_A,East,2025-01-07,2025-01-08,4,5,1
500875,100764,SKU0093,WH_B,Central,2025-01-05,2025-01-08,4,1,1
500876,100765,SKU0013,WH_C,West,2025-01-04,2025-01-05,1,1,1
500877,100766,SKU0091,WH_C,West,2025-01-04,2025-01-06,2,1,1
500878,100767,SKU0034,WH_B,Central,2025-01-04,2025-01-06,2,7,1
500879,100768,SKU0073,WH_B,Central,2025-01-06,2025-01-08,4,1,1
500880,100768,SKU0073,WH_B,Central,2025-01-08,2025-01-11,7,0,1
500881,100769,SKU0049,WH_C,West,2025-01-04,2025-01-06,2,1,1
500882,100769,SKU0049,WH_C,West,2025-01-06,2025-01-07,3,1,1
500883,100770,SKU0079,WH_B,Central,2025-01-05,2025-01-06,2,1,1
500884,100770,SKU0079,WH_B,Central,2025-01-07,2025-01-10,6,0,1
500885,100771,SKU0059,WH_A,East,2025-01-04,2025-01-08,4,8,0
500886,100772,SKU0082,WH_C,West,2025-01-04,2025-01-06,2,5,1
500887,100773,SKU0058,WH_C,West,2025-01-05,2025-01-10,6,3,0
500888,100774,SKU0087,WH_A,East,2025-01-04,2025-01-08,4,1,0
500889,100774,SKU0087,WH_A,East,2025-01-04,2025-01-05,1,1,1
500890,100775,SKU0073,WH_A,East,2025-01-04,2025-01-07,3,3,1
500891,100776,SKU0031,WH_C,West,2025-01-04,2025-01-05,1,1,1
500892,100777,SKU0016,WH_A,East,2025-01-07,2025-01-08,4,1,1
500893,100778,SKU0017,WH_A,East,2025-01-04,2025-01-06,2,1,1
500894,100779,SKU0019,WH_A,East,2025-01-04,2025-01-06,2,1,1
500895,100779,SKU0019,WH_A,East,2025-01-05,2025-01-07,3,0,1
500896,100780,SKU0054,WH_A,East,2025-01-06,2025-01-08,4,3,1
500897,100781,SKU0053,WH_C,West,2025-01-06,2025-01-09,5,3,1
500898,100782,SKU0020,WH_C,West,2025-01-05,2025-01-06,2,1,1
500899,100782,SKU0020,WH_C,West,2025-01-05,2025-01-07,3,0,1
500900,100783,SKU0033,WH_C,West,2025-01-05,2025-01-08,4,4,1
500901,100784,SKU0022,WH_B,Central,2025-01-05,2025-01-07,3,1,1
500902,100785,SKU0003,WH_A,East,2025-01-05,2025-01-07,3,5,1
500903,100786,SKU0069,WH_C,West,2025-01-04,2025-01-08,4,5,0
500904,100787,SKU0087,WH_A,East,2025-01-07,2025-01-09,5,4,1
500905,100788,SKU0099,WH_C,West,2025-01-08,2025-01-09,5,1,1
500906,100789,SKU0088,WH_C,West,2025-01-04,2025-01-06,2,3,1
500907,100790,SKU0100,WH_A,East,2025-01-07,2025-01-09,4,1,1
500908,100791,SKU0018,WH_B,Central,2025-01-05,2025-01-06,1,1,1
500909,100792,SKU0017,WH_B,Central,2025-01-06,2025-01-10,5,1,0
500910,100793,SKU0016,WH_C,West,2025-01-05,2025-01-07,2,2,1
500911,100794,SKU0039,WH_C,West,2025-01-08,2025-01-10,5,5,1
500912,100795,SKU0053,WH_C,West,2025-01-05,2025-01-10,5,1,0
500913,100796,SKU0057,WH_B,Central,2025-01-05,2025-01-06,1,2,1
500914,100797,SKU0023,WH_C,West,2025-01-05,2025-01-07,2,8,1
500915,100798,SKU0065,WH_A,East,2025-01-06,2025-01-09,4,1,1
500916,100799,SKU0042,WH_A,East,2025-01-05,2025-01-08,3,5,1
500917,100800,SKU0097,WH_C,West,2025-01-05,2025-01-08,3,1,1
500918,100800,SKU0097,WH_C,West,2025-01-05,2025-01-06,1,0,1
500919,100801,SKU0020,WH_C,West,2025-01-07,2025-01-08,3,5,1
500920,100802,SKU0028,WH_B,Central,2025-01-05,2025-01-06,1,1,1
500921,100803,SKU0020,WH_B,Central,2025-01-05,2025-01-06,1,1,1
500922,100804,SKU0082,WH_C,West,2025-01-05,2025-01-10,5,14,0
500923,100805,SKU0093,WH_A,East,2025-01-06,2025-01-07,2,13,1
500924,100806,SKU0072,WH_B,Central,2025-01-05,2025-01-06,1,1,1
500925,100806,SKU0072,WH_B,Central,2025-01-05,2025-01-06,1,0,1
500926,100807,SKU0065,WH_B,Central,2025-01-07,2025-01-08,3,1,1
500927,100808,SKU0079,WH_A,East,2025-01-05,2025-01-07,2,2,1
500928,100809,SKU0091,WH_C,West,2025-01-06,2025-01-09,4,1,1
500929,100810,SKU0003,WH_A,East,2025-01-08,2025-01-09,4,8,1
500930,100811,SKU0004,WH_B,Central,2025-01-05,2025-01-06,1,2,1
500931,100811,SKU0004,WH_B,Central,2025-01-05,2025-01-09,4,4,0
500932,100812,SKU0027,WH_B,Central,2025-01-05,2025-01-08,3,1,1
500933,100813,SKU0037,WH_B,Central,2025-01-05,2025-01-08,3,1,1
500934,100814,SKU0051,WH_C,West,2025-01-06,2025-01-10,5,2,0
500935,100815,SKU0035,WH_C,West,2025-01-06,2025-01-07,2,3,1
500936,100816,SKU0013,WH_A,East,2025-01-06,2025-01-07,2,1,1
500937,100817,SKU0070,WH_A,East,2025-01-05,2025-01-09,4,9,0
500938,100818,SKU0001,WH_A,East,2025-01-05,2025-01-07,2,1,1
500939,100819,SKU0043,WH_C,West,2025-01-07,2025-01-08,3,1,1
500940,100819,SKU0043,WH_C,West,2025-01-06,2025-01-08,3,5,1
500941,100820,SKU0056,WH_B,Central,2025-01-07,2025-01-08,3,1,1
500942,100821,SKU0031,WH_C,West,2025-01-05,2025-01-07,2,1,1
500943,100822,SKU0040,WH_B,Central,2025-01-05,2025-01-07,2,1,1
500944,100823,SKU0047,WH_B,Central,2025-01-05,2025-01-06,1,1,1
500945,100823,SKU0047,WH_B,Central,2025-01-07,2025-01-09,4,1,1
500946,100824,SKU0036,WH_C,West,2025-01-05,2025-01-06,1,6,1
500947,100825,SKU0010,WH_B,Central,2025-01-05,2025-01-11,6,1,0
500948,100826,SKU0074,WH_C,West,2025-01-09,2025-01-14,9,1,0
500949,100827,SKU0039,WH_B,Central,2025-01-05,2025-01-09,4,1,0
500950,100828,SKU0056,WH_C,West,2025-01-07,2025-01-08,3,2,1
500951,100829,SKU0058,WH_B,Central,2025-01-06,2025-01-12,7,1,0
500952,100830,SKU0014,WH_C,West,2025-01-05,2025-01-08,3,10,1
500953,100831,SKU0087,WH_B,Central,2025-01-06,2025-01-08,3,3,1
500954,100832,SKU0075,WH_A,East,2025-01-05,2025-01-07,2,3,1
500955,100833,SKU0014,WH_C,West,2025-01-06,2025-01-07,2,1,1
500956,100834,SKU0081,WH_B,Central,2025-01-06,2025-01-09,4,1,1
500957,100835,SKU0071,WH_C,West,2025-01-08,2025-01-09,4,1,1
500958,100835,SKU0071,WH_C,West,2025-01-05,2025-01-06,1,0,1
500959,100836,SKU0011,WH_A,East,2025-01-06,2025-01-07,2,3,1
500960,100837,SKU0067,WH_C,West,2025-01-05,2025-01-07,2,1,1
500961,100838,SKU0088,WH_B,Central,2025-01-05,2025-01-08,3,1,1
500962,100839,SKU0042,WH_B,Central,2025-01-08,2025-01-09,4,1,1
500963,100840,SKU0098,WH_A,East,2025-01-06,2025-01-08,3,3,1
500964,100840,SKU0098,WH_A,East,2025-01-06,2025-01-09,4,3,1
500965,100841,SKU0066,WH_B,Central,2025-01-05,2025-01-08,3,5,1
500966,100842,SKU0090,WH_B,Central,2025-01-05,2025-01-12,7,1,0
500967,100843,SKU0079,WH_C,West,2025-01-05,2025-01-06,1,1,1
500968,100844,SKU0083,WH_C,West,2025-01-05,2025-01-09,4,3,0
500969,100845,SKU0074,WH_B,Central,2025-01-06,2025-01-12,7,1,0
500970,100845,SKU0074,WH_B,Central,2025-01-06,2025-01-07,2,1,1
500971,100846,SKU0031,WH_A,East,2025-01-07,2025-01-08,3,5,1
500972,100847,SKU0021,WH_C,West,2025-01-05,2025-01-06,1,12,1
500973,100848,SKU0018,WH_A,East,2025-01-05,2025-01-06,1,1,1
500974,100848,SKU0018,WH_A,East,2025-01-05,2025-01-07,2,0,1
500975,100849,SKU0077,WH_C,West,2025-01-06,2025-01-07,2,2,1
500976,100850,SKU0098,WH_A,East,2025-01-06,2025-01-07,2,1,1
500977,100851,SKU0044,WH_A,East,2025-01-08,2025-01-09,4,7,1
500978,100852,SKU0073,WH_A,East,2025-01-07,2025-01-09,4,1,1
500979,100853,SKU0098,WH_B,Central,2025-01-06,2025-01-07,2,9,1
500980,100854,SKU0030,WH_A,East,2025-01-05,2025-01-11,6,9,0
500981,100855,SKU0087,WH_C,West,2025-01-05,2025-01-07,2,7,1
500982,100856,SKU0091,WH_C,West,2025-01-09,2025-01-10,5,1,1
500983,100857,SKU0100,WH_A,East,2025-01-05,2025-01-07,2,3,1
500984,100858,SKU0008,WH_A,East,2025-01-06,2025-01-09,4,7,1
500985,100859,SKU0085,WH_A,East,2025-01-08,2025-01-09,4,4,1
500986,100860,SKU0080,WH_A,East,2025-01-06,2025-01-08,3,1,1
500987,100860,SKU0080,WH_A,East,2025-01-06,2025-01-07,2,0,1
500988,100861,SKU0007,WH_C,West,2025-01-06,2025-01-07,2,2,1
500989,100861,SKU0007,WH_C,West,2025-01-06,2025-01-07,2,2,1
500990,100862,SKU0094,WH_B,Central,2025-01-08,2025-01-10,5,3,1
500991,100863,SKU0066,WH_A,East,2025-01-06,2025-01-12,7,3,0
500992,100864,SKU0092,WH_C,West,2025-01-05,2025-01-08,3,3,1
500993,100865,SKU0025,WH_C,West,2025-01-05,2025-01-08,3,1,1
500994,100865,SKU0025,WH_C,West,2025-01-05,2025-01-08,3,0,1
500995,100866,SKU0008,WH_C,West,2025-01-07,2025-01-08,3,1,1
500996,100866,SKU0008,WH_C,West,2025-01-07,2025-01-09,4,0,1
500997,100867,SKU0017,WH_B,Central,2025-01-06,2025-01-08,3,1,1
500998,100868,SKU0074,WH_C,West,2025-01-05,2025-01-10,5,1,0
500999,100869,SKU0028,WH_B,Central,2025-01-08,2025-01-10,5,13,1
501000,100870,SKU0044,WH_B,Central,2025-01-06,2025-01-07,2,1,1
501001,100871,SKU0044,WH_B,Central,2025-01-05,2025-01-07,2,6,1
501002,100872,SKU0067,WH_A,East,2025-01-05,2025-01-07,2,4,1
501003,100872,SKU0067,WH_A,East,2025-01-06,2025-01-08,3,2,1
501004,100873,SKU0017,WH_B,Central,2025-01-05,2025-01-08,3,3,1
501005,100874,SKU0094,WH_A,East,2025-01-05,2025-01-07,2,1,1
501006,100875,SKU0047,WH_B,Central,2025-01-05,2025-01-07,2,8,1
501007,100876,SKU0003,WH_B,Central,2025-01-05,2025-01-06,1,1,1
501008,100877,SKU0074,WH_C,West,2025-01-05,2025-01-06,1,2,1
501009,100878,SKU0074,WH_A,East,2025-01-07,2025-01-09,4,9,1
501010,100879,SKU0030,WH_C,West,2025-01-06,2025-01-11,6,4,0
501011,100880,SKU0029,WH_C,West,2025-01-05,2025-01-10,5,2,0
501012,100881,SKU0038,WH_B,Central,2025-01-06,2025-01-10,5,1,0
501013,100882,SKU0030,WH_A,East,2025-01-05,2025-01-06,1,3,1
501014,100883,SKU0012,WH_B,Central,2025-01-05,2025-01-08,3,1,1
501015,100884,SKU0031,WH_B,Central,2025-01-05,2025-01-08,3,3,1
501016,100885,SKU0002,WH_A,East,2025-01-05,2025-01-06,1,1,1
501017,100886,SKU0059,WH_C,West,2025-01-05,2025-01-08,3,1,1
501018,100887,SKU0066,WH_C,West,2025-01-08,2025-01-13,8,1,0
501019,100888,SKU0007,WH_A,East,2025-01-05,2025-01-06,1,2,1
501020,100888,SKU0007,WH_A,East,2025-01-06,2025-01-08,3,5,1
501021,100889,SKU0020,WH_A,East,2025-01-05,2025-01-09,4,4,0
501022,100890,SKU0084,WH_A,East,2025-01-05,2025-01-07,2,8,1
501023,100891,SKU0058,WH_C,West,2025-01-05,2025-01-07,2,5,1
501024,100892,SKU0029,WH_B,Central,2025-01-05,2025-01-11,6,5,0
501025,100893,SKU0002,WH_C,West,2025-01-05,2025-01-11,6,1,0
501026,100893,SKU0002,WH_C,West,2025-01-05,2025-01-08,3,0,1
501027,100894,SKU0029,WH_C,West,2025-01-06,2025-01-10,5,3,0
501028,100895,SKU0009,WH_A,East,2025-01-06,2025-01-09,4,6,1
501029,100896,SKU0046,WH_C,West,2025-01-06,2025-01-13,8,1,0
501030,100897,SKU0028,WH_C,West,2025-01-05,2025-01-06,1,2,1
501031,100898,SKU0008,WH_C,West,2025-01-06,2025-01-07,2,1,1
501032,100898,SKU0008,WH_C,West,2025-01-06,2025-01-07,2,0,1
501033,100899,SKU0038,WH_A,East,2025-01-05,2025-01-08,3,8,1
501034,100900,SKU0009,WH_C,West,2025-01-05,2025-01-06,1,1,1
501035,100901,SKU0052,WH_B,Central,2025-01-05,2025-01-06,1,5,1
501036,100902,SKU0004,WH_B,Central,2025-01-07,2025-01-09,4,2,1
501037,100903,SKU0078,WH_B,Central,2025-01-07,2025-01-10,5,3,1
501038,100904,SKU0081,WH_B,Central,2025-01-09,2025-01-11,6,1,1
501039,100905,SKU0027,WH_A,East,2025-01-05,2025-01-06,1,1,1
501040,100906,SKU0023,WH_C,West,2025-01-06,2025-01-07,2,1,1
501041,100907,SKU0034,WH_A,East,2025-01-05,2025-01-06,1,1,1
501042,100908,SKU0036,WH_A,East,2025-01-05,2025-01-07,2,15,1
501043,100909,SKU0014,WH_B,Central,2025-01-08,2025-01-09,4,3,1
501044,100910,SKU0006,WH_A,East,2025-01-05,2025-01-07,2,1,1
501045,100910,SKU0006,WH_A,East,2025-01-05,2025-01-08,3,0,1
501046,100911,SKU0035,WH_A,East,2025-01-06,2025-01-08,3,1,1
501047,100912,SKU0039,WH_A,East,2025-01-06,2025-01-07,2,2,1
501048,100912,SKU0039,WH_A,East,2025-01-05,2025-01-06,1,1,1
501049,100913,SKU0034,WH_A,East,2025-01-06,2025-01-08,3,4,1
501050,100914,SKU0091,WH_B,Central,2025-01-05,2025-01-06,1,1,1
501051,100915,SKU0087,WH_B,Central,2025-01-05,2025-01-06,1,1,1
501052,100916,SKU0010,WH_A,East,2025-01-05,2025-01-07,2,1,1
501053,100916,SKU0010,WH_A,East,2025-01-05,2025-01-09,4,0,0
501054,100917,SKU0037,WH_A,East,2025-01-05,2025-01-07,2,3,1
501055,100918,SKU0012,WH_B,Central,2025-01-05,2025-01-07,2,1,1
501056,100919,SKU0065,WH_B,Central,2025-01-06,2025-01-07,2,3,1
501057,100920,SKU0033,WH_B,Central,2025-01-05,2025-01-09,4,1,0
501058,100921,SKU0096,WH_C,West,2025-01-07,2025-01-09,4,3,1
501059,100922,SKU0019,WH_A,East,2025-01-07,2025-01-10,5,1,1
501060,100923,SKU0022,WH_C,West,2025-01-05,2025-01-07,2,1,1
501061,100924,SKU0004,WH_A,East,2025-01-06,2025-01-08,3,11,1
501062,100925,SKU0090,WH_A,East,2025-01-07,2025-01-08,3,4,1
501063,100926,SKU0001,WH_A,East,2025-01-05,2025-01-07,2,1,1
501064,100927,SKU0074,WH_B,Central,2025-01-06,2025-01-09,4,1,1
501065,100927,SKU0074,WH_B,Central,2025-01-05,2025-01-08,3,1,1
501066,100928,SKU0099,WH_A,East,2025-01-05,2025-01-08,3,1,1
501067,100929,SKU0073,WH_A,East,2025-01-06,2025-01-08,3,2,1
501068,100929,SKU0073,WH_A,East,2025-01-06,2025-01-09,4,4,1
501069,100930,SKU0093,WH_B,Central,2025-01-05,2025-01-09,4,1,0
501070,100931,SKU0044,WH_C,West,2025-01-05,2025-01-07,2,4,1
501071,100932,SKU0074,WH_B,Central,2025-01-05,2025-01-08,3,1,1
501072,100933,SKU0060,WH_A,East,2025-01-05,2025-01-06,1,1,1
501073,100933,SKU0060,WH_A,East,2025-01-06,2025-01-08,3,0,1
501074,100934,SKU0095,WH_C,West,2025-01-05,2025-01-07,2,1,1
501075,100935,SKU0041,WH_A,East,2025-01-05,2025-01-08,3,1,1
501076,100936,SKU0002,WH_C,West,2025-01-06,2025-01-07,2,17,1
501077,100937,SKU0074,WH_B,Central,2025-01-05,2025-01-06,1,1,1
501078,100938,SKU0024,WH_A,East,2025-01-06,2025-01-09,4,6,1
501079,100939,SKU0088,WH_C,West,2025-01-05,2025-01-06,1,1,1
501080,100940,SKU0095,WH_C,West,2025-01-07,2025-01-09,4,2,1
501081,100941,SKU0027,WH_A,East,2025-01-06,2025-01-07,2,2,1
501082,100942,SKU0082,WH_B,Central,2025-01-06,2025-01-08,3,5,1
501083,100943,SKU0051,WH_A,East,2025-01-05,2025-01-10,5,6,0
501084,100944,SKU0072,WH_B,Central,2025-01-05,2025-01-06,1,3,1
501085,100945,SKU0095,WH_A,East,2025-01-05,2025-01-06,1,10,1
501086,100946,SKU0080,WH_A,East,2025-01-06,2025-01-08,3,7,1
501087,100947,SKU0071,WH_C,West,2025-01-06,2025-01-09,4,12,1
501088,100948,SKU0019,WH_B,Central,2025-01-06,2025-01-08,3,8,1
501089,100949,SKU0086,WH_A,East,2025-01-05,2025-01-08,3,1,1
501090,100950,SKU0008,WH_C,West,2025-01-05,2025-01-09,4,1,0
501091,100951,SKU0087,WH_A,East,2025-01-06,2025-01-10,5,9,0
501092,100952,SKU0016,WH_B,Central,2025-01-06,2025-01-08,3,1,1
501093,100953,SKU0064,WH_A,East,2025-01-05,2025-01-10,5,4,0
501094,100954,SKU0034,WH_A,East,2025-01-05,2025-01-07,2,7,1
501095,100955,SKU0041,WH_A,East,2025-01-07,2025-01-12,7,1,0
501096,100956,SKU0018,WH_A,East,2025-01-05,2025-01-06,1,1,1
501097,100957,SKU0094,WH_B,Central,2025-01-05,2025-01-07,2,5,1
501098,100958,SKU0060,WH_B,Central,2025-01-06,2025-01-07,2,2,1
501099,100959,SKU0044,WH_A,East,2025-01-05,2025-01-07,2,1,1
501100,100960,SKU0007,WH_A,East,2025-01-05,2025-01-09,4,6,0
501101,100961,SKU0034,WH_C,West,2025-01-06,2025-01-10,5,6,0
501102,100962,SKU0018,WH_B,Central,2025-01-07,2025-01-09,4,2,1
501103,100963,SKU0014,WH_C,West,2025-01-05,2025-01-11,6,2,0
501104,100964,SKU0015,WH_A,East,2025-01-07,2025-01-10,5,1,1
501105,100965,SKU0002,WH_B,Central,2025-01-06,2025-01-08,3,2,1
501106,100966,SKU0048,WH_B,Central,2025-01-07,2025-01-11,6,2,0
501107,100967,SKU0024,WH_B,Central,2025-01-06,2025-01-07,2,4,1
501108,100968,SKU0046,WH_A,East,2025-01-05,2025-01-07,2,8,1
501109,100969,SKU0050,WH_B,Central,2025-01-05,2025-01-06,1,6,1
501110,100970,SKU0090,WH_A,East,2025-01-06,2025-01-07,1,1,1
501111,100970,SKU0090,WH_A,East,2025-01-07,2025-01-08,2,1,1
501112,100971,SKU0006,WH_B,Central,2025-01-08,2025-01-09,3,1,1
501113,100972,SKU0023,WH_B,Central,2025-01-07,2025-01-11,5,1,0
501114,100973,SKU0072,WH_C,West,2025-01-07,2025-01-11,5,5,0
501115,100974,SKU0022,WH_C,West,2025-01-06,2025-01-13,7,1,0
501116,100975,SKU0010,WH_B,Central,2025-01-06,2025-01-11,5,2,0
501117,100976,SKU0058,WH_A,East,2025-01-06,2025-01-07,1,5,1
501118,100977,SKU0019,WH_A,East,2025-01-07,2025-01-10,4,3,1
501119,100978,SKU0044,WH_A,East,2025-01-06,2025-01-10,4,5,0
501120,100979,SKU0072,WH_B,Central,2025-01-06,2025-01-07,1,1,1
501121,100980,SKU0002,WH_B,Central,2025-01-08,2025-01-09,3,6,1
501122,100981,SKU0098,WH_A,East,2025-01-06,2025-01-12,6,2,0
501123,100982,SKU0082,WH_A,East,2025-01-07,2025-01-09,3,1,1
501124,100983,SKU0012,WH_A,East,2025-01-07,2025-01-10,4,5,1
501125,100984,SKU0065,WH_C,West,2025-01-08,2025-01-11,5,13,1
501126,100985,SKU0006,WH_C,West,2025-01-07,2025-01-08,2,1,1
501127,100986,SKU0092,WH_B,Central,2025-01-06,2025-01-08,2,5,1
501128,100987,SKU0059,WH_C,West,2025-01-07,2025-01-08,2,1,1
501129,100988,SKU0098,WH_C,West,2025-01-09,2025-01-10,4,2,1
501130,100989,SKU0002,WH_A,East,2025-01-06,2025-01-07,1,1,1
501131,100990,SKU0068,WH_B,Central,2025-01-07,2025-01-08,2,1,1
501132,100991,SKU0075,WH_A,East,2025-01-10,2025-01-17,11,1,0
501133,100992,SKU0066,WH_C,West,2025-01-06,2025-01-08,2,4,1
501134,100993,SKU0048,WH_C,West,2025-01-06,2025-01-08,2,2,1
501135,100994,SKU0022,WH_B,Central,2025-01-07,2025-01-11,5,12,0
501136,100995,SKU0078,WH_B,Central,2025-01-06,2025-01-13,7,4,0
501137,100996,SKU0089,WH_A,East,2025-01-09,2025-01-11,5,1,1
501138,100997,SKU0082,WH_B,Central,2025-01-06,2025-01-08,2,1,1
501139,100997,SKU0082,WH_B,Central,2025-01-06,2025-01-09,3,0,1
501140,100998,SKU0098,WH_A,East,2025-01-06,2025-01-07,1,1,1
501141,100999,SKU0040,WH_B,Central,2025-01-06,2025-01-07,1,1,1
501142,101000,SKU0100,WH_B,Central,2025-01-07,2025-01-09,3,9,1
501143,101001,SKU0080,WH_B,Central,2025-01-06,2025-01-07,1,1,1
501144,101001,SKU0080,WH_B,Central,2025-01-08,2025-01-11,5,0,1
501145,101002,SKU0002,WH_B,Central,2025-01-07,2025-01-09,3,1,1
501146,101003,SKU0065,WH_B,Central,2025-01-06,2025-01-07,1,1,1
501147,101003,SKU0065,WH_B,Central,2025-01-06,2025-01-11,5,2,0
501148,101004,SKU0093,WH_C,West,2025-01-07,2025-01-11,5,6,0
501149,101005,SKU0006,WH_A,East,2025-01-06,2025-01-09,3,3,1
501150,101006,SKU0042,WH_B,Central,2025-01-06,2025-01-08,2,3,1
501151,101007,SKU0037,WH_C,West,2025-01-06,2025-01-09,3,3,1
501152,101008,SKU0060,WH_B,Central,2025-01-06,2025-01-08,2,12,1
501153,101009,SKU0004,WH_C,West,2025-01-06,2025-01-07,1,1,1
501154,101010,SKU0097,WH_C,West,2025-01-06,2025-01-08,2,7,1
501155,101011,SKU0093,WH_A,East,2025-01-06,2025-01-07,1,3,1
501156,101012,SKU0008,WH_B,Central,2025-01-07,2025-01-08,2,1,1
501157,101013,SKU0029,WH_A,East,2025-01-07,2025-01-08,2,24,1
501158,101014,SKU0013,WH_A,East,2025-01-09,2025-01-12,6,8,1
501159,101015,SKU0007,WH_A,East,2025-01-07,2025-01-12,6,5,0
501160,101016,SKU0002,WH_A,East,2025-01-08,2025-01-10,4,1,1
501161,101017,SKU0064,WH_C,West,2025-01-06,2025-01-07,1,1,1
501162,101018,SKU0062,WH_A,East,2025-01-06,2025-01-09,3,3,1
501163,101019,SKU0040,WH_B,Central,2025-01-07,2025-01-11,5,1,0
501164,101020,SKU0077,WH_B,Central,2025-01-06,2025-01-09,3,4,1
501165,101021,SKU0075,WH_C,West,2025-01-06,2025-01-08,2,1,1
501166,101022,SKU0062,WH_B,Central,2025-01-07,2025-01-10,4,1,1
501167,101023,SKU0042,WH_B,Central,2025-01-07,2025-01-08,2,1,1
501168,101024,SKU0061,WH_A,East,2025-01-06,2025-01-07,1,3,1
501169,101025,SKU0084,WH_A,East,2025-01-07,2025-01-08,2,1,1
501170,101026,SKU0045,WH_B,Central,2025-01-06,2025-01-10,4,1,0
501171,101027,SKU0096,WH_A,East,2025-01-06,2025-01-07,1,2,1
501172,101027,SKU0096,WH_A,East,2025-01-07,2025-01-13,7,3,0
501173,101028,SKU0012,WH_B,Central,2025-01-06,2025-01-10,4,1,0
501174,101029,SKU0044,WH_B,Central,2025-01-06,2025-01-07,1,4,1
501175,101030,SKU0097,WH_C,West,2025-01-06,2025-01-09,3,2,1
501176,101031,SKU0080,WH_A,East,2025-01-09,2025-01-10,4,1,1
501177,101031,SKU0080,WH_A,East,2025-01-07,2025-01-08,2,0,1
501178,101032,SKU0083,WH_B,Central,2025-01-08,2025-01-09,3,3,1
501179,101033,SKU0088,WH_C,West,2025-01-07,2025-01-08,2,1,1
501180,101034,SKU0011,WH_C,West,2025-01-09,2025-01-10,4,2,1
501181,101035,SKU0036,WH_C,West,2025-01-06,2025-01-09,3,2,1
501182,101036,SKU0086,WH_C,West,2025-01-08,2025-01-15,9,1,0
501183,101037,SKU0063,WH_A,East,2025-01-06,2025-01-07,1,3,1
501184,101038,SKU0054,WH_C,West,2025-01-08,2025-01-09,3,1,1
501185,101038,SKU0054,WH_C,West,2025-01-07,2025-01-09,3,0,1
501186,101039,SKU0040,WH_C,West,2025-01-07,2025-01-09,3,4,1
501187,101040,SKU0095,WH_A,East,2025-01-07,2025-01-10,4,1,1
501188,101041,SKU0043,WH_A,East,2025-01-07,2025-01-10,4,3,1
501189,101042,SKU0043,WH_C,West,2025-01-07,2025-01-10,4,1,1
501190,101043,SKU0089,WH_B,Central,2025-01-07,2025-01-10,4,6,1
501191,101044,SKU0037,WH_A,East,2025-01-08,2025-01-09,3,1,1
501192,101045,SKU0080,WH_C,West,2025-01-07,2025-01-13,7,3,0
501193,101046,SKU0089,WH_A,East,2025-01-06,2025-01-09,3,1,1
501194,101047,SKU0067,WH_C,West,2025-01-06,2025-01-07,1,1,1
501195,101047,SKU0067,WH_C,West,2025-01-06,2025-01-10,4,0,0
501196,101048,SKU0050,WH_A,East,2025-01-06,2025-01-07,1,1,1
501197,101049,SKU0094,WH_B,Central,2025-01-06,2025-01-07,1,1,1
501198,101050,SKU0052,WH_A,East,2025-01-07,2025-01-08,2,1,1
501199,101051,SKU0046,WH_A,East,2025-01-09,2025-01-10,4,3,1
501200,101052,SKU0083,WH_A,East,2025-01-07,2025-01-09,3,3,1
501201,101053,SKU0050,WH_A,East,2025-01-09,2025-01-11,5,1,1
501202,101053,SKU0050,WH_A,East,2025-01-07,2025-01-10,4,0,1
501203,101054,SKU0001,WH_A,East,2025-01-06,2025-01-07,1,1,1
501204,101055,SKU0064,WH_C,West,2025-01-06,2025-01-08,2,1,1
501205,101056,SKU0001,WH_A,East,2025-01-06,2025-01-08,2,6,1
501206,101057,SKU0024,WH_C,West,2025-01-07,2025-01-13,7,1,0
501207,101057,SKU0024,WH_C,West,2025-01-07,2025-01-09,3,0,1
501208,101058,SKU0082,WH_B,Central,2025-01-06,2025-01-07,1,1,1
501209,101058,SKU0082,WH_B,Central,2025-01-06,2025-01-08,2,0,1
501210,101059,SKU0060,WH_B,Central,2025-01-07,2025-01-10,4,1,1
501211,101060,SKU0058,WH_B,Central,2025-01-08,2025-01-09,3,1,1
501212,101060,SKU0058,WH_B,Central,2025-01-06,2025-01-07,1,0,1
501213,101061,SKU0071,WH_B,Central,2025-01-08,2025-01-11,5,1,1
501214,101061,SKU0071,WH_B,Central,2025-01-06,2025-01-07,1,0,1
501215,101062,SKU0080,WH_A,East,2025-01-06,2025-01-12,6,1,0
501216,101063,SKU0041,WH_A,East,2025-01-06,2025-01-08,2,2,1
501217,101064,SKU0002,WH_C,West,2025-01-06,2025-01-08,2,2,1
501218,101065,SKU0027,WH_A,East,2025-01-10,2025-01-11,5,2,1
501219,101066,SKU0060,WH_A,East,2025-01-06,2025-01-08,2,4,1
501220,101067,SKU0079,WH_A,East,2025-01-06,2025-01-09,3,1,1
501221,101068,SKU0068,WH_C,West,2025-01-06,2025-01-08,2,3,1
501222,101069,SKU0040,WH_A,East,2025-01-07,2025-01-08,2,7,1
501223,101070,SKU0096,WH_A,East,2025-01-07,2025-01-09,3,1,1
501224,101071,SKU0069,WH_C,West,2025-01-06,2025-01-07,1,3,1
501225,101072,SKU0069,WH_C,West,2025-01-06,2025-01-07,1,3,1
501226,101073,SKU0014,WH_A,East,2025-01-06,2025-01-08,2,2,1
501227,101074,SKU0035,WH_C,West,2025-01-06,2025-01-09,3,1,1
501228,101075,SKU0080,WH_C,West,2025-01-08,2025-01-09,3,6,1
501229,101076,SKU0017,WH_B,Central,2025-01-06,2025-01-07,1,1,1
501230,101077,SKU0075,WH_A,East,2025-01-06,2025-01-08,2,1,1
501231,101078,SKU0065,WH_C,West,2025-01-06,2025-01-07,1,1,1
501232,101079,SKU0042,WH_C,West,2025-01-07,2025-01-10,4,1,1
501233,101080,SKU0059,WH_C,West,2025-01-06,2025-01-08,2,9,1
501234,101081,SKU0071,WH_B,Central,2025-01-06,2025-01-07,1,1,1
501235,101082,SKU0039,WH_B,Central,2025-01-06,2025-01-09,3,8,1
501236,101083,SKU0041,WH_A,East,2025-01-07,2025-01-10,4,1,1
501237,101084,SKU0098,WH_B,Central,2025-01-07,2025-01-09,3,1,1
501238,101084,SKU0098,WH_B,Central,2025-01-06,2025-01-08,2,0,1
501239,101085,SKU0022,WH_A,East,2025-01-08,2025-01-10,4,1,1
501240,101086,SKU0059,WH_C,West,2025-01-07,2025-01-08,2,1,1
501241,101087,SKU0036,WH_C,West,2025-01-07,2025-01-10,4,1,1
501242,101088,SKU0097,WH_B,Central,2025-01-07,2025-01-08,2,3,1
501243,101089,SKU0018,WH_B,Central,2025-01-06,2025-01-08,2,1,1
501244,101089,SKU0018,WH_B,Central,2025-01-08,2025-01-15,9,0,0
501245,101090,SKU0056,WH_B,Central,2025-01-06,2025-01-08,2,1,1
501246,101090,SKU0056,WH_B,Central,2025-01-06,2025-01-07,1,0,1
501247,101091,SKU0079,WH_A,East,2025-01-06,2025-01-09,3,1,1
501248,101092,SKU0026,WH_C,West,2025-01-06,2025-01-09,3,1,1
501249,101093,SKU0085,WH_C,West,2025-01-06,2025-01-10,4,1,0
501250,101093,SKU0085,WH_C,West,2025-01-08,2025-01-12,6,2,0
501251,101094,SKU0077,WH_C,West,2025-01-07,2025-01-10,4,1,1
501252,101095,SKU0038,WH_B,Central,2025-01-07,2025-01-08,2,4,1
501253,101096,SKU0004,WH_C,West,2025-01-06,2025-01-12,6,1,0
501254,101097,SKU0007,WH_A,East,2025-01-07,2025-01-08,2,10,1
501255,101098,SKU0034,WH_C,West,2025-01-06,2025-01-07,1,3,1
501256,101099,SKU0047,WH_A,East,2025-01-06,2025-01-11,5,1,0
501257,101099,SKU0047,WH_A,East,2025-01-06,2025-01-08,2,0,1
501258,101100,SKU0040,WH_A,East,2025-01-06,2025-01-11,5,1,0
501259,101100,SKU0040,WH_A,East,2025-01-09,2025-01-10,4,2,1
501260,101101,SKU0053,WH_A,East,2025-01-07,2025-01-13,7,1,0
501261,101102,SKU0026,WH_C,West,2025-01-06,2025-01-08,2,1,1
501262,101103,SKU0002,WH_A,East,2025-01-07,2025-01-08,2,4,1
501263,101104,SKU0094,WH_A,East,2025-01-06,2025-01-09,3,1,1
501264,101105,SKU0049,WH_C,West,2025-01-09,2025-01-11,5,3,1
501265,101106,SKU0035,WH_C,West,2025-01-06,2025-01-08,2,3,1
501266,101107,SKU0030,WH_C,West,2025-01-06,2025-01-07,1,7,1
501267,101108,SKU0066,WH_A,East,2025-01-06,2025-01-08,2,1,1
501268,101108,SKU0066,WH_A,East,2025-01-06,2025-01-08,2,0,1
501269,101109,SKU0079,WH_C,West,2025-01-06,2025-01-08,2,2,1
501270,101110,SKU0016,WH_C,West,2025-01-07,2025-01-09,3,7,1
501271,101111,SKU0043,WH_B,Central,2025-01-06,2025-01-07,1,1,1
501272,101112,SKU0001,WH_B,Central,2025-01-06,2025-01-07,1,1,1
501273,101113,SKU0061,WH_A,East,2025-01-06,2025-01-07,1,1,1
501274,101113,SKU0061,WH_A,East,2025-01-07,2025-01-10,4,0,1
501275,101114,SKU0002,WH_C,West,2025-01-06,2025-01-07,1,5,1
501276,101115,SKU0043,WH_A,East,2025-01-06,2025-01-07,1,5,1
501277,101116,SKU0089,WH_B,Central,2025-01-06,2025-01-07,1,6,1
501278,101117,SKU0068,WH_C,West,2025-01-07,2025-01-12,6,3,0
501279,101118,SKU0013,WH_B,Central,2025-01-07,2025-01-08,2,4,1
501280,101119,SKU0043,WH_B,Central,2025-01-07,2025-01-09,3,1,1
501281,101120,SKU0076,WH_A,East,2025-01-08,2025-01-10,4,4,1
501282,101121,SKU0082,WH_A,East,2025-01-07,2025-01-08,2,1,1
501283,101122,SKU0064,WH_A,East,2025-01-07,2025-01-08,2,1,1
501284,101123,SKU0066,WH_C,West,2025-01-06,2025-01-12,6,1,0
501285,101123,SKU0066,WH_C,West,2025-01-07,2025-01-12,6,5,0
501286,101124,SKU0063,WH_A,East,2025-01-06,2025-01-08,2,1,1
501287,101125,SKU0024,WH_B,Central,2025-01-07,2025-01-09,3,1,1
501288,101126,SKU0040,WH_B,Central,2025-01-07,2025-01-08,2,7,1
501289,101127,SKU0091,WH_C,West,2025-01-06,2025-01-07,1,1,1
501290,101128,SKU0038,WH_C,West,2025-01-06,2025-01-08,2,2,1
501291,101129,SKU0040,WH_C,West,2025-01-07,2025-01-08,2,1,1
501292,101129,SKU0040,WH_C,West,2025-01-07,2025-01-08,2,6,1
501293,101130,SKU0053,WH_C,West,2025-01-07,2025-01-09,3,3,1
501294,101131,SKU0030,WH_B,Central,2025-01-07,2025-01-08,2,2,1
501295,101131,SKU0030,WH_B,Central,2025-01-07,2025-01-10,4,3,1
501296,101132,SKU0100,WH_A,East,2025-01-09,2025-01-11,5,2,1
501297,101133,SKU0072,WH_C,West,2025-01-07,2025-01-11,5,4,0
501298,101134,SKU0099,WH_A,East,2025-01-06,2025-01-09,3,1,1
501299,101135,SKU0056,WH_C,West,2025-01-06,2025-01-10,4,1,0
501300,101136,SKU0087,WH_B,Central,2025-01-06,2025-01-08,2,1,1
501301,101136,SKU0087,WH_B,Central,2025-01-06,2025-01-09,3,0,1
501302,101137,SKU0094,WH_A,East,2025-01-06,2025-01-09,3,9,1
501303,101138,SKU0002,WH_C,West,2025-01-06,2025-01-07,1,2,1
501304,101139,SKU0080,WH_A,East,2025-01-06,2025-01-07,1,1,1
501305,101140,SKU0005,WH_A,East,2025-01-06,2025-01-07,1,1,1
501306,101141,SKU0053,WH_B,Central,2025-01-06,2025-01-11,5,1,0
501307,101141,SKU0053,WH_B,Central,2025-01-06,2025-01-09,3,3,1
501308,101142,SKU0043,WH_A,East,2025-01-06,2025-01-10,4,1,0
501309,101142,SKU0043,WH_A,East,2025-01-07,2025-01-10,4,0,1
501310,101143,SKU0036,WH_B,Central,2025-01-06,2025-01-10,4,2,0
501311,101144,SKU0077,WH_C,West,2025-01-06,2025-01-08,2,3,1
501312,101145,SKU0092,WH_A,East,2025-01-07,2025-01-13,7,8,0
501313,101146,SKU0100,WH_C,West,2025-01-06,2025-01-07,1,8,1
501314,101147,SKU0008,WH_B,Central,2025-01-06,2025-01-11,5,1,0
501315,101148,SKU0015,WH_C,West,2025-01-06,2025-01-07,1,5,1
501316,101148,SKU0015,WH_C,West,2025-01-06,2025-01-07,1,1,1
501317,101149,SKU0075,WH_B,Central,2025-01-06,2025-01-10,4,4,0
501318,101150,SKU0076,WH_B,Central,2025-01-06,2025-01-08,2,1,1
501319,101151,SKU0020,WH_B,Central,2025-01-06,2025-01-09,3,1,1
501320,101151,SKU0020,WH_B,Central,2025-01-07,2025-01-10,4,0,1
501321,101152,SKU0053,WH_A,East,2025-01-07,2025-01-13,7,1,0
501322,101152,SKU0053,WH_A,East,2025-01-06,2025-01-10,4,3,0
501323,101153,SKU0050,WH_C,West,2025-01-06,2025-01-08,2,8,1
501324,101154,SKU0031,WH_C,West,2025-01-06,2025-01-07,1,4,1
501325,101155,SKU0003,WH_C,West,2025-01-06,2025-01-11,5,2,0
501326,101156,SKU0031,WH_B,Central,2025-01-06,2025-01-09,3,1,1
501327,101157,SKU0014,WH_C,West,2025-01-08,2025-01-09,3,8,1
501328,101158,SKU0060,WH_C,West,2025-01-06,2025-01-08,2,1,1
501329,101159,SKU0006,WH_C,West,2025-01-06,2025-01-09,3,6,1
501330,101160,SKU0006,WH_B,Central,2025-01-06,2025-01-07,1,1,1
501331,101160,SKU0006,WH_B,Central,2025-01-07,2025-01-13,7,0,0
501332,101161,SKU0045,WH_C,West,2025-01-06,2025-01-09,3,1,1
501333,101162,SKU0034,WH_A,East,2025-01-07,2025-01-11,5,1,0
501334,101163,SKU0033,WH_C,West,2025-01-06,2025-01-12,6,1,0
501335,101164,SKU0032,WH_C,West,2025-01-06,2025-01-13,7,1,0
501336,101165,SKU0086,WH_B,Central,2025-01-08,2025-01-12,6,1,0
501337,101165,SKU0086,WH_B,Central,2025-01-08,2025-01-12,6,0,0
501338,101166,SKU0082,WH_C,West,2025-01-08,2025-01-13,7,1,0
501339,101167,SKU0066,WH_B,Central,2025-01-06,2025-01-11,5,1,0
501340,101168,SKU0046,WH_A,East,2025-01-06,2025-01-09,3,1,1
501341,101169,SKU0039,WH_A,East,2025-01-07,2025-01-11,5,3,0
501342,101170,SKU0098,WH_B,Central,2025-01-07,2025-01-08,2,1,1
501343,101171,SKU0009,WH_B,Central,2025-01-07,2025-01-08,2,1,1
501344,101172,SKU0083,WH_C,West,2025-01-07,2025-01-11,5,3,0
501345,101173,SKU0074,WH_A,East,2025-01-08,2025-01-12,6,9,0
501346,101174,SKU0032,WH_B,Central,2025-01-07,2025-01-08,2,1,1
501347,101175,SKU0007,WH_A,East,2025-01-07,2025-01-09,3,1,1
501348,101175,SKU0007,WH_A,East,2025-01-06,2025-01-08,2,0,1
501349,101176,SKU0089,WH_C,West,2025-01-08,2025-01-10,4,1,1
501350,101177,SKU0070,WH_C,West,2025-01-07,2025-01-09,3,1,1
501351,101178,SKU0027,WH_A,East,2025-01-07,2025-01-08,2,1,1
501352,101178,SKU0027,WH_A,East,2025-01-09,2025-01-11,5,1,1
501353,101179,SKU0031,WH_B,Central,2025-01-07,2025-01-10,4,1,1
501354,101180,SKU0045,WH_A,East,2025-01-07,2025-01-08,2,1,1
501355,101181,SKU0045,WH_B,Central,2025-01-09,2025-01-13,7,1,0
501356,101182,SKU0050,WH_A,East,2025-01-08,2025-01-10,4,1,1
501357,101182,SKU0050,WH_A,East,2025-01-07,2025-01-09,3,0,1
501358,101183,SKU0077,WH_A,East,2025-01-07,2025-01-10,4,2,1
501359,101184,SKU0088,WH_B,Central,2025-01-07,2025-01-08,2,6,1
501360,101185,SKU0009,WH_C,West,2025-01-06,2025-01-08,2,1,1
501361,101186,SKU0077,WH_B,Central,2025-01-08,2025-01-13,7,3,0
501362,101187,SKU0031,WH_C,West,2025-01-08,2025-01-09,3,5,1
501363,101188,SKU0007,WH_C,West,2025-01-06,2025-01-08,2,5,1
501364,101189,SKU0059,WH_A,East,2025-01-06,2025-01-07,1,4,1
501365,101190,SKU0068,WH_C,West,2025-01-06,2025-01-07,1,2,1
501366,101191,SKU0091,WH_C,West,2025-01-07,2025-01-09,3,2,1
501367,101192,SKU0093,WH_B,Central,2025-01-06,2025-01-08,2,4,1
501368,101193,SKU0043,WH_A,East,2025-01-06,2025-01-09,3,1,1
501369,101193,SKU0043,WH_A,East,2025-01-06,2025-01-07,1,1,1
501370,101194,SKU0053,WH_B,Central,2025-01-07,2025-01-08,2,6,1
501371,101195,SKU0097,WH_B,Central,2025-01-07,2025-01-08,2,4,1
501372,101196,SKU0048,WH_A,East,2025-01-06,2025-01-07,1,1,1
501373,101196,SKU0048,WH_A,East,2025-01-06,2025-01-07,1,4,1
501374,101197,SKU0001,WH_A,East,2025-01-06,2025-01-08,2,2,1
501375,101197,SKU0001,WH_A,East,2025-01-07,2025-01-08,2,1,1
501376,101198,SKU0094,WH_B,Central,2025-01-07,2025-01-14,8,2,0
501377,101198,SKU0094,WH_B,Central,2025-01-06,2025-01-07,1,2,1
501378,101199,SKU0013,WH_B,Central,2025-01-08,2025-01-10,4,3,1
501379,101200,SKU0089,WH_B,Central,2025-01-08,2025-01-10,4,3,1
501380,101201,SKU0066,WH_A,East,2025-01-06,2025-01-08,2,1,1
501381,101201,SKU0066,WH_A,East,2025-01-07,2025-01-09,3,0,1
501382,101202,SKU0013,WH_B,Central,2025-01-06,2025-01-13,7,5,0
501383,101203,SKU0017,WH_C,West,2025-01-07,2025-01-10,4,7,1
501384,101204,SKU0080,WH_B,Central,2025-01-07,2025-01-08,2,1,1
501385,101204,SKU0080,WH_B,Central,2025-01-07,2025-01-13,7,0,0
501386,101205,SKU0044,WH_B,Central,2025-01-07,2025-01-08,2,1,1
501387,101206,SKU0058,WH_C,West,2025-01-06,2025-01-07,1,3,1
501388,101207,SKU0038,WH_B,Central,2025-01-07,2025-01-08,2,1,1
501389,101208,SKU0018,WH_B,Central,2025-01-06,2025-01-08,2,1,1
501390,101209,SKU0026,WH_C,West,2025-01-07,2025-01-09,3,1,1
501391,101210,SKU0026,WH_A,East,2025-01-07,2025-01-08,2,1,1
501392,101211,SKU0031,WH_B,Central,2025-01-06,2025-01-10,4,2,0
501393,101212,SKU0052,WH_C,West,2025-01-08,2025-01-12,6,1,0
501394,101213,SKU0058,WH_B,Central,2025-01-06,2025-01-07,1,10,1
501395,101214,SKU0037,WH_B,Central,2025-01-07,2025-01-11,5,1,0
501396,101215,SKU0024,WH_B,Central,2025-01-06,2025-01-11,5,1,0
501397,101216,SKU0063,WH_A,East,2025-01-06,2025-01-07,1,1,1
501398,101217,SKU0069,WH_C,West,2025-01-06,2025-01-07,1,7,1
501399,101218,SKU0027,WH_A,East,2025-01-08,2025-01-10,4,3,1
501400,101219,SKU0026,WH_A,East,2025-01-06,2025-01-07,1,1,1
501401,101220,SKU0087,WH_B,Central,2025-01-07,2025-01-08,1,1,1
501402,101221,SKU0088,WH_C,West,2025-01-07,2025-01-08,1,4,1
501403,101222,SKU0062,WH_C,West,2025-01-07,2025-01-14,7,2,0
501404,101223,SKU0071,WH_C,West,2025-01-07,2025-01-10,3,1,1
501405,101224,SKU0007,WH_B,Central,2025-01-08,2025-01-13,6,3,0
501406,101225,SKU0066,WH_B,Central,2025-01-07,2025-01-09,2,5,1
501407,101226,SKU0070,WH_B,Central,2025-01-07,2025-01-09,2,1,1
501408,101227,SKU0084,WH_A,East,2025-01-07,2025-01-08,1,1,1
501409,101228,SKU0086,WH_B,Central,2025-01-08,2025-01-09,2,1,1
501410,101229,SKU0034,WH_C,West,2025-01-09,2025-01-10,3,4,1
501411,101230,SKU0087,WH_B,Central,2025-01-08,2025-01-11,4,1,1
501412,101231,SKU0007,WH_C,West,2025-01-07,2025-01-12,5,2,0
501413,101232,SKU0077,WH_B,Central,2025-01-07,2025-01-14,7,9,0
501414,101232,SKU0077,WH_B,Central,2025-01-07,2025-01-10,3,5,1
501415,101233,SKU0028,WH_C,West,2025-01-07,2025-01-09,2,1,1
501416,101234,SKU0078,WH_A,East,2025-01-07,2025-01-09,2,1,1
501417,101234,SKU0078,WH_A,East,2025-01-07,2025-01-10,3,0,1
501418,101235,SKU0014,WH_B,Central,2025-01-09,2025-01-10,3,1,1
501419,101236,SKU0069,WH_B,Central,2025-01-07,2025-01-09,2,1,1
501420,101237,SKU0072,WH_B,Central,2025-01-08,2025-01-09,2,1,1
501421,101237,SKU0072,WH_B,Central,2025-01-09,2025-01-12,5,0,1
501422,101238,SKU0032,WH_C,West,2025-01-08,2025-01-11,4,2,1
501423,101239,SKU0018,WH_A,East,2025-01-11,2025-01-16,9,1,0
501424,101240,SKU0016,WH_C,West,2025-01-08,2025-01-10,3,1,1
501425,101240,SKU0016,WH_C,West,2025-01-08,2025-01-10,3,0,1
501426,101241,SKU0077,WH_C,West,2025-01-07,2025-01-10,3,1,1
501427,101242,SKU0054,WH_A,East,2025-01-11,2025-01-12,5,1,1
501428,101242,SKU0054,WH_A,East,2025-01-07,2025-01-08,1,0,1
501429,101243,SKU0070,WH_B,Central,2025-01-09,2025-01-11,4,1,1
501430,101244,SKU0039,WH_C,West,2025-01-08,2025-01-10,3,1,1
501431,101245,SKU0063,WH_C,West,2025-01-09,2025-01-11,4,1,1
501432,101246,SKU0056,WH_B,Central,2025-01-08,2025-01-09,2,1,1
501433,101246,SKU0056,WH_B,Central,2025-01-08,2025-01-09,2,1,1
501434,101247,SKU0054,WH_B,Central,2025-01-09,2025-01-12,5,1,1
501435,101248,SKU0020,WH_C,West,2025-01-07,2025-01-08,1,10,1
501436,101249,SKU0026,WH_B,Central,2025-01-07,2025-01-08,1,1,1
501437,101249,SKU0026,WH_B,Central,2025-01-08,2025-01-15,8,0,0
501438,101250,SKU0049,WH_A,East,2025-01-08,2025-01-09,2,1,1
501439,101251,SKU0081,WH_A,East,2025-01-08,2025-01-12,5,5,0
501440,101252,SKU0036,WH_B,Central,2025-01-10,2025-01-11,4,1,1
501441,101252,SKU0036,WH_B,Central,2025-01-08,2025-01-10,3,0,1
501442,101253,SKU0020,WH_C,West,2025-01-07,2025-01-09,2,1,1
501443,101254,SKU0054,WH_B,Central,2025-01-07,2025-01-08,1,1,1
501444,101255,SKU0041,WH_C,West,2025-01-07,2025-01-09,2,4,1
501445,101256,SKU0041,WH_A,East,2025-01-09,2025-01-10,3,1,1
501446,101256,SKU0041,WH_A,East,2025-01-08,2025-01-09,2,2,1
501447,101257,SKU0049,WH_B,Central,2025-01-07,2025-01-14,7,1,0
501448,101258,SKU0048,WH_A,East,2025-01-08,2025-01-11,4,2,1
501449,101259,SKU0075,WH_C,West,2025-01-08,2025-01-09,2,1,1
501450,101260,SKU0020,WH_A,East,2025-01-08,2025-01-10,3,6,1
501451,101261,SKU0070,WH_C,West,2025-01-09,2025-01-11,4,1,1
501452,101262,SKU0091,WH_B,Central,2025-01-08,2025-01-12,5,1,0
501453,101263,SKU0085,WH_B,Central,2025-01-09,2025-01-11,4,5,1
501454,101264,SKU0042,WH_C,West,2025-01-07,2025-01-11,4,1,0
501455,101264,SKU0042,WH_C,West,2025-01-07,2025-01-08,1,1,1
501456,101265,SKU0013,WH_A,East,2025-01-07,2025-01-08,1,4,1
501457,101266,SKU0075,WH_B,Central,2025-01-08,2025-01-13,6,1,0
501458,101267,SKU0062,WH_B,Central,2025-01-07,2025-01-10,3,4,1
501459,101268,SKU0073,WH_B,Central,2025-01-07,2025-01-09,2,1,1
501460,101269,SKU0044,WH_C,West,2025-01-08,2025-01-11,4,1,1
501461,101270,SKU0040,WH_C,West,2025-01-07,2025-01-08,1,4,1
501462,101271,SKU0008,WH_A,East,2025-01-10,2025-01-11,4,1,1
501463,101272,SKU0032,WH_B,Central,2025-01-07,2025-01-09,2,1,1
501464,101273,SKU0063,WH_A,East,2025-01-09,2025-01-11,4,1,1
501465,101273,SKU0063,WH_A,East,2025-01-08,2025-01-11,4,0,1
501466,101274,SKU0026,WH_B,Central,2025-01-09,2025-01-10,3,1,1
501467,101274,SKU0026,WH_B,Central,2025-01-07,2025-01-08,1,0,1
501468,101275,SKU0098,WH_C,West,2025-01-07,2025-01-08,1,12,1
501469,101275,SKU0098,WH_C,West,2025-01-08,2025-01-13,6,1,0
501470,101276,SKU0043,WH_A,East,2025-01-08,2025-01-09,2,4,1
501471,101277,SKU0069,WH_A,East,2025-01-08,2025-01-10,3,1,1
501472,101277,SKU0069,WH_A,East,2025-01-09,2025-01-15,8,0,0
501473,101278,SKU0085,WH_A,East,2025-01-08,2025-01-10,3,1,1
501474,101279,SKU0027,WH_B,Central,2025-01-08,2025-01-12,5,1,0
501475,101280,SKU0036,WH_B,Central,2025-01-07,2025-01-08,1,1,1
501476,101280,SKU0036,WH_B,Central,2025-01-07,2025-01-10,3,1,1
501477,101281,SKU0034,WH_B,Central,2025-01-07,2025-01-08,1,1,1
501478,101282,SKU0070,WH_A,East,2025-01-07,2025-01-09,2,1,1
501479,101282,SKU0070,WH_A,East,2025-01-07,2025-01-10,3,4,1
501480,101283,SKU0032,WH_A,East,2025-01-08,2025-01-13,6,3,0
501481,101284,SKU0051,WH_C,West,2025-01-07,2025-01-09,2,1,1
501482,101285,SKU0003,WH_B,Central,2025-01-07,2025-01-08,1,9,1
501483,101285,SKU0003,WH_B,Central,2025-01-07,2025-01-08,1,2,1
501484,101286,SKU0030,WH_A,East,2025-01-08,2025-01-09,2,1,1
501485,101287,SKU0078,WH_A,East,2025-01-07,2025-01-10,3,1,1
501486,101288,SKU0035,WH_A,East,2025-01-08,2025-01-09,2,1,1
501487,101289,SKU0029,WH_C,West,2025-01-10,2025-01-11,4,2,1
501488,101290,SKU0082,WH_A,East,2025-01-07,2025-01-08,1,2,1
501489,101291,SKU0007,WH_C,West,2025-01-07,2025-01-08,1,6,1
501490,101292,SKU0052,WH_A,East,2025-01-08,2025-01-13,6,2,0
501491,101293,SKU0019,WH_A,East,2025-01-07,2025-01-08,1,1,1
501492,101294,SKU0012,WH_B,Central,2025-01-09,2025-01-10,3,2,1
501493,101294,SKU0012,WH_B,Central,2025-01-07,2025-01-08,1,1,1
501494,101295,SKU0009,WH_A,East,2025-01-07,2025-01-09,2,4,1
501495,101296,SKU0061,WH_A,East,2025-01-08,2025-01-10,3,7,1
501496,101297,SKU0083,WH_B,Central,2025-01-11,2025-01-12,5,5,1
501497,101298,SKU0048,WH_B,Central,2025-01-08,2025-01-09,2,11,1
501498,101299,SKU0067,WH_A,East,2025-01-07,2025-01-08,1,3,1
501499,101300,SKU0088,WH_A,East,2025-01-10,2025-01-13,6,2,1
501500,101301,SKU0080,WH_B,Central,2025-01-07,2025-01-13,6,1,0
501501,101302,SKU0087,WH_A,East,2025-01-08,2025-01-14,7,1,0
501502,101303,SKU0056,WH_A,East,2025-01-08,2025-01-09,2,1,1
501503,101304,SKU0089,WH_A,East,2025-01-08,2025-01-15,8,1,0
501504,101305,SKU0033,WH_A,East,2025-01-07,2025-01-10,3,1,1
501505,101306,SKU0023,WH_B,Central,2025-01-07,2025-01-09,2,1,1
501506,101307,SKU0025,WH_C,West,2025-01-07,2025-01-08,1,8,1
501507,101307,SKU0025,WH_C,West,2025-01-08,2025-01-09,2,2,1
501508,101308,SKU0075,WH_C,West,2025-01-07,2025-01-09,2,1,1
501509,101308,SKU0075,WH_C,West,2025-01-10,2025-01-11,4,0,1
501510,101309,SKU0082,WH_A,East,2025-01-07,2025-01-08,1,7,1
501511,101310,SKU0011,WH_B,Central,2025-01-07,2025-01-09,2,2,1
501512,101311,SKU0030,WH_B,Central,2025-01-11,2025-01-13,6,7,1
501513,101312,SKU0033,WH_C,West,2025-01-07,2025-01-10,3,4,1
501514,101313,SKU0007,WH_B,Central,2025-01-07,2025-01-08,1,6,1
501515,101314,SKU0067,WH_B,Central,2025-01-08,2025-01-09,2,10,1
501516,101315,SKU0058,WH_C,West,2025-01-07,2025-01-08,1,1,1
501517,101315,SKU0058,WH_C,West,2025-01-09,2025-01-10,3,0,1
501518,101316,SKU0045,WH_A,East,2025-01-07,2025-01-08,1,1,1
501519,101316,SKU0045,WH_A,East,2025-01-07,2025-01-09,2,2,1
501520,101317,SKU0010,WH_C,West,2025-01-09,2025-01-11,4,1,1
501521,101317,SKU0010,WH_C,West,2025-01-08,2025-01-09,2,4,1
501522,101318,SKU0001,WH_B,Central,2025-01-07,2025-01-08,1,7,1
501523,101319,SKU0066,WH_A,East,2025-01-07,2025-01-12,5,1,0
501524,101319,SKU0066,WH_A,East,2025-01-07,2025-01-09,2,0,1
501525,101320,SKU0056,WH_A,East,2025-01-09,2025-01-11,4,1,1
501526,101321,SKU0007,WH_A,East,2025-01-07,2025-01-08,1,1,1
501527,101322,SKU0093,WH_A,East,2025-01-07,2025-01-10,3,1,1
501528,101323,SKU0038,WH_C,West,2025-01-09,2025-01-12,5,8,1
501529,101324,SKU0087,WH_C,West,2025-01-07,2025-01-08,1,8,1
501530,101325,SKU0088,WH_B,Central,2025-01-08,2025-01-14,7,1,0
501531,101326,SKU0052,WH_C,West,2025-01-08,2025-01-09,2,1,1
501532,101327,SKU0098,WH_B,Central,2025-01-07,2025-01-11,4,1,0
501533,101328,SKU0044,WH_B,Central,2025-01-07,2025-01-08,1,11,1
501534,101329,SKU0086,WH_A,East,2025-01-08,2025-01-09,2,1,1
501535,101330,SKU0067,WH_C,West,2025-01-07,2025-01-08,1,1,1
501536,101331,SKU0090,WH_B,Central,2025-01-10,2025-01-11,4,1,1
501537,101331,SKU0090,WH_B,Central,2025-01-10,2025-01-11,4,0,1
501538,101332,SKU0012,WH_B,Central,2025-01-09,2025-01-15,8,2,0
501539,101333,SKU0094,WH_A,East,2025-01-08,2025-01-11,4,3,1
501540,101334,SKU0014,WH_B,Central,2025-01-07,2025-01-09,2,4,1
501541,101335,SKU0045,WH_A,East,2025-01-08,2025-01-12,5,1,0
501542,101336,SKU0014,WH_A,East,2025-01-08,2025-01-09,2,1,1
501543,101336,SKU0014,WH_A,East,2025-01-07,2025-01-11,4,0,0
501544,101337,SKU0083,WH_C,West,2025-01-07,2025-01-09,2,4,1
501545,101338,SKU0028,WH_C,West,2025-01-07,2025-01-08,1,1,1
501546,101339,SKU0059,WH_A,East,2025-01-07,2025-01-11,4,1,0
501547,101340,SKU0061,WH_A,East,2025-01-09,2025-01-11,4,4,1
501548,101341,SKU0008,WH_B,Central,2025-01-08,2025-01-10,3,2,1
501549,101342,SKU0018,WH_B,Central,2025-01-07,2025-01-10,3,5,1
501550,101343,SKU0096,WH_B,Central,2025-01-11,2025-01-12,5,1,1
501551,101344,SKU0080,WH_B,Central,2025-01-11,2025-01-18,11,1,0
501552,101345,SKU0044,WH_B,Central,2025-01-07,2025-01-12,5,6,0
501553,101345,SKU0044,WH_B,Central,2025-01-08,2025-01-10,3,1,1
501554,101346,SKU0055,WH_A,East,2025-01-07,2025-01-09,2,2,1
501555,101347,SKU0058,WH_C,West,2025-01-09,2025-01-10,3,1,1
501556,101348,SKU0051,WH_A,East,2025-01-08,2025-01-11,4,1,1
501557,101349,SKU0012,WH_A,East,2025-01-07,2025-01-12,5,1,0
501558,101350,SKU0002,WH_B,Central,2025-01-10,2025-01-12,5,1,1
501559,101350,SKU0002,WH_B,Central,2025-01-07,2025-01-12,5,1,0
501560,101351,SKU0073,WH_B,Central,2025-01-09,2025-01-10,3,4,1
501561,101352,SKU0020,WH_C,West,2025-01-08,2025-01-09,2,3,1
501562,101353,SKU0098,WH_C,West,2025-01-07,2025-01-08,1,6,1
501563,101354,SKU0092,WH_A,East,2025-01-07,2025-01-11,4,2,0
501564,101355,SKU0089,WH_C,West,2025-01-07,2025-01-10,3,1,1
501565,101356,SKU0096,WH_C,West,2025-01-10,2025-01-12,5,1,1
501566,101357,SKU0037,WH_B,Central,2025-01-09,2025-01-14,7,1,0
501567,101357,SKU0037,WH_B,Central,2025-01-08,2025-01-11,4,0,1
501568,101358,SKU0030,WH_C,West,2025-01-07,2025-01-09,2,1,1
501569,101359,SKU0008,WH_B,Central,2025-01-07,2025-01-09,2,1,1
501570,101360,SKU0076,WH_C,West,2025-01-07,2025-01-12,5,12,0
501571,101361,SKU0098,WH_B,Central,2025-01-09,2025-01-10,3,1,1
501572,101362,SKU0096,WH_A,East,2025-01-08,2025-01-14,7,1,0
501573,101363,SKU0073,WH_C,West,2025-01-08,2025-01-12,5,1,0
501574,101364,SKU0001,WH_C,West,2025-01-07,2025-01-09,2,7,1
501575,101365,SKU0069,WH_C,West,2025-01-07,2025-01-08,1,5,1
501576,101365,SKU0069,WH_C,West,2025-01-10,2025-01-11,4,7,1
501577,101366,SKU0088,WH_B,Central,2025-01-07,2025-01-10,3,9,1
501578,101367,SKU0008,WH_C,West,2025-01-08,2025-01-10,3,1,1
501579,101368,SKU0021,WH_C,West,2025-01-09,2025-01-13,6,1,0
501580,101369,SKU0091,WH_A,East,2025-01-10,2025-01-12,5,1,1
501581,101370,SKU0025,WH_A,East,2025-01-08,2025-01-09,2,1,1
501582,101371,SKU0036,WH_A,East,2025-01-07,2025-01-08,1,1,1
501583,101372,SKU0019,WH_C,West,2025-01-08,2025-01-09,2,10,1
501584,101373,SKU0011,WH_C,West,2025-01-09,2025-01-12,5,2,1
501585,101374,SKU0035,WH_B,Central,2025-01-07,2025-01-08,1,1,1
501586,101375,SKU0062,WH_C,West,2025-01-08,2025-01-12,5,4,0
501587,101376,SKU0065,WH_A,East,2025-01-09,2025-01-11,4,1,1
501588,101376,SKU0065,WH_A,East,2025-01-07,2025-01-11,4,1,0
501589,101377,SKU0009,WH_C,West,2025-01-08,2025-01-12,5,1,0
501590,101378,SKU0060,WH_C,West,2025-01-07,2025-01-10,3,4,1
501591,101379,SKU0060,WH_C,West,2025-01-10,2025-01-11,4,2,1
501592,101380,SKU0100,WH_B,Central,2025-01-08,2025-01-09,2,1,1
501593,101381,SKU0066,WH_B,Central,2025-01-07,2025-01-09,2,1,1
501594,101382,SKU0007,WH_B,Central,2025-01-09,2025-01-10,3,1,1
501595,101383,SKU0007,WH_B,Central,2025-01-11,2025-01-14,7,1,1
501596,101383,SKU0007,WH_B,Central,2025-01-07,2025-01-09,2,0,1
501597,101384,SKU0032,WH_C,West,2025-01-07,2025-01-11,4,1,0
501598,101385,SKU0013,WH_C,West,2025-01-07,2025-01-09,2,1,1
501599,101386,SKU0083,WH_C,West,2025-01-07,2025-01-08,1,6,1
501600,101387,SKU0031,WH_B,Central,2025-01-08,2025-01-09,2,3,1
501601,101387,SKU0031,WH_B,Central,2025-01-07,2025-01-08,1,3,1
501602,101388,SKU0079,WH_A,East,2025-01-07,2025-01-10,3,3,1
501603,101389,SKU0058,WH_A,East,2025-01-08,2025-01-11,4,1,1
501604,101389,SKU0058,WH_A,East,2025-01-07,2025-01-08,1,0,1
501605,101390,SKU0088,WH_A,East,2025-01-09,2025-01-10,3,1,1
501606,101391,SKU0083,WH_A,East,2025-01-07,2025-01-08,1,1,1
501607,101392,SKU0076,WH_B,Central,2025-01-07,2025-01-09,2,7,1
501608,101393,SKU0099,WH_B,Central,2025-01-07,2025-01-09,2,1,1
501609,101394,SKU0100,WH_B,Central,2025-01-08,2025-01-12,5,5,0
501610,101395,SKU0063,WH_A,East,2025-01-07,2025-01-08,1,1,1
501611,101395,SKU0063,WH_A,East,2025-01-07,2025-01-09,2,1,1
501612,101396,SKU0061,WH_B,Central,2025-01-07,2025-01-08,1,1,1
501613,101396,SKU0061,WH_B,Central,2025-01-07,2025-01-10,3,0,1
501614,101397,SKU0085,WH_A,East,2025-01-07,2025-01-11,4,1,0
501615,101398,SKU0027,WH_B,Central,2025-01-07,2025-01-09,2,2,1
501616,101399,SKU0021,WH_A,East,2025-01-10,2025-01-16,9,7,0
501617,101399,SKU0021,WH_A,East,2025-01-07,2025-01-08,1,5,1
501618,101400,SKU0086,WH_B,Central,2025-01-10,2025-01-11,3,4,1
501619,101401,SKU0095,WH_B,Central,2025-01-11,2025-01-14,6,4,1
501620,101402,SKU0034,WH_C,West,2025-01-11,2025-01-14,6,4,1
501621,101402,SKU0034,WH_C,West,2025-01-12,2025-01-14,6,6,1
501622,101403,SKU0099,WH_C,West,2025-01-08,2025-01-10,2,1,1
501623,101404,SKU0036,WH_A,East,2025-01-08,2025-01-10,2,7,1
501624,101405,SKU0078,WH_C,West,2025-01-10,2025-01-12,4,1,1
501625,101406,SKU0075,WH_C,West,2025-01-09,2025-01-10,2,1,1
501626,101407,SKU0068,WH_C,West,2025-01-12,2025-01-13,5,4,1
501627,101408,SKU0055,WH_C,West,2025-01-08,2025-01-11,3,1,1
501628,101409,SKU0065,WH_C,West,2025-01-10,2025-01-12,4,7,1
501629,101410,SKU0097,WH_A,East,2025-01-09,2025-01-11,3,7,1
501630,101411,SKU0080,WH_C,West,2025-01-08,2025-01-12,4,4,0
501631,101411,SKU0080,WH_C,West,2025-01-09,2025-01-11,3,2,1
501632,101412,SKU0050,WH_A,East,2025-01-08,2025-01-09,1,3,1
501633,101412,SKU0050,WH_A,East,2025-01-09,2025-01-14,6,6,0
501634,101413,SKU0028,WH_C,West,2025-01-09,2025-01-11,3,1,1
501635,101413,SKU0028,WH_C,West,2025-01-08,2025-01-13,5,0,0
501636,101414,SKU0034,WH_B,Central,2025-01-08,2025-01-09,1,3,1
501637,101415,SKU0100,WH_C,West,2025-01-08,2025-01-10,2,1,1
501638,101416,SKU0058,WH_A,East,2025-01-11,2025-01-12,4,4,1
501639,101417,SKU0072,WH_A,East,2025-01-09,2025-01-10,2,2,1
501640,101418,SKU0034,WH_C,West,2025-01-08,2025-01-11,3,1,1
501641,101419,SKU0090,WH_C,West,2025-01-10,2025-01-12,4,1,1
501642,101420,SKU0068,WH_C,West,2025-01-09,2025-01-14,6,6,0
501643,101421,SKU0010,WH_C,West,2025-01-11,2025-01-12,4,2,1
501644,101422,SKU0057,WH_B,Central,2025-01-08,2025-01-11,3,1,1
501645,101423,SKU0057,WH_B,Central,2025-01-09,2025-01-11,3,1,1
501646,101423,SKU0057,WH_B,Central,2025-01-08,2025-01-10,2,0,1
501647,101424,SKU0024,WH_B,Central,2025-01-08,2025-01-09,1,3,1
501648,101425,SKU0058,WH_C,West,2025-01-09,2025-01-12,4,1,1
501649,101426,SKU0082,WH_B,Central,2025-01-08,2025-01-12,4,1,0
501650,101427,SKU0045,WH_A,East,2025-01-08,2025-01-10,2,7,1
501651,101428,SKU0087,WH_C,West,2025-01-11,2025-01-12,4,6,1
501652,101429,SKU0016,WH_C,West,2025-01-08,2025-01-10,2,3,1
501653,101430,SKU0092,WH_A,East,2025-01-08,2025-01-09,1,2,1
501654,101431,SKU0051,WH_C,West,2025-01-11,2025-01-12,4,1,1
501655,101432,SKU0054,WH_C,West,2025-01-08,2025-01-13,5,2,0
501656,101433,SKU0027,WH_C,West,2025-01-08,2025-01-11,3,1,1
501657,101434,SKU0061,WH_A,East,2025-01-08,2025-01-13,5,3,0
501658,101435,SKU0002,WH_C,West,2025-01-08,2025-01-11,3,4,1
501659,101436,SKU0052,WH_B,Central,2025-01-10,2025-01-11,3,1,1
501660,101437,SKU0059,WH_A,East,2025-01-10,2025-01-13,5,3,1
501661,101438,SKU0078,WH_C,West,2025-01-11,2025-01-16,8,1,0
501662,101438,SKU0078,WH_C,West,2025-01-08,2025-01-10,2,0,1
501663,101439,SKU0083,WH_A,East,2025-01-11,2025-01-12,4,7,1
501664,101440,SKU0052,WH_A,East,2025-01-09,2025-01-10,2,9,1
501665,101441,SKU0072,WH_C,West,2025-01-09,2025-01-12,4,1,1
501666,101442,SKU0005,WH_B,Central,2025-01-09,2025-01-16,8,5,0
501667,101443,SKU0022,WH_B,Central,2025-01-08,2025-01-10,2,4,1
501668,101444,SKU0076,WH_A,East,2025-01-08,2025-01-14,6,2,0
501669,101445,SKU0037,WH_B,Central,2025-01-11,2025-01-18,10,1,0
501670,101445,SKU0037,WH_B,Central,2025-01-12,2025-01-17,9,0,0
501671,101446,SKU0056,WH_B,Central,2025-01-11,2025-01-12,4,1,1
501672,101447,SKU0069,WH_B,Central,2025-01-08,2025-01-13,5,2,0
501673,101447,SKU0069,WH_B,Central,2025-01-09,2025-01-13,5,3,0
501674,101448,SKU0021,WH_A,East,2025-01-09,2025-01-10,2,2,1
501675,101449,SKU0026,WH_B,Central,2025-01-10,2025-01-13,5,2,1
501676,101450,SKU0056,WH_C,West,2025-01-09,2025-01-11,3,1,1
501677,101451,SKU0026,WH_A,East,2025-01-09,2025-01-11,3,8,1
501678,101452,SKU0060,WH_C,West,2025-01-10,2025-01-15,7,3,0
501679,101453,SKU0012,WH_A,East,2025-01-08,2025-01-09,1,1,1
501680,101454,SKU0032,WH_C,West,2025-01-08,2025-01-11,3,3,1
501681,101455,SKU0056,WH_A,East,2025-01-10,2025-01-11,3,3,1
501682,101456,SKU0085,WH_B,Central,2025-01-08,2025-01-12,4,6,0
501683,101457,SKU0050,WH_A,East,2025-01-08,2025-01-09,1,2,1
501684,101457,SKU0050,WH_A,East,2025-01-08,2025-01-13,5,3,0
501685,101458,SKU0004,WH_A,East,2025-01-08,2025-01-09,1,2,1
501686,101459,SKU0082,WH_A,East,2025-01-11,2025-01-12,4,1,1
501687,101459,SKU0082,WH_A,East,2025-01-09,2025-01-10,2,0,1
501688,101460,SKU0066,WH_C,West,2025-01-09,2025-01-10,2,2,1
501689,101461,SKU0078,WH_C,West,2025-01-09,2025-01-11,3,3,1
501690,101461,SKU0078,WH_C,West,2025-01-09,2025-01-12,4,1,1
501691,101462,SKU0069,WH_B,Central,2025-01-11,2025-01-13,5,4,1
501692,101463,SKU0051,WH_A,East,2025-01-09,2025-01-15,7,2,0
501693,101464,SKU0088,WH_B,Central,2025-01-08,2025-01-09,1,1,1
501694,101465,SKU0068,WH_A,East,2025-01-09,2025-01-11,3,1,1
501695,101466,SKU0033,WH_A,East,2025-01-08,2025-01-10,2,4,1
501696,101467,SKU0058,WH_A,East,2025-01-11,2025-01-12,4,1,1
501697,101468,SKU0085,WH_B,Central,2025-01-08,2025-01-09,1,4,1
501698,101469,SKU0028,WH_A,East,2025-01-10,2025-01-11,3,1,1
501699,101470,SKU0016,WH_C,West,2025-01-08,2025-01-14,6,2,0
501700,101471,SKU0077,WH_C,West,2025-01-09,2025-01-13,5,1,0
501701,101472,SKU0098,WH_B,Central,2025-01-08,2025-01-10,2,13,1
501702,101473,SKU0007,WH_C,West,2025-01-10,2025-01-17,9,1,0
501703,101474,SKU0006,WH_A,East,2025-01-09,2025-01-14,6,2,0
501704,101475,SKU0013,WH_A,East,2025-01-10,2025-01-12,4,4,1
501705,101476,SKU0059,WH_A,East,2025-01-11,2025-01-12,4,1,1
501706,101477,SKU0081,WH_A,East,2025-01-10,2025-01-11,3,4,1
501707,101478,SKU0010,WH_C,West,2025-01-08,2025-01-11,3,1,1
501708,101479,SKU0052,WH_A,East,2025-01-11,2025-01-12,4,1,1
501709,101480,SKU0026,WH_C,West,2025-01-09,2025-01-12,4,2,1
501710,101481,SKU0060,WH_C,West,2025-01-08,2025-01-09,1,12,1
501711,101482,SKU0093,WH_A,East,2025-01-08,2025-01-10,2,1,1
501712,101483,SKU0068,WH_C,West,2025-01-09,2025-01-10,2,1,1
501713,101484,SKU0014,WH_B,Central,2025-01-10,2025-01-12,4,1,1
501714,101485,SKU0079,WH_C,West,2025-01-10,2025-01-12,4,1,1
501715,101486,SKU0057,WH_B,Central,2025-01-08,2025-01-09,1,1,1
501716,101487,SKU0092,WH_C,West,2025-01-08,2025-01-10,2,1,1
501717,101488,SKU0007,WH_A,East,2025-01-08,2025-01-10,2,3,1
501718,101489,SKU0017,WH_A,East,2025-01-10,2025-01-12,4,6,1
501719,101490,SKU0098,WH_A,East,2025-01-08,2025-01-12,4,1,0
501720,101490,SKU0098,WH_A,East,2025-01-09,2025-01-10,2,3,1
501721,101491,SKU0042,WH_B,Central,2025-01-08,2025-01-09,1,2,1
501722,101492,SKU0039,WH_C,West,2025-01-08,2025-01-13,5,1,0
501723,101492,SKU0039,WH_C,West,2025-01-09,2025-01-13,5,0,0
501724,101493,SKU0063,WH_B,Central,2025-01-10,2025-01-11,3,1,1
501725,101494,SKU0047,WH_A,East,2025-01-08,2025-01-14,6,1,0
501726,101495,SKU0023,WH_C,West,2025-01-08,2025-01-09,1,1,1
501727,101496,SKU0080,WH_C,West,2025-01-08,2025-01-10,2,6,1
501728,101497,SKU0039,WH_A,East,2025-01-08,2025-01-10,2,8,1
501729,101498,SKU0030,WH_A,East,2025-01-08,2025-01-09,1,1,1
501730,101498,SKU0030,WH_A,East,2025-01-08,2025-01-09,1,0,1
501731,101499,SKU0040,WH_A,East,2025-01-08,2025-01-10,2,14,1
501732,101500,SKU0081,WH_A,East,2025-01-11,2025-01-15,7,1,0
501733,101500,SKU0081,WH_A,East,2025-01-10,2025-01-13,5,0,1
501734,101501,SKU0049,WH_B,Central,2025-01-11,2025-01-17,9,1,0
501735,101502,SKU0065,WH_A,East,2025-01-09,2025-01-12,4,6,1
501736,101503,SKU0020,WH_C,West,2025-01-08,2025-01-09,1,4,1
501737,101504,SKU0086,WH_B,Central,2025-01-08,2025-01-11,3,4,1
501738,101505,SKU0065,WH_B,Central,2025-01-08,2025-01-12,4,1,0
501739,101506,SKU0062,WH_A,East,2025-01-08,2025-01-09,1,1,1
501740,101506,SKU0062,WH_A,East,2025-01-08,2025-01-11,3,0,1
501741,101507,SKU0077,WH_C,West,2025-01-08,2025-01-09,1,1,1
501742,101508,SKU0098,WH_A,East,2025-01-09,2025-01-14,6,2,0
501743,101509,SKU0065,WH_B,Central,2025-01-09,2025-01-11,3,1,1
501744,101509,SKU0065,WH_B,Central,2025-01-09,2025-01-12,4,1,1
501745,101510,SKU0024,WH_A,East,2025-01-08,2025-01-09,1,3,1
501746,101511,SKU0096,WH_B,Central,2025-01-11,2025-01-17,9,1,0
501747,101511,SKU0096,WH_B,Central,2025-01-09,2025-01-11,3,0,1
501748,101512,SKU0009,WH_C,West,2025-01-08,2025-01-11,3,1,1
501749,101512,SKU0009,WH_C,West,2025-01-08,2025-01-09,1,0,1
501750,101513,SKU0050,WH_B,Central,2025-01-08,2025-01-11,3,1,1
501751,101514,SKU0096,WH_A,East,2025-01-08,2025-01-09,1,1,1
501752,101515,SKU0006,WH_C,West,2025-01-09,2025-01-13,5,1,0
501753,101516,SKU0059,WH_C,West,2025-01-10,2025-01-12,4,1,1
501754,101517,SKU0092,WH_C,West,2025-01-09,2025-01-14,6,2,0
501755,101518,SKU0091,WH_B,Central,2025-01-10,2025-01-12,4,1,1
501756,101519,SKU0075,WH_C,West,2025-01-08,2025-01-13,5,2,0
501757,101520,SKU0009,WH_B,Central,2025-01-08,2025-01-11,3,1,1
501758,101521,SKU0010,WH_A,East,2025-01-10,2025-01-13,5,1,1
501759,101522,SKU0036,WH_C,West,2025-01-09,2025-01-10,2,4,1
501760,101523,SKU0037,WH_B,Central,2025-01-08,2025-01-11,3,1,1
501761,101524,SKU0026,WH_B,Central,2025-01-09,2025-01-10,2,1,1
501762,101525,SKU0015,WH_A,East,2025-01-08,2025-01-09,1,1,1
501763,101526,SKU0020,WH_B,Central,2025-01-09,2025-01-11,3,4,1
501764,101527,SKU0015,WH_C,West,2025-01-08,2025-01-09,1,3,1
501765,101528,SKU0048,WH_B,Central,2025-01-09,2025-01-10,2,2,1
501766,101529,SKU0018,WH_B,Central,2025-01-08,2025-01-09,1,1,1
501767,101530,SKU0067,WH_A,East,2025-01-10,2025-01-12,4,3,1
501768,101531,SKU0016,WH_A,East,2025-01-09,2025-01-10,2,12,1
501769,101532,SKU0093,WH_C,West,2025-01-08,2025-01-10,2,1,1
501770,101532,SKU0093,WH_C,West,2025-01-08,2025-01-13,5,0,0
501771,101533,SKU0039,WH_C,West,2025-01-09,2025-01-13,5,1,0
501772,101534,SKU0066,WH_A,East,2025-01-09,2025-01-10,2,7,1
501773,101535,SKU0027,WH_A,East,2025-01-09,2025-01-10,2,2,1
501774,101536,SKU0063,WH_C,West,2025-01-08,2025-01-10,2,1,1
501775,101537,SKU0052,WH_A,East,2025-01-08,2025-01-09,1,1,1
501776,101538,SKU0099,WH_A,East,2025-01-09,2025-01-11,3,13,1
501777,101539,SKU0037,WH_C,West,2025-01-10,2025-01-13,5,2,1
501778,101539,SKU0037,WH_C,West,2025-01-08,2025-01-12,4,2,0
501779,101540,SKU0038,WH_C,West,2025-01-11,2025-01-14,6,1,1
501780,101541,SKU0023,WH_A,East,2025-01-09,2025-01-10,2,3,1
501781,101542,SKU0089,WH_A,East,2025-01-12,2025-01-13,5,1,1
501782,101543,SKU0007,WH_A,East,2025-01-09,2025-01-11,3,1,1
501783,101544,SKU0012,WH_A,East,2025-01-08,2025-01-09,1,1,1
501784,101545,SKU0029,WH_A,East,2025-01-08,2025-01-11,3,3,1
501785,101546,SKU0031,WH_A,East,2025-01-11,2025-01-13,5,4,1
501786,101547,SKU0025,WH_B,Central,2025-01-09,2025-01-12,4,1,1
501787,101548,SKU0051,WH_C,West,2025-01-08,2025-01-14,6,1,0
501788,101549,SKU0003,WH_C,West,2025-01-08,2025-01-13,5,3,0
501789,101550,SKU0034,WH_C,West,2025-01-12,2025-01-13,5,3,1
501790,101551,SKU0014,WH_A,East,2025-01-10,2025-01-12,4,1,1
501791,101551,SKU0014,WH_A,East,2025-01-10,2025-01-11,3,0,1
501792,101552,SKU0048,WH_B,Central,2025-01-10,2025-01-12,4,4,1
501793,101553,SKU0095,WH_A,East,2025-01-09,2025-01-11,3,6,1
501794,101553,SKU0095,WH_A,East,2025-01-09,2025-01-10,2,3,1
501795,101554,SKU0006,WH_A,East,2025-01-11,2025-01-12,4,3,1
501796,101555,SKU0047,WH_B,Central,2025-01-10,2025-01-11,3,1,1
501797,101555,SKU0047,WH_B,Central,2025-01-10,2025-01-14,6,1,0
501798,101556,SKU0066,WH_B,Central,2025-01-08,2025-01-11,3,1,1
501799,101557,SKU0074,WH_B,Central,2025-01-08,2025-01-10,2,2,1
501800,101558,SKU0045,WH_A,East,2025-01-08,2025-01-09,1,2,1
501801,101559,SKU0041,WH_B,Central,2025-01-11,2025-01-13,5,1,1
501802,101559,SKU0041,WH_B,Central,2025-01-08,2025-01-10,2,0,1
501803,101560,SKU0065,WH_A,East,2025-01-12,2025-01-13,5,1,1
501804,101560,SKU0065,WH_A,East,2025-01-08,2025-01-10,2,1,1
501805,101561,SKU0007,WH_B,Central,2025-01-10,2025-01-14,6,1,0
501806,101562,SKU0086,WH_C,West,2025-01-09,2025-01-10,2,12,1
501807,101563,SKU0079,WH_B,Central,2025-01-09,2025-01-13,5,4,0
501808,101564,SKU0039,WH_A,East,2025-01-10,2025-01-12,4,1,1
501809,101565,SKU0045,WH_B,Central,2025-01-08,2025-01-09,1,10,1
501810,101566,SKU0022,WH_B,Central,2025-01-09,2025-01-12,4,2,1
501811,101566,SKU0022,WH_B,Central,2025-01-08,2025-01-09,1,1,1
501812,101567,SKU0003,WH_A,East,2025-01-11,2025-01-12,4,1,1
501813,101568,SKU0012,WH_A,East,2025-01-09,2025-01-11,3,1,1
501814,101569,SKU0087,WH_B,Central,2025-01-09,2025-01-10,2,1,1
501815,101569,SKU0087,WH_B,Central,2025-01-09,2025-01-11,3,0,1
501816,101570,SKU0005,WH_C,West,2025-01-10,2025-01-12,4,1,1
501817,101571,SKU0036,WH_A,East,2025-01-09,2025-01-11,3,1,1
501818,101572,SKU0005,WH_A,East,2025-01-12,2025-01-14,6,2,1
501819,101573,SKU0089,WH_C,West,2025-01-09,2025-01-10,2,2,1
501820,101574,SKU0049,WH_C,West,2025-01-08,2025-01-09,1,3,1
501821,101575,SKU0001,WH_A,East,2025-01-08,2025-01-10,2,1,1
501822,101575,SKU0001,WH_A,East,2025-01-08,2025-01-10,2,0,1
501823,101576,SKU0013,WH_C,West,2025-01-08,2025-01-09,1,4,1
501824,101577,SKU0094,WH_C,West,2025-01-08,2025-01-12,4,1,0
501825,101578,SKU0024,WH_C,West,2025-01-10,2025-01-12,4,4,1
501826,101579,SKU0014,WH_C,West,2025-01-09,2025-01-12,4,8,1
501827,101580,SKU0009,WH_A,East,2025-01-09,2025-01-11,2,1,1
501828,101581,SKU0022,WH_B,Central,2025-01-11,2025-01-13,4,1,1
501829,101582,SKU0098,WH_A,East,2025-01-10,2025-01-12,3,1,1
501830,101583,SKU0099,WH_C,West,2025-01-10,2025-01-13,4,5,1
501831,101584,SKU0063,WH_B,Central,2025-01-10,2025-01-11,2,1,1
501832,101585,SKU0031,WH_A,East,2025-01-09,2025-01-11,2,2,1
501833,101585,SKU0031,WH_A,East,2025-01-09,2025-01-10,1,1,1
501834,101586,SKU0088,WH_B,Central,2025-01-09,2025-01-10,1,5,1
501835,101587,SKU0004,WH_A,East,2025-01-09,2025-01-11,2,6,1
501836,101588,SKU0061,WH_B,Central,2025-01-10,2025-01-17,8,1,0
501837,101589,SKU0072,WH_A,East,2025-01-11,2025-01-15,6,1,0
501838,101590,SKU0007,WH_A,East,2025-01-11,2025-01-13,4,3,1
501839,101591,SKU0038,WH_B,Central,2025-01-09,2025-01-11,2,7,1
501840,101592,SKU0046,WH_A,East,2025-01-09,2025-01-11,2,1,1
501841,101593,SKU0007,WH_A,East,2025-01-09,2025-01-10,1,6,1
501842,101594,SKU0012,WH_B,Central,2025-01-10,2025-01-11,2,1,1
501843,101594,SKU0012,WH_B,Central,2025-01-09,2025-01-13,4,0,0
501844,101595,SKU0094,WH_B,Central,2025-01-09,2025-01-10,1,5,1
501845,101596,SKU0002,WH_B,Central,2025-01-09,2025-01-12,3,2,1
501846,101597,SKU0014,WH_B,Central,2025-01-09,2025-01-13,4,1,0
501847,101598,SKU0018,WH_C,West,2025-01-09,2025-01-10,1,4,1
501848,101599,SKU0034,WH_B,Central,2025-01-09,2025-01-11,2,3,1
501849,101599,SKU0034,WH_B,Central,2025-01-11,2025-01-13,4,1,1
501850,101600,SKU0073,WH_A,East,2025-01-09,2025-01-11,2,1,1
501851,101601,SKU0038,WH_B,Central,2025-01-11,2025-01-12,3,4,1
501852,101602,SKU0021,WH_A,East,2025-01-10,2025-01-11,2,2,1
501853,101603,SKU0029,WH_B,Central,2025-01-10,2025-01-15,6,3,0
501854,101604,SKU0050,WH_C,West,2025-01-10,2025-01-16,7,1,0
501855,101604,SKU0050,WH_C,West,2025-01-10,2025-01-16,7,1,0
501856,101605,SKU0052,WH_A,East,2025-01-10,2025-01-13,4,1,1
501857,101606,SKU0065,WH_B,Central,2025-01-11,2025-01-12,3,1,1
501858,101607,SKU0007,WH_C,West,2025-01-09,2025-01-10,1,8,1
501859,101608,SKU0082,WH_B,Central,2025-01-09,2025-01-14,5,7,0
501860,101609,SKU0026,WH_A,East,2025-01-09,2025-01-10,1,1,1
501861,101610,SKU0005,WH_A,East,2025-01-09,2025-01-11,2,2,1
501862,101611,SKU0049,WH_A,East,2025-01-10,2025-01-12,3,1,1
501863,101611,SKU0049,WH_A,East,2025-01-10,2025-01-12,3,0,1
501864,101612,SKU0051,WH_A,East,2025-01-13,2025-01-14,5,2,1
501865,101613,SKU0028,WH_C,West,2025-01-09,2025-01-13,4,4,0
501866,101614,SKU0045,WH_C,West,2025-01-09,2025-01-12,3,1,1
501867,101615,SKU0041,WH_B,Central,2025-01-09,2025-01-10,1,14,1
501868,101616,SKU0006,WH_A,East,2025-01-09,2025-01-12,3,2,1
501869,101617,SKU0076,WH_C,West,2025-01-09,2025-01-11,2,1,1
501870,101618,SKU0074,WH_A,East,2025-01-10,2025-01-13,4,2,1
501871,101619,SKU0054,WH_A,East,2025-01-09,2025-01-11,2,1,1
501872,101620,SKU0007,WH_A,East,2025-01-11,2025-01-12,3,2,1
501873,101621,SKU0049,WH_B,Central,2025-01-13,2025-01-15,6,3,1
501874,101622,SKU0023,WH_C,West,2025-01-09,2025-01-10,1,1,1
501875,101622,SKU0023,WH_C,West,2025-01-09,2025-01-12,3,0,1
501876,101623,SKU0047,WH_B,Central,2025-01-10,2025-01-11,2,3,1
501877,101624,SKU0044,WH_B,Central,2025-01-12,2025-01-16,7,4,0
501878,101624,SKU0044,WH_B,Central,2025-01-09,2025-01-10,1,2,1
501879,101625,SKU0030,WH_C,West,2025-01-09,2025-01-11,2,2,1
501880,101626,SKU0047,WH_A,East,2025-01-10,2025-01-12,3,5,1
501881,101627,SKU0099,WH_B,Central,2025-01-10,2025-01-17,8,3,0
501882,101628,SKU0065,WH_B,Central,2025-01-10,2025-01-12,3,1,1
501883,101629,SKU0083,WH_C,West,2025-01-09,2025-01-10,1,1,1
501884,101630,SKU0011,WH_B,Central,2025-01-12,2025-01-15,6,1,1
501885,101631,SKU0033,WH_A,East,2025-01-10,2025-01-11,2,1,1
501886,101632,SKU0082,WH_C,West,2025-01-10,2025-01-13,4,4,1
501887,101633,SKU0028,WH_C,West,2025-01-10,2025-01-12,3,2,1
501888,101634,SKU0064,WH_B,Central,2025-01-11,2025-01-12,3,1,1
501889,101635,SKU0044,WH_B,Central,2025-01-09,2025-01-14,5,1,0
501890,101636,SKU0081,WH_C,West,2025-01-09,2025-01-14,5,5,0
501891,101637,SKU0061,WH_C,West,2025-01-09,2025-01-12,3,3,1
501892,101638,SKU0048,WH_B,Central,2025-01-11,2025-01-13,4,1,1
501893,101639,SKU0006,WH_A,East,2025-01-10,2025-01-11,2,1,1
501894,101640,SKU0064,WH_B,Central,2025-01-09,2025-01-14,5,2,0
501895,101641,SKU0022,WH_C,West,2025-01-11,2025-01-12,3,1,1
501896,101642,SKU0008,WH_A,East,2025-01-11,2025-01-13,4,1,1
501897,101643,SKU0078,WH_A,East,2025-01-10,2025-01-11,2,6,1
501898,101644,SKU0016,WH_A,East,2025-01-09,2025-01-11,2,5,1
501899,101645,SKU0036,WH_A,East,2025-01-10,2025-01-13,4,1,1
501900,101646,SKU0064,WH_B,Central,2025-01-10,2025-01-11,2,1,1
501901,101647,SKU0056,WH_B,Central,2025-01-09,2025-01-10,1,5,1
501902,101648,SKU0070,WH_A,East,2025-01-11,2025-01-16,7,1,0
501903,101648,SKU0070,WH_A,East,2025-01-11,2025-01-12,3,1,1
501904,101649,SKU0037,WH_B,Central,2025-01-11,2025-01-12,3,5,1
501905,101650,SKU0065,WH_B,Central,2025-01-10,2025-01-13,4,6,1
501906,101651,SKU0033,WH_C,West,2025-01-09,2025-01-11,2,6,1
501907,101652,SKU0050,WH_A,East,2025-01-09,2025-01-11,2,1,1
501908,101652,SKU0050,WH_A,East,2025-01-09,2025-01-12,3,2,1
501909,101653,SKU0054,WH_B,Central,2025-01-09,2025-01-10,1,3,1
501910,101653,SKU0054,WH_B,Central,2025-01-11,2025-01-17,8,1,0
501911,101654,SKU0016,WH_B,Central,2025-01-11,2025-01-13,4,1,1
501912,101655,SKU0031,WH_A,East,2025-01-11,2025-01-13,4,1,1
501913,101655,SKU0031,WH_A,East,2025-01-09,2025-01-10,1,0,1
501914,101656,SKU0088,WH_A,East,2025-01-10,2025-01-13,4,1,1
501915,101657,SKU0044,WH_A,East,2025-01-12,2025-01-16,7,1,0
501916,101658,SKU0075,WH_C,West,2025-01-10,2025-01-11,2,1,1
501917,101659,SKU0003,WH_A,East,2025-01-10,2025-01-12,3,1,1
501918,101660,SKU0028,WH_A,East,2025-01-09,2025-01-12,3,2,1
501919,101661,SKU0030,WH_B,Central,2025-01-09,2025-01-11,2,1,1
501920,101662,SKU0005,WH_A,East,2025-01-10,2025-01-11,2,1,1
501921,101663,SKU0035,WH_C,West,2025-01-09,2025-01-10,1,1,1
501922,101664,SKU0096,WH_C,West,2025-01-09,2025-01-10,1,1,1
501923,101665,SKU0011,WH_A,East,2025-01-09,2025-01-13,4,6,0
501924,101666,SKU0047,WH_A,East,2025-01-10,2025-01-11,2,4,1
501925,101667,SKU0042,WH_C,West,2025-01-11,2025-01-13,4,2,1
501926,101668,SKU0044,WH_B,Central,2025-01-09,2025-01-12,3,4,1
501927,101669,SKU0006,WH_A,East,2025-01-09,2025-01-11,2,1,1
501928,101669,SKU0006,WH_A,East,2025-01-10,2025-01-11,2,2,1
501929,101670,SKU0017,WH_A,East,2025-01-12,2025-01-13,4,2,1
501930,101671,SKU0058,WH_B,Central,2025-01-10,2025-01-14,5,3,0
501931,101672,SKU0084,WH_B,Central,2025-01-09,2025-01-11,2,6,1
501932,101673,SKU0079,WH_A,East,2025-01-13,2025-01-17,8,1,0
501933,101674,SKU0074,WH_B,Central,2025-01-10,2025-01-12,3,6,1
501934,101675,SKU0035,WH_B,Central,2025-01-09,2025-01-11,2,3,1
501935,101676,SKU0057,WH_C,West,2025-01-10,2025-01-11,2,4,1
501936,101677,SKU0012,WH_C,West,2025-01-11,2025-01-12,3,1,1
501937,101678,SKU0099,WH_C,West,2025-01-09,2025-01-11,2,1,1
501938,101678,SKU0099,WH_C,West,2025-01-09,2025-01-11,2,1,1
501939,101679,SKU0052,WH_A,East,2025-01-09,2025-01-10,1,5,1
501940,101680,SKU0036,WH_A,East,2025-01-09,2025-01-11,2,3,1
501941,101681,SKU0026,WH_C,West,2025-01-09,2025-01-13,4,2,0
501942,101682,SKU0008,WH_C,West,2025-01-09,2025-01-10,1,5,1
501943,101683,SKU0003,WH_A,East,2025-01-10,2025-01-11,2,1,1
501944,101684,SKU0089,WH_A,East,2025-01-09,2025-01-13,4,1,0
501945,101685,SKU0054,WH_B,Central,2025-01-09,2025-01-10,1,2,1
501946,101686,SKU0041,WH_A,East,2025-01-09,2025-01-11,2,1,1
501947,101687,SKU0006,WH_C,West,2025-01-09,2025-01-11,2,1,1
501948,101688,SKU0015,WH_C,West,2025-01-09,2025-01-11,2,1,1
501949,101689,SKU0010,WH_B,Central,2025-01-09,2025-01-11,2,3,1
501950,101690,SKU0070,WH_C,West,2025-01-12,2025-01-13,4,6,1
501951,101690,SKU0070,WH_C,West,2025-01-09,2025-01-11,2,2,1
501952,101691,SKU0032,WH_B,Central,2025-01-10,2025-01-13,4,3,1
501953,101692,SKU0048,WH_C,West,2025-01-09,2025-01-11,2,3,1
501954,101693,SKU0090,WH_B,Central,2025-01-09,2025-01-10,1,1,1
501955,101693,SKU0090,WH_B,Central,2025-01-11,2025-01-13,4,1,1
501956,101694,SKU0034,WH_B,Central,2025-01-09,2025-01-14,5,1,0
501957,101695,SKU0024,WH_C,West,2025-01-10,2025-01-13,4,4,1
501958,101696,SKU0068,WH_A,East,2025-01-09,2025-01-10,1,1,1
501959,101697,SKU0090,WH_A,East,2025-01-09,2025-01-12,3,1,1
501960,101698,SKU0050,WH_A,East,2025-01-09,2025-01-10,1,1,1
501961,101699,SKU0029,WH_A,East,2025-01-10,2025-01-13,4,2,1
501962,101700,SKU0069,WH_C,West,2025-01-12,2025-01-14,5,4,1
501963,101701,SKU0046,WH_A,East,2025-01-09,2025-01-14,5,2,0
501964,101702,SKU0057,WH_A,East,2025-01-10,2025-01-11,2,2,1
501965,101703,SKU0094,WH_B,Central,2025-01-10,2025-01-11,2,6,1
501966,101704,SKU0034,WH_B,Central,2025-01-09,2025-01-10,1,3,1
501967,101705,SKU0020,WH_B,Central,2025-01-09,2025-01-11,2,5,1
501968,101706,SKU0094,WH_A,East,2025-01-09,2025-01-10,1,2,1
501969,101707,SKU0073,WH_A,East,2025-01-09,2025-01-12,3,4,1
501970,101708,SKU0049,WH_B,Central,2025-01-09,2025-01-14,5,7,0
501971,101709,SKU0089,WH_B,Central,2025-01-10,2025-01-12,3,6,1
501972,101710,SKU0067,WH_B,Central,2025-01-09,2025-01-11,2,1,1
501973,101711,SKU0096,WH_C,West,2025-01-09,2025-01-10,1,1,1
501974,101712,SKU0077,WH_B,Central,2025-01-09,2025-01-10,1,1,1
501975,101713,SKU0012,WH_A,East,2025-01-10,2025-01-11,2,2,1
501976,101714,SKU0021,WH_B,Central,2025-01-11,2025-01-13,4,2,1
501977,101715,SKU0018,WH_C,West,2025-01-10,2025-01-12,3,7,1
501978,101716,SKU0016,WH_A,East,2025-01-09,2025-01-10,1,5,1
501979,101717,SKU0023,WH_C,West,2025-01-10,2025-01-11,2,1,1
501980,101718,SKU0017,WH_A,East,2025-01-09,2025-01-11,2,1,1
501981,101719,SKU0050,WH_A,East,2025-01-10,2025-01-12,3,1,1
501982,101720,SKU0029,WH_B,Central,2025-01-10,2025-01-11,2,1,1
501983,101721,SKU0003,WH_B,Central,2025-01-09,2025-01-11,2,8,1
501984,101722,SKU0063,WH_A,East,2025-01-09,2025-01-12,3,1,1
501985,101723,SKU0056,WH_B,Central,2025-01-09,2025-01-10,1,6,1
501986,101724,SKU0055,WH_B,Central,2025-01-10,2025-01-16,7,1,0
501987,101724,SKU0055,WH_B,Central,2025-01-09,2025-01-11,2,0,1
501988,101725,SKU0028,WH_A,East,2025-01-10,2025-01-12,3,2,1
501989,101726,SKU0094,WH_A,East,2025-01-11,2025-01-14,5,3,1
501990,101727,SKU0011,WH_C,West,2025-01-10,2025-01-11,2,3,1
501991,101728,SKU0037,WH_B,Central,2025-01-09,2025-01-12,3,2,1
501992,101729,SKU0013,WH_B,Central,2025-01-10,2025-01-13,4,1,1
501993,101730,SKU0020,WH_B,Central,2025-01-09,2025-01-11,2,1,1
501994,101730,SKU0020,WH_B,Central,2025-01-09,2025-01-13,4,3,0
501995,101731,SKU0047,WH_A,East,2025-01-09,2025-01-10,1,1,1
501996,101732,SKU0089,WH_A,East,2025-01-09,2025-01-11,2,4,1
501997,101733,SKU0039,WH_C,West,2025-01-11,2025-01-14,5,1,1
501998,101734,SKU0062,WH_C,West,2025-01-10,2025-01-11,2,1,1
501999,101735,SKU0004,WH_B,Central,2025-01-09,2025-01-13,4,1,0
502000,101736,SKU0039,WH_A,East,2025-01-11,2025-01-18,9,11,0
502001,101737,SKU0097,WH_C,West,2025-01-10,2025-01-11,2,1,1
502002,101738,SKU0067,WH_B,Central,2025-01-11,2025-01-17,8,1,0
502003,101739,SKU0099,WH_A,East,2025-01-12,2025-01-15,6,1,1
502004,101740,SKU0009,WH_C,West,2025-01-09,2025-01-10,1,3,1
502005,101741,SKU0076,WH_A,East,2025-01-10,2025-01-11,2,1,1
502006,101742,SKU0049,WH_C,West,2025-01-12,2025-01-14,5,2,1
502007,101743,SKU0017,WH_B,Central,2025-01-09,2025-01-10,1,1,1
502008,101743,SKU0017,WH_B,Central,2025-01-09,2025-01-12,3,0,1
502009,101744,SKU0046,WH_C,West,2025-01-10,2025-01-11,2,1,1
502010,101744,SKU0046,WH_C,West,2025-01-10,2025-01-11,2,0,1
502011,101745,SKU0034,WH_A,East,2025-01-09,2025-01-11,2,3,1
502012,101746,SKU0042,WH_C,West,2025-01-10,2025-01-15,6,2,0
502013,101747,SKU0017,WH_C,West,2025-01-09,2025-01-10,1,1,1
502014,101748,SKU0082,WH_C,West,2025-01-12,2025-01-14,5,2,1
502015,101749,SKU0028,WH_C,West,2025-01-09,2025-01-13,4,1,0
502016,101750,SKU0078,WH_C,West,2025-01-10,2025-01-11,2,3,1
502017,101750,SKU0078,WH_C,West,2025-01-10,2025-01-12,3,4,1
502018,101751,SKU0081,WH_A,East,2025-01-11,2025-01-12,3,2,1
502019,101752,SKU0054,WH_C,West,2025-01-10,2025-01-15,6,1,0
502020,101753,SKU0036,WH_A,East,2025-01-09,2025-01-10,1,1,1
502021,101754,SKU0059,WH_A,East,2025-01-09,2025-01-12,3,1,1
502022,101754,SKU0059,WH_A,East,2025-01-11,2025-01-12,3,0,1
502023,101755,SKU0041,WH_C,West,2025-01-09,2025-01-13,4,2,0
502024,101755,SKU0041,WH_C,West,2025-01-09,2025-01-10,1,1,1
502025,101756,SKU0074,WH_A,East,2025-01-10,2025-01-11,2,8,1
502026,101757,SKU0019,WH_B,Central,2025-01-11,2025-01-13,4,1,1
502027,101758,SKU0061,WH_C,West,2025-01-09,2025-01-10,1,3,1
502028,101759,SKU0008,WH_B,Central,2025-01-10,2025-01-15,6,1,0
502029,101760,SKU0034,WH_A,East,2025-01-10,2025-01-11,2,3,1
502030,101761,SKU0061,WH_A,East,2025-01-10,2025-01-12,3,2,1
502031,101762,SKU0046,WH_C,West,2025-01-11,2025-01-13,4,2,1
502032,101763,SKU0059,WH_B,Central,2025-01-09,2025-01-10,1,1,1
502033,101764,SKU0030,WH_A,East,2025-01-09,2025-01-11,2,2,1
502034,101765,SKU0015,WH_C,West,2025-01-09,2025-01-10,1,4,1
502035,101766,SKU0061,WH_C,West,2025-01-09,2025-01-10,1,4,1
502036,101767,SKU0025,WH_A,East,2025-01-09,2025-01-11,2,1,1
502037,101768,SKU0056,WH_A,East,2025-01-10,2025-01-16,7,1,0
502038,101769,SKU0087,WH_C,West,2025-01-09,2025-01-15,6,1,0
502039,101770,SKU0040,WH_B,Central,2025-01-09,2025-01-12,3,3,1
502040,101771,SKU0038,WH_B,Central,2025-01-10,2025-01-11,2,1,1
502041,101771,SKU0038,WH_B,Central,2025-01-10,2025-01-15,6,0,0
502042,101772,SKU0016,WH_A,East,2025-01-12,2025-01-15,6,2,1
502043,101773,SKU0092,WH_B,Central,2025-01-10,2025-01-11,2,1,1
502044,101774,SKU0053,WH_C,West,2025-01-09,2025-01-10,1,1,1
502045,101775,SKU0098,WH_C,West,2025-01-10,2025-01-12,3,2,1
502046,101776,SKU0044,WH_A,East,2025-01-10,2025-01-12,3,2,1
502047,101777,SKU0059,WH_A,East,2025-01-10,2025-01-13,4,1,1
502048,101778,SKU0100,WH_A,East,2025-01-10,2025-01-14,5,1,0
502049,101779,SKU0052,WH_C,West,2025-01-11,2025-01-14,5,1,1
502050,101780,SKU0081,WH_B,Central,2025-01-09,2025-01-11,2,2,1
502051,101781,SKU0022,WH_C,West,2025-01-09,2025-01-12,3,8,1
502052,101782,SKU0012,WH_C,West,2025-01-09,2025-01-16,7,1,0
502053,101783,SKU0058,WH_C,West,2025-01-10,2025-01-11,2,1,1
502054,101784,SKU0042,WH_B,Central,2025-01-09,2025-01-13,4,1,0
502055,101785,SKU0065,WH_A,East,2025-01-09,2025-01-11,2,3,1
502056,101786,SKU0095,WH_B,Central,2025-01-09,2025-01-12,3,2,1
502057,101787,SKU0037,WH_B,Central,2025-01-09,2025-01-11,2,8,1
502058,101788,SKU0006,WH_A,East,2025-01-10,2025-01-11,2,7,1
502059,101789,SKU0082,WH_B,Central,2025-01-12,2025-01-14,5,2,1
502060,101790,SKU0037,WH_B,Central,2025-01-09,2025-01-12,3,3,1
502061,101791,SKU0070,WH_B,Central,2025-01-11,2025-01-16,7,1,0
502062,101792,SKU0002,WH_B,Central,2025-01-09,2025-01-11,2,1,1
502063,101793,SKU0001,WH_A,East,2025-01-12,2025-01-13,4,2,1
502064,101794,SKU0004,WH_C,West,2025-01-10,2025-01-11,2,4,1
502065,101795,SKU0046,WH_A,East,2025-01-09,2025-01-15,6,1,0
502066,101796,SKU0015,WH_A,East,2025-01-10,2025-01-12,3,1,1
502067,101797,SKU0081,WH_A,East,2025-01-09,2025-01-10,1,1,1
502068,101798,SKU0083,WH_B,Central,2025-01-09,2025-01-13,4,1,0
502069,101798,SKU0083,WH_B,Central,2025-01-10,2025-01-11,2,0,1
502070,101799,SKU0057,WH_B,Central,2025-01-09,2025-01-13,4,2,0
502071,101800,SKU0064,WH_C,West,2025-01-09,2025-01-10,1,1,1
502072,101801,SKU0099,WH_C,West,2025-01-10,2025-01-11,2,1,1
502073,101802,SKU0063,WH_C,West,2025-01-09,2025-01-16,7,6,0
502074,101803,SKU0033,WH_A,East,2025-01-10,2025-01-13,4,2,1
502075,101804,SKU0083,WH_C,West,2025-01-10,2025-01-11,2,1,1
502076,101805,SKU0013,WH_A,East,2025-01-11,2025-01-12,3,4,1
502077,101806,SKU0073,WH_A,East,2025-01-12,2025-01-13,4,1,1
502078,101807,SKU0040,WH_B,Central,2025-01-12,2025-01-15,6,4,1
502079,101808,SKU0097,WH_A,East,2025-01-09,2025-01-10,1,2,1
502080,101809,SKU0076,WH_A,East,2025-01-09,2025-01-10,1,1,1
502081,101810,SKU0048,WH_C,West,2025-01-10,2025-01-12,3,1,1
502082,101811,SKU0052,WH_C,West,2025-01-10,2025-01-11,2,1,1
502083,101812,SKU0062,WH_B,Central,2025-01-09,2025-01-12,3,5,1
502084,101813,SKU0051,WH_B,Central,2025-01-11,2025-01-13,4,2,1
502085,101814,SKU0067,WH_C,West,2025-01-09,2025-01-10,1,3,1
502086,101815,SKU0067,WH_A,East,2025-01-09,2025-01-11,2,2,1
502087,101816,SKU0080,WH_C,West,2025-01-09,2025-01-14,5,1,0
502088,101816,SKU0080,WH_C,West,2025-01-09,2025-01-10,1,0,1
502089,101817,SKU0004,WH_B,Central,2025-01-09,2025-01-11,2,2,1
502090,101818,SKU0073,WH_A,East,2025-01-10,2025-01-14,5,3,0
502091,101819,SKU0063,WH_A,East,2025-01-09,2025-01-10,1,4,1
502092,101820,SKU0073,WH_B,Central,2025-01-11,2025-01-12,3,1,1
502093,101821,SKU0100,WH_C,West,2025-01-11,2025-01-13,4,3,1
502094,101822,SKU0033,WH_A,East,2025-01-09,2025-01-10,1,1,1
502095,101823,SKU0049,WH_B,Central,2025-01-10,2025-01-14,5,8,0
502096,101824,SKU0014,WH_B,Central,2025-01-09,2025-01-11,2,14,1
502097,101825,SKU0080,WH_C,West,2025-01-10,2025-01-12,3,1,1
502098,101826,SKU0072,WH_B,Central,2025-01-10,2025-01-11,2,2,1
502099,101827,SKU0019,WH_A,East,2025-01-11,2025-01-12,3,10,1
502100,101828,SKU0081,WH_C,West,2025-01-09,2025-01-10,1,1,1
502101,101829,SKU0024,WH_A,East,2025-01-11,2025-01-12,3,2,1
502102,101829,SKU0024,WH_A,East,2025-01-12,2025-01-14,5,1,1
502103,101830,SKU0078,WH_B,Central,2025-01-11,2025-01-14,4,1,1
502104,101831,SKU0087,WH_A,East,2025-01-10,2025-01-14,4,3,0
502105,101832,SKU0088,WH_B,Central,2025-01-13,2025-01-15,5,4,1
502106,101833,SKU0091,WH_A,East,2025-01-12,2025-01-15,5,5,1
502107,101834,SKU0010,WH_C,West,2025-01-11,2025-01-13,3,1,1
502108,101835,SKU0040,WH_C,West,2025-01-10,2025-01-11,1,4,1
502109,101836,SKU0099,WH_C,West,2025-01-10,2025-01-17,7,4,0
502110,101836,SKU0099,WH_C,West,2025-01-10,2025-01-13,3,4,1
502111,101837,SKU0043,WH_B,Central,2025-01-10,2025-01-12,2,1,1
502112,101838,SKU0018,WH_C,West,2025-01-10,2025-01-13,3,3,1
502113,101839,SKU0084,WH_C,West,2025-01-11,2025-01-12,2,7,1
502114,101840,SKU0088,WH_A,East,2025-01-11,2025-01-15,5,1,0
502115,101841,SKU0059,WH_B,Central,2025-01-10,2025-01-15,5,3,0
502116,101842,SKU0073,WH_C,West,2025-01-10,2025-01-14,4,1,0
502117,101843,SKU0096,WH_C,West,2025-01-12,2025-01-13,3,2,1
502118,101844,SKU0033,WH_A,East,2025-01-11,2025-01-14,4,1,1
502119,101845,SKU0058,WH_B,Central,2025-01-10,2025-01-16,6,1,0
502120,101845,SKU0058,WH_B,Central,2025-01-11,2025-01-12,2,0,1
502121,101846,SKU0031,WH_C,West,2025-01-10,2025-01-12,2,1,1
502122,101847,SKU0007,WH_C,West,2025-01-10,2025-01-11,1,1,1
502123,101847,SKU0007,WH_C,West,2025-01-13,2025-01-16,6,0,1
502124,101848,SKU0052,WH_A,East,2025-01-11,2025-01-12,2,2,1
502125,101849,SKU0090,WH_B,Central,2025-01-10,2025-01-12,2,1,1
502126,101850,SKU0046,WH_A,East,2025-01-11,2025-01-12,2,4,1
502127,101851,SKU0058,WH_B,Central,2025-01-10,2025-01-14,4,8,0
502128,101852,SKU0009,WH_A,East,2025-01-12,2025-01-15,5,1,1
502129,101853,SKU0040,WH_C,West,2025-01-10,2025-01-11,1,1,1
502130,101853,SKU0040,WH_C,West,2025-01-10,2025-01-15,5,0,0
502131,101854,SKU0087,WH_C,West,2025-01-10,2025-01-13,3,1,1
502132,101854,SKU0087,WH_C,West,2025-01-10,2025-01-13,3,3,1
502133,101855,SKU0094,WH_B,Central,2025-01-10,2025-01-12,2,1,1
502134,101856,SKU0070,WH_C,West,2025-01-10,2025-01-11,1,8,1
502135,101857,SKU0035,WH_C,West,2025-01-11,2025-01-13,3,1,1
502136,101858,SKU0007,WH_B,Central,2025-01-10,2025-01-12,2,4,1
502137,101859,SKU0089,WH_C,West,2025-01-10,2025-01-12,2,1,1
502138,101860,SKU0065,WH_B,Central,2025-01-10,2025-01-13,3,1,1
502139,101861,SKU0063,WH_C,West,2025-01-10,2025-01-11,1,1,1
502140,101862,SKU0059,WH_C,West,2025-01-12,2025-01-13,3,1,1
502141,101863,SKU0060,WH_C,West,2025-01-10,2025-01-13,3,1,1
502142,101864,SKU0042,WH_B,Central,2025-01-10,2025-01-12,2,2,1
502143,101865,SKU0007,WH_A,East,2025-01-12,2025-01-18,8,1,0
502144,101866,SKU0020,WH_A,East,2025-01-10,2025-01-11,1,1,1
502145,101867,SKU0031,WH_C,West,2025-01-11,2025-01-12,2,2,1
502146,101868,SKU0080,WH_B,Central,2025-01-10,2025-01-12,2,4,1
502147,101869,SKU0011,WH_A,East,2025-01-10,2025-01-15,5,1,0
502148,101870,SKU0046,WH_A,East,2025-01-10,2025-01-11,1,1,1
502149,101871,SKU0027,WH_C,West,2025-01-11,2025-01-12,2,1,1
502150,101871,SKU0027,WH_C,West,2025-01-11,2025-01-12,2,0,1
502151,101872,SKU0026,WH_A,East,2025-01-11,2025-01-14,4,1,1
502152,101872,SKU0026,WH_A,East,2025-01-10,2025-01-11,1,0,1
502153,101873,SKU0061,WH_C,West,2025-01-11,2025-01-13,3,1,1
502154,101874,SKU0016,WH_A,East,2025-01-10,2025-01-17,7,6,0
502155,101875,SKU0050,WH_B,Central,2025-01-12,2025-01-13,3,1,1
502156,101876,SKU0028,WH_C,West,2025-01-11,2025-01-13,3,1,1
502157,101877,SKU0015,WH_A,East,2025-01-10,2025-01-11,1,6,1
502158,101878,SKU0086,WH_C,West,2025-01-11,2025-01-12,2,3,1
502159,101879,SKU0014,WH_B,Central,2025-01-11,2025-01-13,3,4,1
502160,101880,SKU0082,WH_C,West,2025-01-11,2025-01-15,5,2,0
502161,101881,SKU0085,WH_A,East,2025-01-11,2025-01-13,3,1,1
502162,101882,SKU0052,WH_C,West,2025-01-14,2025-01-15,5,1,1
502163,101883,SKU0088,WH_C,West,2025-01-11,2025-01-13,3,1,1
502164,101883,SKU0088,WH_C,West,2025-01-10,2025-01-11,1,0,1
502165,101884,SKU0003,WH_A,East,2025-01-10,2025-01-11,1,1,1
502166,101885,SKU0045,WH_A,East,2025-01-12,2025-01-15,5,1,1
502167,101886,SKU0033,WH_A,East,2025-01-10,2025-01-12,2,1,1
502168,101887,SKU0018,WH_C,West,2025-01-12,2025-01-17,7,2,0
502169,101888,SKU0055,WH_C,West,2025-01-10,2025-01-13,3,1,1
502170,101889,SKU0033,WH_B,Central,2025-01-13,2025-01-15,5,8,1
502171,101890,SKU0021,WH_A,East,2025-01-14,2025-01-20,10,1,0
502172,101891,SKU0011,WH_A,East,2025-01-11,2025-01-15,5,1,0
502173,101892,SKU0021,WH_C,West,2025-01-10,2025-01-15,5,4,0
502174,101893,SKU0009,WH_A,East,2025-01-11,2025-01-13,3,1,1
502175,101894,SKU0066,WH_C,West,2025-01-12,2025-01-17,7,1,0
502176,101895,SKU0099,WH_C,West,2025-01-11,2025-01-12,2,1,1
502177,101896,SKU0100,WH_A,East,2025-01-11,2025-01-15,5,1,0
502178,101897,SKU0044,WH_A,East,2025-01-11,2025-01-16,6,4,0
502179,101898,SKU0068,WH_B,Central,2025-01-12,2025-01-14,4,1,1
502180,101899,SKU0007,WH_C,West,2025-01-10,2025-01-11,1,7,1
502181,101900,SKU0024,WH_C,West,2025-01-11,2025-01-12,2,6,1
502182,101901,SKU0076,WH_A,East,2025-01-11,2025-01-14,4,3,1
502183,101902,SKU0063,WH_C,West,2025-01-10,2025-01-11,1,1,1
502184,101903,SKU0088,WH_C,West,2025-01-12,2025-01-14,4,2,1
502185,101904,SKU0022,WH_C,West,2025-01-10,2025-01-12,2,3,1
502186,101905,SKU0064,WH_C,West,2025-01-11,2025-01-12,2,1,1
502187,101906,SKU0017,WH_A,East,2025-01-11,2025-01-12,2,2,1
502188,101907,SKU0049,WH_B,Central,2025-01-12,2025-01-18,8,2,0
502189,101908,SKU0058,WH_A,East,2025-01-10,2025-01-15,5,1,0
502190,101909,SKU0068,WH_A,East,2025-01-12,2025-01-13,3,1,1
502191,101910,SKU0093,WH_A,East,2025-01-10,2025-01-13,3,1,1
502192,101910,SKU0093,WH_A,East,2025-01-10,2025-01-11,1,0,1
502193,101911,SKU0095,WH_B,Central,2025-01-10,2025-01-11,1,3,1
502194,101912,SKU0073,WH_B,Central,2025-01-10,2025-01-13,3,1,1
502195,101913,SKU0056,WH_A,East,2025-01-11,2025-01-13,3,3,1
502196,101914,SKU0093,WH_C,West,2025-01-11,2025-01-16,6,1,0
502197,101914,SKU0093,WH_C,West,2025-01-12,2025-01-16,6,0,0
502198,101915,SKU0035,WH_A,East,2025-01-10,2025-01-12,2,1,1
502199,101915,SKU0035,WH_A,East,2025-01-12,2025-01-17,7,2,0
502200,101916,SKU0056,WH_B,Central,2025-01-11,2025-01-14,4,3,1
502201,101917,SKU0069,WH_A,East,2025-01-11,2025-01-12,2,1,1
502202,101918,SKU0057,WH_B,Central,2025-01-10,2025-01-11,1,3,1
502203,101919,SKU0098,WH_B,Central,2025-01-11,2025-01-14,4,4,1
502204,101920,SKU0018,WH_C,West,2025-01-10,2025-01-11,1,5,1
502205,101921,SKU0060,WH_A,East,2025-01-13,2025-01-15,5,4,1
502206,101922,SKU0093,WH_A,East,2025-01-13,2025-01-16,6,1,1
502207,101923,SKU0073,WH_B,Central,2025-01-10,2025-01-11,1,7,1
502208,101924,SKU0021,WH_C,West,2025-01-11,2025-01-13,3,6,1
502209,101925,SKU0097,WH_A,East,2025-01-10,2025-01-11,1,4,1
502210,101926,SKU0023,WH_B,Central,2025-01-10,2025-01-13,3,1,1
502211,101927,SKU0030,WH_B,Central,2025-01-10,2025-01-13,3,1,1
502212,101928,SKU0044,WH_B,Central,2025-01-12,2025-01-14,4,6,1
502213,101929,SKU0002,WH_A,East,2025-01-10,2025-01-11,1,1,1
502214,101930,SKU0023,WH_C,West,2025-01-10,2025-01-11,1,2,1
502215,101931,SKU0049,WH_C,West,2025-01-10,2025-01-12,2,1,1
502216,101932,SKU0070,WH_A,East,2025-01-10,2025-01-11,1,1,1
502217,101932,SKU0070,WH_A,East,2025-01-12,2025-01-14,4,0,1
502218,101933,SKU0047,WH_A,East,2025-01-13,2025-01-14,4,1,1
502219,101934,SKU0071,WH_B,Central,2025-01-10,2025-01-13,3,1,1
502220,101935,SKU0042,WH_C,West,2025-01-10,2025-01-15,5,1,0
502221,101936,SKU0086,WH_C,West,2025-01-11,2025-01-13,3,5,1
502222,101937,SKU0081,WH_A,East,2025-01-10,2025-01-14,4,1,0
502223,101938,SKU0046,WH_B,Central,2025-01-12,2025-01-13,3,7,1
502224,101939,SKU0077,WH_A,East,2025-01-11,2025-01-13,3,1,1
502225,101940,SKU0001,WH_C,West,2025-01-12,2025-01-16,6,3,0
502226,101941,SKU0063,WH_B,Central,2025-01-10,2025-01-14,4,4,0
502227,101942,SKU0099,WH_B,Central,2025-01-13,2025-01-14,4,3,1
502228,101943,SKU0099,WH_C,West,2025-01-11,2025-01-13,3,3,1
502229,101944,SKU0028,WH_B,Central,2025-01-10,2025-01-13,3,1,1
502230,101945,SKU0017,WH_A,East,2025-01-10,2025-01-14,4,3,0
502231,101946,SKU0062,WH_C,West,2025-01-10,2025-01-12,2,2,1
502232,101947,SKU0065,WH_C,West,2025-01-10,2025-01-13,3,1,1
502233,101948,SKU0056,WH_C,West,2025-01-11,2025-01-18,8,1,0
502234,101949,SKU0046,WH_C,West,2025-01-12,2025-01-13,3,1,1
502235,101949,SKU0046,WH_C,West,2025-01-11,2025-01-12,2,0,1
502236,101950,SKU0094,WH_B,Central,2025-01-11,2025-01-13,3,3,1
502237,101951,SKU0026,WH_C,West,2025-01-10,2025-01-13,3,2,1
502238,101952,SKU0002,WH_C,West,2025-01-10,2025-01-11,1,1,1
502239,101953,SKU0012,WH_C,West,2025-01-12,2025-01-13,3,1,1
502240,101953,SKU0012,WH_C,West,2025-01-11,2025-01-14,4,2,1
502241,101954,SKU0064,WH_B,Central,2025-01-12,2025-01-14,4,5,1
502242,101955,SKU0088,WH_B,Central,2025-01-10,2025-01-16,6,1,0
502243,101956,SKU0034,WH_C,West,2025-01-11,2025-01-13,3,1,1
502244,101957,SKU0027,WH_C,West,2025-01-10,2025-01-11,1,2,1
502245,101958,SKU0044,WH_A,East,2025-01-10,2025-01-13,3,1,1
502246,101959,SKU0024,WH_C,West,2025-01-10,2025-01-11,1,8,1
502247,101960,SKU0091,WH_A,East,2025-01-10,2025-01-12,2,5,1
502248,101961,SKU0023,WH_C,West,2025-01-10,2025-01-15,5,1,0
502249,101962,SKU0013,WH_B,Central,2025-01-10,2025-01-15,5,4,0
502250,101963,SKU0034,WH_B,Central,2025-01-14,2025-01-17,7,1,1
502251,101964,SKU0042,WH_B,Central,2025-01-10,2025-01-11,1,1,1
502252,101965,SKU0006,WH_A,East,2025-01-10,2025-01-12,2,1,1
502253,101966,SKU0026,WH_B,Central,2025-01-10,2025-01-11,1,1,1
502254,101967,SKU0067,WH_A,East,2025-01-10,2025-01-11,1,1,1
502255,101967,SKU0067,WH_A,East,2025-01-10,2025-01-11,1,0,1
502256,101968,SKU0036,WH_A,East,2025-01-10,2025-01-13,3,1,1
502257,101969,SKU0068,WH_A,East,2025-01-10,2025-01-13,3,5,1
502258,101970,SKU0051,WH_B,Central,2025-01-11,2025-01-14,4,1,1
502259,101971,SKU0017,WH_C,West,2025-01-10,2025-01-15,5,3,0
502260,101972,SKU0019,WH_A,East,2025-01-10,2025-01-13,3,6,1
502261,101973,SKU0022,WH_B,Central,2025-01-10,2025-01-15,5,5,0
502262,101973,SKU0022,WH_B,Central,2025-01-10,2025-01-12,2,7,1
502263,101974,SKU0100,WH_B,Central,2025-01-10,2025-01-12,2,1,1
502264,101974,SKU0100,WH_B,Central,2025-01-10,2025-01-12,2,1,1
502265,101975,SKU0022,WH_C,West,2025-01-12,2025-01-13,3,3,1
502266,101976,SKU0031,WH_C,West,2025-01-10,2025-01-14,4,3,0
502267,101977,SKU0054,WH_C,West,2025-01-10,2025-01-15,5,1,0
502268,101978,SKU0037,WH_B,Central,2025-01-11,2025-01-12,2,8,1
502269,101979,SKU0088,WH_B,Central,2025-01-10,2025-01-13,3,4,1
502270,101980,SKU0078,WH_B,Central,2025-01-12,2025-01-13,3,1,1
502271,101980,SKU0078,WH_B,Central,2025-01-10,2025-01-16,6,1,0
502272,101981,SKU0052,WH_B,Central,2025-01-11,2025-01-12,2,1,1
502273,101981,SKU0052,WH_B,Central,2025-01-10,2025-01-15,5,1,0
502274,101982,SKU0040,WH_C,West,2025-01-11,2025-01-13,3,5,1
502275,101983,SKU0058,WH_A,East,2025-01-10,2025-01-13,3,1,1
502276,101984,SKU0072,WH_C,West,2025-01-10,2025-01-12,2,10,1
502277,101985,SKU0027,WH_B,Central,2025-01-11,2025-01-13,3,1,1
502278,101986,SKU0041,WH_B,Central,2025-01-10,2025-01-13,3,4,1
502279,101987,SKU0018,WH_B,Central,2025-01-11,2025-01-13,3,1,1
502280,101988,SKU0008,WH_C,West,2025-01-10,2025-01-11,1,4,1
502281,101989,SKU0097,WH_B,Central,2025-01-10,2025-01-13,3,2,1
502282,101990,SKU0087,WH_C,West,2025-01-11,2025-01-16,6,1,0
502283,101990,SKU0087,WH_C,West,2025-01-11,2025-01-13,3,1,1
502284,101991,SKU0035,WH_C,West,2025-01-10,2025-01-11,1,2,1
502285,101992,SKU0035,WH_A,East,2025-01-10,2025-01-12,2,2,1
502286,101993,SKU0027,WH_B,Central,2025-01-11,2025-01-14,4,2,1
502287,101994,SKU0005,WH_B,Central,2025-01-10,2025-01-12,2,1,1
502288,101995,SKU0053,WH_B,Central,2025-01-10,2025-01-12,2,4,1
502289,101996,SKU0078,WH_A,East,2025-01-10,2025-01-12,2,2,1
502290,101997,SKU0027,WH_B,Central,2025-01-11,2025-01-13,3,1,1
502291,101998,SKU0079,WH_A,East,2025-01-10,2025-01-16,6,5,0
502292,101998,SKU0079,WH_A,East,2025-01-10,2025-01-15,5,2,0
502293,101999,SKU0058,WH_B,Central,2025-01-12,2025-01-14,4,1,1
502294,102000,SKU0016,WH_B,Central,2025-01-10,2025-01-14,4,1,0
502295,102001,SKU0070,WH_A,East,2025-01-10,2025-01-13,3,1,1
502296,102002,SKU0045,WH_A,East,2025-01-12,2025-01-17,7,1,0
502297,102003,SKU0084,WH_B,Central,2025-01-10,2025-01-16,6,1,0
502298,102004,SKU0092,WH_A,East,2025-01-13,2025-01-14,4,3,1
502299,102005,SKU0090,WH_C,West,2025-01-11,2025-01-12,2,3,1
502300,102006,SKU0027,WH_C,West,2025-01-10,2025-01-12,2,1,1
502301,102007,SKU0036,WH_A,East,2025-01-11,2025-01-13,3,2,1
502302,102008,SKU0088,WH_C,West,2025-01-11,2025-01-14,4,1,1
502303,102008,SKU0088,WH_C,West,2025-01-10,2025-01-13,3,0,1
502304,102009,SKU0058,WH_B,Central,2025-01-11,2025-01-12,2,4,1
502305,102010,SKU0039,WH_A,East,2025-01-11,2025-01-13,2,5,1
502306,102010,SKU0039,WH_A,East,2025-01-13,2025-01-14,3,2,1
502307,102011,SKU0015,WH_C,West,2025-01-11,2025-01-14,3,1,1
502308,102012,SKU0037,WH_A,East,2025-01-14,2025-01-16,5,1,1
502309,102013,SKU0031,WH_C,West,2025-01-11,2025-01-12,1,2,1
502310,102014,SKU0038,WH_C,West,2025-01-11,2025-01-12,1,3,1
502311,102015,SKU0070,WH_B,Central,2025-01-11,2025-01-13,2,11,1
502312,102016,SKU0047,WH_C,West,2025-01-14,2025-01-17,6,1,1
502313,102016,SKU0047,WH_C,West,2025-01-12,2025-01-14,3,0,1
502314,102017,SKU0002,WH_B,Central,2025-01-12,2025-01-14,3,7,1
502315,102018,SKU0093,WH_B,Central,2025-01-11,2025-01-13,2,2,1
502316,102019,SKU0094,WH_C,West,2025-01-12,2025-01-18,7,1,0
502317,102020,SKU0024,WH_C,West,2025-01-12,2025-01-15,4,1,1
502318,102021,SKU0079,WH_B,Central,2025-01-11,2025-01-14,3,1,1
502319,102022,SKU0045,WH_C,West,2025-01-15,2025-01-18,7,1,1
502320,102022,SKU0045,WH_C,West,2025-01-12,2025-01-18,7,1,0
502321,102023,SKU0049,WH_A,East,2025-01-11,2025-01-15,4,1,0
502322,102024,SKU0065,WH_B,Central,2025-01-11,2025-01-13,2,1,1
502323,102025,SKU0040,WH_B,Central,2025-01-12,2025-01-13,2,1,1
502324,102026,SKU0077,WH_C,West,2025-01-15,2025-01-16,5,2,1
502325,102027,SKU0010,WH_C,West,2025-01-11,2025-01-12,1,2,1
502326,102027,SKU0010,WH_C,West,2025-01-13,2025-01-14,3,1,1
502327,102028,SKU0003,WH_A,East,2025-01-12,2025-01-17,6,1,0
502328,102029,SKU0080,WH_A,East,2025-01-11,2025-01-12,1,1,1
502329,102030,SKU0096,WH_B,Central,2025-01-11,2025-01-13,2,1,1
502330,102031,SKU0037,WH_A,East,2025-01-11,2025-01-13,2,3,1
502331,102032,SKU0012,WH_C,West,2025-01-13,2025-01-16,5,7,1
502332,102033,SKU0050,WH_B,Central,2025-01-12,2025-01-16,5,17,0
502333,102034,SKU0057,WH_A,East,2025-01-11,2025-01-13,2,1,1
502334,102035,SKU0059,WH_C,West,2025-01-11,2025-01-13,2,1,1
502335,102036,SKU0009,WH_C,West,2025-01-11,2025-01-12,1,1,1
502336,102037,SKU0062,WH_A,East,2025-01-13,2025-01-14,3,1,1
502337,102038,SKU0059,WH_B,Central,2025-01-12,2025-01-14,3,1,1
502338,102039,SKU0007,WH_C,West,2025-01-11,2025-01-12,1,1,1
502339,102039,SKU0007,WH_C,West,2025-01-12,2025-01-13,2,0,1
502340,102040,SKU0031,WH_A,East,2025-01-13,2025-01-14,3,2,1
502341,102041,SKU0068,WH_C,West,2025-01-11,2025-01-13,2,1,1
502342,102041,SKU0068,WH_C,West,2025-01-12,2025-01-13,2,0,1
502343,102042,SKU0018,WH_B,Central,2025-01-11,2025-01-12,1,1,1
502344,102043,SKU0071,WH_C,West,2025-01-12,2025-01-17,6,1,0
502345,102043,SKU0071,WH_C,West,2025-01-11,2025-01-12,1,5,1
502346,102044,SKU0033,WH_A,East,2025-01-11,2025-01-16,5,4,0
502347,102045,SKU0051,WH_C,West,2025-01-11,2025-01-16,5,1,0
502348,102045,SKU0051,WH_C,West,2025-01-11,2025-01-15,4,0,0
502349,102046,SKU0003,WH_B,Central,2025-01-14,2025-01-15,4,1,1
502350,102047,SKU0092,WH_B,Central,2025-01-12,2025-01-15,4,1,1
502351,102048,SKU0071,WH_A,East,2025-01-11,2025-01-13,2,2,1
502352,102049,SKU0038,WH_B,Central,2025-01-13,2025-01-19,8,3,0
502353,102050,SKU0029,WH_C,West,2025-01-13,2025-01-19,8,9,0
502354,102051,SKU0024,WH_A,East,2025-01-12,2025-01-13,2,3,1
502355,102052,SKU0095,WH_C,West,2025-01-12,2025-01-14,3,1,1
502356,102053,SKU0086,WH_B,Central,2025-01-11,2025-01-14,3,1,1
502357,102054,SKU0090,WH_C,West,2025-01-12,2025-01-15,4,1,1
502358,102055,SKU0087,WH_B,Central,2025-01-11,2025-01-16,5,1,0
502359,102056,SKU0058,WH_A,East,2025-01-11,2025-01-13,2,2,1
502360,102057,SKU0072,WH_B,Central,2025-01-11,2025-01-13,2,3,1
502361,102058,SKU0080,WH_B,Central,2025-01-11,2025-01-12,1,1,1
502362,102058,SKU0080,WH_B,Central,2025-01-13,2025-01-18,7,0,0
502363,102059,SKU0030,WH_A,East,2025-01-12,2025-01-14,3,1,1
502364,102059,SKU0030,WH_A,East,2025-01-12,2025-01-13,2,1,1
502365,102060,SKU0012,WH_C,West,2025-01-12,2025-01-13,2,1,1
502366,102060,SKU0012,WH_C,West,2025-01-11,2025-01-13,2,1,1
502367,102061,SKU0041,WH_C,West,2025-01-11,2025-01-14,3,1,1
502368,102062,SKU0026,WH_C,West,2025-01-11,2025-01-13,2,2,1
502369,102062,SKU0026,WH_C,West,2025-01-11,2025-01-13,2,1,1
502370,102063,SKU0027,WH_B,Central,2025-01-11,2025-01-12,1,13,1
502371,102064,SKU0021,WH_B,Central,2025-01-11,2025-01-14,3,1,1
502372,102065,SKU0057,WH_C,West,2025-01-11,2025-01-13,2,1,1
502373,102066,SKU0030,WH_C,West,2025-01-11,2025-01-12,1,1,1
502374,102066,SKU0030,WH_C,West,2025-01-11,2025-01-13,2,0,1
502375,102067,SKU0097,WH_C,West,2025-01-11,2025-01-13,2,1,1
502376,102068,SKU0074,WH_B,Central,2025-01-11,2025-01-12,1,1,1
502377,102069,SKU0020,WH_A,East,2025-01-12,2025-01-14,3,1,1
502378,102070,SKU0069,WH_A,East,2025-01-11,2025-01-14,3,1,1
502379,102070,SKU0069,WH_A,East,2025-01-11,2025-01-13,2,0,1
502380,102071,SKU0076,WH_B,Central,2025-01-11,2025-01-18,7,1,0
502381,102072,SKU0096,WH_C,West,2025-01-12,2025-01-13,2,3,1
502382,102073,SKU0092,WH_B,Central,2025-01-11,2025-01-14,3,1,1
502383,102074,SKU0055,WH_C,West,2025-01-11,2025-01-12,1,2,1
502384,102075,SKU0084,WH_A,East,2025-01-11,2025-01-13,2,2,1
502385,102076,SKU0086,WH_A,East,2025-01-11,2025-01-14,3,6,1
502386,102077,SKU0081,WH_C,West,2025-01-12,2025-01-15,4,1,1
502387,102078,SKU0089,WH_B,Central,2025-01-11,2025-01-13,2,1,1
502388,102079,SKU0057,WH_C,West,2025-01-13,2025-01-14,3,1,1
502389,102080,SKU0007,WH_C,West,2025-01-12,2025-01-15,4,1,1
502390,102081,SKU0047,WH_B,Central,2025-01-12,2025-01-13,2,2,1
502391,102082,SKU0053,WH_C,West,2025-01-11,2025-01-12,1,2,1
502392,102083,SKU0067,WH_C,West,2025-01-11,2025-01-17,6,1,0
502393,102084,SKU0055,WH_C,West,2025-01-11,2025-01-15,4,2,0
502394,102085,SKU0007,WH_C,West,2025-01-12,2025-01-14,3,1,1
502395,102085,SKU0007,WH_C,West,2025-01-15,2025-01-19,8,1,0
502396,102086,SKU0024,WH_B,Central,2025-01-11,2025-01-12,1,2,1
502397,102087,SKU0025,WH_B,Central,2025-01-11,2025-01-13,2,1,1
502398,102088,SKU0058,WH_B,Central,2025-01-11,2025-01-14,3,2,1
502399,102089,SKU0001,WH_C,West,2025-01-11,2025-01-15,4,2,0
502400,102090,SKU0080,WH_C,West,2025-01-11,2025-01-13,2,1,1
502401,102091,SKU0036,WH_B,Central,2025-01-11,2025-01-16,5,1,0
502402,102092,SKU0032,WH_C,West,2025-01-11,2025-01-15,4,2,0
502403,102093,SKU0043,WH_A,East,2025-01-11,2025-01-12,1,5,1
502404,102094,SKU0007,WH_A,East,2025-01-12,2025-01-19,8,1,0
502405,102095,SKU0066,WH_A,East,2025-01-12,2025-01-14,3,1,1
502406,102096,SKU0030,WH_C,West,2025-01-11,2025-01-12,1,1,1
502407,102097,SKU0070,WH_B,Central,2025-01-11,2025-01-12,1,1,1
502408,102098,SKU0025,WH_C,West,2025-01-11,2025-01-13,2,11,1
502409,102099,SKU0071,WH_A,East,2025-01-11,2025-01-14,3,3,1
502410,102100,SKU0081,WH_B,Central,2025-01-11,2025-01-12,1,1,1
502411,102101,SKU0024,WH_C,West,2025-01-12,2025-01-17,6,1,0
502412,102102,SKU0097,WH_A,East,2025-01-12,2025-01-13,2,2,1
502413,102103,SKU0023,WH_B,Central,2025-01-11,2025-01-12,1,1,1
502414,102104,SKU0035,WH_A,East,2025-01-11,2025-01-12,1,2,1
502415,102105,SKU0033,WH_B,Central,2025-01-11,2025-01-12,1,1,1
502416,102106,SKU0061,WH_A,East,2025-01-11,2025-01-12,1,1,1
502417,102107,SKU0020,WH_C,West,2025-01-12,2025-01-13,2,1,1
502418,102108,SKU0077,WH_A,East,2025-01-11,2025-01-13,2,3,1
502419,102109,SKU0090,WH_B,Central,2025-01-12,2025-01-13,2,6,1
502420,102110,SKU0062,WH_A,East,2025-01-11,2025-01-14,3,6,1
502421,102111,SKU0096,WH_C,West,2025-01-12,2025-01-13,2,1,1
502422,102111,SKU0096,WH_C,West,2025-01-11,2025-01-14,3,0,1
502423,102112,SKU0088,WH_A,East,2025-01-11,2025-01-12,1,1,1
502424,102113,SKU0039,WH_C,West,2025-01-12,2025-01-13,2,3,1
502425,102114,SKU0023,WH_A,East,2025-01-11,2025-01-13,2,1,1
502426,102115,SKU0052,WH_B,Central,2025-01-12,2025-01-14,3,2,1
502427,102116,SKU0098,WH_A,East,2025-01-13,2025-01-14,3,1,1
502428,102116,SKU0098,WH_A,East,2025-01-12,2025-01-14,3,0,1
502429,102117,SKU0022,WH_C,West,2025-01-13,2025-01-14,3,3,1
502430,102118,SKU0055,WH_A,East,2025-01-11,2025-01-15,4,1,0
502431,102119,SKU0018,WH_A,East,2025-01-13,2025-01-15,4,1,1
502432,102120,SKU0039,WH_B,Central,2025-01-13,2025-01-16,5,2,1
502433,102121,SKU0058,WH_A,East,2025-01-11,2025-01-17,6,1,0
502434,102122,SKU0097,WH_B,Central,2025-01-11,2025-01-13,2,1,1
502435,102123,SKU0035,WH_A,East,2025-01-11,2025-01-16,5,1,0
502436,102124,SKU0019,WH_A,East,2025-01-11,2025-01-13,2,4,1
502437,102125,SKU0069,WH_A,East,2025-01-12,2025-01-13,2,6,1
502438,102126,SKU0064,WH_C,West,2025-01-11,2025-01-12,1,11,1
502439,102127,SKU0070,WH_C,West,2025-01-11,2025-01-15,4,1,0
502440,102128,SKU0037,WH_A,East,2025-01-14,2025-01-19,8,6,0
502441,102129,SKU0078,WH_B,Central,2025-01-11,2025-01-14,3,8,1
502442,102130,SKU0032,WH_B,Central,2025-01-13,2025-01-17,6,1,0
502443,102131,SKU0001,WH_A,East,2025-01-11,2025-01-12,1,1,1
502444,102132,SKU0037,WH_C,West,2025-01-14,2025-01-17,6,9,1
502445,102133,SKU0083,WH_B,Central,2025-01-13,2025-01-15,4,4,1
502446,102134,SKU0098,WH_A,East,2025-01-11,2025-01-14,3,6,1
502447,102135,SKU0019,WH_A,East,2025-01-11,2025-01-13,2,8,1
502448,102136,SKU0011,WH_B,Central,2025-01-11,2025-01-12,1,5,1
502449,102137,SKU0046,WH_B,Central,2025-01-12,2025-01-14,3,9,1
502450,102138,SKU0006,WH_B,Central,2025-01-12,2025-01-13,2,6,1
502451,102139,SKU0026,WH_C,West,2025-01-13,2025-01-16,5,5,1
502452,102140,SKU0060,WH_C,West,2025-01-11,2025-01-12,1,1,1
502453,102141,SKU0025,WH_A,East,2025-01-12,2025-01-13,2,1,1
502454,102141,SKU0025,WH_A,East,2025-01-11,2025-01-15,4,0,0
502455,102142,SKU0097,WH_A,East,2025-01-11,2025-01-13,2,1,1
502456,102142,SKU0097,WH_A,East,2025-01-12,2025-01-13,2,0,1
502457,102143,SKU0001,WH_A,East,2025-01-11,2025-01-17,6,1,0
502458,102144,SKU0073,WH_A,East,2025-01-11,2025-01-14,3,8,1
502459,102145,SKU0049,WH_B,Central,2025-01-13,2025-01-14,3,1,1
502460,102145,SKU0049,WH_B,Central,2025-01-12,2025-01-15,4,0,1
502461,102146,SKU0007,WH_C,West,2025-01-11,2025-01-13,2,1,1
502462,102146,SKU0007,WH_C,West,2025-01-11,2025-01-12,1,0,1
502463,102147,SKU0091,WH_C,West,2025-01-12,2025-01-14,3,3,1
502464,102148,SKU0046,WH_B,Central,2025-01-11,2025-01-18,7,1,0
502465,102149,SKU0082,WH_B,Central,2025-01-14,2025-01-15,4,2,1
502466,102150,SKU0100,WH_C,West,2025-01-13,2025-01-14,3,1,1
502467,102151,SKU0012,WH_B,Central,2025-01-12,2025-01-15,4,1,1
502468,102151,SKU0012,WH_B,Central,2025-01-11,2025-01-13,2,1,1
502469,102152,SKU0047,WH_B,Central,2025-01-11,2025-01-14,3,1,1
502470,102153,SKU0050,WH_B,Central,2025-01-11,2025-01-13,2,3,1
502471,102154,SKU0078,WH_C,West,2025-01-13,2025-01-16,5,3,1
502472,102155,SKU0075,WH_A,East,2025-01-12,2025-01-14,3,1,1
502473,102156,SKU0003,WH_A,East,2025-01-11,2025-01-12,1,1,1
502474,102157,SKU0035,WH_B,Central,2025-01-14,2025-01-15,4,8,1
502475,102158,SKU0043,WH_C,West,2025-01-11,2025-01-13,2,2,1
502476,102159,SKU0063,WH_A,East,2025-01-13,2025-01-17,6,3,0
502477,102160,SKU0091,WH_B,Central,2025-01-13,2025-01-19,8,1,0
502478,102161,SKU0042,WH_A,East,2025-01-11,2025-01-13,2,1,1
502479,102162,SKU0021,WH_A,East,2025-01-13,2025-01-15,4,1,1
502480,102162,SKU0021,WH_A,East,2025-01-13,2025-01-14,3,2,1
502481,102163,SKU0058,WH_C,West,2025-01-12,2025-01-17,6,4,0
502482,102164,SKU0057,WH_B,Central,2025-01-11,2025-01-16,5,1,0
502483,102165,SKU0095,WH_C,West,2025-01-11,2025-01-12,1,2,1
502484,102166,SKU0094,WH_B,Central,2025-01-11,2025-01-12,1,1,1
502485,102167,SKU0007,WH_C,West,2025-01-11,2025-01-12,1,1,1
502486,102167,SKU0007,WH_C,West,2025-01-11,2025-01-13,2,0,1
502487,102168,SKU0060,WH_C,West,2025-01-14,2025-01-19,8,1,0
502488,102169,SKU0085,WH_A,East,2025-01-12,2025-01-15,4,2,1
502489,102170,SKU0090,WH_B,Central,2025-01-11,2025-01-13,2,1,1
502490,102171,SKU0088,WH_A,East,2025-01-11,2025-01-13,2,1,1
502491,102172,SKU0030,WH_B,Central,2025-01-11,2025-01-14,3,1,1
502492,102173,SKU0021,WH_B,Central,2025-01-13,2025-01-14,3,3,1
502493,102174,SKU0085,WH_C,West,2025-01-11,2025-01-12,1,2,1
502494,102175,SKU0077,WH_C,West,2025-01-13,2025-01-15,4,12,1
502495,102176,SKU0098,WH_A,East,2025-01-11,2025-01-12,1,3,1
502496,102177,SKU0097,WH_C,West,2025-01-12,2025-01-13,2,1,1
502497,102178,SKU0077,WH_B,Central,2025-01-11,2025-01-13,2,1,1
502498,102179,SKU0043,WH_A,East,2025-01-11,2025-01-12,1,1,1
502499,102180,SKU0050,WH_B,Central,2025-01-11,2025-01-13,2,2,1
502500,102181,SKU0036,WH_B,Central,2025-01-11,2025-01-15,4,3,0
502501,102182,SKU0068,WH_B,Central,2025-01-12,2025-01-14,3,6,1
502502,102183,SKU0001,WH_A,East,2025-01-12,2025-01-13,2,2,1
502503,102184,SKU0041,WH_B,Central,2025-01-14,2025-01-20,9,2,0
502504,102184,SKU0041,WH_B,Central,2025-01-11,2025-01-14,3,4,1
502505,102185,SKU0084,WH_B,Central,2025-01-11,2025-01-14,3,1,1
502506,102186,SKU0060,WH_C,West,2025-01-11,2025-01-12,1,4,1
502507,102187,SKU0042,WH_A,East,2025-01-12,2025-01-14,3,1,1
502508,102188,SKU0034,WH_A,East,2025-01-11,2025-01-13,2,1,1
502509,102189,SKU0059,WH_A,East,2025-01-11,2025-01-13,2,1,1
502510,102190,SKU0062,WH_C,West,2025-01-12,2025-01-16,4,1,0
502511,102190,SKU0062,WH_C,West,2025-01-12,2025-01-17,5,3,0
502512,102191,SKU0085,WH_B,Central,2025-01-12,2025-01-13,1,1,1
502513,102192,SKU0046,WH_A,East,2025-01-13,2025-01-15,3,3,1
502514,102193,SKU0017,WH_A,East,2025-01-13,2025-01-14,2,1,1
502515,102194,SKU0096,WH_B,Central,2025-01-12,2025-01-13,1,1,1
502516,102195,SKU0036,WH_C,West,2025-01-15,2025-01-18,6,1,1
502517,102196,SKU0055,WH_C,West,2025-01-13,2025-01-14,2,3,1
502518,102197,SKU0030,WH_B,Central,2025-01-13,2025-01-16,4,3,1
502519,102198,SKU0084,WH_C,West,2025-01-12,2025-01-13,1,6,1
502520,102199,SKU0063,WH_A,East,2025-01-13,2025-01-15,3,1,1
502521,102200,SKU0071,WH_C,West,2025-01-13,2025-01-14,2,5,1
502522,102201,SKU0019,WH_B,Central,2025-01-12,2025-01-14,2,1,1
502523,102202,SKU0072,WH_A,East,2025-01-13,2025-01-15,3,1,1
502524,102202,SKU0072,WH_A,East,2025-01-13,2025-01-17,5,0,0
502525,102203,SKU0015,WH_B,Central,2025-01-12,2025-01-13,1,9,1
502526,102204,SKU0001,WH_C,West,2025-01-12,2025-01-13,1,4,1
502527,102204,SKU0001,WH_C,West,2025-01-15,2025-01-16,4,1,1
502528,102205,SKU0064,WH_A,East,2025-01-14,2025-01-15,3,4,1
502529,102206,SKU0062,WH_A,East,2025-01-12,2025-01-13,1,1,1
502530,102207,SKU0018,WH_A,East,2025-01-12,2025-01-13,1,1,1
502531,102208,SKU0078,WH_A,East,2025-01-12,2025-01-14,2,1,1
502532,102208,SKU0078,WH_A,East,2025-01-12,2025-01-17,5,0,0
502533,102209,SKU0002,WH_B,Central,2025-01-13,2025-01-18,6,1,0
502534,102210,SKU0068,WH_A,East,2025-01-12,2025-01-13,1,1,1
502535,102211,SKU0070,WH_B,Central,2025-01-14,2025-01-16,4,1,1
502536,102212,SKU0099,WH_C,West,2025-01-15,2025-01-16,4,4,1
502537,102212,SKU0099,WH_C,West,2025-01-12,2025-01-17,5,2,0
502538,102213,SKU0090,WH_B,Central,2025-01-13,2025-01-17,5,1,0
502539,102214,SKU0033,WH_C,West,2025-01-12,2025-01-13,1,2,1
502540,102215,SKU0089,WH_A,East,2025-01-12,2025-01-19,7,5,0
502541,102216,SKU0047,WH_B,Central,2025-01-14,2025-01-15,3,5,1
502542,102217,SKU0048,WH_A,East,2025-01-12,2025-01-13,1,2,1
502543,102217,SKU0048,WH_A,East,2025-01-14,2025-01-18,6,1,0
502544,102218,SKU0068,WH_A,East,2025-01-12,2025-01-14,2,8,1
502545,102219,SKU0060,WH_A,East,2025-01-13,2025-01-15,3,1,1
502546,102220,SKU0037,WH_C,West,2025-01-13,2025-01-14,2,1,1
502547,102221,SKU0060,WH_C,West,2025-01-13,2025-01-16,4,15,1
502548,102222,SKU0055,WH_A,East,2025-01-12,2025-01-18,6,9,0
502549,102223,SKU0064,WH_C,West,2025-01-12,2025-01-14,2,1,1
502550,102223,SKU0064,WH_C,West,2025-01-12,2025-01-13,1,0,1
502551,102224,SKU0034,WH_C,West,2025-01-13,2025-01-17,5,1,0
502552,102225,SKU0030,WH_B,Central,2025-01-14,2025-01-15,3,5,1
502553,102226,SKU0084,WH_C,West,2025-01-13,2025-01-16,4,1,1
502554,102226,SKU0084,WH_C,West,2025-01-12,2025-01-14,2,0,1
502555,102227,SKU0085,WH_A,East,2025-01-12,2025-01-14,2,4,1
502556,102228,SKU0060,WH_A,East,2025-01-12,2025-01-14,2,1,1
502557,102229,SKU0035,WH_C,West,2025-01-12,2025-01-13,1,1,1
502558,102230,SKU0065,WH_C,West,2025-01-12,2025-01-14,2,9,1
502559,102231,SKU0015,WH_B,Central,2025-01-14,2025-01-16,4,1,1
502560,102231,SKU0015,WH_B,Central,2025-01-15,2025-01-17,5,2,1
502561,102232,SKU0048,WH_C,West,2025-01-14,2025-01-18,6,1,0
502562,102233,SKU0008,WH_C,West,2025-01-13,2025-01-16,4,2,1
502563,102234,SKU0058,WH_A,East,2025-01-12,2025-01-14,2,4,1
502564,102235,SKU0055,WH_B,Central,2025-01-12,2025-01-14,2,2,1
502565,102236,SKU0031,WH_B,Central,2025-01-13,2025-01-17,5,1,0
502566,102236,SKU0031,WH_B,Central,2025-01-14,2025-01-15,3,0,1
502567,102237,SKU0025,WH_A,East,2025-01-13,2025-01-19,7,3,0
502568,102238,SKU0008,WH_C,West,2025-01-14,2025-01-18,6,6,0
502569,102239,SKU0043,WH_A,East,2025-01-12,2025-01-13,1,6,1
502570,102240,SKU0086,WH_B,Central,2025-01-12,2025-01-17,5,1,0
502571,102240,SKU0086,WH_B,Central,2025-01-13,2025-01-15,3,5,1
502572,102241,SKU0062,WH_A,East,2025-01-15,2025-01-16,4,2,1
502573,102242,SKU0088,WH_A,East,2025-01-13,2025-01-15,3,1,1
502574,102243,SKU0001,WH_C,West,2025-01-12,2025-01-14,2,1,1
502575,102244,SKU0076,WH_B,Central,2025-01-12,2025-01-15,3,1,1
502576,102245,SKU0039,WH_C,West,2025-01-12,2025-01-13,1,1,1
502577,102246,SKU0062,WH_B,Central,2025-01-15,2025-01-17,5,1,1
502578,102247,SKU0065,WH_A,East,2025-01-13,2025-01-14,2,1,1
502579,102248,SKU0003,WH_C,West,2025-01-12,2025-01-17,5,1,0
502580,102249,SKU0062,WH_B,Central,2025-01-13,2025-01-15,3,4,1
502581,102250,SKU0052,WH_A,East,2025-01-13,2025-01-14,2,1,1
502582,102250,SKU0052,WH_A,East,2025-01-14,2025-01-15,3,0,1
502583,102251,SKU0068,WH_A,East,2025-01-12,2025-01-17,5,1,0
502584,102252,SKU0061,WH_A,East,2025-01-12,2025-01-16,4,1,0
502585,102253,SKU0009,WH_C,West,2025-01-13,2025-01-15,3,1,1
502586,102253,SKU0009,WH_C,West,2025-01-12,2025-01-15,3,0,1
502587,102254,SKU0017,WH_C,West,2025-01-13,2025-01-14,2,1,1
502588,102255,SKU0091,WH_C,West,2025-01-14,2025-01-17,5,6,1
502589,102256,SKU0088,WH_A,East,2025-01-14,2025-01-16,4,1,1
502590,102257,SKU0063,WH_C,West,2025-01-12,2025-01-17,5,1,0
502591,102258,SKU0033,WH_B,Central,2025-01-13,2025-01-15,3,2,1
502592,102259,SKU0084,WH_B,Central,2025-01-13,2025-01-15,3,1,1
502593,102260,SKU0018,WH_A,East,2025-01-12,2025-01-14,2,1,1
502594,102260,SKU0018,WH_A,East,2025-01-13,2025-01-18,6,0,0
502595,102261,SKU0071,WH_A,East,2025-01-12,2025-01-13,1,1,1
502596,102262,SKU0034,WH_C,West,2025-01-13,2025-01-16,4,1,1
502597,102263,SKU0061,WH_B,Central,2025-01-12,2025-01-13,1,4,1
502598,102263,SKU0061,WH_B,Central,2025-01-12,2025-01-13,1,3,1
502599,102264,SKU0046,WH_C,West,2025-01-13,2025-01-16,4,1,1
502600,102265,SKU0076,WH_C,West,2025-01-14,2025-01-16,4,4,1
502601,102266,SKU0099,WH_C,West,2025-01-13,2025-01-19,7,1,0
502602,102266,SKU0099,WH_C,West,2025-01-15,2025-01-16,4,0,1
502603,102267,SKU0083,WH_B,Central,2025-01-12,2025-01-18,6,1,0
502604,102268,SKU0038,WH_C,West,2025-01-13,2025-01-16,4,9,1
502605,102269,SKU0099,WH_C,West,2025-01-14,2025-01-16,4,1,1
502606,102270,SKU0010,WH_C,West,2025-01-12,2025-01-13,1,2,1
502607,102271,SKU0059,WH_A,East,2025-01-14,2025-01-16,4,1,1
502608,102271,SKU0059,WH_A,East,2025-01-12,2025-01-14,2,0,1
502609,102272,SKU0077,WH_C,West,2025-01-12,2025-01-13,1,1,1
502610,102273,SKU0018,WH_B,Central,2025-01-12,2025-01-14,2,2,1
502611,102274,SKU0079,WH_B,Central,2025-01-13,2025-01-16,4,1,1
502612,102275,SKU0038,WH_B,Central,2025-01-12,2025-01-17,5,2,0
502613,102276,SKU0098,WH_C,West,2025-01-13,2025-01-14,2,1,1
502614,102277,SKU0059,WH_B,Central,2025-01-12,2025-01-17,5,1,0
502615,102278,SKU0097,WH_B,Central,2025-01-12,2025-01-16,4,1,0
502616,102279,SKU0074,WH_C,West,2025-01-12,2025-01-17,5,6,0
502617,102280,SKU0059,WH_C,West,2025-01-12,2025-01-17,5,4,0
502618,102281,SKU0089,WH_B,Central,2025-01-14,2025-01-17,5,1,1
502619,102282,SKU0084,WH_A,East,2025-01-13,2025-01-14,2,1,1
502620,102283,SKU0038,WH_B,Central,2025-01-13,2025-01-15,3,1,1
502621,102283,SKU0038,WH_B,Central,2025-01-12,2025-01-14,2,1,1
502622,102284,SKU0068,WH_A,East,2025-01-15,2025-01-16,4,1,1
502623,102285,SKU0003,WH_C,West,2025-01-12,2025-01-13,1,1,1
502624,102286,SKU0086,WH_B,Central,2025-01-15,2025-01-21,9,1,0
502625,102287,SKU0050,WH_A,East,2025-01-13,2025-01-15,3,1,1
502626,102288,SKU0002,WH_C,West,2025-01-14,2025-01-15,3,7,1
502627,102289,SKU0036,WH_A,East,2025-01-13,2025-01-14,2,1,1
502628,102290,SKU0014,WH_C,West,2025-01-15,2025-01-16,4,7,1
502629,102291,SKU0077,WH_A,East,2025-01-13,2025-01-15,3,1,1
502630,102292,SKU0100,WH_C,West,2025-01-14,2025-01-21,9,2,0
502631,102293,SKU0039,WH_A,East,2025-01-12,2025-01-15,3,1,1
502632,102293,SKU0039,WH_A,East,2025-01-12,2025-01-13,1,2,1
502633,102294,SKU0096,WH_B,Central,2025-01-12,2025-01-19,7,1,0
502634,102295,SKU0071,WH_B,Central,2025-01-12,2025-01-13,1,1,1
502635,102296,SKU0089,WH_B,Central,2025-01-14,2025-01-18,6,2,0
502636,102297,SKU0093,WH_B,Central,2025-01-12,2025-01-13,1,1,1
502637,102297,SKU0093,WH_B,Central,2025-01-13,2025-01-14,2,0,1
502638,102298,SKU0021,WH_B,Central,2025-01-12,2025-01-13,1,1,1
502639,102298,SKU0021,WH_B,Central,2025-01-12,2025-01-13,1,1,1
502640,102299,SKU0057,WH_B,Central,2025-01-13,2025-01-14,2,1,1
502641,102300,SKU0073,WH_B,Central,2025-01-14,2025-01-21,9,1,0
502642,102301,SKU0009,WH_C,West,2025-01-12,2025-01-14,2,1,1
502643,102302,SKU0074,WH_C,West,2025-01-12,2025-01-14,2,1,1
502644,102302,SKU0074,WH_C,West,2025-01-12,2025-01-14,2,0,1
502645,102303,SKU0053,WH_C,West,2025-01-12,2025-01-13,1,1,1
502646,102303,SKU0053,WH_C,West,2025-01-13,2025-01-14,2,1,1
502647,102304,SKU0012,WH_B,Central,2025-01-12,2025-01-13,1,2,1
502648,102305,SKU0063,WH_B,Central,2025-01-12,2025-01-14,2,4,1
502649,102306,SKU0086,WH_C,West,2025-01-12,2025-01-14,2,2,1
502650,102307,SKU0012,WH_A,East,2025-01-15,2025-01-17,5,1,1
502651,102308,SKU0080,WH_B,Central,2025-01-13,2025-01-15,3,1,1
502652,102309,SKU0088,WH_C,West,2025-01-13,2025-01-20,8,10,0
502653,102310,SKU0021,WH_A,East,2025-01-12,2025-01-18,6,1,0
502654,102311,SKU0024,WH_A,East,2025-01-12,2025-01-13,1,1,1
502655,102312,SKU0063,WH_B,Central,2025-01-13,2025-01-14,2,14,1
502656,102313,SKU0067,WH_C,West,2025-01-12,2025-01-15,3,3,1
502657,102314,SKU0077,WH_A,East,2025-01-13,2025-01-14,2,1,1
502658,102314,SKU0077,WH_A,East,2025-01-12,2025-01-13,1,0,1
502659,102315,SKU0051,WH_C,West,2025-01-15,2025-01-18,6,1,1
502660,102316,SKU0042,WH_A,East,2025-01-16,2025-01-21,9,1,0
502661,102317,SKU0051,WH_C,West,2025-01-12,2025-01-17,5,1,0
502662,102318,SKU0062,WH_A,East,2025-01-13,2025-01-15,3,2,1
502663,102319,SKU0052,WH_A,East,2025-01-12,2025-01-15,3,1,1
502664,102320,SKU0068,WH_A,East,2025-01-13,2025-01-15,3,6,1
502665,102321,SKU0074,WH_C,West,2025-01-12,2025-01-15,3,3,1
502666,102322,SKU0094,WH_A,East,2025-01-12,2025-01-15,3,3,1
502667,102323,SKU0006,WH_A,East,2025-01-13,2025-01-15,3,4,1
502668,102324,SKU0030,WH_C,West,2025-01-12,2025-01-14,2,1,1
502669,102325,SKU0024,WH_A,East,2025-01-12,2025-01-13,1,1,1
502670,102325,SKU0024,WH_A,East,2025-01-12,2025-01-15,3,0,1
502671,102326,SKU0061,WH_B,Central,2025-01-12,2025-01-13,1,4,1
502672,102327,SKU0088,WH_B,Central,2025-01-13,2025-01-16,4,22,1
502673,102328,SKU0042,WH_A,East,2025-01-12,2025-01-13,1,3,1
502674,102329,SKU0036,WH_A,East,2025-01-12,2025-01-17,5,2,0
502675,102330,SKU0076,WH_C,West,2025-01-13,2025-01-18,6,3,0
502676,102330,SKU0076,WH_C,West,2025-01-13,2025-01-19,7,1,0
502677,102331,SKU0098,WH_C,West,2025-01-12,2025-01-14,2,1,1
502678,102332,SKU0035,WH_B,Central,2025-01-13,2025-01-14,2,1,1
502679,102333,SKU0002,WH_C,West,2025-01-12,2025-01-13,1,1,1
502680,102334,SKU0087,WH_A,East,2025-01-13,2025-01-15,3,6,1
502681,102335,SKU0030,WH_A,East,2025-01-13,2025-01-17,5,10,0
502682,102336,SKU0077,WH_B,Central,2025-01-14,2025-01-20,8,3,0
502683,102337,SKU0071,WH_B,Central,2025-01-13,2025-01-14,2,1,1
502684,102338,SKU0079,WH_C,West,2025-01-12,2025-01-13,1,1,1
502685,102339,SKU0099,WH_C,West,2025-01-12,2025-01-14,2,1,1
502686,102340,SKU0079,WH_A,East,2025-01-12,2025-01-14,2,2,1
502687,102341,SKU0050,WH_A,East,2025-01-13,2025-01-15,3,1,1
502688,102342,SKU0026,WH_A,East,2025-01-12,2025-01-13,1,1,1
502689,102343,SKU0089,WH_A,East,2025-01-13,2025-01-14,2,7,1
502690,102344,SKU0035,WH_C,West,2025-01-13,2025-01-20,8,4,0
502691,102344,SKU0035,WH_C,West,2025-01-13,2025-01-16,4,1,1
502692,102345,SKU0058,WH_A,East,2025-01-12,2025-01-15,3,5,1
502693,102346,SKU0081,WH_A,East,2025-01-13,2025-01-17,5,5,0
502694,102347,SKU0023,WH_A,East,2025-01-13,2025-01-16,4,1,1
502695,102348,SKU0035,WH_A,East,2025-01-13,2025-01-15,3,1,1
502696,102348,SKU0035,WH_A,East,2025-01-12,2025-01-14,2,1,1
502697,102349,SKU0041,WH_A,East,2025-01-12,2025-01-13,1,3,1
502698,102350,SKU0017,WH_A,East,2025-01-13,2025-01-18,6,1,0
502699,102350,SKU0017,WH_A,East,2025-01-15,2025-01-17,5,0,1
502700,102351,SKU0088,WH_C,West,2025-01-12,2025-01-16,4,6,0
502701,102352,SKU0062,WH_C,West,2025-01-13,2025-01-14,2,1,1
502702,102353,SKU0049,WH_B,Central,2025-01-14,2025-01-16,4,1,1
502703,102354,SKU0037,WH_A,East,2025-01-14,2025-01-15,3,1,1
502704,102355,SKU0018,WH_A,East,2025-01-14,2025-01-17,5,3,1
502705,102356,SKU0096,WH_A,East,2025-01-12,2025-01-14,2,8,1
502706,102357,SKU0006,WH_A,East,2025-01-13,2025-01-14,2,3,1
502707,102358,SKU0052,WH_C,West,2025-01-13,2025-01-14,2,3,1
502708,102359,SKU0083,WH_A,East,2025-01-13,2025-01-15,3,1,1
502709,102360,SKU0046,WH_C,West,2025-01-13,2025-01-14,2,1,1
502710,102361,SKU0038,WH_A,East,2025-01-12,2025-01-14,2,1,1
502711,102362,SKU0064,WH_B,Central,2025-01-12,2025-01-14,2,1,1
502712,102363,SKU0082,WH_B,Central,2025-01-13,2025-01-17,5,1,0
502713,102364,SKU0083,WH_A,East,2025-01-12,2025-01-15,3,11,1
502714,102365,SKU0076,WH_A,East,2025-01-12,2025-01-15,3,2,1
502715,102366,SKU0073,WH_A,East,2025-01-12,2025-01-14,2,1,1
502716,102367,SKU0086,WH_A,East,2025-01-14,2025-01-15,3,1,1
502717,102368,SKU0028,WH_C,West,2025-01-14,2025-01-16,4,1,1
502718,102368,SKU0028,WH_C,West,2025-01-14,2025-01-20,8,0,0
502719,102369,SKU0038,WH_C,West,2025-01-12,2025-01-15,3,4,1
502720,102370,SKU0098,WH_C,West,2025-01-13,2025-01-14,1,1,1
502721,102370,SKU0098,WH_C,West,2025-01-14,2025-01-15,2,0,1
502722,102371,SKU0058,WH_A,East,2025-01-13,2025-01-15,2,4,1
502723,102372,SKU0014,WH_B,Central,2025-01-13,2025-01-16,3,4,1
502724,102373,SKU0085,WH_B,Central,2025-01-15,2025-01-19,6,12,0
502725,102374,SKU0051,WH_B,Central,2025-01-14,2025-01-15,2,1,1
502726,102375,SKU0060,WH_B,Central,2025-01-14,2025-01-16,3,3,1
502727,102376,SKU0067,WH_C,West,2025-01-13,2025-01-15,2,8,1
502728,102377,SKU0028,WH_B,Central,2025-01-13,2025-01-15,2,3,1
502729,102378,SKU0015,WH_A,East,2025-01-15,2025-01-22,9,1,0
502730,102379,SKU0085,WH_B,Central,2025-01-16,2025-01-17,4,7,1
502731,102380,SKU0077,WH_A,East,2025-01-13,2025-01-14,1,1,1
502732,102381,SKU0026,WH_C,West,2025-01-14,2025-01-15,2,1,1
502733,102382,SKU0100,WH_C,West,2025-01-16,2025-01-17,4,6,1
502734,102383,SKU0045,WH_B,Central,2025-01-13,2025-01-18,5,1,0
502735,102384,SKU0024,WH_A,East,2025-01-16,2025-01-18,5,1,1
502736,102385,SKU0001,WH_A,East,2025-01-13,2025-01-15,2,1,1
502737,102385,SKU0001,WH_A,East,2025-01-13,2025-01-14,1,0,1
502738,102386,SKU0039,WH_A,East,2025-01-14,2025-01-16,3,2,1
502739,102387,SKU0029,WH_A,East,2025-01-13,2025-01-14,1,2,1
502740,102388,SKU0043,WH_C,West,2025-01-13,2025-01-15,2,1,1
502741,102389,SKU0049,WH_B,Central,2025-01-14,2025-01-17,4,3,1
502742,102390,SKU0080,WH_C,West,2025-01-15,2025-01-19,6,2,0
502743,102390,SKU0080,WH_C,West,2025-01-13,2025-01-16,3,1,1
502744,102391,SKU0017,WH_A,East,2025-01-14,2025-01-18,5,2,0
502745,102392,SKU0089,WH_C,West,2025-01-15,2025-01-16,3,3,1
502746,102393,SKU0054,WH_C,West,2025-01-13,2025-01-15,2,8,1
502747,102394,SKU0030,WH_A,East,2025-01-13,2025-01-14,1,6,1
502748,102395,SKU0002,WH_B,Central,2025-01-13,2025-01-20,7,1,0
502749,102396,SKU0023,WH_A,East,2025-01-13,2025-01-16,3,1,1
502750,102397,SKU0024,WH_A,East,2025-01-17,2025-01-23,10,6,0
502751,102398,SKU0093,WH_A,East,2025-01-14,2025-01-16,3,3,1
502752,102399,SKU0008,WH_C,West,2025-01-13,2025-01-17,4,2,0
502753,102400,SKU0010,WH_C,West,2025-01-13,2025-01-14,1,1,1
502754,102401,SKU0071,WH_B,Central,2025-01-13,2025-01-14,1,1,1
502755,102402,SKU0050,WH_A,East,2025-01-14,2025-01-15,2,1,1
502756,102402,SKU0050,WH_A,East,2025-01-13,2025-01-14,1,0,1
502757,102403,SKU0022,WH_A,East,2025-01-15,2025-01-18,5,12,1
502758,102404,SKU0049,WH_C,West,2025-01-13,2025-01-15,2,1,1
502759,102404,SKU0049,WH_C,West,2025-01-13,2025-01-15,2,1,1
502760,102405,SKU0014,WH_C,West,2025-01-15,2025-01-16,3,1,1
502761,102406,SKU0045,WH_A,East,2025-01-14,2025-01-15,2,1,1
502762,102407,SKU0037,WH_C,West,2025-01-13,2025-01-17,4,7,0
502763,102408,SKU0017,WH_A,East,2025-01-13,2025-01-16,3,1,1
502764,102408,SKU0017,WH_A,East,2025-01-13,2025-01-16,3,0,1
502765,102409,SKU0100,WH_C,West,2025-01-15,2025-01-19,6,1,0
502766,102410,SKU0099,WH_A,East,2025-01-13,2025-01-18,5,4,0
502767,102411,SKU0021,WH_B,Central,2025-01-14,2025-01-18,5,1,0
502768,102412,SKU0022,WH_C,West,2025-01-13,2025-01-14,1,13,1
502769,102413,SKU0019,WH_B,Central,2025-01-14,2025-01-16,3,1,1
502770,102414,SKU0019,WH_C,West,2025-01-14,2025-01-15,2,3,1
502771,102415,SKU0086,WH_C,West,2025-01-13,2025-01-14,1,6,1
502772,102416,SKU0005,WH_A,East,2025-01-13,2025-01-14,1,2,1
502773,102416,SKU0005,WH_A,East,2025-01-17,2025-01-18,5,3,1
502774,102417,SKU0007,WH_B,Central,2025-01-13,2025-01-16,3,1,1
502775,102418,SKU0022,WH_B,Central,2025-01-14,2025-01-17,4,3,1
502776,102419,SKU0095,WH_A,East,2025-01-14,2025-01-15,2,2,1
502777,102420,SKU0043,WH_A,East,2025-01-14,2025-01-15,2,6,1
502778,102421,SKU0060,WH_C,West,2025-01-13,2025-01-20,7,4,0
502779,102422,SKU0056,WH_B,Central,2025-01-14,2025-01-17,4,4,1
502780,102423,SKU0091,WH_C,West,2025-01-13,2025-01-15,2,4,1
502781,102424,SKU0021,WH_C,West,2025-01-14,2025-01-15,2,1,1
502782,102424,SKU0021,WH_C,West,2025-01-15,2025-01-16,3,1,1
502783,102425,SKU0016,WH_C,West,2025-01-14,2025-01-16,3,1,1
502784,102425,SKU0016,WH_C,West,2025-01-15,2025-01-16,3,1,1
502785,102426,SKU0054,WH_C,West,2025-01-13,2025-01-17,4,1,0
502786,102426,SKU0054,WH_C,West,2025-01-13,2025-01-16,3,3,1
502787,102427,SKU0019,WH_B,Central,2025-01-13,2025-01-17,4,2,0
502788,102428,SKU0037,WH_C,West,2025-01-15,2025-01-18,5,3,1
502789,102429,SKU0055,WH_C,West,2025-01-13,2025-01-14,1,1,1
502790,102430,SKU0018,WH_B,Central,2025-01-13,2025-01-15,2,1,1
502791,102431,SKU0023,WH_C,West,2025-01-13,2025-01-14,1,3,1
502792,102432,SKU0053,WH_A,East,2025-01-13,2025-01-14,1,2,1
502793,102433,SKU0099,WH_C,West,2025-01-14,2025-01-15,2,1,1
502794,102434,SKU0088,WH_C,West,2025-01-17,2025-01-18,5,3,1
502795,102435,SKU0056,WH_B,Central,2025-01-13,2025-01-14,1,5,1
502796,102436,SKU0051,WH_C,West,2025-01-14,2025-01-15,2,10,1
502797,102437,SKU0058,WH_C,West,2025-01-13,2025-01-14,1,2,1
502798,102438,SKU0067,WH_B,Central,2025-01-14,2025-01-15,2,1,1
502799,102439,SKU0092,WH_C,West,2025-01-13,2025-01-19,6,1,0
502800,102440,SKU0061,WH_A,East,2025-01-13,2025-01-14,1,1,1
502801,102440,SKU0061,WH_A,East,2025-01-13,2025-01-14,1,1,1
502802,102441,SKU0057,WH_B,Central,2025-01-13,2025-01-15,2,3,1
502803,102442,SKU0089,WH_B,Central,2025-01-14,2025-01-15,2,1,1
502804,102442,SKU0089,WH_B,Central,2025-01-15,2025-01-17,4,0,1
502805,102443,SKU0029,WH_C,West,2025-01-16,2025-01-18,5,3,1
502806,102444,SKU0001,WH_A,East,2025-01-14,2025-01-18,5,3,0
502807,102445,SKU0021,WH_C,West,2025-01-14,2025-01-18,5,3,0
502808,102445,SKU0021,WH_C,West,2025-01-13,2025-01-15,2,3,1
502809,102446,SKU0075,WH_C,West,2025-01-14,2025-01-15,2,2,1
502810,102447,SKU0032,WH_A,East,2025-01-14,2025-01-15,2,5,1
502811,102448,SKU0031,WH_A,East,2025-01-14,2025-01-20,7,1,0
502812,102449,SKU0057,WH_B,Central,2025-01-13,2025-01-15,2,1,1
502813,102449,SKU0057,WH_B,Central,2025-01-14,2025-01-17,4,0,1
502814,102450,SKU0010,WH_B,Central,2025-01-13,2025-01-14,1,2,1
502815,102451,SKU0013,WH_A,East,2025-01-14,2025-01-16,3,1,1
502816,102451,SKU0013,WH_A,East,2025-01-14,2025-01-17,4,1,1
502817,102452,SKU0006,WH_C,West,2025-01-13,2025-01-15,2,1,1
502818,102453,SKU0057,WH_C,West,2025-01-13,2025-01-15,2,1,1
502819,102453,SKU0057,WH_C,West,2025-01-13,2025-01-15,2,2,1
502820,102454,SKU0019,WH_A,East,2025-01-14,2025-01-17,4,10,1
502821,102455,SKU0078,WH_C,West,2025-01-13,2025-01-17,4,1,0
502822,102456,SKU0098,WH_C,West,2025-01-13,2025-01-15,2,1,1
502823,102457,SKU0004,WH_A,East,2025-01-13,2025-01-15,2,1,1
502824,102458,SKU0065,WH_C,West,2025-01-14,2025-01-15,2,1,1
502825,102459,SKU0097,WH_B,Central,2025-01-15,2025-01-18,5,2,1
502826,102460,SKU0012,WH_A,East,2025-01-14,2025-01-15,2,8,1
502827,102461,SKU0014,WH_B,Central,2025-01-15,2025-01-16,3,6,1
502828,102461,SKU0014,WH_B,Central,2025-01-13,2025-01-16,3,2,1
502829,102462,SKU0001,WH_B,Central,2025-01-13,2025-01-15,2,1,1
502830,102463,SKU0080,WH_B,Central,2025-01-14,2025-01-16,3,5,1
502831,102464,SKU0097,WH_A,East,2025-01-13,2025-01-16,3,9,1
502832,102465,SKU0049,WH_A,East,2025-01-13,2025-01-16,3,2,1
502833,102466,SKU0058,WH_A,East,2025-01-15,2025-01-17,4,9,1
502834,102467,SKU0049,WH_C,West,2025-01-14,2025-01-15,2,3,1
502835,102468,SKU0009,WH_C,West,2025-01-13,2025-01-14,1,1,1
502836,102469,SKU0037,WH_B,Central,2025-01-13,2025-01-14,1,1,1
502837,102470,SKU0054,WH_B,Central,2025-01-14,2025-01-15,2,1,1
502838,102471,SKU0094,WH_C,West,2025-01-15,2025-01-17,4,1,1
502839,102472,SKU0005,WH_A,East,2025-01-13,2025-01-18,5,4,0
502840,102472,SKU0005,WH_A,East,2025-01-15,2025-01-19,6,2,0
502841,102473,SKU0012,WH_C,West,2025-01-14,2025-01-16,3,1,1
502842,102474,SKU0084,WH_B,Central,2025-01-13,2025-01-15,2,1,1
502843,102475,SKU0048,WH_A,East,2025-01-14,2025-01-15,2,1,1
502844,102476,SKU0029,WH_B,Central,2025-01-15,2025-01-20,7,2,0
502845,102477,SKU0036,WH_C,West,2025-01-13,2025-01-14,1,1,1
502846,102478,SKU0045,WH_B,Central,2025-01-13,2025-01-16,3,3,1
502847,102478,SKU0045,WH_B,Central,2025-01-13,2025-01-15,2,7,1
502848,102479,SKU0063,WH_A,East,2025-01-13,2025-01-15,2,4,1
502849,102480,SKU0015,WH_C,West,2025-01-14,2025-01-16,3,2,1
502850,102481,SKU0022,WH_A,East,2025-01-14,2025-01-19,6,1,0
502851,102482,SKU0078,WH_B,Central,2025-01-14,2025-01-18,5,13,0
502852,102483,SKU0051,WH_B,Central,2025-01-17,2025-01-18,5,1,1
502853,102484,SKU0043,WH_B,Central,2025-01-13,2025-01-15,2,4,1
502854,102485,SKU0092,WH_C,West,2025-01-13,2025-01-15,2,1,1
502855,102486,SKU0088,WH_A,East,2025-01-14,2025-01-15,2,1,1
502856,102487,SKU0038,WH_A,East,2025-01-14,2025-01-15,2,1,1
502857,102488,SKU0003,WH_A,East,2025-01-13,2025-01-16,3,1,1
502858,102489,SKU0044,WH_A,East,2025-01-13,2025-01-15,2,2,1
502859,102490,SKU0067,WH_A,East,2025-01-14,2025-01-15,2,1,1
502860,102491,SKU0010,WH_A,East,2025-01-13,2025-01-15,2,1,1
502861,102492,SKU0085,WH_B,Central,2025-01-13,2025-01-16,3,1,1
502862,102493,SKU0003,WH_A,East,2025-01-15,2025-01-16,3,2,1
502863,102494,SKU0022,WH_C,West,2025-01-13,2025-01-16,3,5,1
502864,102495,SKU0076,WH_B,Central,2025-01-14,2025-01-16,3,3,1
502865,102496,SKU0087,WH_A,East,2025-01-13,2025-01-15,2,3,1
502866,102497,SKU0078,WH_C,West,2025-01-14,2025-01-16,3,1,1
502867,102498,SKU0100,WH_A,East,2025-01-15,2025-01-16,3,1,1
502868,102499,SKU0028,WH_C,West,2025-01-14,2025-01-17,4,1,1
502869,102500,SKU0098,WH_C,West,2025-01-15,2025-01-21,8,1,0
502870,102501,SKU0010,WH_C,West,2025-01-14,2025-01-16,3,1,1
502871,102502,SKU0027,WH_C,West,2025-01-14,2025-01-17,4,4,1
502872,102503,SKU0051,WH_C,West,2025-01-13,2025-01-14,1,2,1
502873,102504,SKU0023,WH_A,East,2025-01-15,2025-01-16,3,2,1
502874,102505,SKU0018,WH_A,East,2025-01-13,2025-01-18,5,6,0
502875,102506,SKU0081,WH_B,Central,2025-01-13,2025-01-14,1,1,1
502876,102506,SKU0081,WH_B,Central,2025-01-16,2025-01-18,5,1,1
502877,102507,SKU0020,WH_A,East,2025-01-13,2025-01-15,2,3,1
502878,102507,SKU0020,WH_A,East,2025-01-15,2025-01-16,3,2,1
502879,102508,SKU0086,WH_C,West,2025-01-13,2025-01-15,2,1,1
502880,102509,SKU0034,WH_A,East,2025-01-13,2025-01-14,1,1,1
502881,102510,SKU0014,WH_B,Central,2025-01-13,2025-01-19,6,1,0
502882,102511,SKU0094,WH_C,West,2025-01-13,2025-01-14,1,3,1
502883,102512,SKU0021,WH_C,West,2025-01-13,2025-01-15,2,1,1
502884,102513,SKU0009,WH_A,East,2025-01-13,2025-01-15,2,4,1
502885,102514,SKU0016,WH_B,Central,2025-01-15,2025-01-16,3,2,1
502886,102515,SKU0037,WH_B,Central,2025-01-13,2025-01-15,2,2,1
502887,102516,SKU0046,WH_A,East,2025-01-13,2025-01-16,3,3,1
502888,102517,SKU0073,WH_A,East,2025-01-13,2025-01-16,3,4,1
502889,102517,SKU0073,WH_A,East,2025-01-15,2025-01-17,4,3,1
502890,102518,SKU0036,WH_C,West,2025-01-15,2025-01-17,4,1,1
502891,102519,SKU0016,WH_A,East,2025-01-14,2025-01-16,3,1,1
502892,102519,SKU0016,WH_A,East,2025-01-13,2025-01-14,1,1,1
502893,102520,SKU0029,WH_C,West,2025-01-13,2025-01-20,7,1,0
502894,102521,SKU0040,WH_C,West,2025-01-13,2025-01-18,5,3,0
502895,102522,SKU0076,WH_C,West,2025-01-15,2025-01-17,4,5,1
502896,102523,SKU0050,WH_A,East,2025-01-13,2025-01-15,2,2,1
502897,102524,SKU0008,WH_B,Central,2025-01-14,2025-01-15,2,1,1
502898,102525,SKU0030,WH_B,Central,2025-01-13,2025-01-14,1,1,1
502899,102526,SKU0060,WH_C,West,2025-01-15,2025-01-16,3,4,1
502900,102527,SKU0021,WH_B,Central,2025-01-14,2025-01-16,3,1,1
502901,102528,SKU0036,WH_C,West,2025-01-14,2025-01-19,6,3,0
502902,102529,SKU0086,WH_A,East,2025-01-13,2025-01-14,1,1,1
502903,102530,SKU0084,WH_A,East,2025-01-14,2025-01-21,8,1,0
502904,102531,SKU0016,WH_C,West,2025-01-14,2025-01-17,4,4,1
502905,102532,SKU0044,WH_B,Central,2025-01-14,2025-01-16,3,1,1
502906,102533,SKU0039,WH_C,West,2025-01-14,2025-01-15,2,6,1
502907,102534,SKU0017,WH_C,West,2025-01-13,2025-01-15,2,17,1
502908,102535,SKU0049,WH_A,East,2025-01-15,2025-01-20,7,1,0
502909,102536,SKU0031,WH_B,Central,2025-01-13,2025-01-15,2,1,1
502910,102536,SKU0031,WH_B,Central,2025-01-14,2025-01-16,3,1,1
502911,102537,SKU0002,WH_C,West,2025-01-13,2025-01-14,1,2,1
502912,102538,SKU0100,WH_B,Central,2025-01-13,2025-01-16,3,1,1
502913,102539,SKU0017,WH_A,East,2025-01-13,2025-01-15,2,3,1
502914,102540,SKU0073,WH_A,East,2025-01-13,2025-01-15,2,11,1
502915,102541,SKU0005,WH_B,Central,2025-01-13,2025-01-15,2,7,1
502916,102542,SKU0043,WH_C,West,2025-01-14,2025-01-15,2,3,1
502917,102543,SKU0015,WH_A,East,2025-01-13,2025-01-15,2,5,1
502918,102544,SKU0045,WH_A,East,2025-01-16,2025-01-18,5,3,1
502919,102545,SKU0028,WH_B,Central,2025-01-15,2025-01-21,8,1,0
502920,102545,SKU0028,WH_B,Central,2025-01-15,2025-01-21,8,0,0
502921,102546,SKU0062,WH_C,West,2025-01-14,2025-01-19,6,1,0
502922,102547,SKU0066,WH_B,Central,2025-01-13,2025-01-14,1,2,1
502923,102548,SKU0070,WH_A,East,2025-01-17,2025-01-18,5,1,1
502924,102549,SKU0086,WH_C,West,2025-01-16,2025-01-18,5,2,1
502925,102550,SKU0063,WH_C,West,2025-01-13,2025-01-17,4,1,0
502926,102550,SKU0063,WH_C,West,2025-01-13,2025-01-16,3,1,1
502927,102551,SKU0023,WH_A,East,2025-01-13,2025-01-19,6,9,0
502928,102552,SKU0005,WH_B,Central,2025-01-14,2025-01-15,2,1,1
502929,102553,SKU0085,WH_A,East,2025-01-13,2025-01-15,2,6,1
502930,102554,SKU0089,WH_B,Central,2025-01-16,2025-01-18,5,9,1
502931,102555,SKU0019,WH_A,East,2025-01-13,2025-01-18,5,1,0
502932,102555,SKU0019,WH_A,East,2025-01-17,2025-01-20,7,4,1
502933,102556,SKU0078,WH_B,Central,2025-01-14,2025-01-15,2,1,1
502934,102557,SKU0095,WH_A,East,2025-01-13,2025-01-18,5,5,0
502935,102558,SKU0082,WH_A,East,2025-01-13,2025-01-14,1,1,1
502936,102559,SKU0010,WH_A,East,2025-01-14,2025-01-16,3,2,1
502937,102560,SKU0075,WH_A,East,2025-01-15,2025-01-16,3,1,1
502938,102561,SKU0064,WH_B,Central,2025-01-14,2025-01-17,4,1,1
502939,102562,SKU0079,WH_C,West,2025-01-15,2025-01-17,4,1,1
502940,102563,SKU0042,WH_B,Central,2025-01-13,2025-01-15,2,1,1
502941,102563,SKU0042,WH_B,Central,2025-01-14,2025-01-15,2,0,1
502942,102564,SKU0054,WH_B,Central,2025-01-13,2025-01-14,1,1,1
502943,102565,SKU0034,WH_C,West,2025-01-13,2025-01-16,3,1,1
502944,102566,SKU0037,WH_B,Central,2025-01-14,2025-01-16,3,1,1
502945,102567,SKU0051,WH_C,West,2025-01-13,2025-01-20,7,1,0
502946,102568,SKU0023,WH_A,East,2025-01-15,2025-01-17,4,10,1
502947,102569,SKU0027,WH_B,Central,2025-01-13,2025-01-16,3,1,1
502948,102570,SKU0038,WH_B,Central,2025-01-14,2025-01-17,4,2,1
502949,102571,SKU0058,WH_C,West,2025-01-14,2025-01-15,2,1,1
502950,102572,SKU0072,WH_A,East,2025-01-13,2025-01-14,1,3,1
502951,102573,SKU0035,WH_A,East,2025-01-17,2025-01-21,8,6,0
502952,102574,SKU0017,WH_B,Central,2025-01-16,2025-01-17,4,3,1
502953,102575,SKU0099,WH_C,West,2025-01-14,2025-01-17,4,3,1
502954,102576,SKU0085,WH_A,East,2025-01-13,2025-01-16,3,1,1
502955,102576,SKU0085,WH_A,East,2025-01-14,2025-01-21,8,1,0
502956,102577,SKU0054,WH_C,West,2025-01-13,2025-01-15,2,4,1
502957,102578,SKU0033,WH_B,Central,2025-01-16,2025-01-19,6,1,1
502958,102579,SKU0059,WH_B,Central,2025-01-13,2025-01-14,1,5,1
502959,102580,SKU0068,WH_A,East,2025-01-16,2025-01-17,4,1,1
502960,102581,SKU0081,WH_C,West,2025-01-16,2025-01-17,4,2,1
502961,102582,SKU0046,WH_C,West,2025-01-15,2025-01-17,4,1,1
502962,102582,SKU0046,WH_C,West,2025-01-15,2025-01-17,4,1,1
502963,102583,SKU0088,WH_C,West,2025-01-15,2025-01-16,3,3,1
502964,102583,SKU0088,WH_C,West,2025-01-13,2025-01-17,4,5,0
502965,102584,SKU0049,WH_A,East,2025-01-13,2025-01-16,3,1,1
502966,102584,SKU0049,WH_A,East,2025-01-13,2025-01-15,2,0,1
502967,102585,SKU0032,WH_A,East,2025-01-14,2025-01-15,2,1,1
502968,102586,SKU0052,WH_B,Central,2025-01-13,2025-01-14,1,4,1
502969,102587,SKU0001,WH_C,West,2025-01-13,2025-01-14,1,6,1
502970,102588,SKU0097,WH_B,Central,2025-01-14,2025-01-17,4,1,1
502971,102588,SKU0097,WH_B,Central,2025-01-14,2025-01-16,3,3,1
502972,102589,SKU0078,WH_C,West,2025-01-14,2025-01-15,2,1,1
502973,102590,SKU0027,WH_A,East,2025-01-15,2025-01-16,3,5,1
502974,102591,SKU0085,WH_C,West,2025-01-13,2025-01-14,1,13,1
502975,102592,SKU0091,WH_C,West,2025-01-14,2025-01-15,2,2,1
502976,102593,SKU0086,WH_C,West,2025-01-13,2025-01-14,1,1,1
502977,102594,SKU0042,WH_A,East,2025-01-13,2025-01-16,3,2,1
502978,102595,SKU0072,WH_B,Central,2025-01-14,2025-01-15,2,2,1
502979,102596,SKU0060,WH_B,Central,2025-01-13,2025-01-15,2,1,1
502980,102597,SKU0018,WH_B,Central,2025-01-16,2025-01-18,5,3,1
502981,102598,SKU0011,WH_C,West,2025-01-14,2025-01-16,3,7,1
502982,102599,SKU0073,WH_C,West,2025-01-13,2025-01-19,6,1,0
502983,102600,SKU0063,WH_C,West,2025-01-13,2025-01-16,3,7,1
502984,102601,SKU0087,WH_B,Central,2025-01-16,2025-01-17,4,1,1
502985,102602,SKU0020,WH_A,East,2025-01-13,2025-01-15,2,1,1
502986,102603,SKU0077,WH_C,West,2025-01-14,2025-01-20,7,1,0
502987,102604,SKU0036,WH_A,East,2025-01-14,2025-01-15,2,7,1
502988,102605,SKU0021,WH_A,East,2025-01-13,2025-01-16,3,4,1
502989,102606,SKU0057,WH_A,East,2025-01-14,2025-01-15,2,8,1
502990,102607,SKU0008,WH_C,West,2025-01-14,2025-01-20,7,1,0
502991,102608,SKU0003,WH_A,East,2025-01-14,2025-01-15,2,1,1
502992,102609,SKU0081,WH_A,East,2025-01-13,2025-01-15,2,8,1
502993,102610,SKU0097,WH_B,Central,2025-01-14,2025-01-16,3,8,1
502994,102611,SKU0049,WH_C,West,2025-01-13,2025-01-16,3,1,1
502995,102612,SKU0084,WH_B,Central,2025-01-15,2025-01-16,3,6,1
502996,102613,SKU0008,WH_A,East,2025-01-13,2025-01-16,3,1,1
502997,102613,SKU0008,WH_A,East,2025-01-14,2025-01-18,5,1,0
502998,102614,SKU0043,WH_A,East,2025-01-14,2025-01-16,3,3,1
502999,102615,SKU0096,WH_B,Central,2025-01-16,2025-01-19,6,1,1
503000,102616,SKU0079,WH_A,East,2025-01-13,2025-01-18,5,1,0
503001,102617,SKU0071,WH_C,West,2025-01-17,2025-01-18,5,4,1
503002,102618,SKU0073,WH_C,West,2025-01-15,2025-01-16,3,1,1
503003,102619,SKU0027,WH_A,East,2025-01-13,2025-01-14,1,7,1
503004,102620,SKU0010,WH_A,East,2025-01-14,2025-01-16,2,3,1
503005,102621,SKU0019,WH_A,East,2025-01-15,2025-01-20,6,5,0
503006,102622,SKU0025,WH_C,West,2025-01-14,2025-01-16,2,14,1
503007,102623,SKU0003,WH_B,Central,2025-01-15,2025-01-17,3,12,1
503008,102624,SKU0053,WH_B,Central,2025-01-15,2025-01-17,3,1,1
503009,102625,SKU0046,WH_A,East,2025-01-15,2025-01-20,6,1,0
503010,102626,SKU0047,WH_C,West,2025-01-16,2025-01-18,4,3,1
503011,102627,SKU0024,WH_A,East,2025-01-14,2025-01-20,6,1,0
503012,102628,SKU0064,WH_C,West,2025-01-15,2025-01-19,5,2,0
503013,102629,SKU0081,WH_C,West,2025-01-14,2025-01-19,5,2,0
503014,102630,SKU0045,WH_B,Central,2025-01-15,2025-01-18,4,1,1
503015,102631,SKU0050,WH_B,Central,2025-01-14,2025-01-17,3,1,1
503016,102631,SKU0050,WH_B,Central,2025-01-14,2025-01-15,1,5,1
503017,102632,SKU0005,WH_A,East,2025-01-14,2025-01-15,1,1,1
503018,102633,SKU0097,WH_B,Central,2025-01-14,2025-01-17,3,6,1
503019,102634,SKU0092,WH_C,West,2025-01-16,2025-01-17,3,2,1
503020,102635,SKU0048,WH_A,East,2025-01-16,2025-01-18,4,3,1
503021,102636,SKU0060,WH_B,Central,2025-01-17,2025-01-18,4,1,1
503022,102636,SKU0060,WH_B,Central,2025-01-14,2025-01-18,4,2,0
503023,102637,SKU0007,WH_A,East,2025-01-14,2025-01-16,2,1,1
503024,102638,SKU0038,WH_C,West,2025-01-15,2025-01-19,5,1,0
503025,102639,SKU0079,WH_B,Central,2025-01-14,2025-01-16,2,1,1
503026,102640,SKU0087,WH_B,Central,2025-01-14,2025-01-15,1,6,1
503027,102641,SKU0038,WH_A,East,2025-01-14,2025-01-19,5,2,0
503028,102641,SKU0038,WH_A,East,2025-01-14,2025-01-16,2,1,1
503029,102642,SKU0092,WH_C,West,2025-01-14,2025-01-17,3,2,1
503030,102643,SKU0082,WH_A,East,2025-01-15,2025-01-17,3,3,1
503031,102644,SKU0050,WH_C,West,2025-01-14,2025-01-17,3,2,1
503032,102645,SKU0011,WH_C,West,2025-01-14,2025-01-15,1,1,1
503033,102646,SKU0076,WH_A,East,2025-01-16,2025-01-19,5,1,1
503034,102647,SKU0012,WH_C,West,2025-01-15,2025-01-17,3,1,1
503035,102647,SKU0012,WH_C,West,2025-01-14,2025-01-18,4,0,0
503036,102648,SKU0056,WH_A,East,2025-01-14,2025-01-16,2,2,1
503037,102649,SKU0098,WH_B,Central,2025-01-16,2025-01-18,4,1,1
503038,102649,SKU0098,WH_B,Central,2025-01-14,2025-01-17,3,0,1
503039,102650,SKU0032,WH_C,West,2025-01-18,2025-01-19,5,1,1
503040,102651,SKU0004,WH_C,West,2025-01-14,2025-01-16,2,5,1
503041,102652,SKU0084,WH_C,West,2025-01-14,2025-01-17,3,3,1
503042,102653,SKU0090,WH_C,West,2025-01-14,2025-01-16,2,1,1
503043,102653,SKU0090,WH_C,West,2025-01-14,2025-01-15,1,0,1
503044,102654,SKU0074,WH_B,Central,2025-01-14,2025-01-16,2,3,1
503045,102655,SKU0079,WH_C,West,2025-01-15,2025-01-16,2,6,1
503046,102656,SKU0012,WH_C,West,2025-01-14,2025-01-16,2,1,1
503047,102657,SKU0092,WH_B,Central,2025-01-18,2025-01-19,5,1,1
503048,102658,SKU0052,WH_B,Central,2025-01-14,2025-01-15,1,1,1
503049,102658,SKU0052,WH_B,Central,2025-01-17,2025-01-19,5,5,1
503050,102659,SKU0007,WH_C,West,2025-01-15,2025-01-16,2,1,1
503051,102660,SKU0011,WH_B,Central,2025-01-14,2025-01-15,1,1,1
503052,102660,SKU0011,WH_B,Central,2025-01-15,2025-01-18,4,0,1
503053,102661,SKU0008,WH_C,West,2025-01-15,2025-01-19,5,5,0
503054,102662,SKU0095,WH_C,West,2025-01-14,2025-01-15,1,2,1
503055,102663,SKU0023,WH_A,East,2025-01-15,2025-01-17,3,4,1
503056,102664,SKU0015,WH_A,East,2025-01-17,2025-01-23,9,2,0
503057,102664,SKU0015,WH_A,East,2025-01-14,2025-01-17,3,6,1
503058,102665,SKU0012,WH_B,Central,2025-01-14,2025-01-16,2,2,1
503059,102666,SKU0078,WH_C,West,2025-01-16,2025-01-18,4,1,1
503060,102667,SKU0092,WH_C,West,2025-01-14,2025-01-15,1,3,1
503061,102668,SKU0051,WH_B,Central,2025-01-14,2025-01-16,2,2,1
503062,102669,SKU0044,WH_A,East,2025-01-15,2025-01-18,4,1,1
503063,102669,SKU0044,WH_A,East,2025-01-15,2025-01-17,3,2,1
503064,102670,SKU0007,WH_C,West,2025-01-14,2025-01-15,1,6,1
503065,102671,SKU0002,WH_C,West,2025-01-17,2025-01-18,4,3,1
503066,102672,SKU0082,WH_A,East,2025-01-14,2025-01-15,1,7,1
503067,102673,SKU0031,WH_C,West,2025-01-14,2025-01-18,4,3,0
503068,102674,SKU0040,WH_A,East,2025-01-14,2025-01-17,3,7,1
503069,102675,SKU0098,WH_C,West,2025-01-17,2025-01-22,8,1,0
503070,102676,SKU0093,WH_A,East,2025-01-14,2025-01-16,2,12,1
503071,102677,SKU0072,WH_C,West,2025-01-15,2025-01-21,7,1,0
503072,102678,SKU0067,WH_C,West,2025-01-15,2025-01-16,2,1,1
503073,102679,SKU0092,WH_C,West,2025-01-14,2025-01-16,2,2,1
503074,102680,SKU0027,WH_B,Central,2025-01-14,2025-01-15,1,1,1
503075,102681,SKU0034,WH_B,Central,2025-01-15,2025-01-17,3,6,1
503076,102682,SKU0035,WH_C,West,2025-01-14,2025-01-15,1,1,1
503077,102683,SKU0033,WH_C,West,2025-01-14,2025-01-15,1,1,1
503078,102684,SKU0018,WH_A,East,2025-01-16,2025-01-19,5,2,1
503079,102685,SKU0026,WH_C,West,2025-01-14,2025-01-17,3,1,1
503080,102686,SKU0042,WH_A,East,2025-01-14,2025-01-17,3,9,1
503081,102687,SKU0038,WH_A,East,2025-01-14,2025-01-15,1,3,1
503082,102688,SKU0066,WH_B,Central,2025-01-14,2025-01-15,1,6,1
503083,102689,SKU0029,WH_B,Central,2025-01-14,2025-01-17,3,7,1
503084,102690,SKU0095,WH_C,West,2025-01-14,2025-01-16,2,3,1
503085,102691,SKU0097,WH_A,East,2025-01-15,2025-01-18,4,1,1
503086,102692,SKU0016,WH_B,Central,2025-01-14,2025-01-15,1,1,1
503087,102693,SKU0070,WH_B,Central,2025-01-16,2025-01-18,4,3,1
503088,102694,SKU0064,WH_A,East,2025-01-15,2025-01-17,3,2,1
503089,102695,SKU0011,WH_B,Central,2025-01-14,2025-01-16,2,2,1
503090,102696,SKU0045,WH_C,West,2025-01-14,2025-01-17,3,2,1
503091,102697,SKU0079,WH_B,Central,2025-01-15,2025-01-18,4,1,1
503092,102698,SKU0031,WH_C,West,2025-01-15,2025-01-17,3,1,1
503093,102699,SKU0018,WH_C,West,2025-01-15,2025-01-18,4,4,1
503094,102699,SKU0018,WH_C,West,2025-01-14,2025-01-17,3,4,1
503095,102700,SKU0056,WH_B,Central,2025-01-15,2025-01-17,3,1,1
503096,102701,SKU0020,WH_A,East,2025-01-15,2025-01-16,2,2,1
503097,102702,SKU0093,WH_C,West,2025-01-14,2025-01-17,3,1,1
503098,102703,SKU0062,WH_A,East,2025-01-16,2025-01-18,4,1,1
503099,102703,SKU0062,WH_A,East,2025-01-16,2025-01-18,4,0,1
503100,102704,SKU0070,WH_C,West,2025-01-17,2025-01-19,5,6,1
503101,102705,SKU0042,WH_C,West,2025-01-14,2025-01-18,4,1,0
503102,102706,SKU0076,WH_B,Central,2025-01-16,2025-01-18,4,1,1
503103,102707,SKU0057,WH_A,East,2025-01-16,2025-01-17,3,1,1
503104,102707,SKU0057,WH_A,East,2025-01-15,2025-01-18,4,0,1
503105,102708,SKU0016,WH_C,West,2025-01-14,2025-01-17,3,3,1
503106,102709,SKU0061,WH_B,Central,2025-01-14,2025-01-15,1,7,1
503107,102710,SKU0066,WH_C,West,2025-01-15,2025-01-20,6,1,0
503108,102711,SKU0060,WH_C,West,2025-01-14,2025-01-16,2,1,1
503109,102712,SKU0064,WH_A,East,2025-01-15,2025-01-18,4,1,1
503110,102713,SKU0072,WH_A,East,2025-01-15,2025-01-21,7,1,0
503111,102714,SKU0042,WH_C,West,2025-01-14,2025-01-19,5,1,0
503112,102715,SKU0060,WH_C,West,2025-01-15,2025-01-18,4,4,1
503113,102716,SKU0099,WH_C,West,2025-01-14,2025-01-15,1,1,1
503114,102716,SKU0099,WH_C,West,2025-01-14,2025-01-17,3,1,1
503115,102717,SKU0064,WH_C,West,2025-01-14,2025-01-16,2,1,1
503116,102718,SKU0074,WH_C,West,2025-01-15,2025-01-18,4,5,1
503117,102719,SKU0035,WH_B,Central,2025-01-15,2025-01-16,2,1,1
503118,102720,SKU0095,WH_A,East,2025-01-15,2025-01-17,3,3,1
503119,102721,SKU0082,WH_B,Central,2025-01-17,2025-01-21,7,1,0
503120,102721,SKU0082,WH_B,Central,2025-01-15,2025-01-16,2,0,1
503121,102722,SKU0012,WH_A,East,2025-01-14,2025-01-18,4,3,0
503122,102723,SKU0017,WH_B,Central,2025-01-14,2025-01-17,3,3,1
503123,102724,SKU0059,WH_B,Central,2025-01-14,2025-01-17,3,1,1
503124,102724,SKU0059,WH_B,Central,2025-01-15,2025-01-17,3,2,1
503125,102725,SKU0018,WH_C,West,2025-01-15,2025-01-19,5,1,0
503126,102726,SKU0047,WH_A,East,2025-01-15,2025-01-17,3,1,1
503127,102727,SKU0094,WH_C,West,2025-01-14,2025-01-18,4,1,0
503128,102728,SKU0081,WH_C,West,2025-01-15,2025-01-18,4,3,1
503129,102729,SKU0043,WH_A,East,2025-01-18,2025-01-20,6,7,1
503130,102729,SKU0043,WH_A,East,2025-01-14,2025-01-18,4,4,0
503131,102730,SKU0076,WH_B,Central,2025-01-14,2025-01-15,1,1,1
503132,102731,SKU0029,WH_B,Central,2025-01-14,2025-01-15,1,3,1
503133,102732,SKU0031,WH_B,Central,2025-01-16,2025-01-17,3,3,1
503134,102733,SKU0080,WH_C,West,2025-01-14,2025-01-16,2,6,1
503135,102734,SKU0069,WH_B,Central,2025-01-15,2025-01-16,2,2,1
503136,102735,SKU0028,WH_A,East,2025-01-14,2025-01-16,2,5,1
503137,102736,SKU0090,WH_A,East,2025-01-14,2025-01-16,2,1,1
503138,102737,SKU0003,WH_B,Central,2025-01-18,2025-01-21,7,3,1
503139,102738,SKU0085,WH_A,East,2025-01-14,2025-01-17,3,1,1
503140,102738,SKU0085,WH_A,East,2025-01-14,2025-01-18,4,0,0
503141,102739,SKU0042,WH_C,West,2025-01-14,2025-01-15,1,6,1
503142,102740,SKU0090,WH_B,Central,2025-01-15,2025-01-19,5,2,0
503143,102741,SKU0036,WH_C,West,2025-01-15,2025-01-16,2,1,1
503144,102742,SKU0056,WH_B,Central,2025-01-16,2025-01-18,4,8,1
503145,102743,SKU0099,WH_A,East,2025-01-14,2025-01-18,4,1,0
503146,102744,SKU0099,WH_A,East,2025-01-14,2025-01-15,1,3,1
503147,102744,SKU0099,WH_A,East,2025-01-16,2025-01-18,4,1,1
503148,102745,SKU0096,WH_C,West,2025-01-15,2025-01-19,5,1,0
503149,102746,SKU0022,WH_B,Central,2025-01-15,2025-01-16,2,3,1
503150,102747,SKU0052,WH_A,East,2025-01-17,2025-01-18,4,1,1
503151,102748,SKU0014,WH_C,West,2025-01-18,2025-01-19,5,1,1
503152,102748,SKU0014,WH_C,West,2025-01-14,2025-01-17,3,1,1
503153,102749,SKU0060,WH_C,West,2025-01-16,2025-01-19,5,1,1
503154,102750,SKU0042,WH_B,Central,2025-01-14,2025-01-15,1,1,1
503155,102751,SKU0049,WH_B,Central,2025-01-14,2025-01-15,1,2,1
503156,102751,SKU0049,WH_B,Central,2025-01-15,2025-01-21,7,1,0
503157,102752,SKU0061,WH_B,Central,2025-01-15,2025-01-17,3,3,1
503158,102753,SKU0067,WH_C,West,2025-01-15,2025-01-17,3,1,1
503159,102754,SKU0098,WH_C,West,2025-01-15,2025-01-18,4,12,1
503160,102755,SKU0062,WH_A,East,2025-01-15,2025-01-18,4,3,1
503161,102756,SKU0021,WH_C,West,2025-01-17,2025-01-22,8,1,0
503162,102756,SKU0021,WH_C,West,2025-01-16,2025-01-17,3,0,1
503163,102757,SKU0047,WH_B,Central,2025-01-15,2025-01-17,3,4,1
503164,102757,SKU0047,WH_B,Central,2025-01-15,2025-01-18,4,2,1
503165,102758,SKU0080,WH_A,East,2025-01-15,2025-01-19,5,1,0
503166,102758,SKU0080,WH_A,East,2025-01-16,2025-01-18,4,0,1
503167,102759,SKU0037,WH_B,Central,2025-01-16,2025-01-19,5,1,1
503168,102759,SKU0037,WH_B,Central,2025-01-14,2025-01-15,1,0,1
503169,102760,SKU0098,WH_A,East,2025-01-14,2025-01-16,2,1,1
503170,102761,SKU0032,WH_A,East,2025-01-15,2025-01-18,4,1,1
503171,102762,SKU0093,WH_B,Central,2025-01-16,2025-01-17,3,1,1
503172,102763,SKU0078,WH_A,East,2025-01-16,2025-01-17,3,6,1
503173,102764,SKU0039,WH_A,East,2025-01-16,2025-01-20,6,1,0
503174,102765,SKU0007,WH_A,East,2025-01-15,2025-01-16,2,1,1
503175,102765,SKU0007,WH_A,East,2025-01-14,2025-01-17,3,0,1
503176,102766,SKU0028,WH_B,Central,2025-01-14,2025-01-16,2,2,1
503177,102767,SKU0012,WH_B,Central,2025-01-15,2025-01-18,4,7,1
503178,102768,SKU0088,WH_C,West,2025-01-14,2025-01-17,3,1,1
503179,102768,SKU0088,WH_C,West,2025-01-16,2025-01-19,5,0,1
503180,102769,SKU0034,WH_B,Central,2025-01-14,2025-01-19,5,6,0
503181,102770,SKU0007,WH_A,East,2025-01-15,2025-01-17,3,2,1
503182,102771,SKU0061,WH_C,West,2025-01-15,2025-01-17,3,3,1
503183,102772,SKU0037,WH_B,Central,2025-01-15,2025-01-17,3,1,1
503184,102772,SKU0037,WH_B,Central,2025-01-15,2025-01-18,4,0,1
503185,102773,SKU0044,WH_C,West,2025-01-14,2025-01-15,1,1,1
503186,102774,SKU0076,WH_C,West,2025-01-16,2025-01-17,3,1,1
503187,102774,SKU0076,WH_C,West,2025-01-14,2025-01-16,2,0,1
503188,102775,SKU0013,WH_C,West,2025-01-14,2025-01-15,1,1,1
503189,102776,SKU0007,WH_B,Central,2025-01-14,2025-01-17,3,1,1
503190,102777,SKU0061,WH_C,West,2025-01-15,2025-01-16,2,7,1
503191,102778,SKU0007,WH_B,Central,2025-01-15,2025-01-16,2,1,1
503192,102779,SKU0086,WH_A,East,2025-01-14,2025-01-15,1,10,1
503193,102780,SKU0002,WH_A,East,2025-01-14,2025-01-20,6,2,0
503194,102781,SKU0049,WH_A,East,2025-01-17,2025-01-19,5,17,1
503195,102781,SKU0049,WH_A,East,2025-01-14,2025-01-16,2,4,1
503196,102782,SKU0002,WH_B,Central,2025-01-17,2025-01-19,5,1,1
503197,102782,SKU0002,WH_B,Central,2025-01-14,2025-01-17,3,0,1
503198,102783,SKU0040,WH_A,East,2025-01-15,2025-01-16,2,1,1
503199,102784,SKU0045,WH_B,Central,2025-01-16,2025-01-19,5,1,1
503200,102785,SKU0019,WH_A,East,2025-01-14,2025-01-15,1,1,1
503201,102786,SKU0064,WH_A,East,2025-01-17,2025-01-20,6,5,1
503202,102787,SKU0087,WH_C,West,2025-01-14,2025-01-16,2,4,1
503203,102788,SKU0088,WH_C,West,2025-01-15,2025-01-18,4,2,1
503204,102789,SKU0042,WH_A,East,2025-01-14,2025-01-15,1,3,1
503205,102790,SKU0065,WH_A,East,2025-01-14,2025-01-21,7,1,0
503206,102790,SKU0065,WH_A,East,2025-01-16,2025-01-18,4,0,1
503207,102791,SKU0025,WH_C,West,2025-01-14,2025-01-15,1,3,1
503208,102792,SKU0046,WH_A,East,2025-01-15,2025-01-18,4,4,1
503209,102793,SKU0060,WH_C,West,2025-01-15,2025-01-16,2,2,1
503210,102794,SKU0088,WH_B,Central,2025-01-15,2025-01-19,5,1,0
503211,102795,SKU0008,WH_A,East,2025-01-14,2025-01-17,3,1,1
503212,102796,SKU0086,WH_C,West,2025-01-16,2025-01-17,3,7,1
503213,102797,SKU0044,WH_C,West,2025-01-15,2025-01-16,2,2,1
503214,102797,SKU0044,WH_C,West,2025-01-15,2025-01-17,3,3,1
503215,102798,SKU0014,WH_A,East,2025-01-16,2025-01-18,4,7,1
503216,102799,SKU0080,WH_C,West,2025-01-14,2025-01-19,5,1,0
503217,102799,SKU0080,WH_C,West,2025-01-17,2025-01-18,4,0,1
503218,102800,SKU0081,WH_C,West,2025-01-15,2025-01-16,1,2,1
503219,102801,SKU0089,WH_A,East,2025-01-15,2025-01-18,3,5,1
503220,102802,SKU0020,WH_C,West,2025-01-15,2025-01-16,1,1,1
503221,102803,SKU0084,WH_C,West,2025-01-16,2025-01-18,3,2,1
503222,102804,SKU0088,WH_A,East,2025-01-17,2025-01-19,4,1,1
503223,102805,SKU0050,WH_C,West,2025-01-18,2025-01-20,5,2,1
503224,102806,SKU0014,WH_B,Central,2025-01-15,2025-01-17,2,2,1
503225,102806,SKU0014,WH_B,Central,2025-01-16,2025-01-17,2,1,1
503226,102807,SKU0060,WH_A,East,2025-01-15,2025-01-17,2,1,1
503227,102808,SKU0032,WH_A,East,2025-01-15,2025-01-17,2,1,1
503228,102809,SKU0054,WH_B,Central,2025-01-19,2025-01-20,5,1,1
503229,102810,SKU0026,WH_B,Central,2025-01-16,2025-01-21,6,6,0
503230,102811,SKU0059,WH_B,Central,2025-01-15,2025-01-16,1,11,1
503231,102812,SKU0034,WH_C,West,2025-01-15,2025-01-16,1,1,1
503232,102813,SKU0095,WH_B,Central,2025-01-16,2025-01-18,3,3,1
503233,102814,SKU0083,WH_B,Central,2025-01-17,2025-01-18,3,8,1
503234,102815,SKU0034,WH_B,Central,2025-01-15,2025-01-18,3,1,1
503235,102815,SKU0034,WH_B,Central,2025-01-16,2025-01-17,2,0,1
503236,102816,SKU0092,WH_B,Central,2025-01-15,2025-01-18,3,1,1
503237,102817,SKU0059,WH_A,East,2025-01-15,2025-01-17,2,5,1
503238,102818,SKU0093,WH_A,East,2025-01-15,2025-01-16,1,2,1
503239,102819,SKU0035,WH_A,East,2025-01-15,2025-01-18,3,5,1
503240,102820,SKU0073,WH_C,West,2025-01-16,2025-01-17,2,1,1
503241,102820,SKU0073,WH_C,West,2025-01-15,2025-01-17,2,5,1
503242,102821,SKU0016,WH_A,East,2025-01-15,2025-01-16,1,1,1
503243,102822,SKU0012,WH_B,Central,2025-01-15,2025-01-16,1,4,1
503244,102823,SKU0062,WH_A,East,2025-01-16,2025-01-20,5,3,0
503245,102824,SKU0077,WH_C,West,2025-01-15,2025-01-16,1,1,1
503246,102825,SKU0045,WH_A,East,2025-01-15,2025-01-16,1,5,1
503247,102826,SKU0028,WH_A,East,2025-01-18,2025-01-19,4,2,1
503248,102827,SKU0074,WH_B,Central,2025-01-15,2025-01-17,2,6,1
503249,102828,SKU0073,WH_B,Central,2025-01-16,2025-01-18,3,1,1
503250,102829,SKU0062,WH_B,Central,2025-01-18,2025-01-19,4,5,1
503251,102830,SKU0094,WH_C,West,2025-01-15,2025-01-16,1,1,1
503252,102831,SKU0044,WH_A,East,2025-01-16,2025-01-18,3,1,1
503253,102832,SKU0079,WH_A,East,2025-01-16,2025-01-18,3,1,1
503254,102832,SKU0079,WH_A,East,2025-01-15,2025-01-18,3,2,1
503255,102833,SKU0034,WH_A,East,2025-01-16,2025-01-19,4,2,1
503256,102834,SKU0093,WH_C,West,2025-01-15,2025-01-20,5,5,0
503257,102835,SKU0004,WH_C,West,2025-01-15,2025-01-17,2,9,1
503258,102836,SKU0090,WH_B,Central,2025-01-17,2025-01-21,6,1,0
503259,102837,SKU0074,WH_C,West,2025-01-15,2025-01-17,2,1,1
503260,102838,SKU0060,WH_C,West,2025-01-15,2025-01-18,3,3,1
503261,102839,SKU0019,WH_B,Central,2025-01-15,2025-01-17,2,1,1
503262,102840,SKU0041,WH_A,East,2025-01-19,2025-01-24,9,1,0
503263,102841,SKU0085,WH_B,Central,2025-01-15,2025-01-16,1,1,1
503264,102842,SKU0075,WH_A,East,2025-01-15,2025-01-18,3,8,1
503265,102843,SKU0082,WH_A,East,2025-01-16,2025-01-17,2,4,1
503266,102844,SKU0037,WH_C,West,2025-01-15,2025-01-16,1,1,1
503267,102845,SKU0049,WH_A,East,2025-01-15,2025-01-20,5,3,0
503268,102846,SKU0023,WH_A,East,2025-01-15,2025-01-17,2,2,1
503269,102847,SKU0082,WH_A,East,2025-01-17,2025-01-20,5,1,1
503270,102848,SKU0036,WH_B,Central,2025-01-15,2025-01-17,2,4,1
503271,102849,SKU0067,WH_B,Central,2025-01-17,2025-01-18,3,4,1
503272,102850,SKU0020,WH_A,East,2025-01-19,2025-01-20,5,2,1
503273,102851,SKU0030,WH_B,Central,2025-01-15,2025-01-19,4,1,0
503274,102852,SKU0018,WH_B,Central,2025-01-17,2025-01-18,3,3,1
503275,102853,SKU0034,WH_B,Central,2025-01-15,2025-01-21,6,1,0
503276,102854,SKU0032,WH_B,Central,2025-01-15,2025-01-16,1,2,1
503277,102855,SKU0089,WH_B,Central,2025-01-15,2025-01-18,3,3,1
503278,102856,SKU0046,WH_A,East,2025-01-17,2025-01-18,3,1,1
503279,102857,SKU0033,WH_C,West,2025-01-15,2025-01-17,2,7,1
503280,102858,SKU0061,WH_B,Central,2025-01-16,2025-01-19,4,2,1
503281,102859,SKU0070,WH_B,Central,2025-01-15,2025-01-16,1,1,1
503282,102860,SKU0059,WH_C,West,2025-01-15,2025-01-16,1,1,1
503283,102861,SKU0092,WH_C,West,2025-01-15,2025-01-21,6,2,0
503284,102862,SKU0028,WH_C,West,2025-01-15,2025-01-19,4,1,0
503285,102863,SKU0078,WH_A,East,2025-01-15,2025-01-21,6,1,0
503286,102863,SKU0078,WH_A,East,2025-01-15,2025-01-16,1,0,1
503287,102864,SKU0044,WH_C,West,2025-01-15,2025-01-18,3,1,1
503288,102864,SKU0044,WH_C,West,2025-01-15,2025-01-19,4,8,0
503289,102865,SKU0049,WH_B,Central,2025-01-16,2025-01-18,3,2,1
503290,102866,SKU0079,WH_A,East,2025-01-15,2025-01-16,1,4,1
503291,102867,SKU0078,WH_C,West,2025-01-15,2025-01-17,2,1,1
503292,102868,SKU0044,WH_C,West,2025-01-15,2025-01-20,5,2,0
503293,102868,SKU0044,WH_C,West,2025-01-17,2025-01-19,4,2,1
503294,102869,SKU0001,WH_B,Central,2025-01-15,2025-01-17,2,1,1
503295,102870,SKU0015,WH_B,Central,2025-01-15,2025-01-18,3,26,1
503296,102871,SKU0067,WH_B,Central,2025-01-15,2025-01-17,2,5,1
503297,102872,SKU0071,WH_B,Central,2025-01-17,2025-01-19,4,3,1
503298,102873,SKU0016,WH_C,West,2025-01-15,2025-01-16,1,1,1
503299,102874,SKU0049,WH_A,East,2025-01-16,2025-01-21,6,5,0
503300,102875,SKU0023,WH_B,Central,2025-01-17,2025-01-21,6,1,0
503301,102876,SKU0080,WH_A,East,2025-01-18,2025-01-19,4,5,1
503302,102877,SKU0059,WH_C,West,2025-01-15,2025-01-17,2,3,1
503303,102878,SKU0075,WH_B,Central,2025-01-16,2025-01-17,2,1,1
503304,102879,SKU0083,WH_B,Central,2025-01-15,2025-01-17,2,1,1
503305,102880,SKU0060,WH_C,West,2025-01-15,2025-01-18,3,1,1
503306,102881,SKU0065,WH_C,West,2025-01-15,2025-01-21,6,1,0
503307,102881,SKU0065,WH_C,West,2025-01-17,2025-01-21,6,0,0
503308,102882,SKU0055,WH_C,West,2025-01-16,2025-01-18,3,5,1
503309,102883,SKU0074,WH_B,Central,2025-01-15,2025-01-18,3,1,1
503310,102884,SKU0057,WH_A,East,2025-01-16,2025-01-17,2,1,1
503311,102885,SKU0008,WH_A,East,2025-01-16,2025-01-18,3,8,1
503312,102886,SKU0058,WH_A,East,2025-01-15,2025-01-16,1,1,1
503313,102887,SKU0077,WH_A,East,2025-01-16,2025-01-21,6,5,0
503314,102888,SKU0032,WH_C,West,2025-01-16,2025-01-18,3,1,1
503315,102888,SKU0032,WH_C,West,2025-01-19,2025-01-21,6,0,1
503316,102889,SKU0071,WH_A,East,2025-01-15,2025-01-21,6,2,0
503317,102890,SKU0097,WH_A,East,2025-01-16,2025-01-19,4,8,1
503318,102891,SKU0075,WH_A,East,2025-01-15,2025-01-16,1,1,1
503319,102892,SKU0052,WH_B,Central,2025-01-15,2025-01-18,3,2,1
503320,102893,SKU0070,WH_C,West,2025-01-15,2025-01-16,1,1,1
503321,102894,SKU0072,WH_C,West,2025-01-15,2025-01-17,2,3,1
503322,102894,SKU0072,WH_C,West,2025-01-15,2025-01-21,6,15,0
503323,102895,SKU0041,WH_A,East,2025-01-15,2025-01-19,4,4,0
503324,102896,SKU0069,WH_C,West,2025-01-16,2025-01-19,4,1,1
503325,102896,SKU0069,WH_C,West,2025-01-15,2025-01-18,3,0,1
503326,102897,SKU0055,WH_C,West,2025-01-15,2025-01-18,3,1,1
503327,102898,SKU0015,WH_B,Central,2025-01-15,2025-01-16,1,1,1
503328,102898,SKU0015,WH_B,Central,2025-01-15,2025-01-19,4,3,0
503329,102899,SKU0043,WH_B,Central,2025-01-15,2025-01-16,1,2,1
503330,102900,SKU0010,WH_C,West,2025-01-16,2025-01-18,3,3,1
503331,102901,SKU0007,WH_B,Central,2025-01-15,2025-01-16,1,1,1
503332,102902,SKU0082,WH_C,West,2025-01-15,2025-01-16,1,1,1
503333,102903,SKU0052,WH_B,Central,2025-01-15,2025-01-20,5,1,0
503334,102904,SKU0065,WH_A,East,2025-01-15,2025-01-16,1,7,1
503335,102905,SKU0029,WH_A,East,2025-01-19,2025-01-24,9,1,0
503336,102905,SKU0029,WH_A,East,2025-01-15,2025-01-17,2,0,1
503337,102906,SKU0028,WH_C,West,2025-01-16,2025-01-17,2,12,1
503338,102907,SKU0020,WH_A,East,2025-01-16,2025-01-23,8,3,0
503339,102908,SKU0065,WH_C,West,2025-01-15,2025-01-17,2,2,1
503340,102909,SKU0082,WH_C,West,2025-01-16,2025-01-19,4,1,1
503341,102910,SKU0097,WH_C,West,2025-01-16,2025-01-17,2,1,1
503342,102910,SKU0097,WH_C,West,2025-01-17,2025-01-21,6,0,0
503343,102911,SKU0047,WH_A,East,2025-01-15,2025-01-16,1,3,1
503344,102912,SKU0065,WH_A,East,2025-01-16,2025-01-18,3,2,1
503345,102913,SKU0043,WH_C,West,2025-01-19,2025-01-20,5,1,1
503346,102914,SKU0083,WH_B,Central,2025-01-16,2025-01-18,3,1,1
503347,102914,SKU0083,WH_B,Central,2025-01-16,2025-01-19,4,0,1
503348,102915,SKU0011,WH_A,East,2025-01-16,2025-01-17,2,6,1
503349,102916,SKU0041,WH_A,East,2025-01-17,2025-01-18,3,6,1
503350,102917,SKU0018,WH_B,Central,2025-01-15,2025-01-17,2,2,1
503351,102918,SKU0086,WH_C,West,2025-01-15,2025-01-17,2,1,1
503352,102919,SKU0025,WH_B,Central,2025-01-15,2025-01-17,2,3,1
503353,102920,SKU0004,WH_B,Central,2025-01-15,2025-01-16,1,3,1
503354,102921,SKU0036,WH_C,West,2025-01-18,2025-01-20,5,1,1
503355,102922,SKU0082,WH_B,Central,2025-01-15,2025-01-18,3,1,1
503356,102923,SKU0006,WH_C,West,2025-01-17,2025-01-18,3,1,1
503357,102924,SKU0019,WH_C,West,2025-01-15,2025-01-17,2,1,1
503358,102925,SKU0034,WH_B,Central,2025-01-15,2025-01-19,4,1,0
503359,102926,SKU0099,WH_B,Central,2025-01-16,2025-01-17,2,1,1
503360,102926,SKU0099,WH_B,Central,2025-01-19,2025-01-21,6,1,1
503361,102927,SKU0005,WH_B,Central,2025-01-17,2025-01-19,4,1,1
503362,102928,SKU0065,WH_B,Central,2025-01-16,2025-01-18,3,3,1
503363,102929,SKU0052,WH_B,Central,2025-01-15,2025-01-16,1,1,1
503364,102930,SKU0015,WH_A,East,2025-01-18,2025-01-19,4,2,1
503365,102930,SKU0015,WH_A,East,2025-01-16,2025-01-17,2,1,1
503366,102931,SKU0005,WH_B,Central,2025-01-19,2025-01-21,6,1,1
503367,102932,SKU0041,WH_B,Central,2025-01-17,2025-01-19,4,1,1
503368,102933,SKU0085,WH_A,East,2025-01-17,2025-01-19,4,2,1
503369,102934,SKU0039,WH_C,West,2025-01-15,2025-01-17,2,2,1
503370,102934,SKU0039,WH_C,West,2025-01-15,2025-01-17,2,1,1
503371,102935,SKU0050,WH_C,West,2025-01-18,2025-01-21,6,6,1
503372,102935,SKU0050,WH_C,West,2025-01-17,2025-01-18,3,1,1
503373,102936,SKU0065,WH_A,East,2025-01-15,2025-01-16,1,2,1
503374,102937,SKU0019,WH_A,East,2025-01-16,2025-01-19,4,2,1
503375,102938,SKU0068,WH_C,West,2025-01-16,2025-01-17,2,5,1
503376,102938,SKU0068,WH_C,West,2025-01-15,2025-01-18,3,2,1
503377,102939,SKU0020,WH_B,Central,2025-01-16,2025-01-17,2,1,1
503378,102939,SKU0020,WH_B,Central,2025-01-15,2025-01-17,2,0,1
503379,102940,SKU0029,WH_C,West,2025-01-15,2025-01-17,2,5,1
503380,102941,SKU0032,WH_C,West,2025-01-16,2025-01-17,2,2,1
503381,102942,SKU0039,WH_A,East,2025-01-16,2025-01-17,2,1,1
503382,102943,SKU0089,WH_B,Central,2025-01-16,2025-01-18,3,1,1
503383,102944,SKU0069,WH_A,East,2025-01-17,2025-01-19,4,7,1
503384,102945,SKU0052,WH_A,East,2025-01-15,2025-01-19,4,2,0
503385,102946,SKU0064,WH_B,Central,2025-01-16,2025-01-17,2,3,1
503386,102947,SKU0056,WH_B,Central,2025-01-15,2025-01-16,1,2,1
503387,102948,SKU0072,WH_B,Central,2025-01-17,2025-01-18,3,5,1
503388,102949,SKU0065,WH_B,Central,2025-01-16,2025-01-18,3,9,1
503389,102950,SKU0057,WH_B,Central,2025-01-16,2025-01-20,5,2,0
503390,102951,SKU0058,WH_A,East,2025-01-16,2025-01-18,3,1,1
503391,102952,SKU0085,WH_A,East,2025-01-15,2025-01-17,2,4,1
503392,102953,SKU0062,WH_B,Central,2025-01-16,2025-01-17,2,1,1
503393,102954,SKU0061,WH_A,East,2025-01-15,2025-01-18,3,1,1
503394,102955,SKU0034,WH_A,East,2025-01-16,2025-01-18,3,2,1
503395,102956,SKU0053,WH_A,East,2025-01-15,2025-01-18,3,3,1
503396,102957,SKU0074,WH_B,Central,2025-01-16,2025-01-18,3,1,1
503397,102958,SKU0075,WH_A,East,2025-01-15,2025-01-16,1,1,1
503398,102959,SKU0004,WH_B,Central,2025-01-15,2025-01-20,5,5,0
503399,102960,SKU0072,WH_C,West,2025-01-16,2025-01-21,6,1,0
503400,102960,SKU0072,WH_C,West,2025-01-17,2025-01-19,4,0,1
503401,102961,SKU0032,WH_A,East,2025-01-16,2025-01-17,2,1,1
503402,102962,SKU0042,WH_A,East,2025-01-16,2025-01-18,3,1,1
503403,102963,SKU0079,WH_B,Central,2025-01-15,2025-01-16,1,8,1
503404,102964,SKU0069,WH_B,Central,2025-01-16,2025-01-18,3,4,1
503405,102965,SKU0017,WH_A,East,2025-01-15,2025-01-19,4,1,0
503406,102966,SKU0080,WH_C,West,2025-01-16,2025-01-17,2,1,1
503407,102967,SKU0088,WH_B,Central,2025-01-15,2025-01-18,3,3,1
503408,102968,SKU0075,WH_B,Central,2025-01-15,2025-01-18,3,1,1
503409,102969,SKU0049,WH_A,East,2025-01-16,2025-01-19,4,4,1
503410,102970,SKU0009,WH_B,Central,2025-01-17,2025-01-20,5,3,1
503411,102971,SKU0081,WH_C,West,2025-01-15,2025-01-17,2,4,1
503412,102972,SKU0057,WH_A,East,2025-01-15,2025-01-17,2,3,1
503413,102973,SKU0033,WH_C,West,2025-01-18,2025-01-19,4,4,1
503414,102974,SKU0080,WH_B,Central,2025-01-17,2025-01-24,9,6,0
503415,102975,SKU0096,WH_C,West,2025-01-19,2025-01-22,7,4,1
503416,102976,SKU0079,WH_B,Central,2025-01-15,2025-01-16,1,1,1
503417,102976,SKU0079,WH_B,Central,2025-01-16,2025-01-18,3,0,1
503418,102977,SKU0062,WH_C,West,2025-01-15,2025-01-17,2,1,1
503419,102978,SKU0043,WH_B,Central,2025-01-15,2025-01-17,2,3,1
503420,102979,SKU0010,WH_B,Central,2025-01-17,2025-01-19,4,1,1
503421,102980,SKU0013,WH_B,Central,2025-01-17,2025-01-19,3,1,1
503422,102981,SKU0088,WH_B,Central,2025-01-16,2025-01-17,1,4,1
503423,102982,SKU0034,WH_B,Central,2025-01-17,2025-01-18,2,1,1
503424,102983,SKU0060,WH_B,Central,2025-01-19,2025-01-24,8,7,0
503425,102984,SKU0047,WH_C,West,2025-01-16,2025-01-17,1,3,1
503426,102985,SKU0026,WH_C,West,2025-01-17,2025-01-19,3,1,1
503427,102985,SKU0026,WH_C,West,2025-01-16,2025-01-17,1,0,1
503428,102986,SKU0042,WH_B,Central,2025-01-17,2025-01-21,5,1,0
503429,102987,SKU0087,WH_C,West,2025-01-16,2025-01-19,3,1,1
503430,102988,SKU0020,WH_A,East,2025-01-18,2025-01-19,3,2,1
503431,102989,SKU0079,WH_A,East,2025-01-16,2025-01-20,4,3,0
503432,102990,SKU0021,WH_B,Central,2025-01-16,2025-01-17,1,1,1
503433,102991,SKU0072,WH_A,East,2025-01-17,2025-01-19,3,1,1
503434,102991,SKU0072,WH_A,East,2025-01-17,2025-01-18,2,0,1
503435,102992,SKU0060,WH_C,West,2025-01-17,2025-01-19,3,1,1
503436,102993,SKU0097,WH_B,Central,2025-01-20,2025-01-22,6,1,1
503437,102994,SKU0045,WH_B,Central,2025-01-17,2025-01-18,2,1,1
503438,102995,SKU0030,WH_C,West,2025-01-20,2025-01-21,5,4,1
503439,102996,SKU0031,WH_A,East,2025-01-16,2025-01-17,1,1,1
503440,102997,SKU0015,WH_B,Central,2025-01-18,2025-01-21,5,1,1
503441,102998,SKU0089,WH_C,West,2025-01-19,2025-01-20,4,4,1
503442,102999,SKU0022,WH_C,West,2025-01-17,2025-01-19,3,1,1
503443,103000,SKU0066,WH_A,East,2025-01-17,2025-01-19,3,5,1
503444,103001,SKU0013,WH_A,East,2025-01-17,2025-01-22,6,1,0
503445,103002,SKU0033,WH_B,Central,2025-01-17,2025-01-22,6,1,0
503446,103003,SKU0049,WH_B,Central,2025-01-17,2025-01-21,5,1,0
503447,103004,SKU0083,WH_C,West,2025-01-17,2025-01-19,3,1,1
503448,103005,SKU0036,WH_A,East,2025-01-16,2025-01-20,4,4,0
503449,103006,SKU0007,WH_A,East,2025-01-16,2025-01-17,1,1,1
503450,103007,SKU0032,WH_B,Central,2025-01-17,2025-01-19,3,3,1
503451,103008,SKU0038,WH_B,Central,2025-01-17,2025-01-20,4,5,1
503452,103009,SKU0067,WH_A,East,2025-01-17,2025-01-21,5,3,0
503453,103010,SKU0042,WH_B,Central,2025-01-17,2025-01-21,5,4,0
503454,103011,SKU0043,WH_C,West,2025-01-16,2025-01-17,1,1,1
503455,103012,SKU0055,WH_C,West,2025-01-17,2025-01-18,2,2,1
503456,103013,SKU0030,WH_C,West,2025-01-18,2025-01-21,5,1,1
503457,103014,SKU0008,WH_A,East,2025-01-17,2025-01-18,2,5,1
503458,103015,SKU0017,WH_C,West,2025-01-17,2025-01-19,3,2,1
503459,103016,SKU0065,WH_B,Central,2025-01-16,2025-01-20,4,1,0
503460,103017,SKU0070,WH_C,West,2025-01-17,2025-01-18,2,1,1
503461,103018,SKU0065,WH_A,East,2025-01-16,2025-01-17,1,1,1
503462,103019,SKU0084,WH_A,East,2025-01-16,2025-01-17,1,3,1
503463,103020,SKU0037,WH_B,Central,2025-01-16,2025-01-19,3,3,1
503464,103021,SKU0090,WH_B,Central,2025-01-19,2025-01-20,4,1,1
503465,103022,SKU0073,WH_C,West,2025-01-16,2025-01-17,1,1,1
503466,103023,SKU0095,WH_B,Central,2025-01-16,2025-01-18,2,1,1
503467,103024,SKU0039,WH_B,Central,2025-01-16,2025-01-17,1,1,1
503468,103025,SKU0016,WH_C,West,2025-01-16,2025-01-18,2,1,1
503469,103026,SKU0005,WH_B,Central,2025-01-16,2025-01-18,2,1,1
503470,103027,SKU0050,WH_A,East,2025-01-18,2025-01-20,4,1,1
503471,103028,SKU0024,WH_B,Central,2025-01-16,2025-01-17,1,1,1
503472,103028,SKU0024,WH_B,Central,2025-01-16,2025-01-20,4,0,0
503473,103029,SKU0022,WH_B,Central,2025-01-19,2025-01-21,5,3,1
503474,103030,SKU0086,WH_B,Central,2025-01-16,2025-01-21,5,1,0
503475,103031,SKU0026,WH_C,West,2025-01-16,2025-01-17,1,11,1
503476,103032,SKU0004,WH_C,West,2025-01-16,2025-01-18,2,1,1
503477,103033,SKU0100,WH_B,Central,2025-01-16,2025-01-17,1,1,1
503478,103033,SKU0100,WH_B,Central,2025-01-17,2025-01-20,4,4,1
503479,103034,SKU0021,WH_B,Central,2025-01-20,2025-01-21,5,1,1
503480,103035,SKU0013,WH_C,West,2025-01-18,2025-01-19,3,1,1
503481,103036,SKU0012,WH_A,East,2025-01-16,2025-01-17,1,1,1
503482,103037,SKU0071,WH_C,West,2025-01-17,2025-01-21,5,1,0
503483,103038,SKU0022,WH_C,West,2025-01-16,2025-01-20,4,1,0
503484,103039,SKU0028,WH_B,Central,2025-01-17,2025-01-18,2,1,1
503485,103040,SKU0025,WH_C,West,2025-01-16,2025-01-17,1,1,1
503486,103041,SKU0052,WH_B,Central,2025-01-17,2025-01-19,3,1,1
503487,103041,SKU0052,WH_B,Central,2025-01-16,2025-01-17,1,1,1
503488,103042,SKU0069,WH_C,West,2025-01-16,2025-01-19,3,4,1
503489,103043,SKU0049,WH_C,West,2025-01-16,2025-01-20,4,7,0
503490,103044,SKU0093,WH_C,West,2025-01-16,2025-01-18,2,1,1
503491,103045,SKU0092,WH_A,East,2025-01-16,2025-01-17,1,1,1
503492,103046,SKU0067,WH_B,Central,2025-01-16,2025-01-19,3,1,1
503493,103047,SKU0040,WH_C,West,2025-01-16,2025-01-18,2,2,1
503494,103048,SKU0071,WH_A,East,2025-01-16,2025-01-18,2,4,1
503495,103049,SKU0095,WH_C,West,2025-01-19,2025-01-20,4,5,1
503496,103050,SKU0048,WH_C,West,2025-01-20,2025-01-22,6,1,1
503497,103051,SKU0050,WH_C,West,2025-01-18,2025-01-19,3,1,1
503498,103052,SKU0063,WH_B,Central,2025-01-16,2025-01-17,1,6,1
503499,103053,SKU0052,WH_A,East,2025-01-17,2025-01-22,6,6,0
503500,103054,SKU0086,WH_B,Central,2025-01-16,2025-01-19,3,4,1
503501,103055,SKU0073,WH_B,Central,2025-01-17,2025-01-20,4,5,1
503502,103056,SKU0088,WH_B,Central,2025-01-16,2025-01-17,1,1,1
503503,103057,SKU0059,WH_A,East,2025-01-16,2025-01-17,1,4,1
503504,103058,SKU0030,WH_B,Central,2025-01-16,2025-01-17,1,1,1
503505,103059,SKU0046,WH_C,West,2025-01-16,2025-01-18,2,7,1
503506,103060,SKU0085,WH_B,Central,2025-01-19,2025-01-24,8,6,0
503507,103061,SKU0065,WH_B,Central,2025-01-16,2025-01-17,1,6,1
503508,103062,SKU0094,WH_B,Central,2025-01-20,2025-01-22,6,5,1
503509,103063,SKU0091,WH_A,East,2025-01-19,2025-01-21,5,10,1
503510,103064,SKU0023,WH_C,West,2025-01-18,2025-01-20,4,1,1
503511,103064,SKU0023,WH_C,West,2025-01-17,2025-01-19,3,0,1
503512,103065,SKU0081,WH_A,East,2025-01-16,2025-01-19,3,3,1
503513,103066,SKU0054,WH_B,Central,2025-01-16,2025-01-18,2,1,1
503514,103067,SKU0086,WH_C,West,2025-01-18,2025-01-20,4,5,1
503515,103068,SKU0092,WH_C,West,2025-01-16,2025-01-17,1,1,1
503516,103069,SKU0077,WH_C,West,2025-01-16,2025-01-17,1,5,1
503517,103070,SKU0097,WH_B,Central,2025-01-16,2025-01-19,3,1,1
503518,103071,SKU0086,WH_B,Central,2025-01-17,2025-01-18,2,1,1
503519,103072,SKU0067,WH_B,Central,2025-01-16,2025-01-17,1,1,1
503520,103073,SKU0053,WH_A,East,2025-01-16,2025-01-18,2,3,1
503521,103074,SKU0003,WH_A,East,2025-01-18,2025-01-23,7,1,0
503522,103075,SKU0039,WH_C,West,2025-01-16,2025-01-18,2,1,1
503523,103076,SKU0007,WH_A,East,2025-01-17,2025-01-19,3,1,1
503524,103077,SKU0005,WH_A,East,2025-01-16,2025-01-18,2,1,1
503525,103078,SKU0014,WH_A,East,2025-01-17,2025-01-19,3,2,1
503526,103079,SKU0028,WH_A,East,2025-01-16,2025-01-21,5,2,0
503527,103080,SKU0074,WH_C,West,2025-01-17,2025-01-21,5,1,0
503528,103081,SKU0038,WH_A,East,2025-01-19,2025-01-23,7,1,0
503529,103081,SKU0038,WH_A,East,2025-01-19,2025-01-22,6,1,1
503530,103082,SKU0081,WH_A,East,2025-01-16,2025-01-17,1,1,1
503531,103083,SKU0018,WH_B,Central,2025-01-16,2025-01-17,1,1,1
503532,103084,SKU0061,WH_B,Central,2025-01-16,2025-01-20,4,1,0
503533,103085,SKU0006,WH_C,West,2025-01-16,2025-01-19,3,4,1
503534,103086,SKU0064,WH_B,Central,2025-01-18,2025-01-19,3,3,1
503535,103087,SKU0087,WH_A,East,2025-01-16,2025-01-21,5,1,0
503536,103088,SKU0004,WH_A,East,2025-01-16,2025-01-17,1,1,1
503537,103089,SKU0098,WH_B,Central,2025-01-16,2025-01-17,1,5,1
503538,103090,SKU0057,WH_C,West,2025-01-17,2025-01-19,3,1,1
503539,103091,SKU0060,WH_A,East,2025-01-16,2025-01-18,2,1,1
503540,103092,SKU0078,WH_A,East,2025-01-16,2025-01-17,1,5,1
503541,103093,SKU0096,WH_B,Central,2025-01-17,2025-01-20,4,1,1
503542,103094,SKU0040,WH_A,East,2025-01-16,2025-01-19,3,3,1
503543,103095,SKU0076,WH_B,Central,2025-01-18,2025-01-23,7,2,0
503544,103096,SKU0050,WH_A,East,2025-01-17,2025-01-18,2,1,1
503545,103097,SKU0095,WH_C,West,2025-01-17,2025-01-18,2,1,1
503546,103098,SKU0020,WH_A,East,2025-01-16,2025-01-20,4,1,0
503547,103099,SKU0033,WH_C,West,2025-01-18,2025-01-19,3,1,1
503548,103100,SKU0100,WH_C,West,2025-01-16,2025-01-18,2,8,1
503549,103101,SKU0099,WH_A,East,2025-01-19,2025-01-21,5,1,1
503550,103102,SKU0075,WH_C,West,2025-01-18,2025-01-23,7,1,0
503551,103103,SKU0092,WH_B,Central,2025-01-17,2025-01-20,4,1,1
503552,103103,SKU0092,WH_B,Central,2025-01-17,2025-01-20,4,1,1
503553,103104,SKU0069,WH_A,East,2025-01-17,2025-01-19,3,8,1
503554,103105,SKU0083,WH_B,Central,2025-01-17,2025-01-19,3,1,1
503555,103106,SKU0087,WH_C,West,2025-01-17,2025-01-18,2,5,1
503556,103107,SKU0037,WH_C,West,2025-01-17,2025-01-19,3,1,1
503557,103108,SKU0007,WH_C,West,2025-01-16,2025-01-20,4,2,0
503558,103109,SKU0092,WH_A,East,2025-01-16,2025-01-18,2,1,1
503559,103110,SKU0077,WH_B,Central,2025-01-17,2025-01-19,3,1,1
503560,103111,SKU0005,WH_A,East,2025-01-16,2025-01-17,1,1,1
503561,103112,SKU0078,WH_C,West,2025-01-16,2025-01-17,1,9,1
503562,103113,SKU0028,WH_C,West,2025-01-16,2025-01-18,2,1,1
503563,103113,SKU0028,WH_C,West,2025-01-16,2025-01-22,6,1,0
503564,103114,SKU0046,WH_A,East,2025-01-17,2025-01-19,3,2,1
503565,103115,SKU0072,WH_A,East,2025-01-17,2025-01-19,3,3,1
503566,103116,SKU0025,WH_B,Central,2025-01-16,2025-01-21,5,1,0
503567,103116,SKU0025,WH_B,Central,2025-01-17,2025-01-19,3,0,1
503568,103117,SKU0025,WH_A,East,2025-01-19,2025-01-22,6,1,1
503569,103118,SKU0030,WH_B,Central,2025-01-16,2025-01-17,1,1,1
503570,103119,SKU0032,WH_A,East,2025-01-16,2025-01-21,5,1,0
503571,103120,SKU0063,WH_A,East,2025-01-16,2025-01-17,1,8,1
503572,103121,SKU0052,WH_C,West,2025-01-18,2025-01-20,4,2,1
503573,103121,SKU0052,WH_C,West,2025-01-16,2025-01-20,4,2,0
503574,103122,SKU0088,WH_B,Central,2025-01-17,2025-01-19,3,3,1
503575,103123,SKU0085,WH_C,West,2025-01-16,2025-01-19,3,4,1
503576,103124,SKU0079,WH_B,Central,2025-01-18,2025-01-21,5,1,1
503577,103125,SKU0086,WH_B,Central,2025-01-17,2025-01-19,3,1,1
503578,103126,SKU0074,WH_C,West,2025-01-18,2025-01-20,4,2,1
503579,103127,SKU0073,WH_C,West,2025-01-18,2025-01-19,3,2,1
503580,103128,SKU0065,WH_A,East,2025-01-17,2025-01-22,6,2,0
503581,103129,SKU0004,WH_A,East,2025-01-16,2025-01-22,6,4,0
503582,103130,SKU0014,WH_C,West,2025-01-16,2025-01-18,2,1,1
503583,103130,SKU0014,WH_C,West,2025-01-18,2025-01-19,3,3,1
503584,103131,SKU0055,WH_A,East,2025-01-17,2025-01-18,2,1,1
503585,103132,SKU0071,WH_C,West,2025-01-17,2025-01-20,4,3,1
503586,103133,SKU0091,WH_C,West,2025-01-16,2025-01-17,1,1,1
503587,103133,SKU0091,WH_C,West,2025-01-19,2025-01-23,7,2,0
503588,103134,SKU0099,WH_C,West,2025-01-18,2025-01-20,4,1,1
503589,103135,SKU0050,WH_B,Central,2025-01-17,2025-01-24,8,2,0
503590,103136,SKU0024,WH_A,East,2025-01-16,2025-01-20,4,13,0
503591,103137,SKU0028,WH_A,East,2025-01-16,2025-01-18,2,1,1
503592,103137,SKU0028,WH_A,East,2025-01-16,2025-01-18,2,0,1
503593,103138,SKU0087,WH_C,West,2025-01-16,2025-01-18,2,3,1
503594,103139,SKU0059,WH_C,West,2025-01-16,2025-01-18,2,1,1
503595,103140,SKU0063,WH_B,Central,2025-01-16,2025-01-17,1,5,1
503596,103141,SKU0065,WH_B,Central,2025-01-19,2025-01-20,4,1,1
503597,103142,SKU0010,WH_B,Central,2025-01-18,2025-01-20,4,7,1
503598,103143,SKU0018,WH_A,East,2025-01-16,2025-01-17,1,1,1
503599,103144,SKU0036,WH_A,East,2025-01-18,2025-01-22,6,1,0
503600,103145,SKU0043,WH_C,West,2025-01-16,2025-01-17,1,1,1
503601,103146,SKU0054,WH_C,West,2025-01-17,2025-01-18,2,1,1
503602,103147,SKU0078,WH_B,Central,2025-01-18,2025-01-21,5,1,1
503603,103148,SKU0084,WH_C,West,2025-01-18,2025-01-19,3,4,1
503604,103149,SKU0022,WH_B,Central,2025-01-16,2025-01-21,5,4,0
503605,103150,SKU0070,WH_B,Central,2025-01-16,2025-01-18,2,2,1
503606,103150,SKU0070,WH_B,Central,2025-01-17,2025-01-19,3,1,1
503607,103151,SKU0010,WH_C,West,2025-01-18,2025-01-24,8,1,0
503608,103151,SKU0010,WH_C,West,2025-01-16,2025-01-17,1,1,1
503609,103152,SKU0047,WH_A,East,2025-01-16,2025-01-17,1,1,1
503610,103153,SKU0058,WH_B,Central,2025-01-16,2025-01-17,1,6,1
503611,103154,SKU0020,WH_C,West,2025-01-16,2025-01-18,2,12,1
503612,103155,SKU0088,WH_C,West,2025-01-17,2025-01-24,8,3,0
503613,103155,SKU0088,WH_C,West,2025-01-16,2025-01-19,3,3,1
503614,103156,SKU0050,WH_C,West,2025-01-17,2025-01-19,3,1,1
503615,103157,SKU0048,WH_B,Central,2025-01-17,2025-01-18,2,1,1
503616,103158,SKU0076,WH_B,Central,2025-01-16,2025-01-18,2,5,1
503617,103159,SKU0002,WH_A,East,2025-01-16,2025-01-18,2,1,1
503618,103160,SKU0065,WH_B,Central,2025-01-16,2025-01-17,1,13,1
503619,103161,SKU0043,WH_A,East,2025-01-16,2025-01-17,1,1,1
503620,103161,SKU0043,WH_A,East,2025-01-16,2025-01-18,2,2,1
503621,103162,SKU0028,WH_B,Central,2025-01-16,2025-01-23,7,1,0
503622,103163,SKU0045,WH_C,West,2025-01-16,2025-01-17,1,1,1
503623,103164,SKU0030,WH_A,East,2025-01-16,2025-01-19,3,1,1
503624,103165,SKU0070,WH_A,East,2025-01-17,2025-01-22,6,2,0
503625,103166,SKU0061,WH_B,Central,2025-01-16,2025-01-18,2,1,1
503626,103167,SKU0064,WH_A,East,2025-01-18,2025-01-21,5,1,1
503627,103167,SKU0064,WH_A,East,2025-01-16,2025-01-21,5,0,0
503628,103168,SKU0099,WH_C,West,2025-01-17,2025-01-18,2,1,1
503629,103169,SKU0043,WH_C,West,2025-01-16,2025-01-18,2,2,1
503630,103170,SKU0084,WH_A,East,2025-01-17,2025-01-18,2,1,1
503631,103170,SKU0084,WH_A,East,2025-01-16,2025-01-17,1,0,1
503632,103171,SKU0060,WH_B,Central,2025-01-18,2025-01-19,3,1,1
503633,103171,SKU0060,WH_B,Central,2025-01-17,2025-01-20,4,0,1
503634,103172,SKU0086,WH_B,Central,2025-01-17,2025-01-20,4,1,1
503635,103172,SKU0086,WH_B,Central,2025-01-17,2025-01-19,3,1,1
503636,103173,SKU0065,WH_C,West,2025-01-16,2025-01-17,1,1,1
503637,103174,SKU0031,WH_B,Central,2025-01-17,2025-01-18,2,1,1
503638,103175,SKU0049,WH_A,East,2025-01-16,2025-01-19,3,1,1
503639,103176,SKU0072,WH_C,West,2025-01-16,2025-01-18,2,1,1
503640,103177,SKU0001,WH_C,West,2025-01-18,2025-01-20,4,1,1
503641,103178,SKU0015,WH_B,Central,2025-01-16,2025-01-18,2,1,1
503642,103179,SKU0086,WH_B,Central,2025-01-16,2025-01-17,1,5,1
503643,103180,SKU0048,WH_B,Central,2025-01-17,2025-01-19,3,1,1
503644,103181,SKU0021,WH_B,Central,2025-01-17,2025-01-19,3,1,1
503645,103181,SKU0021,WH_B,Central,2025-01-16,2025-01-18,2,0,1
503646,103182,SKU0098,WH_C,West,2025-01-16,2025-01-17,1,1,1
503647,103182,SKU0098,WH_C,West,2025-01-18,2025-01-20,4,2,1
503648,103183,SKU0050,WH_B,Central,2025-01-17,2025-01-22,6,5,0
503649,103184,SKU0086,WH_A,East,2025-01-17,2025-01-18,2,1,1
503650,103185,SKU0071,WH_C,West,2025-01-17,2025-01-19,3,1,1
503651,103185,SKU0071,WH_C,West,2025-01-17,2025-01-22,6,0,0
503652,103186,SKU0089,WH_A,East,2025-01-16,2025-01-17,1,1,1
503653,103187,SKU0058,WH_A,East,2025-01-17,2025-01-18,2,1,1
503654,103187,SKU0058,WH_A,East,2025-01-18,2025-01-23,7,0,0
503655,103188,SKU0096,WH_A,East,2025-01-17,2025-01-18,2,1,1
503656,103189,SKU0002,WH_B,Central,2025-01-16,2025-01-18,2,3,1
503657,103190,SKU0023,WH_A,East,2025-01-16,2025-01-17,1,4,1
503658,103191,SKU0035,WH_B,Central,2025-01-16,2025-01-18,2,1,1
503659,103191,SKU0035,WH_B,Central,2025-01-17,2025-01-23,7,0,0
503660,103192,SKU0002,WH_A,East,2025-01-16,2025-01-17,1,3,1
503661,103193,SKU0017,WH_B,Central,2025-01-16,2025-01-21,5,6,0
503662,103194,SKU0076,WH_C,West,2025-01-16,2025-01-21,5,3,0
503663,103195,SKU0038,WH_C,West,2025-01-18,2025-01-19,3,1,1
503664,103195,SKU0038,WH_C,West,2025-01-16,2025-01-17,1,1,1
503665,103196,SKU0058,WH_C,West,2025-01-16,2025-01-18,2,2,1
503666,103197,SKU0032,WH_C,West,2025-01-16,2025-01-19,3,1,1
503667,103198,SKU0065,WH_B,Central,2025-01-16,2025-01-17,1,1,1
503668,103199,SKU0010,WH_C,West,2025-01-17,2025-01-18,2,1,1
503669,103200,SKU0016,WH_C,West,2025-01-16,2025-01-17,1,1,1
503670,103201,SKU0043,WH_A,East,2025-01-16,2025-01-19,3,1,1
503671,103202,SKU0066,WH_B,Central,2025-01-17,2025-01-18,2,6,1
503672,103203,SKU0043,WH_A,East,2025-01-16,2025-01-17,1,1,1
503673,103203,SKU0043,WH_A,East,2025-01-16,2025-01-18,2,0,1
503674,103204,SKU0056,WH_C,West,2025-01-16,2025-01-17,1,1,1
503675,103205,SKU0097,WH_A,East,2025-01-16,2025-01-19,3,1,1
503676,103206,SKU0097,WH_A,East,2025-01-16,2025-01-21,5,3,0
503677,103206,SKU0097,WH_A,East,2025-01-16,2025-01-17,1,1,1
503678,103207,SKU0015,WH_A,East,2025-01-18,2025-01-20,4,3,1
503679,103208,SKU0078,WH_C,West,2025-01-16,2025-01-18,2,2,1
503680,103209,SKU0068,WH_B,Central,2025-01-16,2025-01-19,3,1,1
503681,103210,SKU0012,WH_B,Central,2025-01-16,2025-01-21,5,1,0
503682,103210,SKU0012,WH_B,Central,2025-01-16,2025-01-19,3,0,1
503683,103211,SKU0059,WH_B,Central,2025-01-17,2025-01-18,2,3,1
503684,103212,SKU0084,WH_B,Central,2025-01-18,2025-01-19,3,1,1
503685,103213,SKU0061,WH_B,Central,2025-01-16,2025-01-18,2,2,1
503686,103214,SKU0076,WH_C,West,2025-01-20,2025-01-21,5,1,1
503687,103215,SKU0023,WH_C,West,2025-01-19,2025-01-21,5,5,1
503688,103216,SKU0077,WH_A,East,2025-01-18,2025-01-20,4,1,1
503689,103217,SKU0020,WH_A,East,2025-01-16,2025-01-20,4,1,0
503690,103218,SKU0045,WH_B,Central,2025-01-16,2025-01-19,3,2,1
503691,103219,SKU0052,WH_B,Central,2025-01-18,2025-01-22,6,1,0
503692,103220,SKU0080,WH_B,Central,2025-01-17,2025-01-18,2,3,1
503693,103221,SKU0080,WH_A,East,2025-01-17,2025-01-19,3,3,1
503694,103222,SKU0052,WH_C,West,2025-01-18,2025-01-19,3,1,1
503695,103223,SKU0022,WH_C,West,2025-01-16,2025-01-17,1,1,1
503696,103224,SKU0044,WH_B,Central,2025-01-16,2025-01-17,1,2,1
503697,103225,SKU0092,WH_B,Central,2025-01-16,2025-01-19,3,1,1
503698,103226,SKU0019,WH_A,East,2025-01-16,2025-01-18,2,1,1
503699,103226,SKU0019,WH_A,East,2025-01-18,2025-01-19,3,2,1
503700,103227,SKU0034,WH_B,Central,2025-01-16,2025-01-17,1,6,1
503701,103228,SKU0083,WH_B,Central,2025-01-17,2025-01-19,3,2,1
503702,103229,SKU0072,WH_B,Central,2025-01-16,2025-01-19,3,2,1
503703,103229,SKU0072,WH_B,Central,2025-01-16,2025-01-20,4,2,0
503704,103230,SKU0048,WH_C,West,2025-01-17,2025-01-22,5,2,0
503705,103231,SKU0024,WH_B,Central,2025-01-17,2025-01-18,1,2,1
503706,103231,SKU0024,WH_B,Central,2025-01-18,2025-01-20,3,10,1
503707,103232,SKU0014,WH_B,Central,2025-01-17,2025-01-20,3,1,1
503708,103232,SKU0014,WH_B,Central,2025-01-17,2025-01-18,1,3,1
503709,103233,SKU0053,WH_B,Central,2025-01-17,2025-01-22,5,2,0
503710,103234,SKU0052,WH_C,West,2025-01-17,2025-01-19,2,1,1
503711,103234,SKU0052,WH_C,West,2025-01-17,2025-01-19,2,4,1
503712,103235,SKU0060,WH_A,East,2025-01-17,2025-01-18,1,4,1
503713,103236,SKU0020,WH_A,East,2025-01-17,2025-01-19,2,1,1
503714,103237,SKU0029,WH_B,Central,2025-01-17,2025-01-18,1,1,1
503715,103238,SKU0084,WH_B,Central,2025-01-18,2025-01-20,3,1,1
503716,103239,SKU0036,WH_B,Central,2025-01-17,2025-01-19,2,3,1
503717,103239,SKU0036,WH_B,Central,2025-01-19,2025-01-23,6,1,0
503718,103240,SKU0047,WH_C,West,2025-01-18,2025-01-19,2,1,1
503719,103241,SKU0016,WH_B,Central,2025-01-17,2025-01-18,1,1,1
503720,103241,SKU0016,WH_B,Central,2025-01-18,2025-01-19,2,0,1
503721,103242,SKU0044,WH_B,Central,2025-01-17,2025-01-21,4,5,0
503722,103243,SKU0090,WH_B,Central,2025-01-19,2025-01-23,6,1,0
503723,103244,SKU0045,WH_C,West,2025-01-17,2025-01-22,5,1,0
503724,103244,SKU0045,WH_C,West,2025-01-18,2025-01-20,3,2,1
503725,103245,SKU0045,WH_C,West,2025-01-17,2025-01-22,5,4,0
503726,103246,SKU0086,WH_C,West,2025-01-17,2025-01-18,1,1,1
503727,103247,SKU0068,WH_A,East,2025-01-17,2025-01-20,3,1,1
503728,103248,SKU0061,WH_A,East,2025-01-18,2025-01-24,7,1,0
503729,103248,SKU0061,WH_A,East,2025-01-17,2025-01-18,1,0,1
503730,103249,SKU0100,WH_C,West,2025-01-18,2025-01-19,2,1,1
503731,103250,SKU0005,WH_B,Central,2025-01-17,2025-01-18,1,1,1
503732,103251,SKU0044,WH_C,West,2025-01-18,2025-01-21,4,5,1
503733,103252,SKU0051,WH_C,West,2025-01-17,2025-01-18,1,1,1
503734,103253,SKU0090,WH_A,East,2025-01-17,2025-01-19,2,5,1
503735,103254,SKU0004,WH_A,East,2025-01-18,2025-01-22,5,5,0
503736,103255,SKU0049,WH_A,East,2025-01-20,2025-01-27,10,13,0
503737,103256,SKU0043,WH_C,West,2025-01-17,2025-01-19,2,1,1
503738,103257,SKU0015,WH_A,East,2025-01-18,2025-01-21,4,1,1
503739,103257,SKU0015,WH_A,East,2025-01-19,2025-01-21,4,0,1
503740,103258,SKU0071,WH_A,East,2025-01-17,2025-01-18,1,3,1
503741,103259,SKU0028,WH_B,Central,2025-01-17,2025-01-20,3,10,1
503742,103260,SKU0048,WH_A,East,2025-01-17,2025-01-20,3,1,1
503743,103261,SKU0036,WH_B,Central,2025-01-17,2025-01-21,4,1,0
503744,103262,SKU0028,WH_B,Central,2025-01-19,2025-01-22,5,5,1
503745,103263,SKU0062,WH_C,West,2025-01-17,2025-01-18,1,6,1
503746,103264,SKU0076,WH_A,East,2025-01-18,2025-01-24,7,2,0
503747,103265,SKU0015,WH_A,East,2025-01-18,2025-01-22,5,1,0
503748,103266,SKU0041,WH_C,West,2025-01-18,2025-01-21,4,1,1
503749,103267,SKU0098,WH_A,East,2025-01-18,2025-01-20,3,3,1
503750,103267,SKU0098,WH_A,East,2025-01-18,2025-01-20,3,1,1
503751,103268,SKU0047,WH_C,West,2025-01-19,2025-01-23,6,3,0
503752,103269,SKU0060,WH_B,Central,2025-01-18,2025-01-21,4,1,1
503753,103269,SKU0060,WH_B,Central,2025-01-17,2025-01-21,4,1,0
503754,103270,SKU0077,WH_C,West,2025-01-20,2025-01-23,6,3,1
503755,103271,SKU0067,WH_B,Central,2025-01-17,2025-01-20,3,1,1
503756,103272,SKU0004,WH_B,Central,2025-01-17,2025-01-19,2,6,1
503757,103273,SKU0056,WH_C,West,2025-01-21,2025-01-23,6,6,1
503758,103274,SKU0030,WH_A,East,2025-01-17,2025-01-18,1,4,1
503759,103275,SKU0065,WH_C,West,2025-01-17,2025-01-18,1,5,1
503760,103276,SKU0053,WH_C,West,2025-01-18,2025-01-23,6,1,0
503761,103277,SKU0001,WH_B,Central,2025-01-19,2025-01-20,3,1,1
503762,103278,SKU0082,WH_C,West,2025-01-18,2025-01-22,5,2,0
503763,103279,SKU0043,WH_C,West,2025-01-18,2025-01-23,6,2,0
503764,103280,SKU0094,WH_B,Central,2025-01-19,2025-01-20,3,8,1
503765,103281,SKU0079,WH_C,West,2025-01-19,2025-01-21,4,1,1
503766,103282,SKU0065,WH_C,West,2025-01-17,2025-01-20,3,2,1
503767,103283,SKU0032,WH_A,East,2025-01-18,2025-01-21,4,4,1
503768,103284,SKU0033,WH_C,West,2025-01-19,2025-01-25,8,1,0
503769,103285,SKU0062,WH_A,East,2025-01-19,2025-01-20,3,2,1
503770,103286,SKU0076,WH_C,West,2025-01-19,2025-01-22,5,9,1
503771,103287,SKU0035,WH_B,Central,2025-01-20,2025-01-23,6,1,1
503772,103288,SKU0038,WH_A,East,2025-01-19,2025-01-20,3,1,1
503773,103289,SKU0029,WH_C,West,2025-01-20,2025-01-21,4,1,1
503774,103289,SKU0029,WH_C,West,2025-01-19,2025-01-24,7,1,0
503775,103290,SKU0024,WH_B,Central,2025-01-17,2025-01-22,5,1,0
503776,103291,SKU0030,WH_B,Central,2025-01-19,2025-01-24,7,11,0
503777,103292,SKU0011,WH_A,East,2025-01-17,2025-01-20,3,1,1
503778,103293,SKU0050,WH_C,West,2025-01-17,2025-01-18,1,8,1
503779,103294,SKU0061,WH_B,Central,2025-01-18,2025-01-20,3,3,1
503780,103295,SKU0015,WH_A,East,2025-01-19,2025-01-22,5,1,1
503781,103296,SKU0070,WH_A,East,2025-01-17,2025-01-18,1,7,1
503782,103296,SKU0070,WH_A,East,2025-01-17,2025-01-18,1,1,1
503783,103297,SKU0091,WH_C,West,2025-01-18,2025-01-23,6,1,0
503784,103298,SKU0009,WH_C,West,2025-01-18,2025-01-21,4,2,1
503785,103299,SKU0094,WH_A,East,2025-01-17,2025-01-19,2,1,1
503786,103300,SKU0004,WH_A,East,2025-01-18,2025-01-21,4,1,1
503787,103300,SKU0004,WH_A,East,2025-01-18,2025-01-19,2,0,1
503788,103301,SKU0002,WH_B,Central,2025-01-17,2025-01-18,1,3,1
503789,103302,SKU0037,WH_A,East,2025-01-21,2025-01-23,6,2,1
503790,103302,SKU0037,WH_A,East,2025-01-19,2025-01-20,3,1,1
503791,103303,SKU0085,WH_C,West,2025-01-17,2025-01-20,3,4,1
503792,103303,SKU0085,WH_C,West,2025-01-17,2025-01-22,5,8,0
503793,103304,SKU0081,WH_C,West,2025-01-19,2025-01-22,5,1,1
503794,103305,SKU0062,WH_C,West,2025-01-19,2025-01-23,6,1,0
503795,103306,SKU0070,WH_C,West,2025-01-18,2025-01-20,3,1,1
503796,103307,SKU0025,WH_B,Central,2025-01-17,2025-01-20,3,11,1
503797,103308,SKU0004,WH_A,East,2025-01-17,2025-01-18,1,2,1
503798,103309,SKU0026,WH_A,East,2025-01-17,2025-01-19,2,3,1
503799,103310,SKU0056,WH_B,Central,2025-01-17,2025-01-19,2,1,1
503800,103311,SKU0068,WH_A,East,2025-01-18,2025-01-21,4,1,1
503801,103311,SKU0068,WH_A,East,2025-01-17,2025-01-21,4,0,0
503802,103312,SKU0044,WH_C,West,2025-01-17,2025-01-24,7,2,0
503803,103312,SKU0044,WH_C,West,2025-01-17,2025-01-18,1,5,1
503804,103313,SKU0008,WH_C,West,2025-01-20,2025-01-21,4,1,1
503805,103314,SKU0089,WH_B,Central,2025-01-17,2025-01-19,2,2,1
503806,103315,SKU0088,WH_A,East,2025-01-17,2025-01-21,4,1,0
503807,103315,SKU0088,WH_A,East,2025-01-19,2025-01-21,4,1,1
503808,103316,SKU0041,WH_C,West,2025-01-21,2025-01-25,8,5,0
503809,103317,SKU0091,WH_C,West,2025-01-18,2025-01-19,2,6,1
503810,103318,SKU0096,WH_B,Central,2025-01-18,2025-01-19,2,7,1
503811,103318,SKU0096,WH_B,Central,2025-01-17,2025-01-20,3,3,1
503812,103319,SKU0089,WH_B,Central,2025-01-17,2025-01-18,1,2,1
503813,103320,SKU0057,WH_C,West,2025-01-18,2025-01-19,2,1,1
503814,103321,SKU0090,WH_A,East,2025-01-18,2025-01-23,6,3,0
503815,103322,SKU0015,WH_A,East,2025-01-17,2025-01-19,2,1,1
503816,103323,SKU0032,WH_C,West,2025-01-19,2025-01-22,5,9,1
503817,103324,SKU0034,WH_A,East,2025-01-17,2025-01-19,2,4,1
503818,103325,SKU0013,WH_A,East,2025-01-18,2025-01-21,4,1,1
503819,103325,SKU0013,WH_A,East,2025-01-17,2025-01-18,1,1,1
503820,103326,SKU0098,WH_C,West,2025-01-18,2025-01-20,3,3,1
503821,103327,SKU0031,WH_C,West,2025-01-17,2025-01-23,6,5,0
503822,103328,SKU0019,WH_C,West,2025-01-17,2025-01-19,2,1,1
503823,103329,SKU0058,WH_B,Central,2025-01-17,2025-01-21,4,7,0
503824,103330,SKU0009,WH_B,Central,2025-01-20,2025-01-21,4,1,1
503825,103331,SKU0057,WH_A,East,2025-01-17,2025-01-20,3,2,1
503826,103332,SKU0094,WH_A,East,2025-01-18,2025-01-19,2,3,1
503827,103333,SKU0008,WH_B,Central,2025-01-20,2025-01-22,5,3,1
503828,103334,SKU0033,WH_C,West,2025-01-17,2025-01-19,2,1,1
503829,103335,SKU0049,WH_B,Central,2025-01-18,2025-01-20,3,1,1
503830,103336,SKU0066,WH_C,West,2025-01-17,2025-01-19,2,1,1
503831,103337,SKU0060,WH_C,West,2025-01-17,2025-01-18,1,2,1
503832,103338,SKU0002,WH_B,Central,2025-01-18,2025-01-21,4,7,1
503833,103339,SKU0082,WH_B,Central,2025-01-19,2025-01-20,3,1,1
503834,103340,SKU0012,WH_C,West,2025-01-17,2025-01-23,6,2,0
503835,103341,SKU0081,WH_B,Central,2025-01-17,2025-01-20,3,1,1
503836,103342,SKU0049,WH_A,East,2025-01-17,2025-01-21,4,1,0
503837,103343,SKU0081,WH_B,Central,2025-01-18,2025-01-21,4,2,1
503838,103344,SKU0007,WH_C,West,2025-01-20,2025-01-25,8,1,0
503839,103345,SKU0099,WH_C,West,2025-01-17,2025-01-19,2,2,1
503840,103346,SKU0058,WH_B,Central,2025-01-17,2025-01-18,1,1,1
503841,103346,SKU0058,WH_B,Central,2025-01-17,2025-01-23,6,0,0
503842,103347,SKU0084,WH_A,East,2025-01-17,2025-01-23,6,1,0
503843,103348,SKU0028,WH_A,East,2025-01-17,2025-01-18,1,1,1
503844,103349,SKU0045,WH_C,West,2025-01-18,2025-01-21,4,2,1
503845,103350,SKU0052,WH_B,Central,2025-01-17,2025-01-19,2,2,1
503846,103351,SKU0059,WH_B,Central,2025-01-19,2025-01-22,5,1,1
503847,103352,SKU0014,WH_B,Central,2025-01-17,2025-01-18,1,5,1
503848,103353,SKU0094,WH_A,East,2025-01-17,2025-01-20,3,1,1
503849,103354,SKU0065,WH_B,Central,2025-01-20,2025-01-21,4,2,1
503850,103355,SKU0006,WH_A,East,2025-01-18,2025-01-25,8,3,0
503851,103356,SKU0051,WH_A,East,2025-01-17,2025-01-20,3,1,1
503852,103357,SKU0039,WH_A,East,2025-01-17,2025-01-24,7,1,0
503853,103358,SKU0094,WH_C,West,2025-01-17,2025-01-19,2,3,1
503854,103359,SKU0058,WH_A,East,2025-01-17,2025-01-18,1,1,1
503855,103359,SKU0058,WH_A,East,2025-01-20,2025-01-22,5,0,1
503856,103360,SKU0041,WH_A,East,2025-01-18,2025-01-20,3,2,1
503857,103361,SKU0073,WH_B,Central,2025-01-17,2025-01-18,1,1,1
503858,103362,SKU0100,WH_B,Central,2025-01-18,2025-01-21,4,7,1
503859,103362,SKU0100,WH_B,Central,2025-01-18,2025-01-20,3,2,1
503860,103363,SKU0033,WH_B,Central,2025-01-18,2025-01-19,2,2,1
503861,103364,SKU0056,WH_B,Central,2025-01-18,2025-01-20,3,5,1
503862,103365,SKU0028,WH_C,West,2025-01-18,2025-01-19,2,1,1
503863,103366,SKU0060,WH_A,East,2025-01-17,2025-01-18,1,2,1
503864,103367,SKU0095,WH_C,West,2025-01-19,2025-01-20,3,3,1
503865,103368,SKU0036,WH_A,East,2025-01-17,2025-01-20,3,1,1
503866,103369,SKU0007,WH_C,West,2025-01-17,2025-01-18,1,3,1
503867,103370,SKU0091,WH_B,Central,2025-01-17,2025-01-19,2,3,1
503868,103371,SKU0095,WH_C,West,2025-01-18,2025-01-20,3,1,1
503869,103372,SKU0038,WH_B,Central,2025-01-19,2025-01-20,3,1,1
503870,103373,SKU0031,WH_B,Central,2025-01-17,2025-01-20,3,1,1
503871,103373,SKU0031,WH_B,Central,2025-01-19,2025-01-21,4,0,1
503872,103374,SKU0034,WH_B,Central,2025-01-18,2025-01-20,3,5,1
503873,103374,SKU0034,WH_B,Central,2025-01-17,2025-01-20,3,5,1
503874,103375,SKU0023,WH_C,West,2025-01-17,2025-01-20,3,1,1
503875,103376,SKU0093,WH_A,East,2025-01-19,2025-01-21,4,2,1
503876,103377,SKU0038,WH_C,West,2025-01-17,2025-01-20,3,2,1
503877,103377,SKU0038,WH_C,West,2025-01-17,2025-01-18,1,2,1
503878,103378,SKU0059,WH_C,West,2025-01-17,2025-01-18,1,1,1
503879,103379,SKU0028,WH_B,Central,2025-01-18,2025-01-20,3,4,1
503880,103380,SKU0011,WH_A,East,2025-01-18,2025-01-20,3,1,1
503881,103381,SKU0010,WH_C,West,2025-01-18,2025-01-21,4,1,1
503882,103381,SKU0010,WH_C,West,2025-01-17,2025-01-18,1,0,1
503883,103382,SKU0091,WH_C,West,2025-01-17,2025-01-18,1,1,1
503884,103383,SKU0073,WH_C,West,2025-01-20,2025-01-26,9,2,0
503885,103384,SKU0006,WH_B,Central,2025-01-17,2025-01-18,1,1,1
503886,103385,SKU0038,WH_B,Central,2025-01-17,2025-01-22,5,6,0
503887,103386,SKU0084,WH_C,West,2025-01-17,2025-01-19,2,4,1
503888,103387,SKU0083,WH_A,East,2025-01-17,2025-01-21,4,1,0
503889,103387,SKU0083,WH_A,East,2025-01-19,2025-01-21,4,7,1
503890,103388,SKU0035,WH_A,East,2025-01-18,2025-01-20,3,12,1
503891,103389,SKU0052,WH_B,Central,2025-01-18,2025-01-20,3,1,1
503892,103390,SKU0038,WH_B,Central,2025-01-18,2025-01-24,7,1,0
503893,103391,SKU0033,WH_B,Central,2025-01-19,2025-01-21,4,4,1
503894,103392,SKU0058,WH_C,West,2025-01-20,2025-01-22,5,6,1
503895,103393,SKU0048,WH_C,West,2025-01-17,2025-01-20,3,1,1
503896,103394,SKU0025,WH_A,East,2025-01-19,2025-01-20,3,3,1
503897,103395,SKU0061,WH_B,Central,2025-01-18,2025-01-23,6,1,0
503898,103395,SKU0061,WH_B,Central,2025-01-17,2025-01-19,2,0,1
503899,103396,SKU0023,WH_A,East,2025-01-17,2025-01-20,3,1,1
503900,103397,SKU0057,WH_B,Central,2025-01-18,2025-01-20,3,1,1
503901,103397,SKU0057,WH_B,Central,2025-01-17,2025-01-23,6,0,0
503902,103398,SKU0071,WH_A,East,2025-01-17,2025-01-21,4,2,0
503903,103399,SKU0016,WH_C,West,2025-01-17,2025-01-21,4,1,0
503904,103400,SKU0077,WH_B,Central,2025-01-17,2025-01-18,1,2,1
503905,103400,SKU0077,WH_B,Central,2025-01-17,2025-01-18,1,1,1
503906,103401,SKU0093,WH_B,Central,2025-01-17,2025-01-19,2,6,1
503907,103402,SKU0085,WH_B,Central,2025-01-17,2025-01-19,2,1,1
503908,103402,SKU0085,WH_B,Central,2025-01-17,2025-01-21,4,1,0
503909,103403,SKU0003,WH_B,Central,2025-01-18,2025-01-24,7,4,0
503910,103404,SKU0091,WH_A,East,2025-01-17,2025-01-18,1,1,1
503911,103405,SKU0008,WH_C,West,2025-01-17,2025-01-18,1,4,1
503912,103406,SKU0087,WH_A,East,2025-01-18,2025-01-19,2,3,1
503913,103407,SKU0068,WH_A,East,2025-01-17,2025-01-18,1,4,1
503914,103408,SKU0009,WH_A,East,2025-01-20,2025-01-25,8,1,0
503915,103409,SKU0064,WH_A,East,2025-01-17,2025-01-19,2,5,1
503916,103410,SKU0044,WH_B,Central,2025-01-18,2025-01-19,1,2,1
503917,103411,SKU0068,WH_A,East,2025-01-19,2025-01-20,2,5,1
503918,103412,SKU0046,WH_C,West,2025-01-18,2025-01-19,1,7,1
503919,103413,SKU0094,WH_A,East,2025-01-19,2025-01-20,2,1,1
503920,103414,SKU0022,WH_C,West,2025-01-19,2025-01-22,4,2,1
503921,103415,SKU0025,WH_B,Central,2025-01-19,2025-01-21,3,1,1
503922,103416,SKU0099,WH_A,East,2025-01-18,2025-01-19,1,1,1
503923,103417,SKU0100,WH_B,Central,2025-01-18,2025-01-21,3,1,1
503924,103418,SKU0017,WH_B,Central,2025-01-19,2025-01-20,2,1,1
503925,103419,SKU0093,WH_C,West,2025-01-19,2025-01-21,3,1,1
503926,103420,SKU0021,WH_B,Central,2025-01-18,2025-01-21,3,1,1
503927,103420,SKU0021,WH_B,Central,2025-01-20,2025-01-21,3,0,1
503928,103421,SKU0081,WH_C,West,2025-01-19,2025-01-21,3,1,1
503929,103422,SKU0019,WH_B,Central,2025-01-18,2025-01-22,4,1,0
503930,103422,SKU0019,WH_B,Central,2025-01-20,2025-01-21,3,0,1
503931,103423,SKU0064,WH_C,West,2025-01-19,2025-01-21,3,1,1
503932,103423,SKU0064,WH_C,West,2025-01-18,2025-01-19,1,0,1
503933,103424,SKU0042,WH_B,Central,2025-01-20,2025-01-24,6,2,0
503934,103425,SKU0090,WH_B,Central,2025-01-19,2025-01-20,2,6,1
503935,103426,SKU0042,WH_B,Central,2025-01-20,2025-01-27,9,1,0
503936,103427,SKU0075,WH_C,West,2025-01-19,2025-01-21,3,4,1
503937,103428,SKU0093,WH_A,East,2025-01-18,2025-01-22,4,1,0
503938,103429,SKU0005,WH_B,Central,2025-01-18,2025-01-19,1,5,1
503939,103430,SKU0056,WH_B,Central,2025-01-20,2025-01-21,3,4,1
503940,103431,SKU0093,WH_C,West,2025-01-20,2025-01-22,4,2,1
503941,103432,SKU0022,WH_A,East,2025-01-19,2025-01-22,4,4,1
503942,103433,SKU0047,WH_B,Central,2025-01-18,2025-01-21,3,7,1
503943,103434,SKU0090,WH_C,West,2025-01-19,2025-01-21,3,1,1
503944,103435,SKU0086,WH_A,East,2025-01-18,2025-01-22,4,8,0
503945,103436,SKU0069,WH_C,West,2025-01-18,2025-01-20,2,1,1
503946,103437,SKU0075,WH_C,West,2025-01-18,2025-01-24,6,1,0
503947,103438,SKU0046,WH_A,East,2025-01-18,2025-01-22,4,1,0
503948,103438,SKU0046,WH_A,East,2025-01-18,2025-01-19,1,3,1
503949,103439,SKU0064,WH_C,West,2025-01-18,2025-01-22,4,4,0
503950,103440,SKU0046,WH_C,West,2025-01-19,2025-01-23,5,2,0
503951,103441,SKU0072,WH_A,East,2025-01-18,2025-01-24,6,6,0
503952,103442,SKU0093,WH_C,West,2025-01-18,2025-01-21,3,1,1
503953,103443,SKU0080,WH_C,West,2025-01-18,2025-01-22,4,7,0
503954,103444,SKU0098,WH_C,West,2025-01-20,2025-01-22,4,2,1
503955,103444,SKU0098,WH_C,West,2025-01-18,2025-01-21,3,1,1
503956,103445,SKU0012,WH_C,West,2025-01-20,2025-01-23,5,1,1
503957,103446,SKU0085,WH_C,West,2025-01-20,2025-01-22,4,1,1
503958,103447,SKU0085,WH_C,West,2025-01-19,2025-01-21,3,2,1
503959,103448,SKU0028,WH_B,Central,2025-01-18,2025-01-21,3,6,1
503960,103449,SKU0089,WH_B,Central,2025-01-19,2025-01-22,4,2,1
503961,103450,SKU0035,WH_A,East,2025-01-21,2025-01-23,5,1,1
503962,103451,SKU0010,WH_A,East,2025-01-18,2025-01-19,1,2,1
503963,103452,SKU0084,WH_C,West,2025-01-19,2025-01-20,2,1,1
503964,103453,SKU0042,WH_A,East,2025-01-19,2025-01-22,4,2,1
503965,103454,SKU0040,WH_B,Central,2025-01-19,2025-01-21,3,8,1
503966,103455,SKU0056,WH_A,East,2025-01-19,2025-01-21,3,1,1
503967,103455,SKU0056,WH_A,East,2025-01-19,2025-01-22,4,0,1
503968,103456,SKU0079,WH_C,West,2025-01-20,2025-01-22,4,1,1
503969,103456,SKU0079,WH_C,West,2025-01-18,2025-01-19,1,0,1
503970,103457,SKU0024,WH_C,West,2025-01-18,2025-01-20,2,6,1
503971,103458,SKU0069,WH_A,East,2025-01-18,2025-01-20,2,1,1
503972,103459,SKU0094,WH_B,Central,2025-01-18,2025-01-19,1,1,1
503973,103460,SKU0044,WH_B,Central,2025-01-19,2025-01-26,8,4,0
503974,103461,SKU0089,WH_B,Central,2025-01-18,2025-01-19,1,1,1
503975,103462,SKU0005,WH_B,Central,2025-01-18,2025-01-19,1,1,1
503976,103463,SKU0028,WH_C,West,2025-01-18,2025-01-19,1,1,1
503977,103463,SKU0028,WH_C,West,2025-01-20,2025-01-22,4,1,1
503978,103464,SKU0080,WH_A,East,2025-01-18,2025-01-19,1,3,1
503979,103465,SKU0081,WH_A,East,2025-01-19,2025-01-22,4,1,1
503980,103466,SKU0043,WH_A,East,2025-01-18,2025-01-19,1,2,1
503981,103467,SKU0043,WH_A,East,2025-01-18,2025-01-19,1,1,1
503982,103468,SKU0085,WH_B,Central,2025-01-18,2025-01-20,2,5,1
503983,103469,SKU0011,WH_B,Central,2025-01-19,2025-01-21,3,2,1
503984,103470,SKU0010,WH_B,Central,2025-01-22,2025-01-24,6,2,1
503985,103471,SKU0017,WH_B,Central,2025-01-20,2025-01-25,7,1,0
503986,103472,SKU0041,WH_C,West,2025-01-20,2025-01-21,3,1,1
503987,103473,SKU0054,WH_A,East,2025-01-18,2025-01-19,1,1,1
503988,103474,SKU0038,WH_A,East,2025-01-18,2025-01-19,1,1,1
503989,103475,SKU0009,WH_B,Central,2025-01-18,2025-01-22,4,1,0
503990,103476,SKU0063,WH_A,East,2025-01-19,2025-01-26,8,3,0
503991,103477,SKU0098,WH_B,Central,2025-01-18,2025-01-19,1,1,1
503992,103478,SKU0012,WH_A,East,2025-01-18,2025-01-20,2,1,1
503993,103478,SKU0012,WH_A,East,2025-01-18,2025-01-25,7,0,0
503994,103479,SKU0045,WH_A,East,2025-01-18,2025-01-19,1,7,1
503995,103480,SKU0049,WH_A,East,2025-01-18,2025-01-23,5,2,0
503996,103481,SKU0019,WH_A,East,2025-01-19,2025-01-22,4,1,1
503997,103482,SKU0098,WH_B,Central,2025-01-18,2025-01-20,2,3,1
503998,103483,SKU0020,WH_A,East,2025-01-19,2025-01-20,2,4,1
503999,103484,SKU0018,WH_C,West,2025-01-19,2025-01-21,3,4,1
504000,103485,SKU0089,WH_C,West,2025-01-18,2025-01-19,1,1,1
504001,103486,SKU0049,WH_B,Central,2025-01-18,2025-01-20,2,1,1
504002,103487,SKU0062,WH_C,West,2025-01-19,2025-01-21,3,1,1
504003,103488,SKU0041,WH_A,East,2025-01-18,2025-01-20,2,1,1
504004,103488,SKU0041,WH_A,East,2025-01-18,2025-01-21,3,0,1
504005,103489,SKU0018,WH_B,Central,2025-01-20,2025-01-22,4,1,1
504006,103490,SKU0035,WH_C,West,2025-01-18,2025-01-22,4,8,0
504007,103491,SKU0099,WH_C,West,2025-01-18,2025-01-20,2,1,1
504008,103492,SKU0028,WH_A,East,2025-01-18,2025-01-21,3,3,1
504009,103493,SKU0022,WH_C,West,2025-01-18,2025-01-20,2,1,1
504010,103494,SKU0032,WH_C,West,2025-01-21,2025-01-23,5,4,1
504011,103495,SKU0050,WH_A,East,2025-01-18,2025-01-24,6,2,0
504012,103496,SKU0045,WH_B,Central,2025-01-18,2025-01-20,2,2,1
504013,103497,SKU0003,WH_B,Central,2025-01-19,2025-01-24,6,3,0
504014,103498,SKU0062,WH_A,East,2025-01-19,2025-01-23,5,2,0
504015,103499,SKU0063,WH_A,East,2025-01-19,2025-01-20,2,1,1
504016,103500,SKU0049,WH_B,Central,2025-01-19,2025-01-21,3,6,1
504017,103501,SKU0044,WH_B,Central,2025-01-18,2025-01-19,1,4,1
504018,103502,SKU0082,WH_A,East,2025-01-19,2025-01-25,7,1,0
504019,103503,SKU0013,WH_C,West,2025-01-19,2025-01-22,4,3,1
504020,103504,SKU0075,WH_A,East,2025-01-18,2025-01-19,1,6,1
504021,103505,SKU0033,WH_A,East,2025-01-19,2025-01-20,2,1,1
504022,103506,SKU0004,WH_A,East,2025-01-19,2025-01-20,2,2,1
504023,103506,SKU0004,WH_A,East,2025-01-18,2025-01-19,1,5,1
504024,103507,SKU0034,WH_A,East,2025-01-18,2025-01-20,2,1,1
504025,103508,SKU0090,WH_B,Central,2025-01-18,2025-01-19,1,2,1
504026,103509,SKU0029,WH_B,Central,2025-01-18,2025-01-20,2,1,1
504027,103510,SKU0013,WH_C,West,2025-01-18,2025-01-20,2,2,1
504028,103511,SKU0024,WH_B,Central,2025-01-18,2025-01-19,1,20,1
504029,103512,SKU0001,WH_C,West,2025-01-19,2025-01-21,3,2,1
504030,103513,SKU0085,WH_A,East,2025-01-18,2025-01-22,4,1,0
504031,103514,SKU0046,WH_C,West,2025-01-20,2025-01-21,3,2,1
504032,103515,SKU0066,WH_B,Central,2025-01-18,2025-01-20,2,1,1
504033,103516,SKU0061,WH_A,East,2025-01-19,2025-01-21,3,1,1
504034,103517,SKU0031,WH_A,East,2025-01-19,2025-01-21,3,3,1
504035,103518,SKU0025,WH_C,West,2025-01-21,2025-01-25,7,8,0
504036,103519,SKU0035,WH_A,East,2025-01-18,2025-01-20,2,1,1
504037,103520,SKU0010,WH_B,Central,2025-01-18,2025-01-20,2,3,1
504038,103521,SKU0062,WH_A,East,2025-01-21,2025-01-22,4,1,1
504039,103522,SKU0095,WH_A,East,2025-01-19,2025-01-24,6,2,0
504040,103523,SKU0069,WH_A,East,2025-01-18,2025-01-22,4,5,0
504041,103524,SKU0008,WH_C,West,2025-01-19,2025-01-20,2,3,1
504042,103525,SKU0023,WH_B,Central,2025-01-18,2025-01-19,1,1,1
504043,103525,SKU0023,WH_B,Central,2025-01-18,2025-01-20,2,1,1
504044,103526,SKU0090,WH_B,Central,2025-01-22,2025-01-23,5,1,1
504045,103526,SKU0090,WH_B,Central,2025-01-18,2025-01-19,1,0,1
504046,103527,SKU0001,WH_B,Central,2025-01-21,2025-01-23,5,4,1
504047,103528,SKU0021,WH_A,East,2025-01-18,2025-01-22,4,2,0
504048,103529,SKU0050,WH_A,East,2025-01-21,2025-01-23,5,1,1
504049,103530,SKU0062,WH_B,Central,2025-01-18,2025-01-19,1,1,1
504050,103531,SKU0058,WH_B,Central,2025-01-18,2025-01-19,1,1,1
504051,103532,SKU0011,WH_C,West,2025-01-18,2025-01-22,4,1,0
504052,103533,SKU0091,WH_A,East,2025-01-18,2025-01-20,2,1,1
504053,103534,SKU0059,WH_A,East,2025-01-18,2025-01-19,1,1,1
504054,103534,SKU0059,WH_A,East,2025-01-19,2025-01-20,2,1,1
504055,103535,SKU0059,WH_C,West,2025-01-22,2025-01-23,5,2,1
504056,103535,SKU0059,WH_C,West,2025-01-18,2025-01-21,3,2,1
504057,103536,SKU0036,WH_B,Central,2025-01-21,2025-01-27,9,2,0
504058,103537,SKU0019,WH_B,Central,2025-01-19,2025-01-25,7,3,0
504059,103538,SKU0022,WH_B,Central,2025-01-20,2025-01-21,3,4,1
504060,103539,SKU0096,WH_B,Central,2025-01-20,2025-01-22,4,2,1
504061,103539,SKU0096,WH_B,Central,2025-01-18,2025-01-19,1,2,1
504062,103540,SKU0060,WH_B,Central,2025-01-19,2025-01-22,4,3,1
504063,103540,SKU0060,WH_B,Central,2025-01-19,2025-01-20,2,4,1
504064,103541,SKU0008,WH_C,West,2025-01-18,2025-01-20,2,2,1
504065,103541,SKU0008,WH_C,West,2025-01-18,2025-01-21,3,4,1
504066,103542,SKU0005,WH_A,East,2025-01-18,2025-01-19,1,1,1
504067,103543,SKU0090,WH_B,Central,2025-01-18,2025-01-20,2,10,1
504068,103544,SKU0007,WH_C,West,2025-01-18,2025-01-19,1,1,1
504069,103545,SKU0032,WH_A,East,2025-01-18,2025-01-24,6,1,0
504070,103546,SKU0047,WH_A,East,2025-01-21,2025-01-24,6,1,1
504071,103547,SKU0020,WH_C,West,2025-01-19,2025-01-20,2,1,1
504072,103548,SKU0083,WH_B,Central,2025-01-18,2025-01-20,2,2,1
504073,103549,SKU0046,WH_A,East,2025-01-19,2025-01-20,2,1,1
504074,103550,SKU0032,WH_C,West,2025-01-18,2025-01-19,1,9,1
504075,103551,SKU0028,WH_B,Central,2025-01-19,2025-01-22,4,1,1
504076,103552,SKU0024,WH_B,Central,2025-01-20,2025-01-23,5,1,1
504077,103553,SKU0038,WH_A,East,2025-01-18,2025-01-22,4,3,0
504078,103554,SKU0036,WH_C,West,2025-01-18,2025-01-22,4,7,0
504079,103555,SKU0068,WH_B,Central,2025-01-18,2025-01-20,2,1,1
504080,103556,SKU0052,WH_C,West,2025-01-19,2025-01-20,2,2,1
504081,103557,SKU0048,WH_A,East,2025-01-20,2025-01-22,4,5,1
504082,103558,SKU0003,WH_B,Central,2025-01-18,2025-01-19,1,3,1
504083,103559,SKU0083,WH_A,East,2025-01-19,2025-01-20,2,1,1
504084,103560,SKU0100,WH_C,West,2025-01-18,2025-01-20,2,1,1
504085,103560,SKU0100,WH_C,West,2025-01-18,2025-01-19,1,0,1
504086,103561,SKU0046,WH_A,East,2025-01-18,2025-01-19,1,1,1
504087,103562,SKU0079,WH_A,East,2025-01-18,2025-01-19,1,2,1
504088,103563,SKU0043,WH_C,West,2025-01-18,2025-01-19,1,1,1
504089,103564,SKU0006,WH_C,West,2025-01-21,2025-01-24,6,1,1
504090,103565,SKU0015,WH_B,Central,2025-01-18,2025-01-19,1,1,1
504091,103566,SKU0090,WH_A,East,2025-01-20,2025-01-22,4,6,1
504092,103567,SKU0005,WH_B,Central,2025-01-20,2025-01-23,5,1,1
504093,103568,SKU0036,WH_A,East,2025-01-18,2025-01-22,4,2,0
504094,103569,SKU0015,WH_B,Central,2025-01-19,2025-01-22,4,3,1
504095,103570,SKU0083,WH_C,West,2025-01-18,2025-01-19,1,1,1
504096,103570,SKU0083,WH_C,West,2025-01-18,2025-01-19,1,0,1
504097,103571,SKU0027,WH_A,East,2025-01-18,2025-01-19,1,6,1
504098,103572,SKU0097,WH_C,West,2025-01-20,2025-01-21,3,4,1
504099,103573,SKU0035,WH_A,East,2025-01-19,2025-01-24,6,3,0
504100,103574,SKU0096,WH_B,Central,2025-01-18,2025-01-19,1,4,1
504101,103575,SKU0019,WH_A,East,2025-01-19,2025-01-22,4,1,1
504102,103575,SKU0019,WH_A,East,2025-01-18,2025-01-19,1,0,1
504103,103576,SKU0037,WH_A,East,2025-01-18,2025-01-20,2,1,1
504104,103577,SKU0066,WH_C,West,2025-01-18,2025-01-20,2,3,1
504105,103578,SKU0059,WH_A,East,2025-01-18,2025-01-21,3,3,1
504106,103579,SKU0043,WH_B,Central,2025-01-19,2025-01-22,4,2,1
504107,103580,SKU0083,WH_C,West,2025-01-18,2025-01-24,6,1,0
504108,103581,SKU0062,WH_B,Central,2025-01-19,2025-01-24,6,4,0
504109,103582,SKU0046,WH_B,Central,2025-01-19,2025-01-21,3,3,1
504110,103583,SKU0089,WH_C,West,2025-01-19,2025-01-20,2,1,1
504111,103584,SKU0009,WH_B,Central,2025-01-18,2025-01-19,1,1,1
504112,103585,SKU0025,WH_C,West,2025-01-20,2025-01-25,7,1,0
504113,103586,SKU0039,WH_A,East,2025-01-20,2025-01-25,7,1,0
504114,103586,SKU0039,WH_A,East,2025-01-22,2025-01-24,6,1,1
504115,103587,SKU0007,WH_B,Central,2025-01-18,2025-01-20,2,2,1
504116,103588,SKU0009,WH_A,East,2025-01-18,2025-01-19,1,4,1
504117,103589,SKU0037,WH_A,East,2025-01-19,2025-01-20,2,1,1
504118,103590,SKU0005,WH_B,Central,2025-01-19,2025-01-22,3,1,1
504119,103591,SKU0077,WH_C,West,2025-01-19,2025-01-21,2,1,1
504120,103592,SKU0093,WH_C,West,2025-01-19,2025-01-21,2,1,1
504121,103593,SKU0018,WH_A,East,2025-01-19,2025-01-22,3,6,1
504122,103594,SKU0042,WH_B,Central,2025-01-22,2025-01-26,7,3,0
504123,103595,SKU0065,WH_B,Central,2025-01-21,2025-01-26,7,7,0
504124,103596,SKU0017,WH_B,Central,2025-01-19,2025-01-22,3,1,1
504125,103597,SKU0021,WH_C,West,2025-01-19,2025-01-20,1,1,1
504126,103598,SKU0061,WH_B,Central,2025-01-20,2025-01-21,2,7,1
504127,103599,SKU0054,WH_B,Central,2025-01-19,2025-01-22,3,1,1
504128,103600,SKU0093,WH_A,East,2025-01-19,2025-01-20,1,1,1
504129,103601,SKU0088,WH_B,Central,2025-01-21,2025-01-22,3,1,1
504130,103602,SKU0017,WH_A,East,2025-01-20,2025-01-22,3,2,1
504131,103603,SKU0065,WH_A,East,2025-01-21,2025-01-23,4,6,1
504132,103604,SKU0049,WH_A,East,2025-01-19,2025-01-21,2,2,1
504133,103605,SKU0028,WH_B,Central,2025-01-21,2025-01-22,3,2,1
504134,103606,SKU0036,WH_B,Central,2025-01-20,2025-01-21,2,1,1
504135,103607,SKU0011,WH_B,Central,2025-01-21,2025-01-23,4,1,1
504136,103608,SKU0078,WH_B,Central,2025-01-19,2025-01-22,3,1,1
504137,103609,SKU0089,WH_C,West,2025-01-20,2025-01-22,3,5,1
504138,103610,SKU0100,WH_A,East,2025-01-19,2025-01-21,2,1,1
504139,103611,SKU0019,WH_B,Central,2025-01-19,2025-01-25,6,7,0
504140,103611,SKU0019,WH_B,Central,2025-01-19,2025-01-20,1,1,1
504141,103612,SKU0043,WH_C,West,2025-01-21,2025-01-22,3,1,1
504142,103613,SKU0006,WH_A,East,2025-01-23,2025-01-26,7,1,1
504143,103614,SKU0001,WH_A,East,2025-01-20,2025-01-21,2,1,1
504144,103615,SKU0063,WH_A,East,2025-01-20,2025-01-21,2,1,1
504145,103616,SKU0065,WH_C,West,2025-01-20,2025-01-21,2,4,1
504146,103617,SKU0097,WH_B,Central,2025-01-19,2025-01-21,2,4,1
504147,103618,SKU0079,WH_B,Central,2025-01-21,2025-01-23,4,1,1
504148,103619,SKU0069,WH_A,East,2025-01-20,2025-01-21,2,3,1
504149,103620,SKU0008,WH_A,East,2025-01-19,2025-01-21,2,1,1
504150,103620,SKU0008,WH_A,East,2025-01-19,2025-01-23,4,0,0
504151,103621,SKU0052,WH_C,West,2025-01-19,2025-01-20,1,1,1
504152,103621,SKU0052,WH_C,West,2025-01-21,2025-01-27,8,1,0
504153,103622,SKU0034,WH_C,West,2025-01-20,2025-01-22,3,5,1
504154,103623,SKU0076,WH_C,West,2025-01-19,2025-01-20,1,7,1
504155,103624,SKU0046,WH_B,Central,2025-01-20,2025-01-22,3,1,1
504156,103625,SKU0053,WH_B,Central,2025-01-19,2025-01-20,1,2,1
504157,103626,SKU0062,WH_C,West,2025-01-20,2025-01-21,2,2,1
504158,103627,SKU0098,WH_B,Central,2025-01-19,2025-01-21,2,1,1
504159,103628,SKU0013,WH_A,East,2025-01-19,2025-01-20,1,1,1
504160,103629,SKU0087,WH_A,East,2025-01-19,2025-01-22,3,1,1
504161,103630,SKU0063,WH_A,East,2025-01-21,2025-01-25,6,1,0
504162,103630,SKU0063,WH_A,East,2025-01-20,2025-01-26,7,0,0
504163,103631,SKU0035,WH_A,East,2025-01-19,2025-01-22,3,6,1
504164,103632,SKU0076,WH_A,East,2025-01-20,2025-01-21,2,1,1
504165,103633,SKU0007,WH_A,East,2025-01-19,2025-01-25,6,2,0
504166,103634,SKU0020,WH_C,West,2025-01-20,2025-01-21,2,1,1
504167,103635,SKU0079,WH_B,Central,2025-01-20,2025-01-22,3,2,1
504168,103636,SKU0085,WH_C,West,2025-01-22,2025-01-25,6,6,1
504169,103637,SKU0044,WH_B,Central,2025-01-20,2025-01-25,6,13,0
504170,103638,SKU0058,WH_B,Central,2025-01-20,2025-01-25,6,2,0
504171,103639,SKU0072,WH_C,West,2025-01-19,2025-01-22,3,1,1
504172,103640,SKU0098,WH_A,East,2025-01-20,2025-01-22,3,1,1
504173,103641,SKU0011,WH_B,Central,2025-01-19,2025-01-24,5,1,0
504174,103641,SKU0011,WH_B,Central,2025-01-19,2025-01-20,1,0,1
504175,103642,SKU0078,WH_B,Central,2025-01-20,2025-01-22,3,1,1
504176,103643,SKU0011,WH_B,Central,2025-01-19,2025-01-23,4,2,0
504177,103644,SKU0067,WH_A,East,2025-01-19,2025-01-20,1,4,1
504178,103645,SKU0081,WH_C,West,2025-01-19,2025-01-24,5,9,0
504179,103646,SKU0017,WH_C,West,2025-01-19,2025-01-20,1,5,1
504180,103647,SKU0072,WH_A,East,2025-01-20,2025-01-22,3,3,1
504181,103648,SKU0034,WH_B,Central,2025-01-23,2025-01-28,9,1,0
504182,103649,SKU0018,WH_C,West,2025-01-19,2025-01-22,3,1,1
504183,103650,SKU0042,WH_B,Central,2025-01-19,2025-01-21,2,2,1
504184,103651,SKU0014,WH_A,East,2025-01-19,2025-01-21,2,2,1
504185,103652,SKU0036,WH_A,East,2025-01-20,2025-01-23,4,1,1
504186,103652,SKU0036,WH_A,East,2025-01-19,2025-01-21,2,0,1
504187,103653,SKU0027,WH_A,East,2025-01-21,2025-01-22,3,1,1
504188,103654,SKU0017,WH_C,West,2025-01-20,2025-01-23,4,8,1
504189,103655,SKU0063,WH_B,Central,2025-01-19,2025-01-24,5,1,0
504190,103656,SKU0100,WH_A,East,2025-01-20,2025-01-22,3,11,1
504191,103657,SKU0030,WH_A,East,2025-01-19,2025-01-22,3,1,1
504192,103658,SKU0091,WH_A,East,2025-01-21,2025-01-24,5,9,1
504193,103659,SKU0065,WH_A,East,2025-01-20,2025-01-23,4,8,1
504194,103660,SKU0013,WH_B,Central,2025-01-22,2025-01-23,4,4,1
504195,103661,SKU0049,WH_C,West,2025-01-20,2025-01-23,4,1,1
504196,103662,SKU0050,WH_B,Central,2025-01-20,2025-01-21,2,1,1
504197,103663,SKU0004,WH_C,West,2025-01-21,2025-01-26,7,3,0
504198,103663,SKU0004,WH_C,West,2025-01-20,2025-01-22,3,7,1
504199,103664,SKU0008,WH_A,East,2025-01-19,2025-01-20,1,1,1
504200,103665,SKU0036,WH_B,Central,2025-01-20,2025-01-22,3,6,1
504201,103666,SKU0021,WH_B,Central,2025-01-19,2025-01-20,1,1,1
504202,103666,SKU0021,WH_B,Central,2025-01-19,2025-01-22,3,0,1
504203,103667,SKU0030,WH_A,East,2025-01-19,2025-01-20,1,1,1
504204,103668,SKU0018,WH_C,West,2025-01-19,2025-01-23,4,2,0
504205,103669,SKU0020,WH_B,Central,2025-01-19,2025-01-21,2,1,1
504206,103670,SKU0027,WH_B,Central,2025-01-19,2025-01-21,2,1,1
504207,103670,SKU0027,WH_B,Central,2025-01-20,2025-01-22,3,0,1
504208,103671,SKU0005,WH_A,East,2025-01-19,2025-01-21,2,3,1
504209,103671,SKU0005,WH_A,East,2025-01-19,2025-01-20,1,3,1
504210,103672,SKU0039,WH_C,West,2025-01-21,2025-01-24,5,1,1
504211,103673,SKU0071,WH_A,East,2025-01-19,2025-01-21,2,2,1
504212,103674,SKU0088,WH_C,West,2025-01-22,2025-01-23,4,6,1
504213,103675,SKU0045,WH_B,Central,2025-01-22,2025-01-25,6,2,1
504214,103676,SKU0025,WH_A,East,2025-01-20,2025-01-27,8,1,0
504215,103676,SKU0025,WH_A,East,2025-01-19,2025-01-20,1,0,1
504216,103677,SKU0055,WH_B,Central,2025-01-19,2025-01-22,3,3,1
504217,103678,SKU0035,WH_A,East,2025-01-19,2025-01-20,1,4,1
504218,103679,SKU0097,WH_C,West,2025-01-20,2025-01-21,2,4,1
504219,103680,SKU0073,WH_B,Central,2025-01-19,2025-01-20,1,5,1
504220,103681,SKU0078,WH_B,Central,2025-01-21,2025-01-27,8,2,0
504221,103682,SKU0001,WH_A,East,2025-01-20,2025-01-21,2,5,1
504222,103683,SKU0022,WH_B,Central,2025-01-19,2025-01-20,1,2,1
504223,103684,SKU0003,WH_C,West,2025-01-21,2025-01-24,5,2,1
504224,103685,SKU0024,WH_B,Central,2025-01-19,2025-01-21,2,7,1
504225,103686,SKU0076,WH_B,Central,2025-01-20,2025-01-23,4,1,1
504226,103687,SKU0051,WH_C,West,2025-01-22,2025-01-23,4,2,1
504227,103688,SKU0060,WH_B,Central,2025-01-21,2025-01-22,3,4,1
504228,103689,SKU0049,WH_B,Central,2025-01-19,2025-01-20,1,1,1
504229,103690,SKU0050,WH_B,Central,2025-01-19,2025-01-20,1,2,1
504230,103691,SKU0040,WH_B,Central,2025-01-19,2025-01-23,4,1,0
504231,103692,SKU0057,WH_C,West,2025-01-19,2025-01-21,2,4,1
504232,103693,SKU0096,WH_C,West,2025-01-19,2025-01-26,7,1,0
504233,103694,SKU0100,WH_A,East,2025-01-19,2025-01-20,1,1,1
504234,103695,SKU0090,WH_B,Central,2025-01-22,2025-01-24,5,1,1
504235,103696,SKU0057,WH_C,West,2025-01-19,2025-01-20,1,3,1
504236,103697,SKU0069,WH_A,East,2025-01-19,2025-01-21,2,1,1
504237,103698,SKU0012,WH_A,East,2025-01-20,2025-01-22,3,2,1
504238,103699,SKU0066,WH_B,Central,2025-01-21,2025-01-23,4,1,1
504239,103699,SKU0066,WH_B,Central,2025-01-19,2025-01-20,1,3,1
504240,103700,SKU0067,WH_A,East,2025-01-19,2025-01-20,1,3,1
504241,103701,SKU0029,WH_B,Central,2025-01-23,2025-01-25,6,9,1
504242,103702,SKU0012,WH_C,West,2025-01-20,2025-01-21,2,1,1
504243,103703,SKU0033,WH_C,West,2025-01-19,2025-01-21,2,1,1
504244,103704,SKU0091,WH_C,West,2025-01-20,2025-01-21,2,2,1
504245,103705,SKU0093,WH_A,East,2025-01-21,2025-01-23,4,1,1
504246,103706,SKU0021,WH_A,East,2025-01-19,2025-01-22,3,1,1
504247,103706,SKU0021,WH_A,East,2025-01-19,2025-01-21,2,1,1
504248,103707,SKU0048,WH_A,East,2025-01-20,2025-01-23,4,1,1
504249,103708,SKU0078,WH_B,Central,2025-01-19,2025-01-23,4,3,0
504250,103709,SKU0041,WH_C,West,2025-01-20,2025-01-23,4,1,1
504251,103710,SKU0051,WH_C,West,2025-01-22,2025-01-26,7,2,0
504252,103711,SKU0094,WH_B,Central,2025-01-19,2025-01-21,2,4,1
504253,103712,SKU0054,WH_C,West,2025-01-21,2025-01-23,4,2,1
504254,103713,SKU0022,WH_A,East,2025-01-20,2025-01-21,2,1,1
504255,103714,SKU0017,WH_A,East,2025-01-21,2025-01-24,5,6,1
504256,103715,SKU0072,WH_C,West,2025-01-21,2025-01-24,5,2,1
504257,103716,SKU0036,WH_C,West,2025-01-21,2025-01-22,3,1,1
504258,103717,SKU0009,WH_C,West,2025-01-21,2025-01-27,8,1,0
504259,103718,SKU0026,WH_B,Central,2025-01-21,2025-01-23,4,7,1
504260,103719,SKU0079,WH_C,West,2025-01-22,2025-01-23,4,1,1
504261,103720,SKU0074,WH_C,West,2025-01-19,2025-01-25,6,11,0
504262,103721,SKU0030,WH_A,East,2025-01-20,2025-01-21,2,1,1
504263,103722,SKU0002,WH_B,Central,2025-01-19,2025-01-22,3,1,1
504264,103723,SKU0050,WH_B,Central,2025-01-20,2025-01-21,2,15,1
504265,103724,SKU0094,WH_C,West,2025-01-19,2025-01-23,4,1,0
504266,103725,SKU0100,WH_C,West,2025-01-22,2025-01-24,5,1,1
504267,103725,SKU0100,WH_C,West,2025-01-20,2025-01-22,3,0,1
504268,103726,SKU0047,WH_B,Central,2025-01-20,2025-01-21,2,10,1
504269,103727,SKU0005,WH_C,West,2025-01-19,2025-01-21,2,7,1
504270,103728,SKU0055,WH_B,Central,2025-01-19,2025-01-21,2,1,1
504271,103729,SKU0034,WH_B,Central,2025-01-22,2025-01-23,4,1,1
504272,103730,SKU0046,WH_A,East,2025-01-19,2025-01-21,2,1,1
504273,103731,SKU0034,WH_B,Central,2025-01-19,2025-01-22,3,3,1
504274,103732,SKU0021,WH_C,West,2025-01-19,2025-01-21,2,8,1
504275,103733,SKU0019,WH_A,East,2025-01-21,2025-01-24,5,3,1
504276,103734,SKU0028,WH_B,Central,2025-01-19,2025-01-22,3,3,1
504277,103735,SKU0075,WH_A,East,2025-01-19,2025-01-21,2,1,1
504278,103736,SKU0071,WH_C,West,2025-01-20,2025-01-24,5,1,0
504279,103736,SKU0071,WH_C,West,2025-01-20,2025-01-22,3,0,1
504280,103737,SKU0055,WH_A,East,2025-01-20,2025-01-22,3,1,1
504281,103737,SKU0055,WH_A,East,2025-01-21,2025-01-22,3,0,1
504282,103738,SKU0014,WH_C,West,2025-01-21,2025-01-23,4,2,1
504283,103739,SKU0001,WH_B,Central,2025-01-20,2025-01-21,2,1,1
504284,103740,SKU0052,WH_B,Central,2025-01-20,2025-01-23,4,13,1
504285,103741,SKU0069,WH_A,East,2025-01-20,2025-01-22,3,1,1
504286,103742,SKU0058,WH_C,West,2025-01-20,2025-01-23,4,4,1
504287,103743,SKU0073,WH_C,West,2025-01-20,2025-01-24,5,1,0
504288,103744,SKU0059,WH_A,East,2025-01-19,2025-01-20,1,5,1
504289,103745,SKU0080,WH_A,East,2025-01-22,2025-01-26,7,4,0
504290,103746,SKU0011,WH_A,East,2025-01-20,2025-01-21,2,3,1
504291,103747,SKU0079,WH_B,Central,2025-01-21,2025-01-24,5,2,1
504292,103748,SKU0002,WH_A,East,2025-01-22,2025-01-23,4,1,1
504293,103749,SKU0025,WH_A,East,2025-01-19,2025-01-21,2,1,1
504294,103750,SKU0063,WH_C,West,2025-01-21,2025-01-28,9,1,0
504295,103750,SKU0063,WH_C,West,2025-01-19,2025-01-20,1,6,1
504296,103751,SKU0098,WH_C,West,2025-01-19,2025-01-23,4,1,0
504297,103752,SKU0091,WH_C,West,2025-01-19,2025-01-23,4,4,0
504298,103752,SKU0091,WH_C,West,2025-01-19,2025-01-20,1,1,1
504299,103753,SKU0026,WH_C,West,2025-01-20,2025-01-22,3,1,1
504300,103754,SKU0018,WH_B,Central,2025-01-19,2025-01-25,6,2,0
504301,103755,SKU0046,WH_A,East,2025-01-19,2025-01-22,3,1,1
504302,103756,SKU0027,WH_A,East,2025-01-19,2025-01-21,2,1,1
504303,103757,SKU0058,WH_C,West,2025-01-20,2025-01-21,2,1,1
504304,103758,SKU0029,WH_A,East,2025-01-19,2025-01-22,3,2,1
504305,103759,SKU0093,WH_B,Central,2025-01-19,2025-01-20,1,3,1
504306,103760,SKU0085,WH_A,East,2025-01-19,2025-01-23,4,1,0
504307,103761,SKU0003,WH_C,West,2025-01-20,2025-01-23,4,1,1
504308,103762,SKU0046,WH_C,West,2025-01-19,2025-01-20,1,1,1
504309,103763,SKU0028,WH_B,Central,2025-01-19,2025-01-21,2,1,1
504310,103764,SKU0024,WH_B,Central,2025-01-20,2025-01-22,3,1,1
504311,103765,SKU0071,WH_C,West,2025-01-20,2025-01-21,2,1,1
504312,103766,SKU0086,WH_B,Central,2025-01-19,2025-01-22,3,4,1
504313,103767,SKU0034,WH_B,Central,2025-01-20,2025-01-21,2,1,1
504314,103768,SKU0046,WH_C,West,2025-01-22,2025-01-23,4,6,1
504315,103769,SKU0100,WH_B,Central,2025-01-21,2025-01-23,4,2,1
504316,103770,SKU0018,WH_B,Central,2025-01-20,2025-01-22,2,1,1
504317,103771,SKU0055,WH_B,Central,2025-01-23,2025-01-24,4,1,1
504318,103772,SKU0017,WH_A,East,2025-01-21,2025-01-22,2,1,1
504319,103773,SKU0098,WH_B,Central,2025-01-22,2025-01-23,3,2,1
504320,103773,SKU0098,WH_B,Central,2025-01-21,2025-01-23,3,1,1
504321,103774,SKU0013,WH_A,East,2025-01-21,2025-01-22,2,1,1
504322,103775,SKU0016,WH_C,West,2025-01-20,2025-01-21,1,25,1
504323,103776,SKU0004,WH_C,West,2025-01-23,2025-01-24,4,1,1
504324,103777,SKU0001,WH_A,East,2025-01-24,2025-01-26,6,1,1
504325,103777,SKU0001,WH_A,East,2025-01-20,2025-01-21,1,0,1
504326,103778,SKU0077,WH_B,Central,2025-01-21,2025-01-23,3,10,1
504327,103779,SKU0071,WH_B,Central,2025-01-21,2025-01-22,2,1,1
504328,103779,SKU0071,WH_B,Central,2025-01-20,2025-01-22,2,0,1
504329,103780,SKU0068,WH_B,Central,2025-01-21,2025-01-23,3,1,1
504330,103780,SKU0068,WH_B,Central,2025-01-21,2025-01-22,2,0,1
504331,103781,SKU0092,WH_C,West,2025-01-21,2025-01-22,2,4,1
504332,103782,SKU0069,WH_B,Central,2025-01-24,2025-01-26,6,1,1
504333,103783,SKU0008,WH_B,Central,2025-01-20,2025-01-23,3,1,1
504334,103784,SKU0022,WH_A,East,2025-01-21,2025-01-24,4,1,1
504335,103785,SKU0006,WH_C,West,2025-01-20,2025-01-26,6,3,0
504336,103786,SKU0036,WH_A,East,2025-01-20,2025-01-22,2,10,1
504337,103787,SKU0050,WH_B,Central,2025-01-20,2025-01-22,2,1,1
504338,103787,SKU0050,WH_B,Central,2025-01-20,2025-01-22,2,0,1
504339,103788,SKU0054,WH_A,East,2025-01-20,2025-01-22,2,1,1
504340,103788,SKU0054,WH_A,East,2025-01-20,2025-01-21,1,0,1
504341,103789,SKU0090,WH_A,East,2025-01-20,2025-01-22,2,6,1
504342,103790,SKU0077,WH_C,West,2025-01-21,2025-01-24,4,1,1
504343,103791,SKU0056,WH_A,East,2025-01-22,2025-01-23,3,5,1
504344,103792,SKU0037,WH_B,Central,2025-01-20,2025-01-21,1,1,1
504345,103792,SKU0037,WH_B,Central,2025-01-21,2025-01-22,2,1,1
504346,103793,SKU0050,WH_A,East,2025-01-21,2025-01-25,5,10,0
504347,103794,SKU0012,WH_A,East,2025-01-21,2025-01-25,5,1,0
504348,103795,SKU0023,WH_A,East,2025-01-21,2025-01-25,5,1,0
504349,103796,SKU0093,WH_A,East,2025-01-23,2025-01-25,5,1,1
504350,103797,SKU0096,WH_B,Central,2025-01-21,2025-01-23,3,1,1
504351,103798,SKU0081,WH_A,East,2025-01-21,2025-01-22,2,1,1
504352,103799,SKU0077,WH_C,West,2025-01-23,2025-01-28,8,4,0
504353,103800,SKU0007,WH_C,West,2025-01-22,2025-01-23,3,1,1
504354,103800,SKU0007,WH_C,West,2025-01-20,2025-01-22,2,0,1
504355,103801,SKU0024,WH_C,West,2025-01-22,2025-01-26,6,2,0
504356,103802,SKU0036,WH_B,Central,2025-01-20,2025-01-22,2,1,1
504357,103803,SKU0051,WH_B,Central,2025-01-20,2025-01-23,3,1,1
504358,103804,SKU0099,WH_C,West,2025-01-20,2025-01-21,1,4,1
504359,103805,SKU0070,WH_A,East,2025-01-20,2025-01-22,2,12,1
504360,103806,SKU0042,WH_B,Central,2025-01-23,2025-01-26,6,1,1
504361,103806,SKU0042,WH_B,Central,2025-01-21,2025-01-27,7,2,0
504362,103807,SKU0009,WH_A,East,2025-01-20,2025-01-22,2,1,1
504363,103808,SKU0022,WH_B,Central,2025-01-20,2025-01-21,1,1,1
504364,103809,SKU0084,WH_A,East,2025-01-21,2025-01-26,6,9,0
504365,103810,SKU0021,WH_C,West,2025-01-22,2025-01-23,3,3,1
504366,103811,SKU0095,WH_C,West,2025-01-20,2025-01-22,2,1,1
504367,103811,SKU0095,WH_C,West,2025-01-20,2025-01-21,1,1,1
504368,103812,SKU0012,WH_A,East,2025-01-21,2025-01-23,3,1,1
504369,103813,SKU0083,WH_B,Central,2025-01-21,2025-01-28,8,7,0
504370,103814,SKU0020,WH_C,West,2025-01-21,2025-01-22,2,5,1
504371,103815,SKU0038,WH_B,Central,2025-01-23,2025-01-25,5,1,1
504372,103816,SKU0021,WH_A,East,2025-01-21,2025-01-23,3,5,1
504373,103817,SKU0089,WH_C,West,2025-01-20,2025-01-22,2,2,1
504374,103818,SKU0033,WH_C,West,2025-01-23,2025-01-27,7,12,0
504375,103819,SKU0031,WH_A,East,2025-01-20,2025-01-21,1,1,1
504376,103820,SKU0052,WH_B,Central,2025-01-20,2025-01-22,2,1,1
504377,103821,SKU0022,WH_C,West,2025-01-20,2025-01-21,1,1,1
504378,103822,SKU0069,WH_C,West,2025-01-21,2025-01-22,2,1,1
504379,103823,SKU0052,WH_A,East,2025-01-20,2025-01-23,3,8,1
504380,103824,SKU0019,WH_C,West,2025-01-21,2025-01-25,5,1,0
504381,103825,SKU0045,WH_B,Central,2025-01-20,2025-01-24,4,3,0
504382,103826,SKU0022,WH_A,East,2025-01-21,2025-01-22,2,2,1
504383,103827,SKU0085,WH_B,Central,2025-01-20,2025-01-22,2,1,1
504384,103828,SKU0044,WH_A,East,2025-01-21,2025-01-26,6,1,0
504385,103828,SKU0044,WH_A,East,2025-01-20,2025-01-22,2,0,1
504386,103829,SKU0024,WH_B,Central,2025-01-21,2025-01-26,6,1,0
504387,103830,SKU0035,WH_A,East,2025-01-21,2025-01-22,2,1,1
504388,103831,SKU0061,WH_A,East,2025-01-22,2025-01-27,7,12,0
504389,103832,SKU0069,WH_A,East,2025-01-20,2025-01-21,1,2,1
504390,103833,SKU0096,WH_A,East,2025-01-22,2025-01-24,4,1,1
504391,103833,SKU0096,WH_A,East,2025-01-20,2025-01-22,2,0,1
504392,103834,SKU0015,WH_C,West,2025-01-20,2025-01-26,6,1,0
504393,103835,SKU0095,WH_C,West,2025-01-20,2025-01-22,2,1,1
504394,103836,SKU0008,WH_A,East,2025-01-20,2025-01-21,1,1,1
504395,103837,SKU0016,WH_A,East,2025-01-20,2025-01-24,4,1,0
504396,103837,SKU0016,WH_A,East,2025-01-20,2025-01-23,3,0,1
504397,103838,SKU0047,WH_A,East,2025-01-21,2025-01-23,3,12,1
504398,103839,SKU0089,WH_B,Central,2025-01-21,2025-01-23,3,2,1
504399,103840,SKU0034,WH_A,East,2025-01-20,2025-01-21,1,2,1
504400,103840,SKU0034,WH_A,East,2025-01-21,2025-01-25,5,6,0
504401,103841,SKU0020,WH_B,Central,2025-01-20,2025-01-21,1,1,1
504402,103841,SKU0020,WH_B,Central,2025-01-21,2025-01-22,2,0,1
504403,103842,SKU0003,WH_A,East,2025-01-24,2025-01-25,5,1,1
504404,103843,SKU0027,WH_A,East,2025-01-20,2025-01-21,1,1,1
504405,103844,SKU0011,WH_A,East,2025-01-21,2025-01-23,3,3,1
504406,103845,SKU0035,WH_B,Central,2025-01-22,2025-01-24,4,8,1
504407,103846,SKU0061,WH_B,Central,2025-01-20,2025-01-21,1,2,1
504408,103847,SKU0083,WH_B,Central,2025-01-21,2025-01-23,3,5,1
504409,103848,SKU0030,WH_B,Central,2025-01-20,2025-01-21,1,1,1
504410,103848,SKU0030,WH_B,Central,2025-01-20,2025-01-21,1,0,1
504411,103849,SKU0016,WH_A,East,2025-01-21,2025-01-23,3,2,1
504412,103849,SKU0016,WH_A,East,2025-01-24,2025-01-26,6,3,1
504413,103850,SKU0092,WH_B,Central,2025-01-21,2025-01-22,2,1,1
504414,103850,SKU0092,WH_B,Central,2025-01-21,2025-01-23,3,1,1
504415,103851,SKU0095,WH_C,West,2025-01-20,2025-01-21,1,1,1
504416,103851,SKU0095,WH_C,West,2025-01-20,2025-01-21,1,0,1
504417,103852,SKU0095,WH_A,East,2025-01-21,2025-01-23,3,6,1
504418,103853,SKU0049,WH_B,Central,2025-01-21,2025-01-23,3,1,1
504419,103854,SKU0095,WH_B,Central,2025-01-21,2025-01-22,2,1,1
504420,103854,SKU0095,WH_B,Central,2025-01-21,2025-01-23,3,2,1
504421,103855,SKU0096,WH_B,Central,2025-01-20,2025-01-22,2,2,1
504422,103855,SKU0096,WH_B,Central,2025-01-21,2025-01-23,3,1,1
504423,103856,SKU0031,WH_B,Central,2025-01-20,2025-01-24,4,1,0
504424,103856,SKU0031,WH_B,Central,2025-01-20,2025-01-22,2,1,1
504425,103857,SKU0086,WH_A,East,2025-01-20,2025-01-22,2,1,1
504426,103858,SKU0060,WH_B,Central,2025-01-20,2025-01-22,2,1,1
504427,103859,SKU0020,WH_C,West,2025-01-21,2025-01-26,6,1,0
504428,103860,SKU0009,WH_A,East,2025-01-22,2025-01-28,8,7,0
504429,103861,SKU0023,WH_B,Central,2025-01-21,2025-01-23,3,1,1
504430,103862,SKU0078,WH_C,West,2025-01-20,2025-01-21,1,2,1
504431,103863,SKU0095,WH_B,Central,2025-01-20,2025-01-21,1,1,1
504432,103864,SKU0014,WH_A,East,2025-01-20,2025-01-22,2,4,1
504433,103865,SKU0046,WH_A,East,2025-01-21,2025-01-23,3,5,1
504434,103866,SKU0095,WH_B,Central,2025-01-20,2025-01-21,1,3,1
504435,103867,SKU0049,WH_B,Central,2025-01-24,2025-01-29,9,1,0
504436,103868,SKU0039,WH_A,East,2025-01-20,2025-01-22,2,1,1
504437,103869,SKU0061,WH_B,Central,2025-01-20,2025-01-21,1,1,1
504438,103869,SKU0061,WH_B,Central,2025-01-21,2025-01-24,4,0,1
504439,103870,SKU0086,WH_B,Central,2025-01-20,2025-01-21,1,5,1
504440,103871,SKU0031,WH_B,Central,2025-01-20,2025-01-22,2,1,1
504441,103872,SKU0043,WH_A,East,2025-01-22,2025-01-25,5,1,1
504442,103873,SKU0042,WH_A,East,2025-01-21,2025-01-22,2,4,1
504443,103874,SKU0021,WH_A,East,2025-01-21,2025-01-23,3,1,1
504444,103875,SKU0095,WH_C,West,2025-01-22,2025-01-23,3,1,1
504445,103876,SKU0016,WH_A,East,2025-01-21,2025-01-22,2,1,1
504446,103877,SKU0042,WH_C,West,2025-01-20,2025-01-24,4,5,0
504447,103878,SKU0085,WH_C,West,2025-01-21,2025-01-24,4,1,1
504448,103879,SKU0046,WH_A,East,2025-01-20,2025-01-23,3,2,1
504449,103879,SKU0046,WH_A,East,2025-01-20,2025-01-22,2,3,1
504450,103880,SKU0041,WH_A,East,2025-01-20,2025-01-24,4,1,0
504451,103881,SKU0009,WH_A,East,2025-01-20,2025-01-24,4,3,0
504452,103881,SKU0009,WH_A,East,2025-01-23,2025-01-24,4,2,1
504453,103882,SKU0092,WH_B,Central,2025-01-24,2025-01-31,11,2,0
504454,103883,SKU0068,WH_B,Central,2025-01-21,2025-01-22,2,8,1
504455,103884,SKU0017,WH_C,West,2025-01-20,2025-01-21,1,1,1
504456,103885,SKU0016,WH_B,Central,2025-01-20,2025-01-23,3,1,1
504457,103885,SKU0016,WH_B,Central,2025-01-21,2025-01-23,3,0,1
504458,103886,SKU0095,WH_B,Central,2025-01-20,2025-01-21,1,1,1
504459,103887,SKU0005,WH_B,Central,2025-01-24,2025-01-26,6,1,1
504460,103888,SKU0034,WH_C,West,2025-01-22,2025-01-24,4,1,1
504461,103889,SKU0043,WH_A,East,2025-01-22,2025-01-25,5,1,1
504462,103890,SKU0006,WH_C,West,2025-01-20,2025-01-23,3,1,1
504463,103890,SKU0006,WH_C,West,2025-01-23,2025-01-24,4,0,1
504464,103891,SKU0078,WH_A,East,2025-01-21,2025-01-27,7,1,0
504465,103892,SKU0075,WH_B,Central,2025-01-22,2025-01-24,4,6,1
504466,103892,SKU0075,WH_B,Central,2025-01-20,2025-01-22,2,2,1
504467,103893,SKU0084,WH_C,West,2025-01-21,2025-01-23,3,4,1
504468,103894,SKU0077,WH_A,East,2025-01-24,2025-01-27,7,1,1
504469,103895,SKU0019,WH_A,East,2025-01-20,2025-01-22,2,2,1
504470,103896,SKU0022,WH_C,West,2025-01-20,2025-01-22,2,3,1
504471,103897,SKU0065,WH_C,West,2025-01-20,2025-01-21,1,1,1
504472,103898,SKU0088,WH_B,Central,2025-01-21,2025-01-22,2,1,1
504473,103899,SKU0096,WH_B,Central,2025-01-21,2025-01-22,2,1,1
504474,103900,SKU0084,WH_C,West,2025-01-23,2025-01-24,4,1,1
504475,103901,SKU0083,WH_C,West,2025-01-20,2025-01-23,3,3,1
504476,103902,SKU0014,WH_B,Central,2025-01-20,2025-01-21,1,1,1
504477,103903,SKU0099,WH_A,East,2025-01-21,2025-01-22,2,4,1
504478,103904,SKU0016,WH_A,East,2025-01-20,2025-01-21,1,1,1
504479,103904,SKU0016,WH_A,East,2025-01-20,2025-01-22,2,0,1
504480,103905,SKU0079,WH_A,East,2025-01-20,2025-01-21,1,1,1
504481,103906,SKU0074,WH_A,East,2025-01-20,2025-01-21,1,10,1
504482,103907,SKU0023,WH_B,Central,2025-01-20,2025-01-21,1,3,1
504483,103908,SKU0068,WH_A,East,2025-01-20,2025-01-21,1,1,1
504484,103909,SKU0070,WH_C,West,2025-01-21,2025-01-27,7,1,0
504485,103910,SKU0063,WH_C,West,2025-01-22,2025-01-23,3,1,1
504486,103911,SKU0059,WH_C,West,2025-01-20,2025-01-21,1,3,1
504487,103912,SKU0047,WH_C,West,2025-01-20,2025-01-22,2,4,1
504488,103913,SKU0055,WH_B,Central,2025-01-24,2025-01-28,8,1,0
504489,103914,SKU0061,WH_B,Central,2025-01-21,2025-01-23,3,1,1
504490,103915,SKU0100,WH_B,Central,2025-01-20,2025-01-22,2,5,1
504491,103916,SKU0044,WH_B,Central,2025-01-21,2025-01-23,3,1,1
504492,103917,SKU0016,WH_B,Central,2025-01-21,2025-01-25,5,1,0
504493,103918,SKU0064,WH_C,West,2025-01-21,2025-01-23,3,1,1
504494,103919,SKU0019,WH_B,Central,2025-01-20,2025-01-21,1,3,1
504495,103920,SKU0039,WH_C,West,2025-01-20,2025-01-21,1,1,1
504496,103921,SKU0085,WH_B,Central,2025-01-21,2025-01-23,3,1,1
504497,103922,SKU0011,WH_A,East,2025-01-21,2025-01-24,4,11,1
504498,103923,SKU0027,WH_B,Central,2025-01-20,2025-01-23,3,2,1
504499,103924,SKU0034,WH_A,East,2025-01-21,2025-01-22,2,2,1
504500,103925,SKU0003,WH_B,Central,2025-01-20,2025-01-22,2,2,1
504501,103926,SKU0083,WH_B,Central,2025-01-23,2025-01-24,4,1,1
504502,103927,SKU0007,WH_C,West,2025-01-23,2025-01-25,5,1,1
504503,103927,SKU0007,WH_C,West,2025-01-21,2025-01-25,5,2,0
504504,103928,SKU0098,WH_B,Central,2025-01-20,2025-01-21,1,1,1
504505,103929,SKU0030,WH_B,Central,2025-01-20,2025-01-21,1,4,1
504506,103930,SKU0063,WH_B,Central,2025-01-23,2025-01-24,4,1,1
504507,103931,SKU0071,WH_A,East,2025-01-22,2025-01-24,4,1,1
504508,103932,SKU0018,WH_B,Central,2025-01-20,2025-01-21,1,1,1
504509,103933,SKU0008,WH_A,East,2025-01-21,2025-01-23,3,3,1
504510,103933,SKU0008,WH_A,East,2025-01-20,2025-01-25,5,4,0
504511,103934,SKU0076,WH_B,Central,2025-01-20,2025-01-22,2,4,1
504512,103935,SKU0024,WH_B,Central,2025-01-21,2025-01-25,5,6,0
504513,103936,SKU0059,WH_C,West,2025-01-20,2025-01-21,1,1,1
504514,103937,SKU0090,WH_B,Central,2025-01-20,2025-01-21,1,6,1
504515,103938,SKU0055,WH_C,West,2025-01-21,2025-01-22,2,1,1
504516,103939,SKU0008,WH_C,West,2025-01-21,2025-01-24,4,1,1
504517,103940,SKU0044,WH_B,Central,2025-01-20,2025-01-23,3,1,1
504518,103941,SKU0090,WH_A,East,2025-01-21,2025-01-22,2,5,1
504519,103942,SKU0034,WH_A,East,2025-01-20,2025-01-21,1,2,1
504520,103943,SKU0046,WH_C,West,2025-01-22,2025-01-24,4,2,1
504521,103944,SKU0058,WH_B,Central,2025-01-22,2025-01-24,4,1,1
504522,103945,SKU0087,WH_A,East,2025-01-20,2025-01-23,3,1,1
504523,103946,SKU0085,WH_A,East,2025-01-21,2025-01-23,3,7,1
504524,103947,SKU0010,WH_C,West,2025-01-20,2025-01-21,1,1,1
504525,103947,SKU0010,WH_C,West,2025-01-20,2025-01-23,3,0,1
504526,103948,SKU0017,WH_B,Central,2025-01-21,2025-01-23,3,1,1
504527,103949,SKU0066,WH_A,East,2025-01-20,2025-01-22,2,1,1
504528,103950,SKU0071,WH_A,East,2025-01-21,2025-01-24,4,5,1
504529,103951,SKU0096,WH_A,East,2025-01-21,2025-01-22,2,1,1
504530,103952,SKU0093,WH_C,West,2025-01-20,2025-01-21,1,1,1
504531,103953,SKU0041,WH_C,West,2025-01-20,2025-01-26,6,1,0
504532,103954,SKU0060,WH_C,West,2025-01-20,2025-01-24,4,2,0
504533,103955,SKU0097,WH_C,West,2025-01-21,2025-01-22,2,1,1
504534,103955,SKU0097,WH_C,West,2025-01-20,2025-01-22,2,1,1
504535,103956,SKU0028,WH_A,East,2025-01-20,2025-01-21,1,1,1
504536,103957,SKU0075,WH_C,West,2025-01-20,2025-01-22,2,2,1
504537,103958,SKU0099,WH_A,East,2025-01-21,2025-01-23,3,1,1
504538,103959,SKU0090,WH_B,Central,2025-01-23,2025-01-26,6,4,1
504539,103960,SKU0024,WH_A,East,2025-01-22,2025-01-24,4,2,1
504540,103961,SKU0011,WH_B,Central,2025-01-20,2025-01-22,2,1,1
504541,103962,SKU0098,WH_C,West,2025-01-22,2025-01-24,4,14,1
504542,103963,SKU0049,WH_B,Central,2025-01-21,2025-01-27,7,7,0
504543,103964,SKU0008,WH_A,East,2025-01-20,2025-01-24,4,2,0
504544,103965,SKU0042,WH_A,East,2025-01-21,2025-01-23,3,1,1
504545,103966,SKU0042,WH_C,West,2025-01-20,2025-01-23,3,1,1
504546,103967,SKU0061,WH_A,East,2025-01-22,2025-01-24,4,2,1
504547,103968,SKU0033,WH_B,Central,2025-01-21,2025-01-23,3,1,1
504548,103969,SKU0088,WH_B,Central,2025-01-20,2025-01-25,5,1,0
504549,103970,SKU0053,WH_A,East,2025-01-21,2025-01-25,5,7,0
504550,103971,SKU0044,WH_A,East,2025-01-20,2025-01-25,5,1,0
504551,103972,SKU0052,WH_C,West,2025-01-20,2025-01-21,1,2,1
504552,103973,SKU0012,WH_A,East,2025-01-20,2025-01-21,1,13,1
504553,103974,SKU0078,WH_C,West,2025-01-20,2025-01-21,1,6,1
504554,103975,SKU0042,WH_B,Central,2025-01-20,2025-01-25,5,1,0
504555,103976,SKU0081,WH_A,East,2025-01-22,2025-01-25,5,1,1
504556,103976,SKU0081,WH_A,East,2025-01-20,2025-01-22,2,0,1
504557,103977,SKU0020,WH_C,West,2025-01-20,2025-01-21,1,5,1
504558,103978,SKU0062,WH_C,West,2025-01-21,2025-01-22,2,1,1
504559,103979,SKU0011,WH_A,East,2025-01-21,2025-01-23,3,3,1
504560,103980,SKU0018,WH_B,Central,2025-01-22,2025-01-28,8,1,0
504561,103981,SKU0011,WH_B,Central,2025-01-22,2025-01-25,5,3,1
504562,103982,SKU0078,WH_C,West,2025-01-20,2025-01-21,1,1,1
504563,103983,SKU0068,WH_B,Central,2025-01-21,2025-01-22,2,1,1
504564,103983,SKU0068,WH_B,Central,2025-01-20,2025-01-22,2,2,1
504565,103984,SKU0013,WH_A,East,2025-01-20,2025-01-24,4,5,0
504566,103984,SKU0013,WH_A,East,2025-01-21,2025-01-23,3,3,1
504567,103985,SKU0037,WH_A,East,2025-01-21,2025-01-22,2,6,1
504568,103986,SKU0013,WH_C,West,2025-01-23,2025-01-24,4,1,1
504569,103986,SKU0013,WH_C,West,2025-01-22,2025-01-27,7,4,0
504570,103987,SKU0010,WH_B,Central,2025-01-20,2025-01-22,2,4,1
504571,103988,SKU0014,WH_C,West,2025-01-21,2025-01-27,7,6,0
504572,103989,SKU0038,WH_C,West,2025-01-20,2025-01-22,2,1,1
504573,103990,SKU0064,WH_B,Central,2025-01-21,2025-01-22,2,1,1
504574,103991,SKU0040,WH_A,East,2025-01-22,2025-01-24,4,1,1
504575,103992,SKU0060,WH_A,East,2025-01-21,2025-01-22,2,5,1
504576,103993,SKU0028,WH_A,East,2025-01-20,2025-01-22,2,1,1
504577,103994,SKU0012,WH_A,East,2025-01-20,2025-01-26,6,1,0
504578,103995,SKU0025,WH_B,Central,2025-01-21,2025-01-25,5,4,0
504579,103995,SKU0025,WH_B,Central,2025-01-20,2025-01-22,2,1,1
504580,103996,SKU0082,WH_B,Central,2025-01-22,2025-01-24,4,2,1
504581,103997,SKU0082,WH_B,Central,2025-01-20,2025-01-22,2,4,1
504582,103998,SKU0015,WH_A,East,2025-01-21,2025-01-23,3,1,1
504583,103998,SKU0015,WH_A,East,2025-01-21,2025-01-23,3,0,1
504584,103999,SKU0057,WH_A,East,2025-01-20,2025-01-25,5,1,0
504585,104000,SKU0053,WH_B,Central,2025-01-22,2025-01-23,3,6,1
504586,104000,SKU0053,WH_B,Central,2025-01-21,2025-01-22,2,3,1
504587,104001,SKU0056,WH_C,West,2025-01-21,2025-01-23,3,1,1
504588,104002,SKU0052,WH_C,West,2025-01-20,2025-01-23,3,2,1
504589,104003,SKU0046,WH_A,East,2025-01-20,2025-01-21,1,4,1
504590,104003,SKU0046,WH_A,East,2025-01-20,2025-01-24,4,1,0
504591,104004,SKU0008,WH_B,Central,2025-01-21,2025-01-23,3,3,1
504592,104005,SKU0085,WH_B,Central,2025-01-21,2025-01-22,2,2,1
504593,104006,SKU0031,WH_C,West,2025-01-21,2025-01-22,2,1,1
504594,104007,SKU0045,WH_A,East,2025-01-20,2025-01-22,2,1,1
504595,104007,SKU0045,WH_A,East,2025-01-20,2025-01-23,3,0,1
504596,104008,SKU0098,WH_A,East,2025-01-20,2025-01-21,1,1,1
504597,104009,SKU0082,WH_C,West,2025-01-21,2025-01-22,2,1,1
504598,104009,SKU0082,WH_C,West,2025-01-21,2025-01-23,3,0,1
504599,104010,SKU0026,WH_A,East,2025-01-22,2025-01-23,3,1,1
504600,104011,SKU0001,WH_B,Central,2025-01-20,2025-01-21,1,11,1
504601,104012,SKU0004,WH_C,West,2025-01-20,2025-01-26,6,1,0
504602,104013,SKU0017,WH_A,East,2025-01-21,2025-01-22,2,1,1
504603,104014,SKU0012,WH_A,East,2025-01-20,2025-01-21,1,1,1
504604,104015,SKU0030,WH_B,Central,2025-01-20,2025-01-21,1,6,1
504605,104016,SKU0032,WH_C,West,2025-01-20,2025-01-23,3,1,1
504606,104017,SKU0010,WH_C,West,2025-01-21,2025-01-23,3,1,1
504607,104018,SKU0074,WH_A,East,2025-01-21,2025-01-22,2,1,1
504608,104018,SKU0074,WH_A,East,2025-01-20,2025-01-21,1,0,1
504609,104019,SKU0077,WH_A,East,2025-01-21,2025-01-26,6,4,0
504610,104020,SKU0057,WH_B,Central,2025-01-23,2025-01-25,4,2,1
504611,104021,SKU0059,WH_A,East,2025-01-22,2025-01-29,8,23,0
504612,104022,SKU0033,WH_B,Central,2025-01-22,2025-01-26,5,8,0
504613,104023,SKU0031,WH_C,West,2025-01-22,2025-01-23,2,4,1
504614,104024,SKU0076,WH_C,West,2025-01-24,2025-01-25,4,6,1
504615,104025,SKU0093,WH_B,Central,2025-01-22,2025-01-23,2,3,1
504616,104026,SKU0042,WH_C,West,2025-01-23,2025-01-24,3,5,1
504617,104027,SKU0061,WH_A,East,2025-01-21,2025-01-23,2,1,1
504618,104028,SKU0036,WH_A,East,2025-01-21,2025-01-25,4,1,0
504619,104029,SKU0011,WH_B,Central,2025-01-22,2025-01-23,2,3,1
504620,104029,SKU0011,WH_B,Central,2025-01-21,2025-01-23,2,4,1
504621,104030,SKU0067,WH_A,East,2025-01-22,2025-01-26,5,1,0
504622,104031,SKU0005,WH_A,East,2025-01-21,2025-01-26,5,2,0
504623,104032,SKU0078,WH_C,West,2025-01-21,2025-01-25,4,1,0
504624,104033,SKU0008,WH_A,East,2025-01-21,2025-01-24,3,1,1
504625,104034,SKU0071,WH_A,East,2025-01-22,2025-01-26,5,1,0
504626,104035,SKU0069,WH_B,Central,2025-01-21,2025-01-24,3,1,1
504627,104036,SKU0074,WH_C,West,2025-01-23,2025-01-26,5,2,1
504628,104037,SKU0032,WH_C,West,2025-01-22,2025-01-25,4,1,1
504629,104037,SKU0032,WH_C,West,2025-01-21,2025-01-22,1,1,1
504630,104038,SKU0068,WH_A,East,2025-01-21,2025-01-25,4,5,0
504631,104039,SKU0065,WH_A,East,2025-01-21,2025-01-22,1,1,1
504632,104040,SKU0060,WH_B,Central,2025-01-24,2025-01-27,6,1,1
504633,104041,SKU0054,WH_C,West,2025-01-22,2025-01-24,3,1,1
504634,104042,SKU0092,WH_C,West,2025-01-22,2025-01-24,3,1,1
504635,104043,SKU0052,WH_B,Central,2025-01-21,2025-01-23,2,1,1
504636,104043,SKU0052,WH_B,Central,2025-01-21,2025-01-22,1,4,1
504637,104044,SKU0058,WH_B,Central,2025-01-21,2025-01-26,5,2,0
504638,104044,SKU0058,WH_B,Central,2025-01-23,2025-01-28,7,3,0
504639,104045,SKU0023,WH_A,East,2025-01-22,2025-01-24,3,2,1
504640,104046,SKU0090,WH_A,East,2025-01-21,2025-01-22,1,1,1
504641,104047,SKU0037,WH_A,East,2025-01-21,2025-01-22,1,1,1
504642,104048,SKU0093,WH_B,Central,2025-01-22,2025-01-26,5,3,0
504643,104049,SKU0047,WH_A,East,2025-01-23,2025-01-26,5,2,1
504644,104050,SKU0023,WH_B,Central,2025-01-22,2025-01-23,2,1,1
504645,104051,SKU0086,WH_B,Central,2025-01-24,2025-01-27,6,1,1
504646,104052,SKU0041,WH_A,East,2025-01-22,2025-01-23,2,1,1
504647,104053,SKU0098,WH_A,East,2025-01-23,2025-01-24,3,1,1
504648,104054,SKU0001,WH_B,Central,2025-01-23,2025-01-24,3,10,1
504649,104055,SKU0028,WH_C,West,2025-01-21,2025-01-23,2,2,1
504650,104056,SKU0030,WH_A,East,2025-01-21,2025-01-22,1,1,1
504651,104057,SKU0074,WH_A,East,2025-01-22,2025-01-23,2,1,1
504652,104058,SKU0020,WH_C,West,2025-01-22,2025-01-24,3,3,1
504653,104058,SKU0020,WH_C,West,2025-01-21,2025-01-23,2,1,1
504654,104059,SKU0003,WH_B,Central,2025-01-21,2025-01-23,2,1,1
504655,104060,SKU0070,WH_B,Central,2025-01-21,2025-01-22,1,2,1
504656,104061,SKU0099,WH_B,Central,2025-01-21,2025-01-22,1,4,1
504657,104062,SKU0038,WH_C,West,2025-01-22,2025-01-23,2,10,1
504658,104063,SKU0014,WH_C,West,2025-01-22,2025-01-26,5,1,0
504659,104064,SKU0080,WH_C,West,2025-01-23,2025-01-25,4,1,1
504660,104065,SKU0058,WH_C,West,2025-01-22,2025-01-24,3,1,1
504661,104065,SKU0058,WH_C,West,2025-01-21,2025-01-23,2,7,1
504662,104066,SKU0052,WH_A,East,2025-01-22,2025-01-25,4,1,1
504663,104067,SKU0072,WH_C,West,2025-01-22,2025-01-24,3,2,1
504664,104068,SKU0006,WH_C,West,2025-01-23,2025-01-26,5,3,1
504665,104069,SKU0049,WH_C,West,2025-01-24,2025-01-27,6,2,1
504666,104070,SKU0093,WH_C,West,2025-01-22,2025-01-26,5,5,0
504667,104071,SKU0009,WH_C,West,2025-01-22,2025-01-23,2,1,1
504668,104072,SKU0016,WH_B,Central,2025-01-21,2025-01-22,1,1,1
504669,104073,SKU0039,WH_B,Central,2025-01-23,2025-01-24,3,1,1
504670,104073,SKU0039,WH_B,Central,2025-01-21,2025-01-22,1,0,1
504671,104074,SKU0086,WH_C,West,2025-01-21,2025-01-25,4,4,0
504672,104075,SKU0011,WH_B,Central,2025-01-21,2025-01-24,3,1,1
504673,104076,SKU0040,WH_B,Central,2025-01-21,2025-01-23,2,3,1
504674,104077,SKU0010,WH_B,Central,2025-01-21,2025-01-22,1,12,1
504675,104078,SKU0080,WH_A,East,2025-01-22,2025-01-24,3,4,1
504676,104079,SKU0009,WH_A,East,2025-01-21,2025-01-22,1,3,1
504677,104080,SKU0004,WH_B,Central,2025-01-22,2025-01-25,4,7,1
504678,104081,SKU0011,WH_C,West,2025-01-21,2025-01-23,2,1,1
504679,104082,SKU0002,WH_B,Central,2025-01-21,2025-01-26,5,6,0
504680,104083,SKU0053,WH_B,Central,2025-01-21,2025-01-27,6,2,0
504681,104083,SKU0053,WH_B,Central,2025-01-23,2025-01-24,3,9,1
504682,104084,SKU0077,WH_B,Central,2025-01-21,2025-01-23,2,5,1
504683,104085,SKU0050,WH_B,Central,2025-01-22,2025-01-25,4,1,1
504684,104086,SKU0019,WH_C,West,2025-01-21,2025-01-26,5,1,0
504685,104087,SKU0041,WH_B,Central,2025-01-21,2025-01-22,1,6,1
504686,104088,SKU0088,WH_A,East,2025-01-24,2025-01-27,6,1,1
504687,104088,SKU0088,WH_A,East,2025-01-22,2025-01-26,5,1,0
504688,104089,SKU0047,WH_A,East,2025-01-21,2025-01-23,2,1,1
504689,104090,SKU0003,WH_C,West,2025-01-24,2025-01-26,5,1,1
504690,104091,SKU0085,WH_C,West,2025-01-21,2025-01-22,1,1,1
504691,104091,SKU0085,WH_C,West,2025-01-23,2025-01-24,3,0,1
504692,104092,SKU0019,WH_C,West,2025-01-22,2025-01-23,2,1,1
504693,104093,SKU0061,WH_B,Central,2025-01-22,2025-01-24,3,1,1
504694,104094,SKU0065,WH_B,Central,2025-01-22,2025-01-23,2,7,1
504695,104095,SKU0085,WH_B,Central,2025-01-21,2025-01-22,1,1,1
504696,104096,SKU0051,WH_C,West,2025-01-23,2025-01-26,5,1,1
504697,104097,SKU0067,WH_B,Central,2025-01-21,2025-01-25,4,1,0
504698,104098,SKU0075,WH_A,East,2025-01-23,2025-01-24,3,3,1
504699,104099,SKU0002,WH_A,East,2025-01-22,2025-01-23,2,2,1
504700,104100,SKU0029,WH_A,East,2025-01-21,2025-01-23,2,1,1
504701,104101,SKU0060,WH_C,West,2025-01-22,2025-01-23,2,7,1
504702,104102,SKU0085,WH_B,Central,2025-01-21,2025-01-24,3,7,1
504703,104103,SKU0022,WH_C,West,2025-01-24,2025-01-27,6,1,1
504704,104104,SKU0013,WH_C,West,2025-01-22,2025-01-23,2,2,1
504705,104105,SKU0007,WH_A,East,2025-01-22,2025-01-24,3,1,1
504706,104106,SKU0091,WH_B,Central,2025-01-22,2025-01-27,6,7,0
504707,104107,SKU0083,WH_A,East,2025-01-22,2025-01-25,4,1,1
504708,104108,SKU0002,WH_A,East,2025-01-21,2025-01-22,1,1,1
504709,104108,SKU0002,WH_A,East,2025-01-21,2025-01-24,3,0,1
504710,104109,SKU0025,WH_C,West,2025-01-22,2025-01-23,2,4,1
504711,104110,SKU0088,WH_B,Central,2025-01-21,2025-01-25,4,1,0
504712,104111,SKU0031,WH_C,West,2025-01-21,2025-01-22,1,2,1
504713,104112,SKU0090,WH_B,Central,2025-01-21,2025-01-26,5,2,0
504714,104113,SKU0084,WH_A,East,2025-01-21,2025-01-23,2,4,1
504715,104114,SKU0031,WH_C,West,2025-01-22,2025-01-24,3,6,1
504716,104114,SKU0031,WH_C,West,2025-01-21,2025-01-25,4,5,0
504717,104115,SKU0044,WH_C,West,2025-01-25,2025-01-27,6,7,1
504718,104116,SKU0015,WH_B,Central,2025-01-21,2025-01-23,2,2,1
504719,104117,SKU0055,WH_A,East,2025-01-21,2025-01-23,2,1,1
504720,104118,SKU0074,WH_C,West,2025-01-21,2025-01-23,2,1,1
504721,104118,SKU0074,WH_C,West,2025-01-24,2025-01-25,4,0,1
504722,104119,SKU0005,WH_A,East,2025-01-22,2025-01-24,3,4,1
504723,104120,SKU0006,WH_C,West,2025-01-22,2025-01-24,3,10,1
504724,104121,SKU0047,WH_B,Central,2025-01-21,2025-01-25,4,4,0
504725,104121,SKU0047,WH_B,Central,2025-01-22,2025-01-24,3,3,1
504726,104122,SKU0001,WH_B,Central,2025-01-23,2025-01-29,8,3,0
504727,104123,SKU0040,WH_C,West,2025-01-21,2025-01-23,2,4,1
504728,104124,SKU0078,WH_C,West,2025-01-22,2025-01-24,3,2,1
504729,104125,SKU0092,WH_B,Central,2025-01-21,2025-01-23,2,1,1
504730,104126,SKU0020,WH_B,Central,2025-01-23,2025-01-26,5,7,1
504731,104127,SKU0089,WH_B,Central,2025-01-23,2025-01-24,3,3,1
504732,104128,SKU0055,WH_B,Central,2025-01-21,2025-01-22,1,3,1
504733,104129,SKU0041,WH_C,West,2025-01-24,2025-01-25,4,2,1
504734,104130,SKU0042,WH_B,Central,2025-01-22,2025-01-24,3,1,1
504735,104130,SKU0042,WH_B,Central,2025-01-22,2025-01-25,4,0,1
504736,104131,SKU0020,WH_C,West,2025-01-21,2025-01-22,1,2,1
504737,104132,SKU0068,WH_B,Central,2025-01-22,2025-01-23,2,9,1
504738,104133,SKU0007,WH_C,West,2025-01-21,2025-01-22,1,1,1
504739,104133,SKU0007,WH_C,West,2025-01-21,2025-01-23,2,0,1
504740,104134,SKU0046,WH_A,East,2025-01-23,2025-01-25,4,3,1
504741,104135,SKU0042,WH_C,West,2025-01-21,2025-01-22,1,1,1
504742,104136,SKU0058,WH_A,East,2025-01-24,2025-01-29,8,1,0
504743,104137,SKU0068,WH_A,East,2025-01-23,2025-01-24,3,1,1
504744,104138,SKU0039,WH_A,East,2025-01-22,2025-01-24,3,4,1
504745,104139,SKU0086,WH_C,West,2025-01-21,2025-01-22,1,4,1
504746,104140,SKU0064,WH_B,Central,2025-01-21,2025-01-27,6,9,0
504747,104141,SKU0054,WH_C,West,2025-01-22,2025-01-23,2,5,1
504748,104142,SKU0068,WH_A,East,2025-01-23,2025-01-24,3,1,1
504749,104143,SKU0070,WH_A,East,2025-01-22,2025-01-24,3,4,1
504750,104144,SKU0084,WH_C,West,2025-01-21,2025-01-23,2,1,1
504751,104145,SKU0076,WH_B,Central,2025-01-21,2025-01-22,1,3,1
504752,104146,SKU0037,WH_C,West,2025-01-21,2025-01-22,1,1,1
504753,104147,SKU0081,WH_B,Central,2025-01-23,2025-01-25,4,1,1
504754,104148,SKU0094,WH_A,East,2025-01-22,2025-01-23,2,2,1
504755,104149,SKU0043,WH_A,East,2025-01-24,2025-01-26,5,4,1
504756,104150,SKU0085,WH_B,Central,2025-01-21,2025-01-23,2,1,1
504757,104151,SKU0055,WH_C,West,2025-01-21,2025-01-22,1,1,1
504758,104152,SKU0087,WH_C,West,2025-01-22,2025-01-23,2,1,1
504759,104153,SKU0098,WH_B,Central,2025-01-21,2025-01-23,2,4,1
504760,104154,SKU0083,WH_B,Central,2025-01-21,2025-01-22,1,1,1
504761,104155,SKU0052,WH_B,Central,2025-01-21,2025-01-22,1,2,1
504762,104156,SKU0037,WH_A,East,2025-01-23,2025-01-25,4,3,1
504763,104157,SKU0023,WH_B,Central,2025-01-21,2025-01-22,1,1,1
504764,104157,SKU0023,WH_B,Central,2025-01-24,2025-01-26,5,0,1
504765,104158,SKU0093,WH_A,East,2025-01-21,2025-01-22,1,1,1
504766,104159,SKU0047,WH_B,Central,2025-01-21,2025-01-22,1,1,1
504767,104160,SKU0028,WH_C,West,2025-01-22,2025-01-24,3,1,1
504768,104161,SKU0030,WH_A,East,2025-01-22,2025-01-23,2,3,1
504769,104162,SKU0011,WH_A,East,2025-01-21,2025-01-27,6,1,0
504770,104163,SKU0063,WH_B,Central,2025-01-22,2025-01-23,2,4,1
504771,104164,SKU0054,WH_A,East,2025-01-21,2025-01-23,2,1,1
504772,104164,SKU0054,WH_A,East,2025-01-22,2025-01-24,3,0,1
504773,104165,SKU0056,WH_C,West,2025-01-23,2025-01-24,3,3,1
504774,104166,SKU0018,WH_B,Central,2025-01-21,2025-01-22,1,1,1
504775,104167,SKU0093,WH_C,West,2025-01-23,2025-01-30,9,1,0
504776,104168,SKU0032,WH_A,East,2025-01-21,2025-01-22,1,4,1
504777,104169,SKU0018,WH_B,Central,2025-01-23,2025-01-24,3,7,1
504778,104170,SKU0044,WH_C,West,2025-01-21,2025-01-25,4,1,0
504779,104171,SKU0080,WH_C,West,2025-01-25,2025-01-27,6,2,1
504780,104171,SKU0080,WH_C,West,2025-01-21,2025-01-25,4,1,0
504781,104172,SKU0093,WH_A,East,2025-01-21,2025-01-22,1,1,1
504782,104173,SKU0042,WH_A,East,2025-01-21,2025-01-25,4,2,0
504783,104174,SKU0092,WH_A,East,2025-01-21,2025-01-23,2,2,1
504784,104175,SKU0051,WH_B,Central,2025-01-21,2025-01-25,4,1,0
504785,104175,SKU0051,WH_B,Central,2025-01-22,2025-01-25,4,0,1
504786,104176,SKU0025,WH_A,East,2025-01-22,2025-01-24,3,1,1
504787,104177,SKU0030,WH_B,Central,2025-01-21,2025-01-25,4,2,0
504788,104178,SKU0051,WH_C,West,2025-01-22,2025-01-25,4,1,1
504789,104179,SKU0025,WH_C,West,2025-01-22,2025-01-23,2,1,1
504790,104180,SKU0084,WH_C,West,2025-01-21,2025-01-23,2,1,1
504791,104181,SKU0095,WH_A,East,2025-01-21,2025-01-22,1,1,1
504792,104182,SKU0092,WH_A,East,2025-01-22,2025-01-25,4,1,1
504793,104183,SKU0096,WH_B,Central,2025-01-23,2025-01-26,5,1,1
504794,104184,SKU0042,WH_B,Central,2025-01-21,2025-01-22,1,1,1
504795,104185,SKU0081,WH_B,Central,2025-01-22,2025-01-26,5,2,0
504796,104186,SKU0006,WH_C,West,2025-01-21,2025-01-24,3,1,1
504797,104187,SKU0057,WH_A,East,2025-01-21,2025-01-22,1,1,1
504798,104188,SKU0063,WH_C,West,2025-01-22,2025-01-25,4,1,1
504799,104189,SKU0073,WH_B,Central,2025-01-21,2025-01-25,4,4,0
504800,104190,SKU0093,WH_B,Central,2025-01-22,2025-01-25,4,1,1
504801,104191,SKU0080,WH_C,West,2025-01-21,2025-01-22,1,1,1
504802,104192,SKU0085,WH_C,West,2025-01-23,2025-01-25,4,8,1
504803,104193,SKU0090,WH_B,Central,2025-01-24,2025-01-25,4,1,1
504804,104194,SKU0042,WH_B,Central,2025-01-24,2025-01-26,5,2,1
504805,104195,SKU0060,WH_B,Central,2025-01-21,2025-01-22,1,1,1
504806,104195,SKU0060,WH_B,Central,2025-01-24,2025-01-25,4,3,1
504807,104196,SKU0010,WH_A,East,2025-01-21,2025-01-23,2,1,1
504808,104197,SKU0072,WH_B,Central,2025-01-21,2025-01-24,3,7,1
504809,104198,SKU0073,WH_A,East,2025-01-23,2025-01-24,3,6,1
504810,104199,SKU0049,WH_B,Central,2025-01-21,2025-01-23,2,1,1
504811,104200,SKU0007,WH_C,West,2025-01-22,2025-01-27,5,1,0
504812,104201,SKU0073,WH_B,Central,2025-01-22,2025-01-29,7,3,0
504813,104202,SKU0015,WH_A,East,2025-01-22,2025-01-23,1,1,1
504814,104203,SKU0046,WH_C,West,2025-01-23,2025-01-27,5,4,0
504815,104204,SKU0060,WH_C,West,2025-01-22,2025-01-23,1,4,1
504816,104204,SKU0060,WH_C,West,2025-01-23,2025-01-24,2,3,1
504817,104205,SKU0038,WH_A,East,2025-01-23,2025-01-24,2,1,1
504818,104206,SKU0006,WH_A,East,2025-01-23,2025-01-28,6,1,0
504819,104207,SKU0028,WH_B,Central,2025-01-22,2025-01-26,4,2,0
504820,104208,SKU0086,WH_C,West,2025-01-22,2025-01-25,3,5,1
504821,104209,SKU0039,WH_A,East,2025-01-22,2025-01-23,1,7,1
504822,104210,SKU0095,WH_B,Central,2025-01-23,2025-01-25,3,1,1
504823,104211,SKU0045,WH_A,East,2025-01-22,2025-01-23,1,8,1
504824,104212,SKU0038,WH_A,East,2025-01-22,2025-01-23,1,4,1
504825,104213,SKU0089,WH_C,West,2025-01-22,2025-01-24,2,2,1
504826,104214,SKU0003,WH_A,East,2025-01-25,2025-01-27,5,1,1
504827,104215,SKU0032,WH_B,Central,2025-01-22,2025-01-28,6,2,0
504828,104216,SKU0083,WH_B,Central,2025-01-22,2025-01-24,2,1,1
504829,104217,SKU0057,WH_A,East,2025-01-22,2025-01-25,3,9,1
504830,104218,SKU0020,WH_A,East,2025-01-22,2025-01-24,2,1,1
504831,104218,SKU0020,WH_A,East,2025-01-23,2025-01-28,6,11,0
504832,104219,SKU0075,WH_B,Central,2025-01-22,2025-01-23,1,3,1
504833,104220,SKU0071,WH_C,West,2025-01-22,2025-01-26,4,1,0
504834,104221,SKU0003,WH_C,West,2025-01-25,2025-01-26,4,1,1
504835,104221,SKU0003,WH_C,West,2025-01-22,2025-01-24,2,2,1
504836,104222,SKU0046,WH_A,East,2025-01-22,2025-01-24,2,5,1
504837,104223,SKU0084,WH_A,East,2025-01-22,2025-01-23,1,1,1
504838,104223,SKU0084,WH_A,East,2025-01-22,2025-01-25,3,0,1
504839,104224,SKU0074,WH_B,Central,2025-01-24,2025-01-28,6,1,0
504840,104225,SKU0061,WH_C,West,2025-01-23,2025-01-29,7,1,0
504841,104226,SKU0015,WH_B,Central,2025-01-22,2025-01-23,1,5,1
504842,104227,SKU0090,WH_B,Central,2025-01-22,2025-01-23,1,2,1
504843,104228,SKU0037,WH_B,Central,2025-01-23,2025-01-25,3,3,1
504844,104229,SKU0062,WH_A,East,2025-01-23,2025-01-25,3,5,1
504845,104230,SKU0038,WH_C,West,2025-01-24,2025-01-26,4,4,1
504846,104231,SKU0033,WH_C,West,2025-01-22,2025-01-25,3,1,1
504847,104232,SKU0028,WH_C,West,2025-01-23,2025-01-25,3,5,1
504848,104233,SKU0030,WH_A,East,2025-01-22,2025-01-23,1,1,1
504849,104234,SKU0042,WH_C,West,2025-01-22,2025-01-23,1,1,1
504850,104235,SKU0061,WH_C,West,2025-01-22,2025-01-23,1,1,1
504851,104236,SKU0073,WH_C,West,2025-01-26,2025-01-27,5,1,1
504852,104237,SKU0045,WH_B,Central,2025-01-23,2025-01-25,3,1,1
504853,104237,SKU0045,WH_B,Central,2025-01-23,2025-01-24,2,4,1
504854,104238,SKU0064,WH_A,East,2025-01-23,2025-01-26,4,1,1
504855,104238,SKU0064,WH_A,East,2025-01-25,2025-01-26,4,1,1
504856,104239,SKU0080,WH_B,Central,2025-01-23,2025-01-27,5,5,0
504857,104240,SKU0068,WH_B,Central,2025-01-22,2025-01-25,3,1,1
504858,104240,SKU0068,WH_B,Central,2025-01-22,2025-01-23,1,0,1
504859,104241,SKU0038,WH_C,West,2025-01-25,2025-01-26,4,5,1
504860,104242,SKU0037,WH_C,West,2025-01-23,2025-01-25,3,1,1
504861,104243,SKU0059,WH_A,East,2025-01-22,2025-01-28,6,1,0
504862,104244,SKU0045,WH_A,East,2025-01-22,2025-01-23,1,1,1
504863,104245,SKU0039,WH_C,West,2025-01-22,2025-01-24,2,1,1
504864,104245,SKU0039,WH_C,West,2025-01-22,2025-01-24,2,0,1
504865,104246,SKU0085,WH_B,Central,2025-01-23,2025-01-24,2,3,1
504866,104247,SKU0056,WH_B,Central,2025-01-23,2025-01-25,3,11,1
504867,104248,SKU0040,WH_A,East,2025-01-24,2025-01-28,6,1,0
504868,104249,SKU0067,WH_B,Central,2025-01-26,2025-01-27,5,1,1
504869,104250,SKU0089,WH_A,East,2025-01-22,2025-01-24,2,1,1
504870,104251,SKU0009,WH_B,Central,2025-01-22,2025-01-27,5,1,0
504871,104252,SKU0054,WH_A,East,2025-01-22,2025-01-24,2,1,1
504872,104253,SKU0100,WH_A,East,2025-01-22,2025-01-25,3,1,1
504873,104254,SKU0029,WH_C,West,2025-01-23,2025-01-27,5,1,0
504874,104255,SKU0067,WH_B,Central,2025-01-22,2025-01-25,3,1,1
504875,104255,SKU0067,WH_B,Central,2025-01-23,2025-01-27,5,0,0
504876,104256,SKU0045,WH_B,Central,2025-01-22,2025-01-24,2,1,1
504877,104257,SKU0020,WH_B,Central,2025-01-22,2025-01-25,3,1,1
504878,104258,SKU0073,WH_C,West,2025-01-22,2025-01-23,1,1,1
504879,104259,SKU0100,WH_A,East,2025-01-25,2025-01-27,5,1,1
504880,104260,SKU0053,WH_B,Central,2025-01-26,2025-01-28,6,5,1
504881,104261,SKU0078,WH_C,West,2025-01-23,2025-01-26,4,1,1
504882,104262,SKU0083,WH_B,Central,2025-01-22,2025-01-23,1,2,1
504883,104263,SKU0088,WH_C,West,2025-01-23,2025-01-25,3,5,1
504884,104264,SKU0097,WH_C,West,2025-01-24,2025-01-25,3,1,1
504885,104265,SKU0067,WH_B,Central,2025-01-23,2025-01-24,2,1,1
504886,104266,SKU0053,WH_B,Central,2025-01-23,2025-01-26,4,2,1
504887,104267,SKU0067,WH_C,West,2025-01-22,2025-01-24,2,1,1
504888,104267,SKU0067,WH_C,West,2025-01-22,2025-01-25,3,0,1
504889,104268,SKU0074,WH_A,East,2025-01-23,2025-01-24,2,1,1
504890,104269,SKU0001,WH_C,West,2025-01-25,2025-01-30,8,3,0
504891,104270,SKU0004,WH_C,West,2025-01-23,2025-01-26,4,1,1
504892,104271,SKU0033,WH_B,Central,2025-01-22,2025-01-23,1,1,1
504893,104272,SKU0030,WH_A,East,2025-01-23,2025-01-24,2,5,1
504894,104273,SKU0083,WH_B,Central,2025-01-22,2025-01-24,2,2,1
504895,104274,SKU0027,WH_B,Central,2025-01-22,2025-01-23,1,5,1
504896,104275,SKU0010,WH_C,West,2025-01-22,2025-01-24,2,1,1
504897,104275,SKU0010,WH_C,West,2025-01-23,2025-01-24,2,1,1
504898,104276,SKU0086,WH_C,West,2025-01-22,2025-01-23,1,8,1
504899,104277,SKU0035,WH_A,East,2025-01-22,2025-01-23,1,3,1
504900,104278,SKU0007,WH_C,West,2025-01-22,2025-01-23,1,1,1
504901,104279,SKU0068,WH_A,East,2025-01-24,2025-01-30,8,4,0
504902,104280,SKU0053,WH_B,Central,2025-01-23,2025-01-24,2,2,1
504903,104281,SKU0051,WH_C,West,2025-01-23,2025-01-26,4,1,1
504904,104282,SKU0063,WH_B,Central,2025-01-22,2025-01-23,1,1,1
504905,104283,SKU0084,WH_B,Central,2025-01-22,2025-01-23,1,3,1
504906,104284,SKU0051,WH_A,East,2025-01-23,2025-01-24,2,1,1
504907,104285,SKU0011,WH_B,Central,2025-01-22,2025-01-25,3,4,1
504908,104286,SKU0044,WH_B,Central,2025-01-22,2025-01-23,1,10,1
504909,104287,SKU0006,WH_C,West,2025-01-24,2025-01-26,4,2,1
504910,104288,SKU0050,WH_C,West,2025-01-22,2025-01-24,2,2,1
504911,104289,SKU0074,WH_B,Central,2025-01-22,2025-01-24,2,2,1
504912,104290,SKU0062,WH_B,Central,2025-01-22,2025-01-25,3,1,1
504913,104291,SKU0011,WH_C,West,2025-01-22,2025-01-27,5,1,0
504914,104291,SKU0011,WH_C,West,2025-01-25,2025-01-27,5,1,1
504915,104292,SKU0069,WH_B,Central,2025-01-22,2025-01-24,2,5,1
504916,104292,SKU0069,WH_B,Central,2025-01-22,2025-01-24,2,1,1
504917,104293,SKU0087,WH_A,East,2025-01-22,2025-01-24,2,1,1
504918,104293,SKU0087,WH_A,East,2025-01-22,2025-01-24,2,0,1
504919,104294,SKU0031,WH_C,West,2025-01-22,2025-01-23,1,2,1
504920,104295,SKU0027,WH_B,Central,2025-01-22,2025-01-25,3,5,1
504921,104296,SKU0091,WH_B,Central,2025-01-24,2025-01-27,5,2,1
504922,104297,SKU0069,WH_C,West,2025-01-25,2025-01-26,4,1,1
504923,104298,SKU0061,WH_C,West,2025-01-22,2025-01-27,5,4,0
504924,104299,SKU0057,WH_C,West,2025-01-22,2025-01-26,4,7,0
504925,104300,SKU0097,WH_A,East,2025-01-23,2025-01-29,7,1,0
504926,104301,SKU0032,WH_B,Central,2025-01-22,2025-01-24,2,3,1
504927,104302,SKU0024,WH_A,East,2025-01-22,2025-01-23,1,1,1
504928,104303,SKU0082,WH_A,East,2025-01-24,2025-01-26,4,6,1
504929,104304,SKU0089,WH_C,West,2025-01-23,2025-01-26,4,1,1
504930,104304,SKU0089,WH_C,West,2025-01-22,2025-01-28,6,0,0
504931,104305,SKU0009,WH_B,Central,2025-01-25,2025-01-28,6,6,1
504932,104306,SKU0051,WH_A,East,2025-01-26,2025-01-27,5,5,1
504933,104307,SKU0009,WH_A,East,2025-01-22,2025-01-23,1,2,1
504934,104308,SKU0052,WH_A,East,2025-01-25,2025-01-27,5,2,1
504935,104309,SKU0077,WH_B,Central,2025-01-25,2025-01-26,4,2,1
504936,104310,SKU0045,WH_C,West,2025-01-22,2025-01-24,2,6,1
504937,104311,SKU0082,WH_A,East,2025-01-22,2025-01-26,4,1,0
504938,104312,SKU0045,WH_B,Central,2025-01-22,2025-01-25,3,1,1
504939,104313,SKU0030,WH_B,Central,2025-01-23,2025-01-25,3,1,1
504940,104314,SKU0015,WH_A,East,2025-01-23,2025-01-24,2,8,1
504941,104315,SKU0089,WH_A,East,2025-01-25,2025-01-27,5,3,1
504942,104316,SKU0013,WH_B,Central,2025-01-22,2025-01-25,3,4,1
504943,104317,SKU0100,WH_B,Central,2025-01-23,2025-01-30,8,1,0
504944,104318,SKU0083,WH_A,East,2025-01-24,2025-01-25,3,1,1
504945,104319,SKU0040,WH_C,West,2025-01-22,2025-01-23,1,2,1
504946,104320,SKU0100,WH_B,Central,2025-01-22,2025-01-24,2,1,1
504947,104321,SKU0025,WH_B,Central,2025-01-23,2025-01-27,5,4,0
504948,104322,SKU0065,WH_B,Central,2025-01-26,2025-01-28,6,1,1
504949,104323,SKU0040,WH_B,Central,2025-01-23,2025-01-25,3,1,1
504950,104324,SKU0076,WH_A,East,2025-01-23,2025-01-24,2,1,1
504951,104324,SKU0076,WH_A,East,2025-01-22,2025-01-27,5,3,0
504952,104325,SKU0058,WH_C,West,2025-01-23,2025-01-26,4,1,1
504953,104326,SKU0090,WH_B,Central,2025-01-24,2025-01-25,3,2,1
504954,104327,SKU0076,WH_B,Central,2025-01-22,2025-01-23,1,12,1
504955,104328,SKU0048,WH_C,West,2025-01-23,2025-01-24,2,1,1
504956,104329,SKU0019,WH_A,East,2025-01-23,2025-01-25,3,1,1
504957,104330,SKU0015,WH_C,West,2025-01-22,2025-01-26,4,4,0
504958,104331,SKU0040,WH_B,Central,2025-01-22,2025-01-23,1,2,1
504959,104332,SKU0028,WH_B,Central,2025-01-24,2025-01-27,5,1,1
504960,104333,SKU0098,WH_C,West,2025-01-22,2025-01-24,2,4,1
504961,104334,SKU0061,WH_B,Central,2025-01-22,2025-01-24,2,1,1
504962,104334,SKU0061,WH_B,Central,2025-01-22,2025-01-27,5,0,0
504963,104335,SKU0093,WH_A,East,2025-01-23,2025-01-25,3,3,1
504964,104336,SKU0030,WH_B,Central,2025-01-23,2025-01-24,2,3,1
504965,104337,SKU0098,WH_C,West,2025-01-22,2025-01-24,2,1,1
504966,104338,SKU0015,WH_C,West,2025-01-22,2025-01-25,3,4,1
504967,104339,SKU0030,WH_C,West,2025-01-24,2025-01-31,9,1,0
504968,104340,SKU0034,WH_C,West,2025-01-23,2025-01-29,7,1,0
504969,104340,SKU0034,WH_C,West,2025-01-22,2025-01-24,2,0,1
504970,104341,SKU0093,WH_B,Central,2025-01-22,2025-01-23,1,3,1
504971,104342,SKU0050,WH_C,West,2025-01-23,2025-01-24,2,2,1
504972,104343,SKU0027,WH_A,East,2025-01-22,2025-01-24,2,1,1
504973,104344,SKU0091,WH_C,West,2025-01-22,2025-01-23,1,1,1
504974,104345,SKU0009,WH_C,West,2025-01-22,2025-01-23,1,1,1
504975,104345,SKU0009,WH_C,West,2025-01-24,2025-01-25,3,1,1
504976,104346,SKU0069,WH_C,West,2025-01-22,2025-01-23,1,1,1
504977,104347,SKU0069,WH_A,East,2025-01-22,2025-01-23,1,1,1
504978,104347,SKU0069,WH_A,East,2025-01-23,2025-01-29,7,0,0
504979,104348,SKU0095,WH_B,Central,2025-01-23,2025-01-27,5,1,0
504980,104349,SKU0059,WH_C,West,2025-01-23,2025-01-24,2,2,1
504981,104350,SKU0083,WH_B,Central,2025-01-23,2025-01-26,4,1,1
504982,104351,SKU0010,WH_A,East,2025-01-22,2025-01-27,5,6,0
504983,104352,SKU0014,WH_A,East,2025-01-26,2025-01-28,6,7,1
504984,104353,SKU0076,WH_B,Central,2025-01-22,2025-01-24,2,1,1
504985,104353,SKU0076,WH_B,Central,2025-01-23,2025-01-24,2,0,1
504986,104354,SKU0010,WH_A,East,2025-01-22,2025-01-23,1,2,1
504987,104354,SKU0010,WH_A,East,2025-01-23,2025-01-25,3,1,1
504988,104355,SKU0069,WH_B,Central,2025-01-23,2025-01-24,2,7,1
504989,104356,SKU0022,WH_B,Central,2025-01-25,2025-01-27,5,1,1
504990,104356,SKU0022,WH_B,Central,2025-01-23,2025-01-25,3,0,1
504991,104357,SKU0004,WH_A,East,2025-01-23,2025-01-28,6,1,0
504992,104357,SKU0004,WH_A,East,2025-01-23,2025-01-25,3,0,1
504993,104358,SKU0011,WH_B,Central,2025-01-23,2025-01-24,2,1,1
504994,104359,SKU0034,WH_C,West,2025-01-22,2025-01-24,2,4,1
504995,104359,SKU0034,WH_C,West,2025-01-22,2025-01-23,1,1,1
504996,104360,SKU0049,WH_A,East,2025-01-22,2025-01-24,2,1,1
504997,104361,SKU0054,WH_C,West,2025-01-23,2025-01-25,3,1,1
504998,104362,SKU0050,WH_B,Central,2025-01-22,2025-01-23,1,1,1
504999,104363,SKU0062,WH_C,West,2025-01-24,2025-01-25,3,5,1
505000,104364,SKU0021,WH_A,East,2025-01-22,2025-01-23,1,9,1
505001,104365,SKU0073,WH_A,East,2025-01-25,2025-01-27,5,5,1
505002,104366,SKU0025,WH_C,West,2025-01-22,2025-01-23,1,4,1
505003,104367,SKU0047,WH_C,West,2025-01-24,2025-01-26,4,11,1
505004,104368,SKU0024,WH_B,Central,2025-01-23,2025-01-25,3,4,1
505005,104369,SKU0096,WH_C,West,2025-01-22,2025-01-26,4,1,0
505006,104370,SKU0031,WH_A,East,2025-01-22,2025-01-27,5,1,0
505007,104371,SKU0064,WH_A,East,2025-01-23,2025-01-27,5,6,0
505008,104372,SKU0007,WH_C,West,2025-01-22,2025-01-23,1,2,1
505009,104373,SKU0021,WH_A,East,2025-01-22,2025-01-24,2,4,1
505010,104374,SKU0024,WH_C,West,2025-01-22,2025-01-27,5,1,0
505011,104375,SKU0081,WH_C,West,2025-01-23,2025-01-27,5,1,0
505012,104375,SKU0081,WH_C,West,2025-01-23,2025-01-25,3,1,1
505013,104376,SKU0025,WH_C,West,2025-01-22,2025-01-27,5,1,0
505014,104377,SKU0096,WH_B,Central,2025-01-23,2025-01-25,3,3,1
505015,104378,SKU0006,WH_B,Central,2025-01-24,2025-01-28,6,1,0
505016,104378,SKU0006,WH_B,Central,2025-01-22,2025-01-27,5,0,0
505017,104379,SKU0035,WH_A,East,2025-01-22,2025-01-24,2,2,1
505018,104380,SKU0063,WH_C,West,2025-01-23,2025-01-27,4,1,0
505019,104380,SKU0063,WH_C,West,2025-01-24,2025-01-29,6,0,0
505020,104381,SKU0028,WH_B,Central,2025-01-24,2025-01-29,6,1,0
505021,104382,SKU0096,WH_B,Central,2025-01-26,2025-01-31,8,5,0
505022,104383,SKU0015,WH_A,East,2025-01-23,2025-01-24,1,1,1
505023,104384,SKU0010,WH_A,East,2025-01-24,2025-01-25,2,1,1
505024,104385,SKU0067,WH_A,East,2025-01-25,2025-01-31,8,2,0
505025,104386,SKU0036,WH_C,West,2025-01-23,2025-01-24,1,1,1
505026,104387,SKU0095,WH_B,Central,2025-01-24,2025-01-27,4,1,1
505027,104388,SKU0052,WH_C,West,2025-01-24,2025-01-26,3,1,1
505028,104389,SKU0017,WH_A,East,2025-01-23,2025-01-26,3,1,1
505029,104390,SKU0048,WH_A,East,2025-01-24,2025-01-25,2,7,1
505030,104390,SKU0048,WH_A,East,2025-01-23,2025-01-25,2,2,1
505031,104391,SKU0012,WH_C,West,2025-01-23,2025-01-27,4,3,0
505032,104392,SKU0077,WH_B,Central,2025-01-23,2025-01-29,6,1,0
505033,104393,SKU0067,WH_B,Central,2025-01-23,2025-01-26,3,1,1
505034,104394,SKU0006,WH_B,Central,2025-01-24,2025-01-26,3,1,1
505035,104394,SKU0006,WH_B,Central,2025-01-23,2025-01-24,1,0,1
505036,104395,SKU0062,WH_C,West,2025-01-24,2025-01-27,4,1,1
505037,104396,SKU0098,WH_B,Central,2025-01-23,2025-01-24,1,1,1
505038,104397,SKU0065,WH_C,West,2025-01-25,2025-01-29,6,3,0
505039,104398,SKU0031,WH_C,West,2025-01-23,2025-01-28,5,6,0
505040,104399,SKU0082,WH_A,East,2025-01-24,2025-01-26,3,1,1
505041,104400,SKU0083,WH_B,Central,2025-01-23,2025-01-26,3,1,1
505042,104401,SKU0066,WH_C,West,2025-01-26,2025-01-27,4,1,1
505043,104402,SKU0007,WH_A,East,2025-01-24,2025-01-28,5,2,0
505044,104403,SKU0012,WH_C,West,2025-01-26,2025-01-27,4,3,1
505045,104404,SKU0070,WH_B,Central,2025-01-24,2025-01-25,2,1,1
505046,104405,SKU0053,WH_B,Central,2025-01-24,2025-01-27,4,3,1
505047,104406,SKU0012,WH_A,East,2025-01-24,2025-01-25,2,1,1
505048,104407,SKU0030,WH_B,Central,2025-01-24,2025-01-25,2,5,1
505049,104408,SKU0030,WH_B,Central,2025-01-23,2025-01-25,2,1,1
505050,104409,SKU0081,WH_C,West,2025-01-27,2025-01-30,7,1,1
505051,104410,SKU0058,WH_A,East,2025-01-23,2025-01-27,4,3,0
505052,104411,SKU0043,WH_A,East,2025-01-23,2025-01-25,2,1,1
505053,104412,SKU0052,WH_C,West,2025-01-24,2025-01-26,3,5,1
505054,104413,SKU0081,WH_C,West,2025-01-24,2025-01-27,4,3,1
505055,104414,SKU0002,WH_C,West,2025-01-24,2025-01-26,3,3,1
505056,104415,SKU0056,WH_B,Central,2025-01-23,2025-01-27,4,1,0
505057,104416,SKU0072,WH_A,East,2025-01-23,2025-01-25,2,3,1
505058,104417,SKU0020,WH_A,East,2025-01-23,2025-01-24,1,1,1
505059,104418,SKU0081,WH_B,Central,2025-01-23,2025-01-24,1,1,1
505060,104418,SKU0081,WH_B,Central,2025-01-26,2025-02-01,9,13,0
505061,104419,SKU0084,WH_B,Central,2025-01-24,2025-01-26,3,1,1
505062,104419,SKU0084,WH_B,Central,2025-01-23,2025-01-27,4,0,0
505063,104420,SKU0008,WH_A,East,2025-01-23,2025-01-24,1,1,1
505064,104421,SKU0031,WH_A,East,2025-01-23,2025-01-24,1,1,1
505065,104422,SKU0001,WH_A,East,2025-01-23,2025-01-24,1,1,1
505066,104423,SKU0079,WH_C,West,2025-01-27,2025-01-30,7,2,1
505067,104424,SKU0093,WH_B,Central,2025-01-24,2025-01-25,2,1,1
505068,104425,SKU0085,WH_A,East,2025-01-23,2025-01-25,2,2,1
505069,104425,SKU0085,WH_A,East,2025-01-24,2025-01-30,7,11,0
505070,104426,SKU0025,WH_C,West,2025-01-23,2025-01-24,1,5,1
505071,104427,SKU0094,WH_C,West,2025-01-24,2025-01-29,6,1,0
505072,104428,SKU0072,WH_A,East,2025-01-23,2025-01-25,2,2,1
505073,104429,SKU0097,WH_A,East,2025-01-23,2025-01-27,4,5,0
505074,104430,SKU0065,WH_C,West,2025-01-24,2025-01-26,3,1,1
505075,104431,SKU0058,WH_B,Central,2025-01-24,2025-01-27,4,2,1
505076,104432,SKU0073,WH_C,West,2025-01-23,2025-01-24,1,2,1
505077,104433,SKU0012,WH_C,West,2025-01-23,2025-01-29,6,2,0
505078,104434,SKU0067,WH_C,West,2025-01-23,2025-01-24,1,1,1
505079,104435,SKU0023,WH_B,Central,2025-01-23,2025-01-25,2,5,1
505080,104436,SKU0072,WH_B,Central,2025-01-23,2025-01-27,4,3,0
505081,104437,SKU0015,WH_B,Central,2025-01-23,2025-01-25,2,1,1
505082,104438,SKU0079,WH_A,East,2025-01-23,2025-01-24,1,1,1
505083,104439,SKU0089,WH_C,West,2025-01-23,2025-01-29,6,3,0
505084,104439,SKU0089,WH_C,West,2025-01-24,2025-01-28,5,1,0
505085,104440,SKU0089,WH_C,West,2025-01-23,2025-01-25,2,2,1
505086,104441,SKU0048,WH_C,West,2025-01-24,2025-01-26,3,1,1
505087,104442,SKU0097,WH_A,East,2025-01-24,2025-01-28,5,1,0
505088,104443,SKU0088,WH_A,East,2025-01-23,2025-01-25,2,1,1
505089,104444,SKU0099,WH_B,Central,2025-01-25,2025-01-26,3,1,1
505090,104444,SKU0099,WH_B,Central,2025-01-24,2025-01-26,3,0,1
505091,104445,SKU0014,WH_A,East,2025-01-24,2025-01-27,4,2,1
505092,104446,SKU0055,WH_A,East,2025-01-24,2025-01-30,7,2,0
505093,104447,SKU0072,WH_B,Central,2025-01-23,2025-01-27,4,10,0
505094,104448,SKU0077,WH_B,Central,2025-01-23,2025-01-26,3,3,1
505095,104449,SKU0053,WH_A,East,2025-01-23,2025-01-24,1,1,1
505096,104450,SKU0039,WH_C,West,2025-01-24,2025-01-25,2,4,1
505097,104451,SKU0012,WH_C,West,2025-01-23,2025-01-24,1,2,1
505098,104452,SKU0087,WH_A,East,2025-01-24,2025-01-27,4,9,1
505099,104453,SKU0087,WH_A,East,2025-01-25,2025-01-30,7,1,0
505100,104454,SKU0081,WH_C,West,2025-01-24,2025-01-25,2,1,1
505101,104455,SKU0090,WH_B,Central,2025-01-23,2025-01-25,2,1,1
505102,104456,SKU0010,WH_A,East,2025-01-23,2025-01-29,6,7,0
505103,104457,SKU0049,WH_B,Central,2025-01-25,2025-01-26,3,1,1
505104,104458,SKU0080,WH_B,Central,2025-01-26,2025-01-30,7,1,0
505105,104459,SKU0006,WH_B,Central,2025-01-25,2025-01-26,3,2,1
505106,104460,SKU0054,WH_C,West,2025-01-23,2025-01-25,2,1,1
505107,104461,SKU0037,WH_C,West,2025-01-23,2025-01-25,2,1,1
505108,104462,SKU0078,WH_A,East,2025-01-23,2025-01-27,4,1,0
505109,104462,SKU0078,WH_A,East,2025-01-23,2025-01-25,2,0,1
505110,104463,SKU0095,WH_A,East,2025-01-26,2025-01-30,7,2,0
505111,104463,SKU0095,WH_A,East,2025-01-24,2025-01-26,3,2,1
505112,104464,SKU0043,WH_A,East,2025-01-23,2025-01-25,2,3,1
505113,104465,SKU0099,WH_A,East,2025-01-23,2025-01-24,1,3,1
505114,104466,SKU0069,WH_C,West,2025-01-25,2025-01-27,4,1,1
505115,104466,SKU0069,WH_C,West,2025-01-23,2025-01-26,3,1,1
505116,104467,SKU0035,WH_B,Central,2025-01-24,2025-01-25,2,1,1
505117,104468,SKU0097,WH_A,East,2025-01-23,2025-01-25,2,1,1
505118,104469,SKU0075,WH_C,West,2025-01-24,2025-01-26,3,8,1
505119,104470,SKU0096,WH_C,West,2025-01-23,2025-01-24,1,4,1
505120,104471,SKU0070,WH_B,Central,2025-01-23,2025-01-25,2,1,1
505121,104472,SKU0085,WH_A,East,2025-01-23,2025-01-28,5,2,0
505122,104473,SKU0009,WH_C,West,2025-01-24,2025-01-26,3,2,1
505123,104474,SKU0043,WH_C,West,2025-01-23,2025-01-24,1,1,1
505124,104474,SKU0043,WH_C,West,2025-01-23,2025-01-24,1,0,1
505125,104475,SKU0078,WH_B,Central,2025-01-24,2025-01-27,4,1,1
505126,104476,SKU0032,WH_C,West,2025-01-25,2025-01-28,5,1,1
505127,104477,SKU0039,WH_B,Central,2025-01-25,2025-02-01,9,1,0
505128,104478,SKU0047,WH_C,West,2025-01-26,2025-01-28,5,2,1
505129,104479,SKU0094,WH_C,West,2025-01-23,2025-01-24,1,5,1
505130,104479,SKU0094,WH_C,West,2025-01-27,2025-01-28,5,2,1
505131,104480,SKU0026,WH_B,Central,2025-01-23,2025-01-25,2,2,1
505132,104481,SKU0094,WH_A,East,2025-01-24,2025-01-29,6,10,0
505133,104482,SKU0072,WH_A,East,2025-01-23,2025-01-24,1,4,1
505134,104483,SKU0002,WH_C,West,2025-01-24,2025-01-26,3,1,1
505135,104484,SKU0084,WH_C,West,2025-01-23,2025-01-28,5,3,0
505136,104485,SKU0011,WH_C,West,2025-01-24,2025-01-25,2,1,1
505137,104486,SKU0097,WH_A,East,2025-01-23,2025-01-24,1,5,1
505138,104487,SKU0045,WH_A,East,2025-01-25,2025-01-27,4,7,1
505139,104488,SKU0074,WH_A,East,2025-01-23,2025-01-24,1,1,1
505140,104489,SKU0048,WH_B,Central,2025-01-24,2025-01-25,2,2,1
505141,104490,SKU0018,WH_C,West,2025-01-24,2025-01-26,3,1,1
505142,104491,SKU0015,WH_C,West,2025-01-25,2025-01-28,5,1,1
505143,104492,SKU0095,WH_C,West,2025-01-23,2025-01-24,1,2,1
505144,104492,SKU0095,WH_C,West,2025-01-23,2025-01-26,3,13,1
505145,104493,SKU0069,WH_A,East,2025-01-24,2025-01-28,5,1,0
505146,104494,SKU0043,WH_C,West,2025-01-23,2025-01-24,1,2,1
505147,104494,SKU0043,WH_C,West,2025-01-24,2025-01-27,4,3,1
505148,104495,SKU0017,WH_C,West,2025-01-24,2025-01-25,2,2,1
505149,104496,SKU0088,WH_A,East,2025-01-26,2025-01-27,4,5,1
505150,104497,SKU0024,WH_A,East,2025-01-23,2025-01-24,1,5,1
505151,104498,SKU0012,WH_A,East,2025-01-23,2025-01-27,4,3,0
505152,104499,SKU0048,WH_B,Central,2025-01-23,2025-01-25,2,1,1
505153,104500,SKU0047,WH_C,West,2025-01-23,2025-01-24,1,1,1
505154,104500,SKU0047,WH_C,West,2025-01-26,2025-01-30,7,0,0
505155,104501,SKU0100,WH_B,Central,2025-01-23,2025-01-25,2,3,1
505156,104502,SKU0005,WH_B,Central,2025-01-25,2025-01-28,5,1,1
505157,104503,SKU0004,WH_C,West,2025-01-24,2025-01-26,3,1,1
505158,104503,SKU0004,WH_C,West,2025-01-24,2025-01-26,3,1,1
505159,104504,SKU0060,WH_C,West,2025-01-24,2025-01-26,3,1,1
505160,104504,SKU0060,WH_C,West,2025-01-25,2025-01-26,3,1,1
505161,104505,SKU0013,WH_C,West,2025-01-23,2025-01-24,1,1,1
505162,104506,SKU0017,WH_C,West,2025-01-24,2025-01-27,4,1,1
505163,104507,SKU0050,WH_C,West,2025-01-23,2025-01-26,3,7,1
505164,104508,SKU0063,WH_B,Central,2025-01-24,2025-01-25,2,2,1
505165,104509,SKU0021,WH_A,East,2025-01-23,2025-01-28,5,1,0
505166,104510,SKU0067,WH_A,East,2025-01-24,2025-01-27,4,7,1
505167,104511,SKU0006,WH_B,Central,2025-01-26,2025-01-27,4,4,1
505168,104512,SKU0059,WH_C,West,2025-01-23,2025-01-25,2,2,1
505169,104513,SKU0097,WH_C,West,2025-01-23,2025-01-27,4,1,0
505170,104514,SKU0009,WH_A,East,2025-01-23,2025-01-24,1,5,1
505171,104515,SKU0070,WH_B,Central,2025-01-23,2025-01-29,6,1,0
505172,104516,SKU0068,WH_A,East,2025-01-24,2025-01-27,4,1,1
505173,104517,SKU0002,WH_B,Central,2025-01-23,2025-01-24,1,1,1
505174,104517,SKU0002,WH_B,Central,2025-01-25,2025-01-27,4,0,1
505175,104518,SKU0050,WH_B,Central,2025-01-23,2025-01-25,2,1,1
505176,104519,SKU0033,WH_C,West,2025-01-23,2025-01-24,1,1,1
505177,104520,SKU0022,WH_B,Central,2025-01-24,2025-01-25,2,2,1
505178,104520,SKU0022,WH_B,Central,2025-01-25,2025-01-27,4,1,1
505179,104521,SKU0077,WH_C,West,2025-01-25,2025-01-27,4,4,1
505180,104522,SKU0056,WH_C,West,2025-01-24,2025-01-27,4,2,1
505181,104523,SKU0050,WH_B,Central,2025-01-24,2025-01-26,3,2,1
505182,104524,SKU0054,WH_A,East,2025-01-24,2025-01-26,3,4,1
505183,104525,SKU0039,WH_C,West,2025-01-25,2025-01-27,4,1,1
505184,104526,SKU0032,WH_A,East,2025-01-25,2025-01-29,6,2,0
505185,104526,SKU0032,WH_A,East,2025-01-24,2025-01-29,6,6,0
505186,104527,SKU0020,WH_B,Central,2025-01-24,2025-01-28,5,1,0
505187,104528,SKU0025,WH_B,Central,2025-01-23,2025-01-24,1,2,1
505188,104529,SKU0099,WH_C,West,2025-01-24,2025-01-25,2,1,1
505189,104530,SKU0086,WH_B,Central,2025-01-24,2025-01-25,2,1,1
505190,104531,SKU0031,WH_B,Central,2025-01-26,2025-01-28,5,4,1
505191,104532,SKU0017,WH_B,Central,2025-01-23,2025-01-25,2,7,1
505192,104533,SKU0028,WH_A,East,2025-01-24,2025-01-28,5,4,0
505193,104534,SKU0005,WH_B,Central,2025-01-23,2025-01-24,1,5,1
505194,104535,SKU0081,WH_C,West,2025-01-25,2025-02-01,9,2,0
505195,104536,SKU0045,WH_A,East,2025-01-23,2025-01-24,1,2,1
505196,104537,SKU0088,WH_B,Central,2025-01-24,2025-01-26,3,2,1
505197,104537,SKU0088,WH_B,Central,2025-01-24,2025-01-25,2,1,1
505198,104538,SKU0007,WH_B,Central,2025-01-23,2025-01-25,2,1,1
505199,104539,SKU0020,WH_A,East,2025-01-23,2025-01-24,1,1,1
505200,104540,SKU0030,WH_C,West,2025-01-24,2025-01-25,2,3,1
505201,104541,SKU0057,WH_A,East,2025-01-24,2025-01-27,4,3,1
505202,104542,SKU0048,WH_A,East,2025-01-23,2025-01-25,2,1,1
505203,104543,SKU0063,WH_B,Central,2025-01-24,2025-01-25,2,1,1
505204,104544,SKU0088,WH_A,East,2025-01-24,2025-01-25,2,1,1
505205,104544,SKU0088,WH_A,East,2025-01-23,2025-01-24,1,11,1
505206,104545,SKU0065,WH_B,Central,2025-01-24,2025-01-26,3,3,1
505207,104545,SKU0065,WH_B,Central,2025-01-23,2025-01-28,5,4,0
505208,104546,SKU0042,WH_C,West,2025-01-23,2025-01-24,1,1,1
505209,104547,SKU0073,WH_B,Central,2025-01-23,2025-01-24,1,3,1
505210,104548,SKU0062,WH_A,East,2025-01-27,2025-01-30,7,1,1
505211,104549,SKU0070,WH_A,East,2025-01-24,2025-01-26,3,6,1
505212,104550,SKU0051,WH_B,Central,2025-01-23,2025-01-30,7,5,0
505213,104551,SKU0039,WH_B,Central,2025-01-23,2025-01-24,1,1,1
505214,104552,SKU0036,WH_B,Central,2025-01-23,2025-01-24,1,1,1
505215,104553,SKU0085,WH_A,East,2025-01-24,2025-01-25,2,1,1
505216,104554,SKU0074,WH_B,Central,2025-01-25,2025-01-26,3,1,1
505217,104554,SKU0074,WH_B,Central,2025-01-23,2025-01-27,4,0,0
505218,104555,SKU0056,WH_A,East,2025-01-24,2025-01-27,4,5,1
505219,104556,SKU0009,WH_A,East,2025-01-23,2025-01-25,2,1,1
505220,104557,SKU0049,WH_B,Central,2025-01-25,2025-01-28,5,2,1
505221,104558,SKU0031,WH_B,Central,2025-01-23,2025-01-24,1,1,1
505222,104559,SKU0081,WH_A,East,2025-01-23,2025-01-27,4,2,0
505223,104560,SKU0050,WH_A,East,2025-01-24,2025-01-26,3,6,1
505224,104561,SKU0020,WH_B,Central,2025-01-24,2025-01-29,6,1,0
505225,104562,SKU0012,WH_A,East,2025-01-24,2025-01-26,3,2,1
505226,104563,SKU0087,WH_C,West,2025-01-23,2025-01-26,3,2,1
505227,104563,SKU0087,WH_C,West,2025-01-23,2025-01-26,3,3,1
505228,104564,SKU0051,WH_B,Central,2025-01-23,2025-01-24,1,1,1
505229,104565,SKU0099,WH_A,East,2025-01-23,2025-01-24,1,6,1
505230,104566,SKU0069,WH_A,East,2025-01-23,2025-01-24,1,1,1
505231,104566,SKU0069,WH_A,East,2025-01-23,2025-01-25,2,3,1
505232,104567,SKU0048,WH_B,Central,2025-01-25,2025-01-26,3,3,1
505233,104568,SKU0055,WH_A,East,2025-01-23,2025-01-25,2,10,1
505234,104569,SKU0091,WH_B,Central,2025-01-25,2025-01-26,3,1,1
505235,104570,SKU0080,WH_C,West,2025-01-23,2025-01-26,3,6,1
505236,104571,SKU0094,WH_C,West,2025-01-23,2025-01-27,4,8,0
505237,104572,SKU0017,WH_A,East,2025-01-23,2025-01-25,2,1,1
505238,104573,SKU0081,WH_C,West,2025-01-24,2025-01-25,2,1,1
505239,104574,SKU0090,WH_B,Central,2025-01-23,2025-01-24,1,1,1
505240,104575,SKU0016,WH_C,West,2025-01-24,2025-01-29,6,10,0
505241,104576,SKU0053,WH_A,East,2025-01-23,2025-01-24,1,6,1
505242,104577,SKU0002,WH_C,West,2025-01-24,2025-01-26,3,1,1
505243,104578,SKU0035,WH_A,East,2025-01-23,2025-01-28,5,1,0
505244,104579,SKU0071,WH_B,Central,2025-01-26,2025-01-30,7,1,0
505245,104580,SKU0047,WH_B,Central,2025-01-23,2025-01-24,1,1,1
505246,104581,SKU0099,WH_A,East,2025-01-24,2025-01-25,2,8,1
505247,104582,SKU0075,WH_B,Central,2025-01-23,2025-01-25,2,2,1
505248,104583,SKU0072,WH_C,West,2025-01-24,2025-01-26,3,2,1
505249,104584,SKU0051,WH_B,Central,2025-01-23,2025-01-25,2,1,1
505250,104585,SKU0024,WH_C,West,2025-01-24,2025-01-25,2,1,1
505251,104586,SKU0092,WH_A,East,2025-01-23,2025-01-25,2,1,1
505252,104587,SKU0009,WH_B,Central,2025-01-23,2025-01-25,2,4,1
505253,104588,SKU0076,WH_A,East,2025-01-23,2025-01-27,4,1,0
505254,104589,SKU0073,WH_A,East,2025-01-23,2025-01-25,2,2,1
505255,104590,SKU0046,WH_C,West,2025-01-23,2025-01-29,6,1,0
505256,104591,SKU0091,WH_B,Central,2025-01-26,2025-01-28,5,3,1
505257,104592,SKU0021,WH_A,East,2025-01-26,2025-01-28,5,3,1
505258,104593,SKU0059,WH_C,West,2025-01-24,2025-01-25,2,1,1
505259,104594,SKU0081,WH_A,East,2025-01-23,2025-01-25,2,3,1
505260,104595,SKU0096,WH_A,East,2025-01-23,2025-01-28,5,6,0
505261,104596,SKU0056,WH_B,Central,2025-01-25,2025-01-28,5,1,1
505262,104597,SKU0048,WH_C,West,2025-01-23,2025-01-25,2,4,1
505263,104598,SKU0050,WH_B,Central,2025-01-23,2025-01-28,5,3,0
505264,104599,SKU0012,WH_A,East,2025-01-24,2025-01-25,2,7,1
505265,104600,SKU0005,WH_A,East,2025-01-24,2025-01-25,2,1,1
505266,104601,SKU0092,WH_C,West,2025-01-23,2025-01-24,1,6,1
505267,104602,SKU0044,WH_B,Central,2025-01-25,2025-01-27,4,2,1
505268,104603,SKU0032,WH_C,West,2025-01-23,2025-01-24,1,1,1
505269,104603,SKU0032,WH_C,West,2025-01-23,2025-01-25,2,0,1
505270,104604,SKU0027,WH_B,Central,2025-01-23,2025-01-25,2,5,1
505271,104605,SKU0062,WH_B,Central,2025-01-23,2025-01-28,5,1,0
505272,104605,SKU0062,WH_B,Central,2025-01-23,2025-01-29,6,0,0
505273,104606,SKU0064,WH_A,East,2025-01-23,2025-01-27,4,1,0
505274,104607,SKU0080,WH_A,East,2025-01-24,2025-01-28,5,2,0
505275,104608,SKU0002,WH_C,West,2025-01-23,2025-01-24,1,1,1
505276,104609,SKU0023,WH_A,East,2025-01-23,2025-01-24,1,7,1
505277,104610,SKU0084,WH_B,Central,2025-01-26,2025-01-28,5,1,1
505278,104610,SKU0084,WH_B,Central,2025-01-26,2025-01-29,6,1,1
505279,104611,SKU0073,WH_A,East,2025-01-25,2025-01-27,4,1,1
505280,104612,SKU0055,WH_A,East,2025-01-23,2025-01-24,1,1,1
505281,104613,SKU0092,WH_A,East,2025-01-24,2025-01-30,7,1,0
505282,104614,SKU0073,WH_C,West,2025-01-23,2025-01-26,3,1,1
505283,104615,SKU0084,WH_C,West,2025-01-23,2025-01-30,7,1,0
505284,104616,SKU0058,WH_A,East,2025-01-25,2025-01-26,3,1,1
505285,104617,SKU0067,WH_B,Central,2025-01-24,2025-01-27,4,1,1
505286,104618,SKU0073,WH_A,East,2025-01-24,2025-01-25,2,9,1
505287,104619,SKU0015,WH_C,West,2025-01-25,2025-01-26,3,1,1
505288,104620,SKU0094,WH_A,East,2025-01-24,2025-01-25,2,1,1
505289,104621,SKU0025,WH_B,Central,2025-01-24,2025-01-29,6,6,0
505290,104622,SKU0043,WH_A,East,2025-01-23,2025-01-27,4,1,0
505291,104622,SKU0043,WH_A,East,2025-01-23,2025-01-24,1,1,1
505292,104623,SKU0038,WH_B,Central,2025-01-23,2025-01-25,2,1,1
505293,104624,SKU0092,WH_C,West,2025-01-23,2025-01-29,6,1,0
505294,104625,SKU0032,WH_B,Central,2025-01-23,2025-01-25,2,3,1
505295,104626,SKU0089,WH_B,Central,2025-01-24,2025-01-25,2,1,1
505296,104627,SKU0069,WH_B,Central,2025-01-25,2025-01-26,3,15,1
505297,104628,SKU0083,WH_A,East,2025-01-25,2025-01-26,3,9,1
505298,104628,SKU0083,WH_A,East,2025-01-23,2025-01-29,6,1,0
505299,104629,SKU0040,WH_A,East,2025-01-24,2025-01-26,3,1,1
505300,104630,SKU0077,WH_A,East,2025-01-24,2025-01-25,1,5,1
505301,104631,SKU0089,WH_C,West,2025-01-25,2025-01-27,3,1,1
505302,104632,SKU0063,WH_B,Central,2025-01-24,2025-01-25,1,1,1
505303,104633,SKU0030,WH_B,Central,2025-01-26,2025-01-31,7,4,0
505304,104634,SKU0100,WH_A,East,2025-01-24,2025-01-27,3,1,1
505305,104635,SKU0019,WH_C,West,2025-01-24,2025-01-28,4,1,0
505306,104636,SKU0076,WH_C,West,2025-01-24,2025-01-27,3,2,1
505307,104637,SKU0079,WH_A,East,2025-01-25,2025-01-26,2,1,1
505308,104638,SKU0053,WH_A,East,2025-01-25,2025-01-26,2,3,1
505309,104639,SKU0075,WH_B,Central,2025-01-24,2025-01-26,2,1,1
505310,104640,SKU0013,WH_B,Central,2025-01-27,2025-02-01,8,3,0
505311,104641,SKU0064,WH_C,West,2025-01-26,2025-01-30,6,1,0
505312,104642,SKU0038,WH_C,West,2025-01-24,2025-01-26,2,1,1
505313,104642,SKU0038,WH_C,West,2025-01-26,2025-01-27,3,1,1
505314,104643,SKU0014,WH_B,Central,2025-01-28,2025-01-30,6,1,1
505315,104644,SKU0069,WH_B,Central,2025-01-25,2025-01-26,2,5,1
505316,104645,SKU0039,WH_C,West,2025-01-24,2025-01-27,3,4,1
505317,104646,SKU0085,WH_C,West,2025-01-24,2025-01-25,1,2,1
505318,104647,SKU0073,WH_C,West,2025-01-24,2025-01-26,2,1,1
505319,104648,SKU0087,WH_C,West,2025-01-25,2025-01-27,3,1,1
505320,104649,SKU0068,WH_B,Central,2025-01-24,2025-01-26,2,3,1
505321,104650,SKU0064,WH_C,West,2025-01-24,2025-01-25,1,3,1
505322,104651,SKU0038,WH_B,Central,2025-01-25,2025-01-28,4,1,1
505323,104652,SKU0091,WH_A,East,2025-01-25,2025-01-27,3,1,1
505324,104653,SKU0054,WH_B,Central,2025-01-25,2025-01-26,2,1,1
505325,104654,SKU0084,WH_B,Central,2025-01-24,2025-01-25,1,1,1
505326,104655,SKU0067,WH_A,East,2025-01-28,2025-01-29,5,1,1
505327,104656,SKU0091,WH_B,Central,2025-01-26,2025-01-29,5,1,1
505328,104657,SKU0044,WH_A,East,2025-01-25,2025-01-27,3,1,1
505329,104658,SKU0067,WH_C,West,2025-01-25,2025-01-26,2,1,1
505330,104659,SKU0051,WH_A,East,2025-01-24,2025-01-26,2,12,1
505331,104660,SKU0047,WH_A,East,2025-01-26,2025-01-28,4,1,1
505332,104661,SKU0082,WH_B,Central,2025-01-25,2025-01-30,6,1,0
505333,104662,SKU0020,WH_C,West,2025-01-25,2025-01-27,3,1,1
505334,104663,SKU0079,WH_A,East,2025-01-26,2025-01-27,3,3,1
505335,104663,SKU0079,WH_A,East,2025-01-24,2025-01-25,1,4,1
505336,104664,SKU0091,WH_B,Central,2025-01-25,2025-01-30,6,1,0
505337,104665,SKU0028,WH_C,West,2025-01-25,2025-01-27,3,7,1
505338,104665,SKU0028,WH_C,West,2025-01-25,2025-01-28,4,3,1
505339,104666,SKU0070,WH_C,West,2025-01-25,2025-01-26,2,11,1
505340,104667,SKU0072,WH_B,Central,2025-01-24,2025-01-25,1,1,1
505341,104667,SKU0072,WH_B,Central,2025-01-25,2025-01-28,4,0,1
505342,104668,SKU0057,WH_B,Central,2025-01-25,2025-01-27,3,1,1
505343,104669,SKU0034,WH_A,East,2025-01-24,2025-01-26,2,1,1
505344,104670,SKU0025,WH_C,West,2025-01-24,2025-01-26,2,1,1
505345,104671,SKU0091,WH_B,Central,2025-01-27,2025-01-28,4,3,1
505346,104672,SKU0085,WH_A,East,2025-01-24,2025-01-28,4,6,0
505347,104672,SKU0085,WH_A,East,2025-01-24,2025-01-31,7,5,0
505348,104673,SKU0075,WH_B,Central,2025-01-26,2025-01-28,4,3,1
505349,104674,SKU0009,WH_B,Central,2025-01-25,2025-01-26,2,1,1
505350,104675,SKU0088,WH_A,East,2025-01-24,2025-01-26,2,1,1
505351,104675,SKU0088,WH_A,East,2025-01-24,2025-01-30,6,0,0
505352,104676,SKU0007,WH_A,East,2025-01-25,2025-01-28,4,3,1
505353,104677,SKU0064,WH_B,Central,2025-01-24,2025-01-27,3,1,1
505354,104678,SKU0044,WH_B,Central,2025-01-24,2025-01-26,2,6,1
505355,104679,SKU0017,WH_B,Central,2025-01-26,2025-01-28,4,1,1
505356,104680,SKU0053,WH_A,East,2025-01-24,2025-01-26,2,2,1
505357,104681,SKU0017,WH_C,West,2025-01-26,2025-01-29,5,8,1
505358,104682,SKU0068,WH_A,East,2025-01-25,2025-01-28,4,1,1
505359,104683,SKU0066,WH_B,Central,2025-01-26,2025-01-27,3,5,1
505360,104684,SKU0078,WH_C,West,2025-01-26,2025-01-30,6,2,0
505361,104685,SKU0050,WH_B,Central,2025-01-24,2025-01-26,2,5,1
505362,104686,SKU0022,WH_B,Central,2025-01-27,2025-01-31,7,1,0
505363,104687,SKU0054,WH_B,Central,2025-01-28,2025-01-30,6,2,1
505364,104688,SKU0069,WH_B,Central,2025-01-24,2025-01-25,1,3,1
505365,104688,SKU0069,WH_B,Central,2025-01-26,2025-01-28,4,6,1
505366,104689,SKU0074,WH_C,West,2025-01-24,2025-01-25,1,1,1
505367,104689,SKU0074,WH_C,West,2025-01-24,2025-01-25,1,0,1
505368,104690,SKU0084,WH_C,West,2025-01-26,2025-01-31,7,1,0
505369,104690,SKU0084,WH_C,West,2025-01-26,2025-01-27,3,0,1
505370,104691,SKU0079,WH_A,East,2025-01-24,2025-01-25,1,1,1
505371,104692,SKU0013,WH_C,West,2025-01-24,2025-01-25,1,1,1
505372,104693,SKU0065,WH_B,Central,2025-01-28,2025-02-01,8,2,0
505373,104694,SKU0029,WH_C,West,2025-01-24,2025-01-25,1,1,1
505374,104695,SKU0030,WH_A,East,2025-01-24,2025-01-27,3,4,1
505375,104696,SKU0083,WH_A,East,2025-01-25,2025-01-27,3,1,1
505376,104696,SKU0083,WH_A,East,2025-01-26,2025-01-27,3,0,1
505377,104697,SKU0086,WH_A,East,2025-01-24,2025-01-25,1,1,1
505378,104698,SKU0055,WH_C,West,2025-01-24,2025-01-26,2,4,1
505379,104699,SKU0055,WH_B,Central,2025-01-24,2025-01-26,2,2,1
505380,104700,SKU0013,WH_C,West,2025-01-25,2025-01-27,3,3,1
505381,104701,SKU0076,WH_A,East,2025-01-24,2025-01-26,2,1,1
505382,104702,SKU0061,WH_B,Central,2025-01-24,2025-01-28,4,4,0
505383,104703,SKU0083,WH_B,Central,2025-01-24,2025-01-25,1,1,1
505384,104704,SKU0026,WH_B,Central,2025-01-25,2025-01-26,2,1,1
505385,104704,SKU0026,WH_B,Central,2025-01-24,2025-01-25,1,0,1
505386,104705,SKU0084,WH_C,West,2025-01-24,2025-01-30,6,5,0
505387,104706,SKU0086,WH_C,West,2025-01-25,2025-01-26,2,3,1
505388,104707,SKU0026,WH_B,Central,2025-01-25,2025-01-27,3,1,1
505389,104708,SKU0015,WH_C,West,2025-01-24,2025-01-26,2,1,1
505390,104708,SKU0015,WH_C,West,2025-01-25,2025-01-26,2,0,1
505391,104709,SKU0070,WH_B,Central,2025-01-25,2025-01-29,5,5,0
505392,104709,SKU0070,WH_B,Central,2025-01-24,2025-01-26,2,2,1
505393,104710,SKU0046,WH_A,East,2025-01-27,2025-01-31,7,4,0
505394,104711,SKU0051,WH_B,Central,2025-01-25,2025-01-28,4,1,1
505395,104712,SKU0056,WH_B,Central,2025-01-25,2025-02-01,8,3,0
505396,104713,SKU0009,WH_C,West,2025-01-24,2025-01-27,3,1,1
505397,104714,SKU0015,WH_A,East,2025-01-24,2025-01-25,1,5,1
505398,104715,SKU0088,WH_B,Central,2025-01-25,2025-01-28,4,2,1
505399,104716,SKU0045,WH_A,East,2025-01-24,2025-01-25,1,4,1
505400,104717,SKU0087,WH_A,East,2025-01-24,2025-01-29,5,1,0
505401,104718,SKU0047,WH_B,Central,2025-01-24,2025-01-26,2,1,1
505402,104718,SKU0047,WH_B,Central,2025-01-26,2025-01-29,5,0,1
505403,104719,SKU0001,WH_C,West,2025-01-27,2025-02-01,8,12,0
505404,104720,SKU0072,WH_B,Central,2025-01-24,2025-01-26,2,2,1
505405,104721,SKU0060,WH_C,West,2025-01-25,2025-01-27,3,1,1
505406,104722,SKU0005,WH_C,West,2025-01-25,2025-01-26,2,14,1
505407,104722,SKU0005,WH_C,West,2025-01-26,2025-01-27,3,2,1
505408,104723,SKU0092,WH_C,West,2025-01-24,2025-01-25,1,3,1
505409,104724,SKU0056,WH_C,West,2025-01-25,2025-01-31,7,3,0
505410,104725,SKU0003,WH_A,East,2025-01-24,2025-01-26,2,2,1
505411,104726,SKU0025,WH_C,West,2025-01-24,2025-01-26,2,1,1
505412,104727,SKU0059,WH_B,Central,2025-01-26,2025-01-31,7,1,0
505413,104728,SKU0032,WH_A,East,2025-01-25,2025-01-28,4,1,1
505414,104729,SKU0032,WH_A,East,2025-01-24,2025-01-26,2,1,1
505415,104729,SKU0032,WH_A,East,2025-01-25,2025-01-26,2,0,1
505416,104730,SKU0093,WH_A,East,2025-01-26,2025-01-29,5,4,1
505417,104731,SKU0024,WH_A,East,2025-01-25,2025-01-26,2,2,1
505418,104732,SKU0098,WH_C,West,2025-01-24,2025-01-27,3,1,1
505419,104733,SKU0026,WH_A,East,2025-01-25,2025-01-27,3,1,1
505420,104734,SKU0041,WH_C,West,2025-01-24,2025-01-26,2,3,1
505421,104735,SKU0037,WH_A,East,2025-01-25,2025-01-28,4,1,1
505422,104735,SKU0037,WH_A,East,2025-01-25,2025-01-28,4,0,1
505423,104736,SKU0081,WH_A,East,2025-01-26,2025-01-30,6,1,0
505424,104737,SKU0025,WH_A,East,2025-01-24,2025-01-25,1,1,1
505425,104738,SKU0099,WH_B,Central,2025-01-24,2025-01-26,2,3,1
505426,104739,SKU0008,WH_C,West,2025-01-24,2025-01-26,2,1,1
505427,104740,SKU0076,WH_C,West,2025-01-24,2025-01-27,3,1,1
505428,104740,SKU0076,WH_C,West,2025-01-24,2025-01-25,1,2,1
505429,104741,SKU0009,WH_B,Central,2025-01-26,2025-01-27,3,1,1
505430,104742,SKU0041,WH_A,East,2025-01-27,2025-01-29,5,9,1
505431,104743,SKU0020,WH_A,East,2025-01-24,2025-01-25,1,4,1
505432,104744,SKU0052,WH_C,West,2025-01-25,2025-01-26,2,1,1
505433,104745,SKU0051,WH_A,East,2025-01-26,2025-01-29,5,1,1
505434,104745,SKU0051,WH_A,East,2025-01-25,2025-01-30,6,0,0
505435,104746,SKU0006,WH_C,West,2025-01-24,2025-01-28,4,1,0
505436,104747,SKU0027,WH_A,East,2025-01-26,2025-01-28,4,2,1
505437,104748,SKU0090,WH_A,East,2025-01-24,2025-01-26,2,6,1
505438,104749,SKU0066,WH_A,East,2025-01-27,2025-01-28,4,2,1
505439,104750,SKU0057,WH_B,Central,2025-01-24,2025-01-26,2,1,1
505440,104751,SKU0024,WH_A,East,2025-01-25,2025-01-26,2,2,1
505441,104752,SKU0002,WH_B,Central,2025-01-26,2025-01-31,7,1,0
505442,104753,SKU0044,WH_B,Central,2025-01-24,2025-01-30,6,1,0
505443,104754,SKU0081,WH_C,West,2025-01-24,2025-01-25,1,4,1
505444,104754,SKU0081,WH_C,West,2025-01-24,2025-01-26,2,2,1
505445,104755,SKU0048,WH_B,Central,2025-01-27,2025-01-28,4,2,1
505446,104756,SKU0010,WH_C,West,2025-01-25,2025-01-26,2,1,1
505447,104756,SKU0010,WH_C,West,2025-01-24,2025-01-31,7,4,0
505448,104757,SKU0027,WH_A,East,2025-01-25,2025-01-28,4,6,1
505449,104758,SKU0035,WH_A,East,2025-01-25,2025-01-26,2,8,1
505450,104759,SKU0086,WH_B,Central,2025-01-24,2025-01-26,2,1,1
505451,104760,SKU0044,WH_C,West,2025-01-28,2025-01-31,7,8,1
505452,104761,SKU0007,WH_C,West,2025-01-24,2025-01-26,2,1,1
505453,104762,SKU0022,WH_C,West,2025-01-27,2025-01-28,4,1,1
505454,104763,SKU0058,WH_C,West,2025-01-24,2025-01-26,2,1,1
505455,104763,SKU0058,WH_C,West,2025-01-26,2025-01-29,5,0,1
505456,104764,SKU0020,WH_B,Central,2025-01-25,2025-01-26,2,4,1
505457,104765,SKU0076,WH_C,West,2025-01-24,2025-01-25,1,5,1
505458,104766,SKU0028,WH_C,West,2025-01-27,2025-02-01,8,1,0
505459,104767,SKU0038,WH_A,East,2025-01-24,2025-01-25,1,5,1
505460,104768,SKU0016,WH_C,West,2025-01-26,2025-01-28,4,5,1
505461,104769,SKU0064,WH_B,Central,2025-01-24,2025-01-25,1,1,1
505462,104770,SKU0010,WH_C,West,2025-01-25,2025-01-31,7,1,0
505463,104771,SKU0015,WH_B,Central,2025-01-24,2025-01-25,1,1,1
505464,104772,SKU0005,WH_A,East,2025-01-24,2025-01-25,1,6,1
505465,104773,SKU0066,WH_A,East,2025-01-26,2025-01-27,3,1,1
505466,104773,SKU0066,WH_A,East,2025-01-24,2025-01-26,2,0,1
505467,104774,SKU0018,WH_C,West,2025-01-24,2025-01-25,1,2,1
505468,104775,SKU0100,WH_C,West,2025-01-24,2025-01-27,3,5,1
505469,104776,SKU0098,WH_A,East,2025-01-24,2025-01-30,6,1,0
505470,104777,SKU0052,WH_C,West,2025-01-24,2025-01-29,5,4,0
505471,104778,SKU0072,WH_C,West,2025-01-24,2025-01-26,2,1,1
505472,104779,SKU0057,WH_B,Central,2025-01-27,2025-01-30,6,1,1
505473,104780,SKU0016,WH_A,East,2025-01-24,2025-01-26,2,1,1
505474,104781,SKU0005,WH_B,Central,2025-01-24,2025-01-25,1,11,1
505475,104782,SKU0100,WH_C,West,2025-01-26,2025-01-29,5,10,1
505476,104783,SKU0024,WH_C,West,2025-01-24,2025-01-25,1,5,1
505477,104784,SKU0095,WH_B,Central,2025-01-25,2025-01-26,2,1,1
505478,104785,SKU0082,WH_C,West,2025-01-24,2025-01-25,1,2,1
505479,104786,SKU0013,WH_B,Central,2025-01-25,2025-01-27,3,6,1
505480,104787,SKU0023,WH_C,West,2025-01-24,2025-01-28,4,3,0
505481,104788,SKU0043,WH_B,Central,2025-01-26,2025-01-28,4,4,1
505482,104789,SKU0079,WH_A,East,2025-01-24,2025-01-26,2,1,1
505483,104790,SKU0070,WH_C,West,2025-01-25,2025-01-26,2,2,1
505484,104791,SKU0017,WH_A,East,2025-01-25,2025-01-28,4,2,1
505485,104792,SKU0058,WH_A,East,2025-01-26,2025-01-27,3,1,1
505486,104792,SKU0058,WH_A,East,2025-01-24,2025-01-25,1,0,1
505487,104793,SKU0052,WH_C,West,2025-01-27,2025-01-28,4,1,1
505488,104794,SKU0078,WH_A,East,2025-01-25,2025-02-01,8,1,0
505489,104794,SKU0078,WH_A,East,2025-01-27,2025-01-29,5,0,1
505490,104795,SKU0003,WH_A,East,2025-01-26,2025-01-29,5,5,1
505491,104796,SKU0024,WH_B,Central,2025-01-26,2025-01-27,3,2,1
505492,104797,SKU0052,WH_C,West,2025-01-25,2025-01-27,3,4,1
505493,104798,SKU0100,WH_B,Central,2025-01-25,2025-01-28,4,1,1
505494,104799,SKU0027,WH_A,East,2025-01-24,2025-01-25,1,1,1
505495,104800,SKU0050,WH_A,East,2025-01-25,2025-01-26,2,3,1
505496,104801,SKU0046,WH_A,East,2025-01-24,2025-01-31,7,1,0
505497,104802,SKU0072,WH_B,Central,2025-01-24,2025-01-25,1,2,1
505498,104803,SKU0050,WH_C,West,2025-01-24,2025-01-26,2,12,1
505499,104804,SKU0010,WH_A,East,2025-01-26,2025-01-27,3,2,1
505500,104805,SKU0095,WH_C,West,2025-01-25,2025-01-27,3,3,1
505501,104806,SKU0024,WH_C,West,2025-01-25,2025-01-27,3,4,1
505502,104807,SKU0071,WH_B,Central,2025-01-25,2025-01-29,5,16,0
505503,104808,SKU0025,WH_A,East,2025-01-26,2025-02-02,9,1,0
505504,104809,SKU0021,WH_C,West,2025-01-25,2025-01-27,3,2,1
505505,104809,SKU0021,WH_C,West,2025-01-24,2025-01-25,1,2,1
505506,104810,SKU0025,WH_B,Central,2025-01-25,2025-01-28,3,1,1
505507,104811,SKU0072,WH_B,Central,2025-01-25,2025-01-26,1,2,1
505508,104812,SKU0047,WH_A,East,2025-01-26,2025-01-27,2,1,1
505509,104813,SKU0032,WH_B,Central,2025-01-26,2025-01-28,3,3,1
505510,104814,SKU0083,WH_A,East,2025-01-27,2025-01-29,4,3,1
505511,104815,SKU0028,WH_C,West,2025-01-25,2025-01-26,1,2,1
505512,104816,SKU0092,WH_A,East,2025-01-25,2025-01-26,1,1,1
505513,104817,SKU0026,WH_A,East,2025-01-26,2025-01-28,3,5,1
505514,104818,SKU0045,WH_B,Central,2025-01-26,2025-01-28,3,3,1
505515,104819,SKU0076,WH_B,Central,2025-01-25,2025-01-30,5,2,0
505516,104819,SKU0076,WH_B,Central,2025-01-27,2025-01-28,3,6,1
505517,104820,SKU0017,WH_B,Central,2025-01-25,2025-01-26,1,3,1
505518,104821,SKU0054,WH_A,East,2025-01-26,2025-01-27,2,1,1
505519,104822,SKU0066,WH_A,East,2025-01-26,2025-01-27,2,2,1
505520,104823,SKU0039,WH_A,East,2025-01-25,2025-01-26,1,2,1
505521,104824,SKU0092,WH_B,Central,2025-01-29,2025-01-30,5,1,1
505522,104825,SKU0038,WH_B,Central,2025-01-27,2025-01-31,6,5,0
505523,104826,SKU0001,WH_B,Central,2025-01-25,2025-01-27,2,3,1
505524,104827,SKU0086,WH_A,East,2025-01-27,2025-01-30,5,1,1
505525,104828,SKU0087,WH_C,West,2025-01-25,2025-01-31,6,5,0
505526,104829,SKU0090,WH_B,Central,2025-01-25,2025-01-26,1,1,1
505527,104830,SKU0044,WH_A,East,2025-01-25,2025-01-28,3,11,1
505528,104831,SKU0098,WH_A,East,2025-01-25,2025-01-29,4,1,0
505529,104831,SKU0098,WH_A,East,2025-01-25,2025-01-27,2,0,1
505530,104832,SKU0091,WH_C,West,2025-01-27,2025-01-31,6,6,0
505531,104833,SKU0026,WH_C,West,2025-01-25,2025-01-27,2,1,1
505532,104834,SKU0020,WH_C,West,2025-01-26,2025-01-29,4,1,1
505533,104835,SKU0056,WH_A,East,2025-01-26,2025-01-30,5,1,0
505534,104836,SKU0052,WH_A,East,2025-01-27,2025-01-31,6,1,0
505535,104837,SKU0035,WH_A,East,2025-01-25,2025-01-26,1,4,1
505536,104838,SKU0035,WH_A,East,2025-01-25,2025-01-29,4,1,0
505537,104839,SKU0053,WH_B,Central,2025-01-25,2025-01-26,1,2,1
505538,104840,SKU0082,WH_A,East,2025-01-28,2025-01-29,4,8,1
505539,104841,SKU0035,WH_A,East,2025-01-25,2025-01-30,5,2,0
505540,104842,SKU0026,WH_A,East,2025-01-25,2025-01-30,5,1,0
505541,104843,SKU0010,WH_B,Central,2025-01-25,2025-01-27,2,11,1
505542,104844,SKU0022,WH_A,East,2025-01-25,2025-01-30,5,2,0
505543,104845,SKU0001,WH_B,Central,2025-01-26,2025-01-27,2,1,1
505544,104846,SKU0030,WH_C,West,2025-01-26,2025-01-27,2,1,1
505545,104847,SKU0039,WH_A,East,2025-01-26,2025-01-27,2,6,1
505546,104848,SKU0076,WH_A,East,2025-01-27,2025-01-29,4,1,1
505547,104849,SKU0058,WH_B,Central,2025-01-28,2025-01-30,5,1,1
505548,104850,SKU0027,WH_C,West,2025-01-26,2025-01-29,4,3,1
505549,104851,SKU0067,WH_C,West,2025-01-26,2025-01-27,2,6,1
505550,104852,SKU0028,WH_B,Central,2025-01-26,2025-01-29,4,6,1
505551,104853,SKU0058,WH_B,Central,2025-01-25,2025-01-26,1,4,1
505552,104854,SKU0032,WH_A,East,2025-01-25,2025-01-28,3,1,1
505553,104854,SKU0032,WH_A,East,2025-01-25,2025-01-26,1,0,1
505554,104855,SKU0056,WH_C,West,2025-01-25,2025-01-26,1,2,1
505555,104856,SKU0045,WH_A,East,2025-01-25,2025-01-29,4,1,0
505556,104857,SKU0081,WH_B,Central,2025-01-25,2025-01-27,2,1,1
505557,104858,SKU0072,WH_C,West,2025-01-27,2025-02-02,8,1,0
505558,104859,SKU0075,WH_C,West,2025-01-26,2025-02-01,7,2,0
505559,104859,SKU0075,WH_C,West,2025-01-25,2025-01-28,3,1,1
505560,104860,SKU0003,WH_B,Central,2025-01-28,2025-01-29,4,1,1
505561,104861,SKU0018,WH_C,West,2025-01-25,2025-01-28,3,1,1
505562,104861,SKU0018,WH_C,West,2025-01-25,2025-01-26,1,0,1
505563,104862,SKU0001,WH_C,West,2025-01-27,2025-01-28,3,1,1
505564,104863,SKU0094,WH_A,East,2025-01-25,2025-01-30,5,1,0
505565,104863,SKU0094,WH_A,East,2025-01-25,2025-01-30,5,0,0
505566,104864,SKU0031,WH_B,Central,2025-01-25,2025-01-30,5,1,0
505567,104865,SKU0045,WH_C,West,2025-01-27,2025-01-29,4,1,1
505568,104866,SKU0026,WH_C,West,2025-01-28,2025-01-30,5,1,1
505569,104867,SKU0055,WH_B,Central,2025-01-25,2025-01-27,2,1,1
505570,104868,SKU0029,WH_A,East,2025-01-25,2025-01-29,4,2,0
505571,104869,SKU0097,WH_B,Central,2025-01-25,2025-01-26,1,1,1
505572,104870,SKU0035,WH_C,West,2025-01-26,2025-01-28,3,1,1
505573,104870,SKU0035,WH_C,West,2025-01-26,2025-01-28,3,2,1
505574,104871,SKU0088,WH_C,West,2025-01-26,2025-01-27,2,2,1
505575,104872,SKU0068,WH_A,East,2025-01-27,2025-01-29,4,2,1
505576,104873,SKU0076,WH_B,Central,2025-01-25,2025-01-26,1,1,1
505577,104873,SKU0076,WH_B,Central,2025-01-26,2025-01-28,3,3,1
505578,104874,SKU0073,WH_C,West,2025-01-28,2025-01-29,4,2,1
505579,104875,SKU0056,WH_A,East,2025-01-27,2025-01-30,5,11,1
505580,104876,SKU0018,WH_C,West,2025-01-25,2025-01-29,4,1,0
505581,104877,SKU0065,WH_C,West,2025-01-27,2025-01-30,5,6,1
505582,104878,SKU0060,WH_B,Central,2025-01-25,2025-01-26,1,1,1
505583,104879,SKU0019,WH_C,West,2025-01-26,2025-01-27,2,1,1
505584,104880,SKU0059,WH_A,East,2025-01-26,2025-01-28,3,11,1
505585,104881,SKU0018,WH_A,East,2025-01-26,2025-01-28,3,4,1
505586,104882,SKU0065,WH_C,West,2025-01-25,2025-01-26,1,4,1
505587,104883,SKU0028,WH_A,East,2025-01-26,2025-01-28,3,2,1
505588,104884,SKU0064,WH_C,West,2025-01-25,2025-01-26,1,4,1
505589,104885,SKU0050,WH_A,East,2025-01-25,2025-01-27,2,3,1
505590,104886,SKU0005,WH_A,East,2025-01-26,2025-01-27,2,1,1
505591,104887,SKU0087,WH_B,Central,2025-01-26,2025-01-28,3,1,1
505592,104888,SKU0059,WH_C,West,2025-01-26,2025-01-31,6,1,0
505593,104889,SKU0002,WH_A,East,2025-01-25,2025-01-26,1,16,1
505594,104890,SKU0003,WH_C,West,2025-01-26,2025-02-01,7,1,0
505595,104891,SKU0092,WH_A,East,2025-01-25,2025-01-26,1,1,1
505596,104892,SKU0060,WH_C,West,2025-01-28,2025-01-30,5,1,1
505597,104893,SKU0014,WH_B,Central,2025-01-25,2025-01-27,2,9,1
505598,104894,SKU0047,WH_C,West,2025-01-25,2025-01-28,3,6,1
505599,104895,SKU0058,WH_B,Central,2025-01-26,2025-02-01,7,1,0
505600,104896,SKU0053,WH_A,East,2025-01-25,2025-01-27,2,3,1
505601,104897,SKU0062,WH_C,West,2025-01-26,2025-01-31,6,1,0
505602,104898,SKU0067,WH_C,West,2025-01-25,2025-01-28,3,1,1
505603,104899,SKU0017,WH_C,West,2025-01-26,2025-01-28,3,3,1
505604,104900,SKU0024,WH_C,West,2025-01-27,2025-01-29,4,1,1
505605,104901,SKU0030,WH_B,Central,2025-01-26,2025-01-28,3,1,1
505606,104902,SKU0086,WH_B,Central,2025-01-25,2025-01-26,1,4,1
505607,104902,SKU0086,WH_B,Central,2025-01-25,2025-01-28,3,6,1
505608,104903,SKU0065,WH_A,East,2025-01-25,2025-01-28,3,3,1
505609,104904,SKU0049,WH_B,Central,2025-01-25,2025-01-27,2,1,1
505610,104905,SKU0050,WH_C,West,2025-01-25,2025-01-26,1,1,1
505611,104906,SKU0005,WH_B,Central,2025-01-25,2025-01-30,5,2,0
505612,104907,SKU0033,WH_A,East,2025-01-25,2025-01-26,1,1,1
505613,104908,SKU0002,WH_B,Central,2025-01-27,2025-01-29,4,1,1
505614,104909,SKU0100,WH_C,West,2025-01-26,2025-01-31,6,1,0
505615,104910,SKU0037,WH_B,Central,2025-01-26,2025-01-29,4,4,1
505616,104911,SKU0096,WH_A,East,2025-01-25,2025-01-28,3,1,1
505617,104912,SKU0033,WH_C,West,2025-01-28,2025-02-02,8,1,0
505618,104912,SKU0033,WH_C,West,2025-01-26,2025-01-27,2,0,1
505619,104913,SKU0009,WH_A,East,2025-01-28,2025-01-29,4,2,1
505620,104914,SKU0065,WH_B,Central,2025-01-25,2025-01-26,1,1,1
505621,104915,SKU0092,WH_C,West,2025-01-25,2025-01-28,3,1,1
505622,104916,SKU0003,WH_B,Central,2025-01-25,2025-01-26,1,4,1
505623,104917,SKU0063,WH_B,Central,2025-01-25,2025-01-27,2,2,1
505624,104918,SKU0069,WH_B,Central,2025-01-26,2025-01-28,3,3,1
505625,104919,SKU0092,WH_A,East,2025-01-26,2025-01-29,4,3,1
505626,104920,SKU0045,WH_B,Central,2025-01-25,2025-01-28,3,1,1
505627,104921,SKU0059,WH_A,East,2025-01-26,2025-01-27,2,1,1
505628,104922,SKU0041,WH_C,West,2025-01-25,2025-01-26,1,1,1
505629,104922,SKU0041,WH_C,West,2025-01-25,2025-01-27,2,9,1
505630,104923,SKU0051,WH_B,Central,2025-01-25,2025-01-26,1,1,1
505631,104924,SKU0048,WH_C,West,2025-01-25,2025-01-26,1,1,1
505632,104925,SKU0062,WH_C,West,2025-01-25,2025-01-27,2,1,1
505633,104926,SKU0078,WH_C,West,2025-01-25,2025-01-29,4,4,0
505634,104927,SKU0015,WH_B,Central,2025-01-27,2025-01-30,5,1,1
505635,104928,SKU0043,WH_A,East,2025-01-25,2025-01-30,5,6,0
505636,104929,SKU0069,WH_A,East,2025-01-25,2025-01-26,1,9,1
505637,104930,SKU0023,WH_A,East,2025-01-26,2025-01-27,2,1,1
505638,104930,SKU0023,WH_A,East,2025-01-26,2025-01-29,4,0,1
505639,104931,SKU0057,WH_C,West,2025-01-25,2025-01-26,1,1,1
505640,104932,SKU0045,WH_C,West,2025-01-28,2025-01-31,6,1,1
505641,104933,SKU0043,WH_B,Central,2025-01-25,2025-01-27,2,5,1
505642,104934,SKU0034,WH_C,West,2025-01-25,2025-01-29,4,1,0
505643,104935,SKU0100,WH_C,West,2025-01-25,2025-01-29,4,1,0
505644,104936,SKU0081,WH_C,West,2025-01-28,2025-02-04,10,4,0
505645,104937,SKU0057,WH_C,West,2025-01-25,2025-01-31,6,5,0
505646,104938,SKU0034,WH_B,Central,2025-01-25,2025-01-27,2,1,1
505647,104939,SKU0089,WH_C,West,2025-01-25,2025-01-27,2,2,1
505648,104940,SKU0033,WH_B,Central,2025-01-26,2025-01-29,4,2,1
505649,104941,SKU0079,WH_A,East,2025-01-28,2025-01-30,5,1,1
505650,104942,SKU0068,WH_B,Central,2025-01-25,2025-01-27,2,1,1
505651,104942,SKU0068,WH_B,Central,2025-01-26,2025-01-28,3,0,1
505652,104943,SKU0006,WH_B,Central,2025-01-27,2025-01-28,3,1,1
505653,104944,SKU0009,WH_C,West,2025-01-26,2025-01-27,2,1,1
505654,104945,SKU0075,WH_C,West,2025-01-25,2025-01-29,4,1,0
505655,104946,SKU0093,WH_A,East,2025-01-25,2025-01-30,5,2,0
505656,104947,SKU0019,WH_B,Central,2025-01-25,2025-01-28,3,2,1
505657,104948,SKU0023,WH_B,Central,2025-01-26,2025-01-27,2,2,1
505658,104949,SKU0015,WH_B,Central,2025-01-27,2025-01-28,3,1,1
505659,104950,SKU0048,WH_A,East,2025-01-26,2025-01-31,6,1,0
505660,104951,SKU0002,WH_B,Central,2025-01-25,2025-01-27,2,3,1
505661,104952,SKU0064,WH_B,Central,2025-01-25,2025-01-26,1,7,1
505662,104953,SKU0054,WH_C,West,2025-01-25,2025-01-30,5,2,0
505663,104954,SKU0055,WH_C,West,2025-01-25,2025-01-26,1,4,1
505664,104955,SKU0043,WH_C,West,2025-01-28,2025-01-29,4,5,1
505665,104956,SKU0012,WH_B,Central,2025-01-26,2025-01-28,3,1,1
505666,104957,SKU0028,WH_A,East,2025-01-26,2025-01-27,2,1,1
505667,104958,SKU0047,WH_B,Central,2025-01-26,2025-01-31,6,1,0
505668,104959,SKU0007,WH_A,East,2025-01-25,2025-01-26,1,1,1
505669,104960,SKU0086,WH_C,West,2025-01-28,2025-01-29,4,1,1
505670,104961,SKU0012,WH_C,West,2025-01-25,2025-01-26,1,7,1
505671,104961,SKU0012,WH_C,West,2025-01-25,2025-01-27,2,4,1
505672,104962,SKU0053,WH_B,Central,2025-01-25,2025-01-26,1,1,1
505673,104963,SKU0081,WH_B,Central,2025-01-27,2025-01-30,5,3,1
505674,104964,SKU0060,WH_C,West,2025-01-25,2025-01-26,1,5,1
505675,104965,SKU0063,WH_C,West,2025-01-28,2025-02-03,9,2,0
505676,104966,SKU0039,WH_C,West,2025-01-28,2025-02-02,8,2,0
505677,104967,SKU0034,WH_B,Central,2025-01-26,2025-01-27,2,4,1
505678,104968,SKU0024,WH_B,Central,2025-01-28,2025-01-31,6,1,1
505679,104969,SKU0043,WH_B,Central,2025-01-26,2025-01-29,4,1,1
505680,104970,SKU0028,WH_A,East,2025-01-26,2025-01-28,3,1,1
505681,104971,SKU0079,WH_C,West,2025-01-25,2025-01-26,1,2,1
505682,104972,SKU0003,WH_C,West,2025-01-25,2025-01-27,2,3,1
505683,104973,SKU0001,WH_A,East,2025-01-27,2025-01-29,4,4,1
505684,104974,SKU0055,WH_C,West,2025-01-27,2025-01-28,3,2,1
505685,104975,SKU0083,WH_A,East,2025-01-28,2025-01-29,4,1,1
505686,104976,SKU0041,WH_B,Central,2025-01-26,2025-01-27,2,1,1
505687,104977,SKU0019,WH_C,West,2025-01-25,2025-01-26,1,3,1
505688,104978,SKU0024,WH_B,Central,2025-01-26,2025-01-28,3,1,1
505689,104979,SKU0078,WH_C,West,2025-01-28,2025-01-31,6,5,1
505690,104980,SKU0057,WH_C,West,2025-01-25,2025-01-27,2,1,1
505691,104981,SKU0009,WH_B,Central,2025-01-25,2025-01-27,2,2,1
505692,104982,SKU0063,WH_B,Central,2025-01-26,2025-01-27,2,3,1
505693,104983,SKU0065,WH_B,Central,2025-01-26,2025-01-28,3,2,1
505694,104984,SKU0066,WH_A,East,2025-01-25,2025-01-28,3,2,1
505695,104985,SKU0033,WH_C,West,2025-01-25,2025-01-26,1,1,1
505696,104986,SKU0060,WH_B,Central,2025-01-25,2025-01-28,3,1,1
505697,104987,SKU0088,WH_B,Central,2025-01-25,2025-01-29,4,4,0
505698,104988,SKU0056,WH_C,West,2025-01-26,2025-01-29,4,5,1
505699,104989,SKU0090,WH_C,West,2025-01-25,2025-01-26,1,1,1
505700,104990,SKU0027,WH_B,Central,2025-01-28,2025-01-29,3,3,1
505701,104991,SKU0026,WH_C,West,2025-01-26,2025-01-27,1,5,1
505702,104992,SKU0021,WH_C,West,2025-01-26,2025-01-27,1,2,1
505703,104993,SKU0029,WH_A,East,2025-01-28,2025-01-29,3,1,1
505704,104994,SKU0053,WH_B,Central,2025-01-28,2025-01-30,4,1,1
505705,104995,SKU0007,WH_C,West,2025-01-28,2025-01-31,5,1,1
505706,104996,SKU0042,WH_A,East,2025-01-26,2025-01-29,3,5,1
505707,104997,SKU0062,WH_A,East,2025-01-26,2025-01-30,4,4,0
505708,104998,SKU0054,WH_A,East,2025-01-28,2025-01-29,3,1,1
505709,104999,SKU0094,WH_C,West,2025-01-26,2025-01-28,2,1,1
505710,105000,SKU0020,WH_B,Central,2025-01-27,2025-01-28,2,1,1
505711,105001,SKU0059,WH_C,West,2025-01-26,2025-01-30,4,1,0
505712,105001,SKU0059,WH_C,West,2025-01-26,2025-01-27,1,0,1
505713,105002,SKU0039,WH_B,Central,2025-01-26,2025-01-28,2,1,1
505714,105003,SKU0002,WH_C,West,2025-01-27,2025-01-29,3,2,1
505715,105004,SKU0070,WH_C,West,2025-01-27,2025-01-30,4,1,1
505716,105005,SKU0045,WH_A,East,2025-01-28,2025-01-29,3,1,1
505717,105006,SKU0057,WH_B,Central,2025-01-26,2025-01-27,1,5,1
505718,105007,SKU0003,WH_C,West,2025-01-28,2025-01-30,4,1,1
505719,105008,SKU0028,WH_B,Central,2025-01-26,2025-01-27,1,1,1
505720,105009,SKU0007,WH_B,Central,2025-01-28,2025-01-30,4,4,1
505721,105010,SKU0006,WH_A,East,2025-01-26,2025-01-29,3,1,1
505722,105010,SKU0006,WH_A,East,2025-01-28,2025-01-30,4,0,1
505723,105011,SKU0063,WH_B,Central,2025-01-27,2025-01-29,3,4,1
505724,105012,SKU0002,WH_C,West,2025-01-27,2025-01-29,3,1,1
505725,105013,SKU0033,WH_A,East,2025-01-28,2025-01-29,3,1,1
505726,105014,SKU0084,WH_B,Central,2025-01-27,2025-01-30,4,4,1
505727,105015,SKU0033,WH_C,West,2025-01-28,2025-01-30,4,6,1
505728,105016,SKU0029,WH_A,East,2025-01-26,2025-01-27,1,1,1
505729,105016,SKU0029,WH_A,East,2025-01-28,2025-02-02,7,0,0
505730,105017,SKU0070,WH_C,West,2025-01-26,2025-01-27,1,1,1
505731,105018,SKU0020,WH_A,East,2025-01-27,2025-01-28,2,9,1
505732,105019,SKU0053,WH_C,West,2025-01-26,2025-01-27,1,1,1
505733,105020,SKU0074,WH_B,Central,2025-01-27,2025-01-31,5,1,0
505734,105021,SKU0072,WH_A,East,2025-01-26,2025-02-01,6,1,0
505735,105022,SKU0057,WH_A,East,2025-01-27,2025-02-01,6,3,0
505736,105023,SKU0092,WH_C,West,2025-01-26,2025-01-28,2,1,1
505737,105024,SKU0011,WH_A,East,2025-01-26,2025-01-28,2,1,1
505738,105025,SKU0100,WH_B,Central,2025-01-29,2025-02-02,7,2,0
505739,105026,SKU0052,WH_A,East,2025-01-27,2025-01-28,2,1,1
505740,105027,SKU0047,WH_C,West,2025-01-26,2025-01-27,1,6,1
505741,105027,SKU0047,WH_C,West,2025-01-27,2025-01-29,3,4,1
505742,105028,SKU0064,WH_B,Central,2025-01-29,2025-01-31,5,1,1
505743,105029,SKU0038,WH_C,West,2025-01-26,2025-01-31,5,6,0
505744,105029,SKU0038,WH_C,West,2025-01-27,2025-01-29,3,2,1
505745,105030,SKU0063,WH_A,East,2025-01-28,2025-02-03,8,1,0
505746,105031,SKU0006,WH_B,Central,2025-01-28,2025-02-02,7,1,0
505747,105031,SKU0006,WH_B,Central,2025-01-26,2025-01-28,2,1,1
505748,105032,SKU0004,WH_C,West,2025-01-27,2025-01-29,3,3,1
505749,105033,SKU0003,WH_B,Central,2025-01-27,2025-02-01,6,2,0
505750,105034,SKU0053,WH_B,Central,2025-01-26,2025-01-28,2,1,1
505751,105034,SKU0053,WH_B,Central,2025-01-27,2025-01-29,3,0,1
505752,105035,SKU0043,WH_A,East,2025-01-26,2025-01-29,3,4,1
505753,105035,SKU0043,WH_A,East,2025-01-29,2025-01-31,5,6,1
505754,105036,SKU0072,WH_A,East,2025-01-26,2025-01-29,3,1,1
505755,105037,SKU0092,WH_B,Central,2025-01-30,2025-01-31,5,3,1
505756,105038,SKU0009,WH_C,West,2025-01-27,2025-01-29,3,3,1
505757,105039,SKU0084,WH_B,Central,2025-01-27,2025-01-28,2,1,1
505758,105040,SKU0017,WH_B,Central,2025-01-29,2025-01-30,4,1,1
505759,105041,SKU0042,WH_C,West,2025-01-26,2025-01-27,1,4,1
505760,105042,SKU0086,WH_B,Central,2025-01-27,2025-01-30,4,5,1
505761,105043,SKU0045,WH_B,Central,2025-01-26,2025-01-27,1,2,1
505762,105044,SKU0027,WH_A,East,2025-01-26,2025-01-29,3,1,1
505763,105044,SKU0027,WH_A,East,2025-01-29,2025-01-30,4,0,1
505764,105045,SKU0039,WH_B,Central,2025-01-27,2025-01-29,3,1,1
505765,105046,SKU0070,WH_C,West,2025-01-27,2025-01-29,3,1,1
505766,105047,SKU0007,WH_C,West,2025-01-27,2025-01-29,3,2,1
505767,105048,SKU0095,WH_C,West,2025-01-28,2025-02-01,6,8,0
505768,105049,SKU0035,WH_B,Central,2025-01-30,2025-02-01,6,1,1
505769,105050,SKU0042,WH_B,Central,2025-01-26,2025-01-29,3,4,1
505770,105051,SKU0019,WH_A,East,2025-01-27,2025-02-01,6,1,0
505771,105052,SKU0088,WH_B,Central,2025-01-26,2025-01-30,4,1,0
505772,105053,SKU0080,WH_B,Central,2025-01-27,2025-01-29,3,3,1
505773,105054,SKU0067,WH_C,West,2025-01-26,2025-01-30,4,3,0
505774,105055,SKU0009,WH_B,Central,2025-01-26,2025-01-28,2,3,1
505775,105056,SKU0026,WH_C,West,2025-01-27,2025-01-28,2,1,1
505776,105057,SKU0062,WH_C,West,2025-01-27,2025-01-28,2,1,1
505777,105058,SKU0007,WH_C,West,2025-01-27,2025-01-29,3,2,1
505778,105059,SKU0071,WH_A,East,2025-01-26,2025-01-29,3,5,1
505779,105060,SKU0088,WH_C,West,2025-01-28,2025-01-29,3,1,1
505780,105061,SKU0034,WH_C,West,2025-01-27,2025-01-28,2,1,1
505781,105062,SKU0031,WH_C,West,2025-01-28,2025-02-04,9,1,0
505782,105063,SKU0043,WH_B,Central,2025-01-26,2025-01-27,1,1,1
505783,105064,SKU0093,WH_A,East,2025-01-28,2025-01-30,4,10,1
505784,105065,SKU0011,WH_B,Central,2025-01-26,2025-01-27,1,3,1
505785,105066,SKU0056,WH_C,West,2025-01-27,2025-01-29,3,5,1
505786,105067,SKU0046,WH_C,West,2025-01-26,2025-01-27,1,1,1
505787,105068,SKU0082,WH_A,East,2025-01-26,2025-01-28,2,1,1
505788,105068,SKU0082,WH_A,East,2025-01-26,2025-01-27,1,0,1
505789,105069,SKU0059,WH_C,West,2025-01-26,2025-01-31,5,1,0
505790,105069,SKU0059,WH_C,West,2025-01-26,2025-01-30,4,4,0
505791,105070,SKU0091,WH_A,East,2025-01-27,2025-01-30,4,1,1
505792,105071,SKU0091,WH_B,Central,2025-01-29,2025-01-31,5,5,1
505793,105072,SKU0041,WH_B,Central,2025-01-27,2025-01-30,4,1,1
505794,105073,SKU0016,WH_A,East,2025-01-30,2025-01-31,5,1,1
505795,105074,SKU0030,WH_A,East,2025-01-26,2025-02-02,7,7,0
505796,105075,SKU0085,WH_A,East,2025-01-26,2025-02-01,6,1,0
505797,105076,SKU0098,WH_A,East,2025-01-28,2025-01-29,3,4,1
505798,105077,SKU0059,WH_B,Central,2025-01-26,2025-01-27,1,1,1
505799,105078,SKU0041,WH_C,West,2025-01-26,2025-01-28,2,1,1
505800,105079,SKU0079,WH_A,East,2025-01-29,2025-01-31,5,1,1
505801,105080,SKU0100,WH_A,East,2025-01-26,2025-01-27,1,3,1
505802,105080,SKU0100,WH_A,East,2025-01-27,2025-01-29,3,1,1
505803,105081,SKU0076,WH_C,West,2025-01-27,2025-01-29,3,1,1
505804,105082,SKU0044,WH_A,East,2025-01-28,2025-01-31,5,5,1
505805,105083,SKU0023,WH_A,East,2025-01-26,2025-01-27,1,3,1
505806,105084,SKU0080,WH_B,Central,2025-01-26,2025-01-28,2,1,1
505807,105085,SKU0052,WH_C,West,2025-01-26,2025-01-28,2,1,1
505808,105086,SKU0057,WH_C,West,2025-01-26,2025-01-28,2,6,1
505809,105087,SKU0046,WH_C,West,2025-01-26,2025-01-28,2,2,1
505810,105088,SKU0042,WH_A,East,2025-01-29,2025-01-31,5,2,1
505811,105089,SKU0086,WH_B,Central,2025-01-27,2025-01-30,4,4,1
505812,105090,SKU0023,WH_A,East,2025-01-26,2025-01-27,1,1,1
505813,105091,SKU0042,WH_A,East,2025-01-30,2025-02-02,7,3,1
505814,105092,SKU0100,WH_C,West,2025-01-26,2025-01-27,1,3,1
505815,105092,SKU0100,WH_C,West,2025-01-26,2025-01-31,5,1,0
505816,105093,SKU0018,WH_B,Central,2025-01-27,2025-01-28,2,1,1
505817,105094,SKU0034,WH_A,East,2025-01-27,2025-01-28,2,3,1
505818,105095,SKU0090,WH_A,East,2025-01-26,2025-01-27,1,1,1
505819,105096,SKU0097,WH_A,East,2025-01-26,2025-01-29,3,3,1
505820,105097,SKU0034,WH_C,West,2025-01-27,2025-01-30,4,1,1
505821,105098,SKU0094,WH_C,West,2025-01-27,2025-01-31,5,1,0
505822,105099,SKU0093,WH_C,West,2025-01-26,2025-01-27,1,2,1
505823,105100,SKU0009,WH_C,West,2025-01-26,2025-01-27,1,2,1
505824,105101,SKU0098,WH_B,Central,2025-01-26,2025-01-31,5,4,0
505825,105102,SKU0022,WH_B,Central,2025-01-26,2025-01-27,1,1,1
505826,105103,SKU0085,WH_B,Central,2025-01-26,2025-01-27,1,3,1
505827,105104,SKU0091,WH_A,East,2025-01-26,2025-01-28,2,1,1
505828,105105,SKU0033,WH_C,West,2025-01-28,2025-01-29,3,1,1
505829,105106,SKU0023,WH_A,East,2025-01-26,2025-01-30,4,4,0
505830,105107,SKU0100,WH_C,West,2025-01-26,2025-01-28,2,1,1
505831,105108,SKU0048,WH_A,East,2025-01-26,2025-01-29,3,8,1
505832,105109,SKU0079,WH_A,East,2025-01-27,2025-01-28,2,2,1
505833,105110,SKU0093,WH_C,West,2025-01-29,2025-01-31,5,2,1
505834,105111,SKU0080,WH_A,East,2025-01-27,2025-01-30,4,1,1
505835,105111,SKU0080,WH_A,East,2025-01-27,2025-01-30,4,1,1
505836,105112,SKU0012,WH_A,East,2025-01-26,2025-01-27,1,2,1
505837,105113,SKU0041,WH_C,West,2025-01-26,2025-01-27,1,2,1
505838,105114,SKU0022,WH_C,West,2025-01-30,2025-02-04,9,2,0
505839,105114,SKU0022,WH_C,West,2025-01-26,2025-01-27,1,3,1
505840,105115,SKU0018,WH_C,West,2025-01-27,2025-01-29,3,1,1
505841,105116,SKU0074,WH_C,West,2025-01-27,2025-01-29,3,1,1
505842,105117,SKU0034,WH_C,West,2025-01-27,2025-01-30,4,2,1
505843,105118,SKU0078,WH_A,East,2025-01-26,2025-01-27,1,1,1
505844,105119,SKU0094,WH_C,West,2025-01-26,2025-01-29,3,7,1
505845,105120,SKU0024,WH_A,East,2025-01-26,2025-01-31,5,1,0
505846,105121,SKU0016,WH_B,Central,2025-01-26,2025-01-28,2,2,1
505847,105122,SKU0083,WH_C,West,2025-01-26,2025-02-01,6,2,0
505848,105123,SKU0059,WH_A,East,2025-01-26,2025-01-28,2,2,1
505849,105123,SKU0059,WH_A,East,2025-01-29,2025-01-30,4,1,1
505850,105124,SKU0096,WH_B,Central,2025-01-27,2025-01-29,3,1,1
505851,105124,SKU0096,WH_B,Central,2025-01-26,2025-01-29,3,2,1
505852,105125,SKU0007,WH_B,Central,2025-01-27,2025-01-28,2,4,1
505853,105126,SKU0065,WH_A,East,2025-01-27,2025-01-29,3,1,1
505854,105127,SKU0005,WH_C,West,2025-01-26,2025-02-01,6,1,0
505855,105128,SKU0017,WH_B,Central,2025-01-27,2025-01-30,4,2,1
505856,105129,SKU0099,WH_C,West,2025-01-28,2025-01-30,4,3,1
505857,105130,SKU0052,WH_B,Central,2025-01-27,2025-01-28,2,1,1
505858,105131,SKU0010,WH_A,East,2025-01-26,2025-01-29,3,1,1
505859,105132,SKU0100,WH_C,West,2025-01-29,2025-01-30,4,2,1
505860,105133,SKU0083,WH_C,West,2025-01-27,2025-01-28,2,1,1
505861,105134,SKU0034,WH_B,Central,2025-01-26,2025-01-29,3,6,1
505862,105135,SKU0097,WH_C,West,2025-01-26,2025-01-27,1,4,1
505863,105136,SKU0009,WH_A,East,2025-01-26,2025-02-01,6,1,0
505864,105137,SKU0081,WH_B,Central,2025-01-27,2025-01-28,2,3,1
505865,105138,SKU0018,WH_B,Central,2025-01-26,2025-01-27,1,9,1
505866,105139,SKU0020,WH_C,West,2025-01-27,2025-01-30,4,1,1
505867,105140,SKU0020,WH_A,East,2025-01-30,2025-02-03,8,1,0
505868,105141,SKU0066,WH_B,Central,2025-01-27,2025-01-30,4,1,1
505869,105142,SKU0072,WH_B,Central,2025-01-27,2025-01-29,3,1,1
505870,105143,SKU0031,WH_C,West,2025-01-27,2025-01-28,2,2,1
505871,105144,SKU0071,WH_B,Central,2025-01-26,2025-02-01,6,1,0
505872,105145,SKU0089,WH_C,West,2025-01-27,2025-01-29,3,1,1
505873,105146,SKU0074,WH_C,West,2025-01-28,2025-01-31,5,4,1
505874,105147,SKU0076,WH_B,Central,2025-01-26,2025-01-28,2,13,1
505875,105148,SKU0035,WH_B,Central,2025-01-26,2025-01-27,1,6,1
505876,105149,SKU0084,WH_A,East,2025-01-30,2025-02-02,7,1,1
505877,105150,SKU0013,WH_A,East,2025-01-29,2025-02-02,7,12,0
505878,105151,SKU0023,WH_C,West,2025-01-26,2025-01-30,4,6,0
505879,105152,SKU0069,WH_B,Central,2025-01-27,2025-01-28,2,5,1
505880,105153,SKU0027,WH_B,Central,2025-01-27,2025-01-28,2,1,1
505881,105154,SKU0097,WH_B,Central,2025-01-26,2025-01-27,1,3,1
505882,105155,SKU0035,WH_C,West,2025-01-27,2025-01-29,3,5,1
505883,105156,SKU0062,WH_C,West,2025-01-26,2025-01-29,3,2,1
505884,105157,SKU0021,WH_A,East,2025-01-27,2025-01-28,2,3,1
505885,105157,SKU0021,WH_A,East,2025-01-29,2025-02-01,6,1,1
505886,105158,SKU0094,WH_A,East,2025-01-28,2025-01-29,3,4,1
505887,105159,SKU0098,WH_A,East,2025-01-29,2025-02-05,10,1,0
505888,105160,SKU0097,WH_B,Central,2025-01-27,2025-02-03,8,2,0
505889,105161,SKU0041,WH_B,Central,2025-01-27,2025-01-28,2,7,1
505890,105162,SKU0023,WH_A,East,2025-01-28,2025-01-30,4,13,1
505891,105163,SKU0074,WH_C,West,2025-01-26,2025-01-27,1,3,1
505892,105164,SKU0086,WH_C,West,2025-01-27,2025-01-30,4,1,1
505893,105165,SKU0092,WH_C,West,2025-01-28,2025-01-30,4,2,1
505894,105165,SKU0092,WH_C,West,2025-01-26,2025-01-28,2,1,1
505895,105166,SKU0063,WH_B,Central,2025-01-26,2025-01-29,3,1,1
505896,105166,SKU0063,WH_B,Central,2025-01-27,2025-02-02,7,0,0
505897,105167,SKU0075,WH_C,West,2025-01-27,2025-01-30,4,4,1
505898,105168,SKU0007,WH_A,East,2025-01-28,2025-02-02,7,1,0
505899,105169,SKU0096,WH_B,Central,2025-01-26,2025-01-28,2,1,1
505900,105170,SKU0045,WH_C,West,2025-01-30,2025-02-05,9,2,0
505901,105171,SKU0084,WH_C,West,2025-01-27,2025-01-29,2,8,1
505902,105172,SKU0094,WH_B,Central,2025-01-27,2025-01-30,3,1,1
505903,105173,SKU0073,WH_B,Central,2025-01-29,2025-01-31,4,1,1
505904,105174,SKU0048,WH_B,Central,2025-01-28,2025-02-01,5,2,0
505905,105174,SKU0048,WH_B,Central,2025-01-28,2025-01-29,2,1,1
505906,105175,SKU0013,WH_B,Central,2025-01-28,2025-01-29,2,1,1
505907,105176,SKU0072,WH_C,West,2025-01-28,2025-01-29,2,1,1
505908,105177,SKU0073,WH_A,East,2025-01-27,2025-01-28,1,4,1
505909,105178,SKU0093,WH_C,West,2025-01-27,2025-02-03,7,11,0
505910,105179,SKU0087,WH_A,East,2025-01-27,2025-02-02,6,4,0
505911,105180,SKU0005,WH_A,East,2025-01-27,2025-02-02,6,7,0
505912,105181,SKU0087,WH_A,East,2025-01-30,2025-01-31,4,4,1
505913,105182,SKU0069,WH_A,East,2025-01-29,2025-01-31,4,1,1
505914,105183,SKU0004,WH_C,West,2025-01-28,2025-01-31,4,6,1
505915,105184,SKU0019,WH_C,West,2025-01-27,2025-01-30,3,1,1
505916,105185,SKU0032,WH_B,Central,2025-01-27,2025-01-30,3,1,1
505917,105186,SKU0039,WH_B,Central,2025-01-28,2025-01-31,4,1,1
505918,105187,SKU0082,WH_C,West,2025-01-28,2025-02-01,5,2,0
505919,105188,SKU0009,WH_A,East,2025-01-29,2025-01-31,4,5,1
505920,105189,SKU0085,WH_B,Central,2025-01-27,2025-01-28,1,1,1
505921,105190,SKU0048,WH_B,Central,2025-01-29,2025-02-04,8,1,0
505922,105191,SKU0014,WH_C,West,2025-01-27,2025-01-29,2,1,1
505923,105192,SKU0078,WH_A,East,2025-01-28,2025-01-30,3,1,1
505924,105193,SKU0058,WH_A,East,2025-01-29,2025-01-30,3,3,1
505925,105194,SKU0061,WH_A,East,2025-01-29,2025-01-30,3,1,1
505926,105195,SKU0079,WH_A,East,2025-01-27,2025-01-28,1,6,1
505927,105196,SKU0027,WH_B,Central,2025-01-30,2025-01-31,4,8,1
505928,105196,SKU0027,WH_B,Central,2025-01-27,2025-02-01,5,12,0
505929,105197,SKU0087,WH_A,East,2025-01-28,2025-02-02,6,1,0
505930,105198,SKU0078,WH_B,Central,2025-01-28,2025-01-29,2,1,1
505931,105199,SKU0082,WH_C,West,2025-01-27,2025-01-28,1,1,1
505932,105200,SKU0036,WH_B,Central,2025-01-27,2025-01-29,2,2,1
505933,105201,SKU0040,WH_A,East,2025-01-29,2025-01-30,3,1,1
505934,105201,SKU0040,WH_A,East,2025-01-27,2025-02-01,5,0,0
505935,105202,SKU0058,WH_C,West,2025-01-28,2025-01-30,3,1,1
505936,105203,SKU0096,WH_B,Central,2025-01-30,2025-02-02,6,7,1
505937,105204,SKU0011,WH_B,Central,2025-01-29,2025-02-01,5,1,1
505938,105205,SKU0077,WH_A,East,2025-01-28,2025-01-31,4,1,1
505939,105206,SKU0066,WH_A,East,2025-01-28,2025-01-30,3,1,1
505940,105207,SKU0069,WH_A,East,2025-01-27,2025-01-28,1,1,1
505941,105208,SKU0027,WH_C,West,2025-01-27,2025-01-29,2,2,1
505942,105209,SKU0098,WH_C,West,2025-01-28,2025-01-31,4,8,1
505943,105210,SKU0095,WH_B,Central,2025-01-29,2025-02-01,5,1,1
505944,105211,SKU0073,WH_A,East,2025-01-27,2025-01-28,1,1,1
505945,105211,SKU0073,WH_A,East,2025-01-27,2025-02-01,5,2,0
505946,105212,SKU0081,WH_B,Central,2025-01-28,2025-02-01,5,4,0
505947,105213,SKU0095,WH_B,Central,2025-01-27,2025-01-30,3,6,1
505948,105214,SKU0015,WH_A,East,2025-01-28,2025-02-01,5,1,0
505949,105215,SKU0072,WH_C,West,2025-01-28,2025-01-31,4,1,1
505950,105216,SKU0064,WH_C,West,2025-01-30,2025-02-05,9,1,0
505951,105217,SKU0028,WH_C,West,2025-01-27,2025-01-29,2,4,1
505952,105218,SKU0067,WH_A,East,2025-01-27,2025-02-01,5,1,0
505953,105219,SKU0031,WH_B,Central,2025-01-30,2025-02-01,5,1,1
505954,105220,SKU0067,WH_C,West,2025-01-30,2025-02-02,6,1,1
505955,105221,SKU0080,WH_C,West,2025-01-28,2025-01-30,3,7,1
505956,105222,SKU0031,WH_A,East,2025-01-27,2025-02-02,6,1,0
505957,105223,SKU0070,WH_A,East,2025-01-27,2025-01-31,4,1,0
505958,105224,SKU0063,WH_B,Central,2025-01-27,2025-01-30,3,5,1
505959,105225,SKU0063,WH_B,Central,2025-01-27,2025-01-29,2,1,1
505960,105226,SKU0026,WH_B,Central,2025-01-30,2025-02-01,5,6,1
505961,105227,SKU0006,WH_A,East,2025-01-27,2025-01-30,3,2,1
505962,105227,SKU0006,WH_A,East,2025-01-27,2025-01-29,2,2,1
505963,105228,SKU0021,WH_B,Central,2025-01-28,2025-02-04,8,3,0
505964,105229,SKU0027,WH_C,West,2025-01-29,2025-01-30,3,1,1
505965,105230,SKU0013,WH_B,Central,2025-01-28,2025-01-30,3,4,1
505966,105231,SKU0029,WH_B,Central,2025-01-27,2025-01-31,4,1,0
505967,105232,SKU0095,WH_A,East,2025-01-27,2025-01-28,1,1,1
505968,105233,SKU0074,WH_B,Central,2025-01-27,2025-02-02,6,5,0
505969,105234,SKU0027,WH_C,West,2025-01-28,2025-01-29,2,1,1
505970,105234,SKU0027,WH_C,West,2025-01-27,2025-01-28,1,0,1
505971,105235,SKU0096,WH_C,West,2025-01-27,2025-02-01,5,2,0
505972,105236,SKU0090,WH_C,West,2025-01-29,2025-02-05,9,3,0
505973,105236,SKU0090,WH_C,West,2025-01-27,2025-01-30,3,2,1
505974,105237,SKU0078,WH_C,West,2025-01-27,2025-01-29,2,1,1
505975,105237,SKU0078,WH_C,West,2025-01-29,2025-01-30,3,0,1
505976,105238,SKU0045,WH_C,West,2025-01-27,2025-01-29,2,5,1
505977,105239,SKU0002,WH_B,Central,2025-01-28,2025-01-29,2,4,1
505978,105240,SKU0047,WH_B,Central,2025-01-27,2025-01-30,3,3,1
505979,105241,SKU0067,WH_A,East,2025-01-28,2025-01-31,4,1,1
505980,105242,SKU0063,WH_C,West,2025-01-27,2025-01-28,1,2,1
505981,105243,SKU0057,WH_A,East,2025-01-29,2025-01-30,3,1,1
505982,105244,SKU0062,WH_C,West,2025-01-27,2025-01-29,2,1,1
505983,105245,SKU0026,WH_B,Central,2025-01-27,2025-01-29,2,1,1
505984,105246,SKU0017,WH_C,West,2025-01-29,2025-01-30,3,10,1
505985,105247,SKU0035,WH_C,West,2025-01-28,2025-01-29,2,1,1
505986,105248,SKU0022,WH_A,East,2025-01-31,2025-02-01,5,1,1
505987,105248,SKU0022,WH_A,East,2025-01-27,2025-01-28,1,0,1
505988,105249,SKU0060,WH_C,West,2025-01-27,2025-01-29,2,4,1
505989,105249,SKU0060,WH_C,West,2025-01-28,2025-01-30,3,6,1
505990,105250,SKU0079,WH_B,Central,2025-01-29,2025-01-31,4,3,1
505991,105250,SKU0079,WH_B,Central,2025-01-28,2025-01-29,2,2,1
505992,105251,SKU0020,WH_C,West,2025-01-28,2025-02-02,6,3,0
505993,105252,SKU0052,WH_C,West,2025-01-30,2025-02-02,6,3,1
505994,105252,SKU0052,WH_C,West,2025-01-30,2025-02-02,6,3,1
505995,105253,SKU0083,WH_B,Central,2025-01-30,2025-02-04,8,6,0
505996,105254,SKU0073,WH_C,West,2025-01-27,2025-01-29,2,1,1
505997,105255,SKU0073,WH_A,East,2025-01-27,2025-01-28,1,1,1
505998,105256,SKU0024,WH_B,Central,2025-01-27,2025-01-28,1,5,1
505999,105257,SKU0054,WH_C,West,2025-01-27,2025-01-29,2,1,1
506000,105258,SKU0034,WH_B,Central,2025-01-27,2025-02-01,5,1,0
506001,105259,SKU0040,WH_A,East,2025-01-29,2025-02-04,8,7,0
506002,105260,SKU0010,WH_A,East,2025-01-29,2025-02-01,5,1,1
506003,105260,SKU0010,WH_A,East,2025-01-28,2025-01-29,2,0,1
506004,105261,SKU0042,WH_B,Central,2025-01-27,2025-01-30,3,7,1
506005,105262,SKU0051,WH_B,Central,2025-01-27,2025-01-28,1,2,1
506006,105263,SKU0099,WH_B,Central,2025-01-27,2025-01-28,1,4,1
506007,105264,SKU0008,WH_C,West,2025-01-27,2025-01-31,4,2,0
506008,105265,SKU0071,WH_B,Central,2025-01-28,2025-01-29,2,1,1
506009,105266,SKU0017,WH_B,Central,2025-01-27,2025-01-28,1,1,1
506010,105267,SKU0072,WH_A,East,2025-01-27,2025-01-28,1,6,1
506011,105267,SKU0072,WH_A,East,2025-01-28,2025-01-31,4,1,1
506012,105268,SKU0082,WH_C,West,2025-01-27,2025-01-30,3,2,1
506013,105269,SKU0096,WH_A,East,2025-01-28,2025-02-03,7,1,0
506014,105270,SKU0088,WH_B,Central,2025-01-28,2025-01-30,3,4,1
506015,105271,SKU0083,WH_B,Central,2025-01-28,2025-01-29,2,10,1
506016,105272,SKU0071,WH_C,West,2025-01-29,2025-01-31,4,24,1
506017,105273,SKU0060,WH_B,Central,2025-01-28,2025-01-30,3,1,1
506018,105273,SKU0060,WH_B,Central,2025-01-27,2025-01-31,4,1,0
506019,105274,SKU0021,WH_A,East,2025-01-29,2025-01-30,3,2,1
506020,105275,SKU0030,WH_B,Central,2025-01-27,2025-01-28,1,1,1
506021,105276,SKU0022,WH_B,Central,2025-01-27,2025-01-28,1,1,1
506022,105277,SKU0033,WH_A,East,2025-01-29,2025-01-31,4,1,1
506023,105278,SKU0080,WH_A,East,2025-01-28,2025-02-03,7,1,0
506024,105279,SKU0066,WH_A,East,2025-01-28,2025-01-29,2,1,1
506025,105279,SKU0066,WH_A,East,2025-01-27,2025-01-28,1,1,1
506026,105280,SKU0091,WH_C,West,2025-01-27,2025-01-31,4,1,0
506027,105280,SKU0091,WH_C,West,2025-01-28,2025-01-29,2,2,1
506028,105281,SKU0080,WH_B,Central,2025-01-28,2025-01-29,2,1,1
506029,105281,SKU0080,WH_B,Central,2025-01-27,2025-01-28,1,0,1
506030,105282,SKU0051,WH_B,Central,2025-01-29,2025-01-31,4,1,1
506031,105283,SKU0021,WH_A,East,2025-01-29,2025-02-01,5,1,1
506032,105284,SKU0006,WH_B,Central,2025-01-28,2025-02-01,5,1,0
506033,105284,SKU0006,WH_B,Central,2025-01-27,2025-01-31,4,0,0
506034,105285,SKU0061,WH_A,East,2025-01-27,2025-02-03,7,1,0
506035,105286,SKU0058,WH_B,Central,2025-01-29,2025-02-05,9,2,0
506036,105287,SKU0024,WH_C,West,2025-01-30,2025-02-01,5,1,1
506037,105288,SKU0071,WH_B,Central,2025-01-30,2025-01-31,4,4,1
506038,105289,SKU0019,WH_C,West,2025-01-28,2025-02-01,5,1,0
506039,105290,SKU0017,WH_C,West,2025-01-27,2025-01-28,1,5,1
506040,105291,SKU0031,WH_A,East,2025-01-29,2025-01-30,3,1,1
506041,105292,SKU0050,WH_B,Central,2025-01-27,2025-01-29,2,1,1
506042,105293,SKU0079,WH_B,Central,2025-01-29,2025-02-02,6,2,0
506043,105294,SKU0083,WH_C,West,2025-01-28,2025-01-30,3,4,1
506044,105295,SKU0068,WH_C,West,2025-01-29,2025-01-31,4,8,1
506045,105296,SKU0021,WH_B,Central,2025-01-28,2025-01-29,2,1,1
506046,105296,SKU0021,WH_B,Central,2025-01-30,2025-02-01,5,0,1
506047,105297,SKU0056,WH_B,Central,2025-01-28,2025-01-29,2,1,1
506048,105298,SKU0041,WH_A,East,2025-01-28,2025-01-30,3,2,1
506049,105298,SKU0041,WH_A,East,2025-01-27,2025-01-31,4,3,0
506050,105299,SKU0069,WH_A,East,2025-01-29,2025-01-30,3,12,1
506051,105300,SKU0001,WH_C,West,2025-01-27,2025-01-28,1,4,1
506052,105301,SKU0067,WH_B,Central,2025-01-28,2025-01-30,3,2,1
506053,105302,SKU0033,WH_C,West,2025-01-28,2025-01-29,2,4,1
506054,105303,SKU0059,WH_B,Central,2025-01-27,2025-01-30,3,1,1
506055,105303,SKU0059,WH_B,Central,2025-01-30,2025-02-05,9,0,0
506056,105304,SKU0037,WH_C,West,2025-01-28,2025-01-29,2,1,1
506057,105305,SKU0036,WH_A,East,2025-01-27,2025-01-30,3,7,1
506058,105306,SKU0012,WH_A,East,2025-01-27,2025-01-29,2,4,1
506059,105307,SKU0037,WH_C,West,2025-01-30,2025-01-31,4,4,1
506060,105308,SKU0006,WH_A,East,2025-01-29,2025-01-30,3,3,1
506061,105309,SKU0023,WH_C,West,2025-01-27,2025-01-29,2,1,1
506062,105310,SKU0020,WH_C,West,2025-01-27,2025-02-02,6,6,0
506063,105311,SKU0039,WH_B,Central,2025-01-28,2025-01-31,4,3,1
506064,105312,SKU0047,WH_B,Central,2025-01-28,2025-02-01,5,4,0
506065,105313,SKU0064,WH_C,West,2025-01-29,2025-01-31,4,1,1
506066,105314,SKU0030,WH_A,East,2025-01-29,2025-02-01,5,1,1
506067,105315,SKU0063,WH_A,East,2025-01-28,2025-01-29,2,1,1
506068,105316,SKU0018,WH_A,East,2025-01-27,2025-01-30,3,1,1
506069,105316,SKU0018,WH_A,East,2025-01-27,2025-01-29,2,0,1
506070,105317,SKU0062,WH_A,East,2025-01-27,2025-01-28,1,4,1
506071,105318,SKU0081,WH_C,West,2025-01-28,2025-01-30,3,3,1
506072,105319,SKU0076,WH_B,Central,2025-01-27,2025-01-29,2,7,1
506073,105320,SKU0002,WH_C,West,2025-01-27,2025-01-29,2,1,1
506074,105320,SKU0002,WH_C,West,2025-01-28,2025-01-29,2,3,1
506075,105321,SKU0038,WH_C,West,2025-01-27,2025-01-28,1,1,1
506076,105322,SKU0017,WH_B,Central,2025-01-29,2025-01-31,4,4,1
506077,105323,SKU0097,WH_C,West,2025-01-28,2025-01-30,3,1,1
506078,105324,SKU0065,WH_C,West,2025-01-27,2025-02-02,6,1,0
506079,105325,SKU0089,WH_C,West,2025-01-29,2025-02-01,5,4,1
506080,105326,SKU0088,WH_B,Central,2025-01-27,2025-01-29,2,1,1
506081,105327,SKU0001,WH_B,Central,2025-01-28,2025-01-30,3,4,1
506082,105328,SKU0093,WH_A,East,2025-01-28,2025-01-29,2,1,1
506083,105328,SKU0093,WH_A,East,2025-01-27,2025-01-28,1,0,1
506084,105329,SKU0037,WH_B,Central,2025-01-28,2025-01-29,2,3,1
506085,105330,SKU0053,WH_A,East,2025-01-30,2025-02-01,5,5,1
506086,105331,SKU0040,WH_B,Central,2025-01-27,2025-01-31,4,6,0
506087,105332,SKU0015,WH_B,Central,2025-01-27,2025-01-29,2,1,1
506088,105333,SKU0029,WH_B,Central,2025-01-27,2025-01-28,1,8,1
506089,105334,SKU0020,WH_C,West,2025-01-28,2025-01-30,3,1,1
506090,105334,SKU0020,WH_C,West,2025-01-27,2025-01-29,2,1,1
506091,105335,SKU0015,WH_C,West,2025-01-27,2025-01-31,4,5,0
506092,105336,SKU0054,WH_C,West,2025-01-30,2025-02-03,7,1,0
506093,105337,SKU0074,WH_C,West,2025-01-27,2025-02-02,6,9,0
506094,105338,SKU0088,WH_B,Central,2025-01-28,2025-01-31,4,1,1
506095,105339,SKU0053,WH_A,East,2025-01-28,2025-01-31,4,4,1
506096,105339,SKU0053,WH_A,East,2025-01-28,2025-01-29,2,1,1
506097,105340,SKU0040,WH_C,West,2025-01-27,2025-02-01,5,2,0
506098,105341,SKU0095,WH_C,West,2025-01-27,2025-01-28,1,3,1
506099,105342,SKU0073,WH_B,Central,2025-01-27,2025-01-29,2,1,1
506100,105343,SKU0029,WH_A,East,2025-01-28,2025-01-30,3,1,1
506101,105344,SKU0020,WH_A,East,2025-01-28,2025-01-29,2,3,1
506102,105345,SKU0067,WH_C,West,2025-01-27,2025-01-29,2,1,1
506103,105346,SKU0043,WH_C,West,2025-01-27,2025-01-31,4,1,0
506104,105347,SKU0087,WH_C,West,2025-01-28,2025-01-30,3,3,1
506105,105348,SKU0044,WH_C,West,2025-01-27,2025-01-31,4,2,0
506106,105349,SKU0097,WH_B,Central,2025-01-27,2025-01-29,2,6,1
506107,105350,SKU0002,WH_B,Central,2025-01-28,2025-02-02,6,2,0
506108,105351,SKU0050,WH_A,East,2025-01-27,2025-01-28,1,1,1
506109,105352,SKU0014,WH_A,East,2025-01-27,2025-01-30,3,2,1
506110,105353,SKU0088,WH_B,Central,2025-01-27,2025-01-29,2,1,1
506111,105354,SKU0082,WH_C,West,2025-01-28,2025-01-31,4,1,1
506112,105355,SKU0006,WH_B,Central,2025-01-27,2025-01-30,3,7,1
506113,105356,SKU0030,WH_C,West,2025-01-30,2025-01-31,4,1,1
506114,105356,SKU0030,WH_C,West,2025-01-28,2025-01-30,3,1,1
506115,105357,SKU0089,WH_B,Central,2025-01-27,2025-01-28,1,2,1
506116,105358,SKU0062,WH_A,East,2025-01-29,2025-01-31,4,1,1
506117,105359,SKU0091,WH_B,Central,2025-01-27,2025-02-02,6,1,0
506118,105359,SKU0091,WH_B,Central,2025-01-28,2025-01-30,3,0,1
506119,105360,SKU0057,WH_C,West,2025-01-28,2025-01-29,2,1,1
506120,105361,SKU0005,WH_A,East,2025-01-27,2025-01-28,1,1,1
506121,105362,SKU0037,WH_A,East,2025-01-27,2025-02-01,5,1,0
506122,105362,SKU0037,WH_A,East,2025-01-27,2025-01-28,1,10,1
506123,105363,SKU0035,WH_B,Central,2025-01-28,2025-02-01,5,3,0
506124,105364,SKU0075,WH_C,West,2025-01-27,2025-01-31,4,3,0
506125,105365,SKU0018,WH_C,West,2025-01-27,2025-01-28,1,2,1
506126,105365,SKU0018,WH_C,West,2025-01-27,2025-01-28,1,1,1
506127,105366,SKU0056,WH_B,Central,2025-01-29,2025-02-02,6,5,0
506128,105367,SKU0029,WH_A,East,2025-01-28,2025-01-29,2,2,1
506129,105368,SKU0011,WH_A,East,2025-01-27,2025-01-30,3,13,1
506130,105369,SKU0097,WH_A,East,2025-01-27,2025-01-29,2,1,1
506131,105370,SKU0068,WH_C,West,2025-01-27,2025-01-29,2,1,1
506132,105370,SKU0068,WH_C,West,2025-01-27,2025-01-28,1,0,1
506133,105371,SKU0091,WH_B,Central,2025-01-27,2025-01-29,2,1,1
506134,105372,SKU0049,WH_B,Central,2025-01-27,2025-01-28,1,1,1
506135,105373,SKU0035,WH_C,West,2025-01-27,2025-01-28,1,1,1
506136,105374,SKU0033,WH_C,West,2025-01-28,2025-01-29,2,3,1
506137,105375,SKU0061,WH_C,West,2025-01-29,2025-02-02,6,1,0
506138,105376,SKU0014,WH_A,East,2025-01-29,2025-02-02,6,6,0
506139,105377,SKU0065,WH_B,Central,2025-01-28,2025-02-01,5,2,0
506140,105378,SKU0077,WH_A,East,2025-01-28,2025-01-29,2,1,1
506141,105378,SKU0077,WH_A,East,2025-01-28,2025-01-30,3,4,1
506142,105379,SKU0007,WH_B,Central,2025-01-27,2025-01-30,3,1,1
506143,105380,SKU0029,WH_A,East,2025-01-29,2025-01-31,4,3,1
506144,105381,SKU0070,WH_C,West,2025-01-27,2025-01-29,2,7,1
506145,105382,SKU0069,WH_A,East,2025-01-28,2025-01-29,2,5,1
506146,105383,SKU0079,WH_C,West,2025-01-28,2025-01-29,2,1,1
506147,105384,SKU0094,WH_A,East,2025-01-27,2025-01-31,4,4,0
506148,105385,SKU0078,WH_B,Central,2025-01-27,2025-01-31,4,1,0
506149,105386,SKU0031,WH_C,West,2025-01-30,2025-01-31,4,1,1
506150,105386,SKU0031,WH_C,West,2025-01-30,2025-02-01,5,0,1
506151,105387,SKU0066,WH_C,West,2025-01-27,2025-01-29,2,4,1
506152,105388,SKU0019,WH_C,West,2025-01-29,2025-02-01,5,1,1
506153,105389,SKU0051,WH_A,East,2025-01-27,2025-01-28,1,2,1
506154,105390,SKU0088,WH_C,West,2025-01-28,2025-01-29,2,1,1
506155,105391,SKU0050,WH_C,West,2025-01-27,2025-01-30,3,1,1
506156,105391,SKU0050,WH_C,West,2025-01-28,2025-01-29,2,0,1
506157,105392,SKU0028,WH_B,Central,2025-01-28,2025-01-29,2,1,1
506158,105393,SKU0025,WH_B,Central,2025-01-28,2025-01-30,3,2,1
506159,105393,SKU0025,WH_B,Central,2025-01-28,2025-01-30,3,1,1
506160,105394,SKU0092,WH_C,West,2025-01-27,2025-01-30,3,1,1
506161,105395,SKU0077,WH_B,Central,2025-01-29,2025-02-03,7,1,0
506162,105395,SKU0077,WH_B,Central,2025-01-28,2025-02-03,7,1,0
506163,105396,SKU0035,WH_B,Central,2025-01-28,2025-01-29,2,2,1
506164,105397,SKU0069,WH_A,East,2025-01-28,2025-02-02,6,1,0
506165,105398,SKU0030,WH_B,Central,2025-01-27,2025-01-28,1,1,1
506166,105398,SKU0030,WH_B,Central,2025-01-30,2025-02-02,6,0,1
506167,105399,SKU0066,WH_C,West,2025-01-27,2025-01-29,2,1,1
506168,105399,SKU0066,WH_C,West,2025-01-27,2025-01-28,1,1,1
506169,105400,SKU0010,WH_B,Central,2025-01-27,2025-01-28,1,3,1
506170,105401,SKU0052,WH_B,Central,2025-01-28,2025-01-29,2,1,1
506171,105401,SKU0052,WH_B,Central,2025-01-29,2025-02-01,5,2,1
506172,105402,SKU0038,WH_C,West,2025-01-27,2025-01-28,1,1,1
506173,105403,SKU0032,WH_C,West,2025-01-31,2025-02-02,6,3,1
506174,105404,SKU0012,WH_B,Central,2025-01-27,2025-01-28,1,1,1
506175,105405,SKU0031,WH_B,Central,2025-01-27,2025-01-30,3,6,1
506176,105406,SKU0032,WH_B,Central,2025-01-28,2025-02-04,8,13,0
506177,105407,SKU0028,WH_C,West,2025-01-30,2025-01-31,4,2,1
506178,105408,SKU0018,WH_A,East,2025-01-31,2025-02-07,11,1,0
506179,105408,SKU0018,WH_A,East,2025-01-28,2025-01-30,3,0,1
506180,105409,SKU0013,WH_A,East,2025-01-27,2025-01-28,1,1,1
506181,105410,SKU0017,WH_C,West,2025-01-27,2025-01-31,4,1,0
506182,105411,SKU0094,WH_B,Central,2025-01-30,2025-02-02,6,1,1
506183,105412,SKU0070,WH_C,West,2025-01-28,2025-01-30,3,2,1
506184,105413,SKU0058,WH_C,West,2025-01-28,2025-01-31,4,4,1
506185,105414,SKU0027,WH_A,East,2025-01-27,2025-01-30,3,1,1
506186,105415,SKU0009,WH_A,East,2025-01-27,2025-01-28,1,3,1
506187,105416,SKU0081,WH_B,Central,2025-01-28,2025-01-30,3,3,1
506188,105417,SKU0082,WH_B,Central,2025-01-28,2025-01-30,3,1,1
506189,105418,SKU0071,WH_A,East,2025-01-27,2025-02-02,6,1,0
506190,105419,SKU0032,WH_B,Central,2025-01-28,2025-02-02,6,1,0
506191,105420,SKU0044,WH_C,West,2025-01-30,2025-01-31,3,2,1
506192,105420,SKU0044,WH_C,West,2025-01-31,2025-02-07,10,6,0
506193,105421,SKU0087,WH_A,East,2025-01-28,2025-01-29,1,4,1
506194,105421,SKU0087,WH_A,East,2025-02-01,2025-02-02,5,3,1
506195,105422,SKU0013,WH_C,West,2025-01-30,2025-01-31,3,1,1
506196,105423,SKU0006,WH_C,West,2025-01-29,2025-02-01,4,1,1
506197,105424,SKU0018,WH_A,East,2025-01-31,2025-02-03,6,1,1
506198,105425,SKU0070,WH_A,East,2025-01-28,2025-01-30,2,2,1
506199,105426,SKU0086,WH_B,Central,2025-01-28,2025-01-30,2,6,1
506200,105427,SKU0001,WH_C,West,2025-01-28,2025-01-29,1,5,1
506201,105428,SKU0075,WH_A,East,2025-01-29,2025-01-30,2,3,1
506202,105429,SKU0019,WH_B,Central,2025-01-30,2025-01-31,3,1,1
506203,105430,SKU0079,WH_B,Central,2025-01-29,2025-02-02,5,1,0
506204,105431,SKU0074,WH_B,Central,2025-01-30,2025-02-01,4,2,1
506205,105432,SKU0029,WH_A,East,2025-01-28,2025-01-30,2,1,1
506206,105433,SKU0018,WH_A,East,2025-01-30,2025-01-31,3,1,1
506207,105434,SKU0047,WH_C,West,2025-01-28,2025-01-30,2,1,1
506208,105435,SKU0039,WH_C,West,2025-01-29,2025-01-30,2,9,1
506209,105436,SKU0063,WH_C,West,2025-01-28,2025-01-29,1,1,1
506210,105437,SKU0067,WH_B,Central,2025-01-28,2025-02-01,4,1,0
506211,105438,SKU0044,WH_B,Central,2025-01-28,2025-01-29,1,10,1
506212,105439,SKU0093,WH_A,East,2025-01-31,2025-02-01,4,2,1
506213,105439,SKU0093,WH_A,East,2025-01-28,2025-02-03,6,1,0
506214,105440,SKU0078,WH_A,East,2025-01-28,2025-02-03,6,2,0
506215,105441,SKU0046,WH_A,East,2025-01-29,2025-01-31,3,1,1
506216,105442,SKU0076,WH_A,East,2025-01-29,2025-01-31,3,1,1
506217,105442,SKU0076,WH_A,East,2025-01-30,2025-01-31,3,0,1
506218,105443,SKU0012,WH_C,West,2025-01-30,2025-02-05,8,8,0
506219,105444,SKU0065,WH_C,West,2025-01-28,2025-01-29,1,1,1
506220,105444,SKU0065,WH_C,West,2025-01-28,2025-01-29,1,0,1
506221,105445,SKU0051,WH_B,Central,2025-01-28,2025-01-29,1,1,1
506222,105446,SKU0070,WH_A,East,2025-01-29,2025-01-31,3,1,1
506223,105447,SKU0098,WH_C,West,2025-01-30,2025-02-01,4,3,1
506224,105448,SKU0028,WH_A,East,2025-01-28,2025-01-29,1,3,1
506225,105449,SKU0044,WH_B,Central,2025-01-29,2025-01-31,3,1,1
506226,105450,SKU0089,WH_B,Central,2025-01-29,2025-01-30,2,2,1
506227,105451,SKU0057,WH_B,Central,2025-01-30,2025-01-31,3,1,1
506228,105452,SKU0069,WH_C,West,2025-01-28,2025-01-31,3,1,1
506229,105452,SKU0069,WH_C,West,2025-01-29,2025-01-31,3,1,1
506230,105453,SKU0072,WH_A,East,2025-01-28,2025-01-29,1,2,1
506231,105453,SKU0072,WH_A,East,2025-01-28,2025-01-30,2,1,1
506232,105454,SKU0071,WH_B,Central,2025-01-29,2025-02-01,4,5,1
506233,105455,SKU0005,WH_A,East,2025-01-30,2025-01-31,3,1,1
506234,105456,SKU0031,WH_A,East,2025-01-29,2025-01-30,2,2,1
506235,105457,SKU0093,WH_B,Central,2025-01-29,2025-02-01,4,3,1
506236,105458,SKU0021,WH_C,West,2025-01-29,2025-01-30,2,1,1
506237,105458,SKU0021,WH_C,West,2025-01-28,2025-02-02,5,0,0
506238,105459,SKU0066,WH_B,Central,2025-01-30,2025-01-31,3,1,1
506239,105460,SKU0091,WH_C,West,2025-01-29,2025-01-30,2,6,1
506240,105461,SKU0062,WH_A,East,2025-01-29,2025-01-31,3,2,1
506241,105462,SKU0069,WH_C,West,2025-01-28,2025-01-30,2,1,1
506242,105463,SKU0030,WH_C,West,2025-01-29,2025-01-30,2,1,1
506243,105464,SKU0060,WH_A,East,2025-01-29,2025-01-30,2,1,1
506244,105465,SKU0046,WH_A,East,2025-01-30,2025-01-31,3,1,1
506245,105466,SKU0024,WH_B,Central,2025-01-28,2025-01-29,1,1,1
506246,105467,SKU0061,WH_B,Central,2025-01-30,2025-02-01,4,4,1
506247,105468,SKU0064,WH_C,West,2025-01-29,2025-01-30,2,3,1
506248,105469,SKU0044,WH_C,West,2025-01-28,2025-01-30,2,2,1
506249,105470,SKU0078,WH_C,West,2025-01-28,2025-02-02,5,1,0
506250,105471,SKU0025,WH_B,Central,2025-01-28,2025-01-29,1,8,1
506251,105472,SKU0002,WH_C,West,2025-01-28,2025-01-29,1,3,1
506252,105473,SKU0002,WH_B,Central,2025-01-28,2025-01-29,1,3,1
506253,105473,SKU0002,WH_B,Central,2025-01-28,2025-02-01,4,19,0
506254,105474,SKU0060,WH_B,Central,2025-01-28,2025-02-01,4,2,0
506255,105475,SKU0043,WH_B,Central,2025-01-28,2025-02-02,5,1,0
506256,105475,SKU0043,WH_B,Central,2025-01-29,2025-01-30,2,0,1
506257,105476,SKU0080,WH_A,East,2025-01-31,2025-02-01,4,5,1
506258,105477,SKU0027,WH_A,East,2025-01-28,2025-02-03,6,2,0
506259,105478,SKU0032,WH_A,East,2025-01-28,2025-01-30,2,5,1
506260,105479,SKU0015,WH_A,East,2025-01-31,2025-02-03,6,1,1
506261,105480,SKU0018,WH_A,East,2025-01-29,2025-01-31,3,1,1
506262,105481,SKU0055,WH_B,Central,2025-01-29,2025-02-04,7,1,0
506263,105481,SKU0055,WH_B,Central,2025-01-29,2025-02-01,4,0,1
506264,105482,SKU0003,WH_C,West,2025-01-29,2025-01-31,3,1,1
506265,105482,SKU0003,WH_C,West,2025-01-30,2025-01-31,3,3,1
506266,105483,SKU0033,WH_B,Central,2025-01-28,2025-01-30,2,2,1
506267,105484,SKU0022,WH_C,West,2025-01-28,2025-02-02,5,2,0
506268,105485,SKU0018,WH_C,West,2025-01-30,2025-01-31,3,1,1
506269,105485,SKU0018,WH_C,West,2025-01-28,2025-01-31,3,0,1
506270,105486,SKU0023,WH_B,Central,2025-01-28,2025-02-01,4,1,0
506271,105487,SKU0023,WH_A,East,2025-01-28,2025-02-01,4,5,0
506272,105488,SKU0027,WH_C,West,2025-01-28,2025-01-30,2,10,1
506273,105489,SKU0089,WH_C,West,2025-01-28,2025-02-04,7,1,0
506274,105489,SKU0089,WH_C,West,2025-01-28,2025-01-29,1,1,1
506275,105490,SKU0052,WH_B,Central,2025-01-28,2025-01-30,2,1,1
506276,105491,SKU0094,WH_C,West,2025-01-28,2025-01-30,2,1,1
506277,105492,SKU0026,WH_B,Central,2025-01-30,2025-02-01,4,1,1
506278,105492,SKU0026,WH_B,Central,2025-01-28,2025-01-29,1,0,1
506279,105493,SKU0065,WH_A,East,2025-01-28,2025-02-02,5,4,0
506280,105494,SKU0094,WH_A,East,2025-01-28,2025-01-29,1,1,1
506281,105494,SKU0094,WH_A,East,2025-01-31,2025-02-02,5,0,1
506282,105495,SKU0068,WH_A,East,2025-01-28,2025-02-02,5,2,0
506283,105496,SKU0096,WH_A,East,2025-01-29,2025-01-30,2,3,1
506284,105497,SKU0051,WH_C,West,2025-01-29,2025-01-30,2,4,1
506285,105498,SKU0043,WH_C,West,2025-01-28,2025-02-01,4,1,0
506286,105499,SKU0040,WH_B,Central,2025-01-31,2025-02-02,5,8,1
506287,105500,SKU0057,WH_A,East,2025-01-29,2025-01-30,2,1,1
506288,105501,SKU0051,WH_A,East,2025-01-29,2025-01-30,2,1,1
506289,105502,SKU0051,WH_A,East,2025-01-29,2025-02-01,4,4,1
506290,105503,SKU0094,WH_C,West,2025-01-29,2025-01-30,2,1,1
506291,105504,SKU0024,WH_A,East,2025-01-28,2025-01-29,1,1,1
506292,105505,SKU0094,WH_C,West,2025-01-28,2025-01-29,1,5,1
506293,105506,SKU0072,WH_C,West,2025-01-31,2025-02-03,6,1,1
506294,105507,SKU0018,WH_C,West,2025-01-30,2025-02-01,4,1,1
506295,105508,SKU0035,WH_B,Central,2025-01-28,2025-01-29,1,2,1
506296,105509,SKU0031,WH_B,Central,2025-01-28,2025-01-31,3,1,1
506297,105509,SKU0031,WH_B,Central,2025-01-28,2025-01-29,1,0,1
506298,105510,SKU0016,WH_A,East,2025-01-30,2025-01-31,3,2,1
506299,105511,SKU0006,WH_A,East,2025-01-29,2025-01-30,2,1,1
506300,105512,SKU0052,WH_B,Central,2025-01-30,2025-02-02,5,1,1
506301,105513,SKU0069,WH_B,Central,2025-01-28,2025-02-01,4,7,0
506302,105514,SKU0050,WH_A,East,2025-01-29,2025-02-02,5,17,0
506303,105515,SKU0026,WH_C,West,2025-01-31,2025-02-01,4,1,1
506304,105516,SKU0066,WH_B,Central,2025-01-28,2025-01-30,2,4,1
506305,105517,SKU0087,WH_A,East,2025-01-29,2025-02-02,5,1,0
506306,105518,SKU0022,WH_A,East,2025-01-28,2025-01-30,2,9,1
506307,105519,SKU0086,WH_B,Central,2025-01-29,2025-01-31,3,3,1
506308,105520,SKU0006,WH_A,East,2025-01-28,2025-01-29,1,5,1
506309,105521,SKU0098,WH_C,West,2025-01-28,2025-01-30,2,3,1
506310,105521,SKU0098,WH_C,West,2025-01-28,2025-01-29,1,12,1
506311,105522,SKU0085,WH_A,East,2025-01-29,2025-02-02,5,3,0
506312,105523,SKU0006,WH_C,West,2025-01-28,2025-01-31,3,2,1
506313,105524,SKU0100,WH_A,East,2025-01-28,2025-02-01,4,1,0
506314,105525,SKU0066,WH_C,West,2025-01-31,2025-02-01,4,1,1
506315,105525,SKU0066,WH_C,West,2025-01-29,2025-01-30,2,0,1
506316,105526,SKU0079,WH_A,East,2025-01-31,2025-02-02,5,4,1
506317,105527,SKU0064,WH_B,Central,2025-01-29,2025-02-01,4,1,1
506318,105528,SKU0025,WH_B,Central,2025-01-28,2025-01-30,2,2,1
506319,105529,SKU0067,WH_B,Central,2025-01-28,2025-01-30,2,10,1
506320,105530,SKU0037,WH_B,Central,2025-01-29,2025-02-02,5,3,0
506321,105531,SKU0059,WH_B,Central,2025-01-29,2025-02-01,4,1,1
506322,105532,SKU0049,WH_A,East,2025-01-28,2025-01-31,3,2,1
506323,105533,SKU0074,WH_C,West,2025-01-28,2025-01-29,1,1,1
506324,105534,SKU0047,WH_A,East,2025-01-29,2025-01-30,2,2,1
506325,105535,SKU0024,WH_C,West,2025-01-28,2025-02-01,4,3,0
506326,105535,SKU0024,WH_C,West,2025-01-29,2025-01-31,3,2,1
506327,105536,SKU0051,WH_B,Central,2025-01-28,2025-02-01,4,1,0
506328,105537,SKU0098,WH_C,West,2025-01-28,2025-02-01,4,1,0
506329,105538,SKU0019,WH_B,Central,2025-01-28,2025-01-30,2,1,1
506330,105539,SKU0094,WH_C,West,2025-01-28,2025-01-30,2,6,1
506331,105540,SKU0092,WH_A,East,2025-01-29,2025-01-31,3,3,1
506332,105541,SKU0068,WH_A,East,2025-01-29,2025-01-31,3,1,1
506333,105542,SKU0060,WH_A,East,2025-01-30,2025-01-31,3,1,1
506334,105543,SKU0084,WH_B,Central,2025-01-28,2025-01-29,1,1,1
506335,105544,SKU0011,WH_B,Central,2025-01-28,2025-01-29,1,1,1
506336,105545,SKU0047,WH_C,West,2025-01-29,2025-02-01,4,1,1
506337,105546,SKU0053,WH_A,East,2025-01-28,2025-02-04,7,10,0
506338,105547,SKU0068,WH_A,East,2025-01-28,2025-02-01,4,1,0
506339,105548,SKU0061,WH_B,Central,2025-01-28,2025-01-30,2,1,1
506340,105549,SKU0028,WH_A,East,2025-01-29,2025-01-31,3,1,1
506341,105550,SKU0058,WH_B,Central,2025-01-29,2025-02-01,4,4,1
506342,105551,SKU0016,WH_A,East,2025-01-29,2025-02-03,6,1,0
506343,105552,SKU0014,WH_B,Central,2025-01-28,2025-01-29,1,12,1
506344,105553,SKU0043,WH_C,West,2025-02-01,2025-02-02,5,5,1
506345,105554,SKU0072,WH_C,West,2025-01-28,2025-01-29,1,1,1
506346,105555,SKU0045,WH_A,East,2025-01-29,2025-01-31,3,1,1
506347,105556,SKU0048,WH_C,West,2025-01-28,2025-01-29,1,3,1
506348,105557,SKU0084,WH_A,East,2025-01-28,2025-01-29,1,1,1
506349,105557,SKU0084,WH_A,East,2025-01-28,2025-01-30,2,0,1
506350,105558,SKU0012,WH_A,East,2025-01-28,2025-01-29,1,1,1
506351,105558,SKU0012,WH_A,East,2025-01-28,2025-02-02,5,0,0
506352,105559,SKU0034,WH_C,West,2025-01-28,2025-01-29,1,1,1
506353,105560,SKU0046,WH_C,West,2025-01-28,2025-01-29,1,4,1
506354,105561,SKU0048,WH_B,Central,2025-01-29,2025-02-02,5,6,0
506355,105562,SKU0005,WH_B,Central,2025-01-28,2025-01-31,3,1,1
506356,105563,SKU0072,WH_C,West,2025-01-30,2025-02-04,7,1,0
506357,105563,SKU0072,WH_C,West,2025-01-29,2025-01-30,2,1,1
506358,105564,SKU0027,WH_B,Central,2025-01-29,2025-02-01,4,3,1
506359,105565,SKU0061,WH_B,Central,2025-01-29,2025-02-03,6,1,0
506360,105566,SKU0099,WH_C,West,2025-01-29,2025-01-31,3,1,1
506361,105567,SKU0050,WH_A,East,2025-01-29,2025-01-30,2,1,1
506362,105568,SKU0040,WH_B,Central,2025-01-28,2025-01-31,3,1,1
506363,105568,SKU0040,WH_B,Central,2025-01-28,2025-01-29,1,0,1
506364,105569,SKU0052,WH_C,West,2025-01-28,2025-02-02,5,1,0
506365,105570,SKU0072,WH_A,East,2025-01-28,2025-01-29,1,10,1
506366,105571,SKU0002,WH_A,East,2025-01-30,2025-02-01,4,13,1
506367,105572,SKU0029,WH_C,West,2025-01-28,2025-01-31,3,1,1
506368,105573,SKU0085,WH_A,East,2025-01-28,2025-01-31,3,5,1
506369,105574,SKU0068,WH_A,East,2025-01-28,2025-01-29,1,2,1
506370,105575,SKU0092,WH_B,Central,2025-01-28,2025-01-29,1,1,1
506371,105576,SKU0023,WH_A,East,2025-01-29,2025-02-01,4,2,1
506372,105577,SKU0054,WH_C,West,2025-01-30,2025-02-02,5,4,1
506373,105578,SKU0013,WH_A,East,2025-01-28,2025-01-31,3,1,1
506374,105579,SKU0032,WH_C,West,2025-01-29,2025-02-03,6,5,0
506375,105579,SKU0032,WH_C,West,2025-01-29,2025-01-30,2,1,1
506376,105580,SKU0100,WH_A,East,2025-01-28,2025-01-30,2,2,1
506377,105581,SKU0063,WH_A,East,2025-01-28,2025-01-29,1,1,1
506378,105582,SKU0085,WH_B,Central,2025-01-29,2025-01-31,3,4,1
506379,105583,SKU0086,WH_A,East,2025-01-28,2025-01-29,1,2,1
506380,105584,SKU0076,WH_A,East,2025-01-29,2025-01-31,3,1,1
506381,105585,SKU0011,WH_C,West,2025-01-28,2025-01-29,1,1,1
506382,105586,SKU0045,WH_A,East,2025-01-28,2025-02-03,6,6,0
506383,105587,SKU0016,WH_C,West,2025-01-28,2025-02-02,5,2,0
506384,105588,SKU0037,WH_C,West,2025-01-30,2025-01-31,3,6,1
506385,105589,SKU0080,WH_A,East,2025-01-29,2025-01-31,3,1,1
506386,105590,SKU0090,WH_B,Central,2025-01-31,2025-02-02,5,4,1
506387,105591,SKU0098,WH_C,West,2025-01-29,2025-01-31,3,1,1
506388,105592,SKU0011,WH_B,Central,2025-01-28,2025-01-29,1,1,1
506389,105593,SKU0050,WH_B,Central,2025-01-29,2025-01-30,2,1,1
506390,105594,SKU0085,WH_B,Central,2025-01-28,2025-01-30,2,2,1
506391,105595,SKU0023,WH_C,West,2025-02-01,2025-02-06,9,1,0
506392,105595,SKU0023,WH_C,West,2025-01-30,2025-02-01,4,7,1
506393,105596,SKU0065,WH_A,East,2025-01-30,2025-02-01,4,1,1
506394,105597,SKU0084,WH_B,Central,2025-01-28,2025-01-29,1,1,1
506395,105598,SKU0063,WH_A,East,2025-01-31,2025-02-02,5,1,1
506396,105599,SKU0053,WH_C,West,2025-01-29,2025-01-30,2,1,1
506397,105600,SKU0071,WH_B,Central,2025-01-29,2025-02-04,6,3,0
506398,105601,SKU0054,WH_A,East,2025-01-30,2025-02-04,6,2,0
506399,105602,SKU0058,WH_B,Central,2025-01-29,2025-01-30,1,4,1
506400,105603,SKU0042,WH_A,East,2025-01-29,2025-01-31,2,6,1
506401,105604,SKU0096,WH_C,West,2025-01-29,2025-01-31,2,1,1
506402,105604,SKU0096,WH_C,West,2025-01-29,2025-02-03,5,0,0
506403,105605,SKU0057,WH_C,West,2025-01-31,2025-02-01,3,1,1
506404,105605,SKU0057,WH_C,West,2025-01-30,2025-02-01,3,0,1
506405,105606,SKU0091,WH_C,West,2025-01-29,2025-02-03,5,1,0
506406,105607,SKU0055,WH_C,West,2025-01-29,2025-01-31,2,3,1
506407,105608,SKU0058,WH_C,West,2025-01-29,2025-02-02,4,1,0
506408,105609,SKU0076,WH_B,Central,2025-01-30,2025-02-03,5,1,0
506409,105610,SKU0048,WH_B,Central,2025-01-29,2025-01-30,1,4,1
506410,105611,SKU0038,WH_B,Central,2025-01-29,2025-02-02,4,1,0
506411,105612,SKU0054,WH_B,Central,2025-01-29,2025-01-30,1,1,1
506412,105613,SKU0088,WH_A,East,2025-01-29,2025-01-30,1,1,1
506413,105613,SKU0088,WH_A,East,2025-01-31,2025-02-01,3,0,1
506414,105614,SKU0083,WH_B,Central,2025-01-30,2025-02-01,3,2,1
506415,105615,SKU0013,WH_B,Central,2025-01-29,2025-01-30,1,1,1
506416,105616,SKU0005,WH_B,Central,2025-01-30,2025-01-31,2,13,1
506417,105617,SKU0067,WH_B,Central,2025-01-29,2025-01-30,1,4,1
506418,105618,SKU0098,WH_A,East,2025-01-30,2025-01-31,2,1,1
506419,105619,SKU0089,WH_A,East,2025-01-31,2025-02-01,3,1,1
506420,105620,SKU0074,WH_C,West,2025-01-31,2025-02-02,4,5,1
506421,105621,SKU0075,WH_B,Central,2025-01-30,2025-01-31,2,1,1
506422,105622,SKU0014,WH_B,Central,2025-01-29,2025-02-01,3,1,1
506423,105623,SKU0018,WH_A,East,2025-01-30,2025-02-01,3,5,1
506424,105624,SKU0014,WH_B,Central,2025-01-29,2025-01-31,2,1,1
506425,105625,SKU0048,WH_C,West,2025-01-30,2025-01-31,2,1,1
506426,105626,SKU0081,WH_B,Central,2025-02-01,2025-02-05,7,1,0
506427,105627,SKU0091,WH_B,Central,2025-01-29,2025-01-31,2,1,1
506428,105628,SKU0012,WH_B,Central,2025-01-30,2025-01-31,2,1,1
506429,105629,SKU0096,WH_B,Central,2025-01-29,2025-01-30,1,1,1
506430,105630,SKU0096,WH_C,West,2025-01-29,2025-02-04,6,1,0
506431,105631,SKU0090,WH_A,East,2025-01-30,2025-01-31,2,2,1
506432,105632,SKU0007,WH_A,East,2025-01-30,2025-02-06,8,1,0
506433,105633,SKU0027,WH_A,East,2025-01-29,2025-02-01,3,1,1
506434,105634,SKU0073,WH_B,Central,2025-01-31,2025-02-04,6,1,0
506435,105635,SKU0087,WH_B,Central,2025-01-30,2025-02-04,6,7,0
506436,105636,SKU0042,WH_B,Central,2025-01-29,2025-01-30,1,10,1
506437,105637,SKU0037,WH_B,Central,2025-01-29,2025-01-30,1,2,1
506438,105637,SKU0037,WH_B,Central,2025-01-29,2025-02-02,4,1,0
506439,105638,SKU0014,WH_B,Central,2025-01-31,2025-02-01,3,1,1
506440,105639,SKU0011,WH_B,Central,2025-02-01,2025-02-03,5,1,1
506441,105640,SKU0071,WH_B,Central,2025-01-29,2025-02-01,3,1,1
506442,105641,SKU0036,WH_C,West,2025-01-29,2025-01-30,1,2,1
506443,105642,SKU0031,WH_B,Central,2025-02-01,2025-02-03,5,1,1
506444,105643,SKU0074,WH_B,Central,2025-01-30,2025-02-06,8,4,0
506445,105644,SKU0045,WH_C,West,2025-01-31,2025-02-02,4,1,1
506446,105644,SKU0045,WH_C,West,2025-01-29,2025-01-30,1,1,1
506447,105645,SKU0076,WH_B,Central,2025-01-29,2025-02-04,6,5,0
506448,105646,SKU0080,WH_A,East,2025-01-31,2025-02-01,3,8,1
506449,105647,SKU0070,WH_B,Central,2025-02-02,2025-02-03,5,1,1
506450,105648,SKU0044,WH_B,Central,2025-01-30,2025-01-31,2,1,1
506451,105649,SKU0051,WH_A,East,2025-01-29,2025-01-31,2,1,1
506452,105649,SKU0051,WH_A,East,2025-01-30,2025-01-31,2,0,1
506453,105650,SKU0070,WH_C,West,2025-01-31,2025-02-06,8,2,0
506454,105651,SKU0041,WH_A,East,2025-01-29,2025-02-01,3,3,1
506455,105652,SKU0013,WH_A,East,2025-01-29,2025-01-30,1,12,1
506456,105653,SKU0050,WH_C,West,2025-01-31,2025-02-01,3,2,1
506457,105654,SKU0039,WH_A,East,2025-01-31,2025-02-02,4,1,1
506458,105655,SKU0025,WH_C,West,2025-01-29,2025-02-05,7,1,0
506459,105656,SKU0001,WH_C,West,2025-01-29,2025-02-01,3,1,1
506460,105657,SKU0055,WH_A,East,2025-01-30,2025-01-31,2,1,1
506461,105658,SKU0079,WH_A,East,2025-01-30,2025-01-31,2,7,1
506462,105659,SKU0049,WH_C,West,2025-01-30,2025-02-01,3,2,1
506463,105660,SKU0055,WH_C,West,2025-01-29,2025-02-01,3,1,1
506464,105661,SKU0012,WH_C,West,2025-01-31,2025-02-03,5,1,1
506465,105662,SKU0084,WH_A,East,2025-01-29,2025-02-01,3,1,1
506466,105663,SKU0041,WH_B,Central,2025-01-30,2025-02-01,3,4,1
506467,105664,SKU0026,WH_B,Central,2025-01-30,2025-02-01,3,1,1
506468,105665,SKU0049,WH_C,West,2025-01-30,2025-02-06,8,1,0
506469,105666,SKU0021,WH_A,East,2025-01-30,2025-02-01,3,1,1
506470,105667,SKU0032,WH_C,West,2025-01-29,2025-01-30,1,11,1
506471,105667,SKU0032,WH_C,West,2025-01-29,2025-01-30,1,3,1
506472,105668,SKU0009,WH_A,East,2025-02-02,2025-02-05,7,2,1
506473,105669,SKU0063,WH_A,East,2025-01-29,2025-01-31,2,1,1
506474,105670,SKU0048,WH_C,West,2025-01-29,2025-01-30,1,1,1
506475,105670,SKU0048,WH_C,West,2025-01-30,2025-02-01,3,2,1
506476,105671,SKU0065,WH_C,West,2025-01-31,2025-02-01,3,4,1
506477,105672,SKU0027,WH_C,West,2025-01-29,2025-01-31,2,1,1
506478,105673,SKU0073,WH_A,East,2025-02-01,2025-02-03,5,11,1
506479,105674,SKU0029,WH_B,Central,2025-01-29,2025-01-30,1,1,1
506480,105674,SKU0029,WH_B,Central,2025-01-29,2025-02-04,6,4,0
506481,105675,SKU0017,WH_B,Central,2025-01-30,2025-01-31,2,1,1
506482,105676,SKU0050,WH_B,Central,2025-01-30,2025-01-31,2,1,1
506483,105677,SKU0018,WH_A,East,2025-01-30,2025-01-31,2,2,1
506484,105678,SKU0044,WH_C,West,2025-01-31,2025-02-06,8,1,0
506485,105678,SKU0044,WH_C,West,2025-01-31,2025-02-01,3,0,1
506486,105679,SKU0069,WH_C,West,2025-01-31,2025-02-01,3,1,1
506487,105680,SKU0008,WH_A,East,2025-02-01,2025-02-02,4,3,1
506488,105681,SKU0041,WH_B,Central,2025-01-29,2025-02-02,4,1,0
506489,105682,SKU0039,WH_B,Central,2025-01-29,2025-01-31,2,1,1
506490,105683,SKU0058,WH_A,East,2025-01-29,2025-02-01,3,2,1
506491,105684,SKU0087,WH_C,West,2025-01-30,2025-02-02,4,7,1
506492,105685,SKU0038,WH_A,East,2025-01-29,2025-02-02,4,8,0
506493,105686,SKU0043,WH_C,West,2025-01-29,2025-01-30,1,1,1
506494,105687,SKU0087,WH_A,East,2025-01-29,2025-02-03,5,4,0
506495,105688,SKU0038,WH_C,West,2025-01-29,2025-02-02,4,2,0
506496,105689,SKU0014,WH_C,West,2025-02-01,2025-02-02,4,1,1
506497,105690,SKU0061,WH_C,West,2025-01-31,2025-02-01,3,1,1
506498,105691,SKU0096,WH_C,West,2025-01-29,2025-01-31,2,1,1
506499,105692,SKU0055,WH_B,Central,2025-01-30,2025-01-31,2,11,1
506500,105693,SKU0078,WH_B,Central,2025-01-30,2025-02-01,3,1,1
506501,105694,SKU0061,WH_A,East,2025-01-29,2025-01-31,2,3,1
506502,105694,SKU0061,WH_A,East,2025-01-30,2025-01-31,2,1,1
506503,105695,SKU0099,WH_A,East,2025-01-30,2025-01-31,2,4,1
506504,105696,SKU0009,WH_A,East,2025-01-30,2025-01-31,2,3,1
506505,105697,SKU0041,WH_A,East,2025-01-29,2025-02-03,5,1,0
506506,105698,SKU0092,WH_C,West,2025-01-30,2025-01-31,2,3,1
506507,105699,SKU0056,WH_B,Central,2025-01-31,2025-02-02,4,3,1
506508,105699,SKU0056,WH_B,Central,2025-01-29,2025-01-31,2,2,1
506509,105700,SKU0048,WH_A,East,2025-01-29,2025-02-03,5,3,0
506510,105701,SKU0097,WH_B,Central,2025-01-29,2025-01-31,2,1,1
506511,105702,SKU0018,WH_A,East,2025-01-29,2025-02-02,4,1,0
506512,105703,SKU0084,WH_A,East,2025-02-01,2025-02-05,7,5,0
506513,105704,SKU0020,WH_A,East,2025-01-29,2025-02-01,3,1,1
506514,105704,SKU0020,WH_A,East,2025-01-29,2025-01-30,1,0,1
506515,105705,SKU0014,WH_C,West,2025-01-29,2025-02-01,3,1,1
506516,105706,SKU0051,WH_A,East,2025-01-29,2025-01-31,2,1,1
506517,105707,SKU0023,WH_C,West,2025-01-31,2025-02-01,3,7,1
506518,105708,SKU0080,WH_A,East,2025-01-29,2025-01-31,2,1,1
506519,105709,SKU0092,WH_A,East,2025-01-31,2025-02-03,5,1,1
506520,105710,SKU0073,WH_A,East,2025-01-30,2025-02-02,4,1,1
506521,105710,SKU0073,WH_A,East,2025-01-30,2025-02-01,3,0,1
506522,105711,SKU0017,WH_C,West,2025-01-29,2025-01-31,2,3,1
506523,105712,SKU0014,WH_A,East,2025-01-31,2025-02-02,4,2,1
506524,105713,SKU0025,WH_A,East,2025-02-02,2025-02-03,5,1,1
506525,105713,SKU0025,WH_A,East,2025-01-29,2025-01-30,1,1,1
506526,105714,SKU0099,WH_B,Central,2025-01-29,2025-02-01,3,7,1
506527,105715,SKU0051,WH_B,Central,2025-01-31,2025-02-01,3,1,1
506528,105716,SKU0016,WH_B,Central,2025-02-01,2025-02-05,7,1,0
506529,105717,SKU0062,WH_B,Central,2025-01-31,2025-02-02,4,1,1
506530,105718,SKU0044,WH_C,West,2025-01-29,2025-01-30,1,1,1
506531,105719,SKU0047,WH_A,East,2025-01-29,2025-01-30,1,1,1
506532,105720,SKU0020,WH_A,East,2025-01-31,2025-02-02,4,8,1
506533,105721,SKU0017,WH_C,West,2025-01-29,2025-02-02,4,1,0
506534,105722,SKU0006,WH_B,Central,2025-01-29,2025-02-03,5,1,0
506535,105722,SKU0006,WH_B,Central,2025-01-29,2025-02-01,3,0,1
506536,105723,SKU0088,WH_B,Central,2025-01-30,2025-02-02,4,6,1
506537,105724,SKU0009,WH_B,Central,2025-01-30,2025-01-31,2,1,1
506538,105725,SKU0089,WH_C,West,2025-01-29,2025-02-04,6,1,0
506539,105726,SKU0095,WH_A,East,2025-01-29,2025-02-02,4,1,0
506540,105727,SKU0012,WH_C,West,2025-01-30,2025-02-02,4,7,1
506541,105728,SKU0011,WH_B,Central,2025-02-01,2025-02-03,5,6,1
506542,105729,SKU0039,WH_B,Central,2025-01-30,2025-02-03,5,2,0
506543,105730,SKU0086,WH_C,West,2025-01-29,2025-02-05,7,3,0
506544,105731,SKU0056,WH_C,West,2025-01-29,2025-02-01,3,3,1
506545,105732,SKU0007,WH_A,East,2025-02-01,2025-02-04,6,1,1
506546,105733,SKU0051,WH_C,West,2025-01-29,2025-01-31,2,2,1
506547,105734,SKU0100,WH_C,West,2025-01-29,2025-01-31,2,3,1
506548,105735,SKU0036,WH_C,West,2025-01-30,2025-02-02,4,1,1
506549,105736,SKU0034,WH_C,West,2025-01-31,2025-02-01,3,2,1
506550,105737,SKU0027,WH_B,Central,2025-01-29,2025-01-30,1,3,1
506551,105738,SKU0041,WH_A,East,2025-01-29,2025-01-31,2,1,1
506552,105739,SKU0069,WH_B,Central,2025-01-29,2025-01-31,2,5,1
506553,105740,SKU0092,WH_C,West,2025-01-29,2025-01-31,2,1,1
506554,105741,SKU0070,WH_A,East,2025-01-30,2025-02-03,5,4,0
506555,105742,SKU0088,WH_A,East,2025-01-30,2025-02-01,3,1,1
506556,105743,SKU0047,WH_C,West,2025-01-29,2025-01-30,1,1,1
506557,105744,SKU0055,WH_C,West,2025-01-29,2025-02-02,4,1,0
506558,105745,SKU0098,WH_B,Central,2025-01-31,2025-02-01,3,17,1
506559,105746,SKU0017,WH_C,West,2025-01-31,2025-02-02,4,3,1
506560,105747,SKU0089,WH_B,Central,2025-01-31,2025-02-02,4,1,1
506561,105748,SKU0073,WH_C,West,2025-01-29,2025-01-31,2,1,1
506562,105749,SKU0005,WH_C,West,2025-01-29,2025-02-01,3,3,1
506563,105750,SKU0034,WH_A,East,2025-01-31,2025-02-03,5,5,1
506564,105751,SKU0072,WH_A,East,2025-01-29,2025-02-01,3,1,1
506565,105752,SKU0016,WH_C,West,2025-01-29,2025-02-05,7,4,0
506566,105753,SKU0096,WH_A,East,2025-01-29,2025-02-01,3,1,1
506567,105754,SKU0027,WH_A,East,2025-01-29,2025-01-30,1,1,1
506568,105755,SKU0078,WH_C,West,2025-01-30,2025-02-02,4,2,1
506569,105756,SKU0093,WH_B,Central,2025-01-29,2025-02-01,3,6,1
506570,105757,SKU0025,WH_A,East,2025-01-29,2025-02-04,6,1,0
506571,105757,SKU0025,WH_A,East,2025-01-30,2025-01-31,2,0,1
506572,105758,SKU0058,WH_B,Central,2025-01-29,2025-01-30,1,1,1
506573,105759,SKU0034,WH_C,West,2025-01-29,2025-01-31,2,3,1
506574,105760,SKU0047,WH_B,Central,2025-01-29,2025-01-31,2,5,1
506575,105761,SKU0024,WH_B,Central,2025-01-29,2025-02-01,3,4,1
506576,105762,SKU0067,WH_B,Central,2025-01-30,2025-02-01,3,1,1
506577,105763,SKU0057,WH_C,West,2025-02-01,2025-02-03,5,1,1
506578,105763,SKU0057,WH_C,West,2025-01-29,2025-02-05,7,0,0
506579,105764,SKU0032,WH_A,East,2025-01-29,2025-02-02,4,3,0
506580,105765,SKU0021,WH_A,East,2025-01-29,2025-02-01,3,5,1
506581,105766,SKU0043,WH_B,Central,2025-01-29,2025-02-02,4,6,0
506582,105767,SKU0049,WH_C,West,2025-01-30,2025-01-31,2,2,1
506583,105768,SKU0002,WH_C,West,2025-01-30,2025-01-31,2,7,1
506584,105769,SKU0084,WH_C,West,2025-01-29,2025-01-30,1,3,1
506585,105770,SKU0046,WH_B,Central,2025-01-29,2025-02-01,3,1,1
506586,105770,SKU0046,WH_B,Central,2025-02-02,2025-02-05,7,0,1
506587,105771,SKU0014,WH_B,Central,2025-01-30,2025-02-02,4,1,1
506588,105772,SKU0073,WH_B,Central,2025-01-31,2025-02-01,3,1,1
506589,105772,SKU0073,WH_B,Central,2025-01-30,2025-01-31,2,0,1
506590,105773,SKU0028,WH_A,East,2025-01-30,2025-01-31,2,4,1
506591,105774,SKU0040,WH_A,East,2025-01-29,2025-01-30,1,1,1
506592,105775,SKU0067,WH_B,Central,2025-02-01,2025-02-02,4,1,1
506593,105776,SKU0026,WH_C,West,2025-01-30,2025-02-04,6,1,0
506594,105777,SKU0019,WH_A,East,2025-01-29,2025-02-01,3,1,1
506595,105778,SKU0095,WH_B,Central,2025-01-29,2025-01-31,2,1,1
506596,105779,SKU0034,WH_B,Central,2025-02-01,2025-02-02,4,1,1
506597,105780,SKU0033,WH_B,Central,2025-01-30,2025-01-31,1,17,1
506598,105781,SKU0057,WH_A,East,2025-01-30,2025-02-02,3,2,1
506599,105782,SKU0064,WH_B,Central,2025-02-02,2025-02-03,4,7,1
506600,105783,SKU0081,WH_B,Central,2025-01-30,2025-01-31,1,1,1
506601,105783,SKU0081,WH_B,Central,2025-02-02,2025-02-03,4,0,1
506602,105784,SKU0084,WH_C,West,2025-01-30,2025-02-02,3,1,1
506603,105785,SKU0004,WH_A,East,2025-01-30,2025-01-31,1,2,1
506604,105786,SKU0084,WH_A,East,2025-01-30,2025-02-05,6,1,0
506605,105787,SKU0036,WH_A,East,2025-01-30,2025-01-31,1,4,1
506606,105787,SKU0036,WH_A,East,2025-01-31,2025-02-01,2,2,1
506607,105788,SKU0067,WH_C,West,2025-01-31,2025-02-02,3,2,1
506608,105789,SKU0088,WH_C,West,2025-01-30,2025-02-01,2,1,1
506609,105789,SKU0088,WH_C,West,2025-02-03,2025-02-07,8,2,0
506610,105790,SKU0064,WH_A,East,2025-02-02,2025-02-07,8,1,0
506611,105791,SKU0063,WH_C,West,2025-02-01,2025-02-02,3,9,1
506612,105792,SKU0074,WH_B,Central,2025-01-31,2025-02-02,3,1,1
506613,105793,SKU0026,WH_C,West,2025-01-30,2025-02-03,4,6,0
506614,105794,SKU0048,WH_B,Central,2025-01-30,2025-01-31,1,1,1
506615,105795,SKU0080,WH_A,East,2025-02-02,2025-02-05,6,4,1
506616,105796,SKU0034,WH_C,West,2025-01-30,2025-01-31,1,2,1
506617,105797,SKU0049,WH_B,Central,2025-01-31,2025-02-03,4,3,1
506618,105798,SKU0009,WH_A,East,2025-01-31,2025-02-02,3,2,1
506619,105799,SKU0093,WH_A,East,2025-01-30,2025-02-02,3,1,1
506620,105799,SKU0093,WH_A,East,2025-02-02,2025-02-04,5,2,1
506621,105800,SKU0097,WH_B,Central,2025-01-30,2025-02-01,2,1,1
506622,105800,SKU0097,WH_B,Central,2025-01-30,2025-02-01,2,0,1
506623,105801,SKU0083,WH_A,East,2025-01-30,2025-02-01,2,3,1
506624,105802,SKU0021,WH_B,Central,2025-01-31,2025-02-02,3,3,1
506625,105803,SKU0076,WH_A,East,2025-02-01,2025-02-03,4,1,1
506626,105804,SKU0069,WH_C,West,2025-01-30,2025-02-01,2,1,1
506627,105805,SKU0011,WH_A,East,2025-02-02,2025-02-07,8,1,0
506628,105806,SKU0034,WH_B,Central,2025-01-30,2025-01-31,1,6,1
506629,105807,SKU0072,WH_B,Central,2025-01-30,2025-02-02,3,3,1
506630,105808,SKU0037,WH_B,Central,2025-02-02,2025-02-04,5,1,1
506631,105809,SKU0082,WH_A,East,2025-02-01,2025-02-04,5,1,1
506632,105809,SKU0082,WH_A,East,2025-01-30,2025-02-04,5,0,0
506633,105810,SKU0048,WH_B,Central,2025-01-30,2025-02-01,2,1,1
506634,105811,SKU0048,WH_B,Central,2025-02-01,2025-02-07,8,2,0
506635,105812,SKU0052,WH_A,East,2025-01-30,2025-02-01,2,7,1
506636,105812,SKU0052,WH_A,East,2025-01-30,2025-02-01,2,4,1
506637,105813,SKU0072,WH_B,Central,2025-01-31,2025-02-04,5,12,0
506638,105814,SKU0005,WH_B,Central,2025-02-03,2025-02-07,8,9,0
506639,105815,SKU0008,WH_B,Central,2025-01-30,2025-02-01,2,2,1
506640,105816,SKU0096,WH_C,West,2025-01-31,2025-02-03,4,3,1
506641,105817,SKU0056,WH_A,East,2025-01-30,2025-01-31,1,2,1
506642,105818,SKU0031,WH_B,Central,2025-01-30,2025-02-01,2,2,1
506643,105819,SKU0080,WH_A,East,2025-01-30,2025-02-01,2,3,1
506644,105820,SKU0065,WH_C,West,2025-01-30,2025-02-01,2,6,1
506645,105821,SKU0077,WH_A,East,2025-01-31,2025-02-02,3,1,1
506646,105822,SKU0047,WH_C,West,2025-01-30,2025-02-02,3,10,1
506647,105823,SKU0093,WH_B,Central,2025-01-30,2025-02-01,2,5,1
506648,105824,SKU0040,WH_B,Central,2025-01-30,2025-01-31,1,10,1
506649,105825,SKU0064,WH_B,Central,2025-01-30,2025-01-31,1,7,1
506650,105826,SKU0034,WH_C,West,2025-01-30,2025-02-01,2,4,1
506651,105827,SKU0067,WH_A,East,2025-01-31,2025-02-02,3,1,1
506652,105828,SKU0080,WH_C,West,2025-01-31,2025-02-01,2,3,1
506653,105829,SKU0029,WH_C,West,2025-01-30,2025-02-02,3,2,1
506654,105830,SKU0024,WH_A,East,2025-01-30,2025-02-01,2,4,1
506655,105831,SKU0047,WH_B,Central,2025-01-31,2025-02-01,2,4,1
506656,105832,SKU0009,WH_C,West,2025-01-31,2025-02-01,2,5,1
506657,105833,SKU0073,WH_A,East,2025-01-31,2025-02-01,2,2,1
506658,105834,SKU0037,WH_B,Central,2025-01-30,2025-02-03,4,3,0
506659,105835,SKU0006,WH_A,East,2025-01-31,2025-02-01,2,6,1
506660,105836,SKU0065,WH_C,West,2025-01-31,2025-02-02,3,2,1
506661,105837,SKU0099,WH_A,East,2025-01-30,2025-02-03,4,1,0
506662,105838,SKU0041,WH_C,West,2025-01-30,2025-01-31,1,3,1
506663,105839,SKU0057,WH_A,East,2025-02-02,2025-02-03,4,5,1
506664,105840,SKU0006,WH_B,Central,2025-01-30,2025-01-31,1,1,1
506665,105841,SKU0046,WH_C,West,2025-01-30,2025-01-31,1,1,1
506666,105842,SKU0015,WH_A,East,2025-01-31,2025-02-03,4,4,1
506667,105843,SKU0033,WH_B,Central,2025-01-31,2025-02-02,3,1,1
506668,105844,SKU0082,WH_B,Central,2025-01-30,2025-02-01,2,1,1
506669,105844,SKU0082,WH_B,Central,2025-02-01,2025-02-02,3,0,1
506670,105845,SKU0077,WH_A,East,2025-02-01,2025-02-02,3,1,1
506671,105845,SKU0077,WH_A,East,2025-01-30,2025-01-31,1,0,1
506672,105846,SKU0072,WH_B,Central,2025-01-30,2025-02-04,5,1,0
506673,105847,SKU0040,WH_C,West,2025-01-30,2025-02-01,2,1,1
506674,105848,SKU0064,WH_B,Central,2025-01-30,2025-02-02,3,2,1
506675,105849,SKU0021,WH_A,East,2025-01-30,2025-02-02,3,1,1
506676,105850,SKU0049,WH_A,East,2025-02-01,2025-02-02,3,5,1
506677,105851,SKU0083,WH_A,East,2025-02-02,2025-02-04,5,7,1
506678,105852,SKU0053,WH_C,West,2025-02-02,2025-02-03,4,2,1
506679,105853,SKU0023,WH_B,Central,2025-02-01,2025-02-02,3,1,1
506680,105854,SKU0027,WH_A,East,2025-01-31,2025-02-06,7,5,0
506681,105855,SKU0016,WH_C,West,2025-02-01,2025-02-03,4,1,1
506682,105856,SKU0052,WH_C,West,2025-01-30,2025-02-01,2,1,1
506683,105857,SKU0069,WH_B,Central,2025-01-31,2025-02-02,3,3,1
506684,105857,SKU0069,WH_B,Central,2025-02-01,2025-02-02,3,1,1
506685,105858,SKU0094,WH_B,Central,2025-01-31,2025-02-02,3,2,1
506686,105859,SKU0075,WH_C,West,2025-01-30,2025-01-31,1,1,1
506687,105860,SKU0081,WH_B,Central,2025-01-31,2025-02-01,2,1,1
506688,105861,SKU0033,WH_A,East,2025-01-31,2025-02-06,7,8,0
506689,105862,SKU0062,WH_C,West,2025-01-30,2025-02-02,3,2,1
506690,105862,SKU0062,WH_C,West,2025-01-31,2025-02-02,3,1,1
506691,105863,SKU0077,WH_A,East,2025-01-31,2025-02-04,5,1,0
506692,105864,SKU0003,WH_A,East,2025-02-02,2025-02-05,6,3,1
506693,105865,SKU0054,WH_A,East,2025-01-31,2025-02-02,3,2,1
506694,105866,SKU0004,WH_A,East,2025-01-31,2025-02-01,2,1,1
506695,105867,SKU0017,WH_B,Central,2025-01-30,2025-02-01,2,1,1
506696,105868,SKU0041,WH_A,East,2025-01-31,2025-02-01,2,1,1
506697,105869,SKU0057,WH_B,Central,2025-01-31,2025-02-01,2,7,1
506698,105869,SKU0057,WH_B,Central,2025-01-31,2025-02-03,4,3,1
506699,105870,SKU0052,WH_B,Central,2025-01-31,2025-02-02,3,1,1
506700,105871,SKU0026,WH_C,West,2025-02-02,2025-02-07,8,4,0
506701,105872,SKU0092,WH_B,Central,2025-01-31,2025-02-01,2,3,1
506702,105873,SKU0007,WH_C,West,2025-01-30,2025-01-31,1,4,1
506703,105874,SKU0015,WH_B,Central,2025-01-31,2025-02-02,3,1,1
506704,105875,SKU0049,WH_B,Central,2025-01-31,2025-02-01,2,1,1
506705,105875,SKU0049,WH_B,Central,2025-01-30,2025-02-02,3,4,1
506706,105876,SKU0001,WH_C,West,2025-01-30,2025-02-01,2,1,1
506707,105877,SKU0061,WH_A,East,2025-01-30,2025-02-02,3,1,1
506708,105878,SKU0077,WH_B,Central,2025-01-31,2025-02-01,2,9,1
506709,105879,SKU0076,WH_A,East,2025-01-30,2025-02-02,3,1,1
506710,105879,SKU0076,WH_A,East,2025-02-02,2025-02-07,8,0,0
506711,105880,SKU0082,WH_B,Central,2025-01-30,2025-01-31,1,2,1
506712,105881,SKU0037,WH_A,East,2025-01-31,2025-02-02,3,1,1
506713,105882,SKU0021,WH_A,East,2025-01-30,2025-02-02,3,1,1
506714,105883,SKU0059,WH_C,West,2025-01-30,2025-02-01,2,4,1
506715,105883,SKU0059,WH_C,West,2025-01-31,2025-02-03,4,1,1
506716,105884,SKU0098,WH_A,East,2025-01-31,2025-02-05,6,1,0
506717,105885,SKU0060,WH_C,West,2025-01-30,2025-02-02,3,2,1
506718,105886,SKU0075,WH_C,West,2025-01-30,2025-01-31,1,3,1
506719,105887,SKU0038,WH_A,East,2025-01-31,2025-02-01,2,1,1
506720,105887,SKU0038,WH_A,East,2025-01-31,2025-02-01,2,0,1
506721,105888,SKU0061,WH_C,West,2025-01-31,2025-02-01,2,1,1
506722,105889,SKU0022,WH_A,East,2025-01-30,2025-02-02,3,1,1
506723,105889,SKU0022,WH_A,East,2025-01-30,2025-02-01,2,1,1
506724,105890,SKU0083,WH_A,East,2025-01-30,2025-01-31,1,1,1
506725,105890,SKU0083,WH_A,East,2025-01-30,2025-02-02,3,0,1
506726,105891,SKU0076,WH_C,West,2025-02-01,2025-02-04,5,1,1
506727,105892,SKU0005,WH_B,Central,2025-01-30,2025-01-31,1,1,1
506728,105893,SKU0076,WH_C,West,2025-01-30,2025-01-31,1,1,1
506729,105894,SKU0031,WH_A,East,2025-01-30,2025-01-31,1,1,1
506730,105894,SKU0031,WH_A,East,2025-01-31,2025-02-01,2,0,1
506731,105895,SKU0023,WH_C,West,2025-02-01,2025-02-04,5,4,1
506732,105896,SKU0092,WH_A,East,2025-02-02,2025-02-08,9,1,0
506733,105897,SKU0012,WH_C,West,2025-01-31,2025-02-01,2,2,1
506734,105897,SKU0012,WH_C,West,2025-01-30,2025-01-31,1,1,1
506735,105898,SKU0001,WH_B,Central,2025-01-30,2025-02-01,2,6,1
506736,105899,SKU0086,WH_A,East,2025-01-31,2025-02-01,2,1,1
506737,105900,SKU0093,WH_C,West,2025-01-31,2025-02-01,2,2,1
506738,105901,SKU0023,WH_C,West,2025-02-01,2025-02-02,3,1,1
506739,105902,SKU0086,WH_A,East,2025-01-30,2025-02-01,2,7,1
506740,105903,SKU0060,WH_B,Central,2025-01-31,2025-02-01,2,1,1
506741,105904,SKU0011,WH_B,Central,2025-02-02,2025-02-04,5,3,1
506742,105905,SKU0008,WH_A,East,2025-01-30,2025-01-31,1,1,1
506743,105906,SKU0076,WH_B,Central,2025-01-31,2025-02-01,2,5,1
506744,105907,SKU0046,WH_A,East,2025-01-30,2025-02-01,2,1,1
506745,105907,SKU0046,WH_A,East,2025-02-02,2025-02-03,4,0,1
506746,105908,SKU0011,WH_A,East,2025-01-30,2025-02-02,3,3,1
506747,105909,SKU0074,WH_B,Central,2025-01-31,2025-02-05,6,3,0
506748,105910,SKU0039,WH_C,West,2025-01-31,2025-02-02,3,1,1
506749,105910,SKU0039,WH_C,West,2025-01-30,2025-02-01,2,0,1
506750,105911,SKU0056,WH_C,West,2025-02-02,2025-02-04,5,1,1
506751,105911,SKU0056,WH_C,West,2025-01-30,2025-01-31,1,0,1
506752,105912,SKU0019,WH_C,West,2025-02-02,2025-02-04,5,6,1
506753,105913,SKU0068,WH_C,West,2025-01-30,2025-01-31,1,1,1
506754,105913,SKU0068,WH_C,West,2025-01-30,2025-02-01,2,0,1
506755,105914,SKU0096,WH_A,East,2025-01-31,2025-02-02,3,1,1
506756,105914,SKU0096,WH_A,East,2025-02-01,2025-02-04,5,1,1
506757,105915,SKU0053,WH_A,East,2025-01-31,2025-02-03,4,1,1
506758,105916,SKU0082,WH_A,East,2025-01-31,2025-02-02,3,1,1
506759,105917,SKU0063,WH_C,West,2025-01-30,2025-01-31,1,1,1
506760,105917,SKU0063,WH_C,West,2025-01-30,2025-02-01,2,1,1
506761,105918,SKU0099,WH_A,East,2025-02-02,2025-02-03,4,1,1
506762,105918,SKU0099,WH_A,East,2025-01-31,2025-02-01,2,1,1
506763,105919,SKU0036,WH_C,West,2025-02-02,2025-02-04,5,2,1
506764,105920,SKU0066,WH_C,West,2025-01-30,2025-01-31,1,5,1
506765,105921,SKU0007,WH_A,East,2025-01-30,2025-02-02,3,1,1
506766,105921,SKU0007,WH_A,East,2025-01-31,2025-02-05,6,0,0
506767,105922,SKU0061,WH_C,West,2025-01-31,2025-02-01,2,1,1
506768,105923,SKU0081,WH_A,East,2025-01-31,2025-02-04,5,6,0
506769,105924,SKU0068,WH_C,West,2025-02-03,2025-02-06,7,1,1
506770,105924,SKU0068,WH_C,West,2025-01-30,2025-02-01,2,0,1
506771,105925,SKU0035,WH_A,East,2025-01-31,2025-02-02,3,3,1
506772,105925,SKU0035,WH_A,East,2025-01-30,2025-01-31,1,10,1
506773,105926,SKU0089,WH_B,Central,2025-01-31,2025-02-03,4,2,1
506774,105927,SKU0037,WH_C,West,2025-01-30,2025-01-31,1,4,1
506775,105928,SKU0009,WH_B,Central,2025-01-31,2025-02-03,4,1,1
506776,105929,SKU0037,WH_B,Central,2025-01-30,2025-01-31,1,2,1
506777,105930,SKU0049,WH_B,Central,2025-01-30,2025-02-03,4,2,0
506778,105931,SKU0097,WH_C,West,2025-01-30,2025-01-31,1,1,1
506779,105931,SKU0097,WH_C,West,2025-02-01,2025-02-03,4,1,1
506780,105932,SKU0098,WH_B,Central,2025-01-31,2025-02-03,4,5,1
506781,105933,SKU0067,WH_B,Central,2025-01-30,2025-01-31,1,1,1
506782,105934,SKU0026,WH_A,East,2025-01-30,2025-01-31,1,1,1
506783,105934,SKU0026,WH_A,East,2025-01-30,2025-02-05,6,1,0
506784,105935,SKU0093,WH_A,East,2025-01-30,2025-01-31,1,3,1
506785,105936,SKU0004,WH_C,West,2025-01-30,2025-01-31,1,2,1
506786,105937,SKU0051,WH_B,Central,2025-01-30,2025-01-31,1,1,1
506787,105938,SKU0001,WH_B,Central,2025-01-31,2025-02-02,3,4,1
506788,105939,SKU0025,WH_C,West,2025-01-30,2025-02-01,2,3,1
506789,105940,SKU0043,WH_C,West,2025-01-30,2025-02-01,2,1,1
506790,105941,SKU0095,WH_A,East,2025-01-30,2025-02-01,2,1,1
506791,105942,SKU0096,WH_A,East,2025-01-30,2025-01-31,1,2,1
506792,105943,SKU0088,WH_A,East,2025-01-30,2025-01-31,1,2,1
506793,105944,SKU0041,WH_B,Central,2025-01-31,2025-02-04,5,1,0
506794,105944,SKU0041,WH_B,Central,2025-02-01,2025-02-03,4,3,1
506795,105945,SKU0048,WH_A,East,2025-02-01,2025-02-05,6,3,0
506796,105946,SKU0005,WH_A,East,2025-01-31,2025-02-02,3,1,1
506797,105947,SKU0029,WH_B,Central,2025-02-01,2025-02-03,4,4,1
506798,105948,SKU0030,WH_B,Central,2025-01-30,2025-02-02,3,1,1
506799,105949,SKU0095,WH_C,West,2025-02-02,2025-02-04,5,2,1
506800,105950,SKU0095,WH_B,Central,2025-01-30,2025-01-31,1,2,1
506801,105951,SKU0082,WH_A,East,2025-01-30,2025-02-01,2,3,1
506802,105952,SKU0062,WH_C,West,2025-01-30,2025-02-02,3,5,1
506803,105953,SKU0065,WH_C,West,2025-01-31,2025-02-02,3,2,1
506804,105954,SKU0029,WH_A,East,2025-01-30,2025-02-01,2,1,1
506805,105955,SKU0009,WH_B,Central,2025-01-31,2025-02-03,4,1,1
506806,105956,SKU0087,WH_B,Central,2025-02-03,2025-02-04,5,1,1
506807,105957,SKU0061,WH_A,East,2025-01-30,2025-02-01,2,1,1
506808,105958,SKU0022,WH_C,West,2025-02-02,2025-02-03,4,1,1
506809,105958,SKU0022,WH_C,West,2025-01-31,2025-02-01,2,0,1
506810,105959,SKU0065,WH_C,West,2025-01-30,2025-02-05,6,1,0
506811,105960,SKU0084,WH_B,Central,2025-01-30,2025-02-02,3,1,1
506812,105961,SKU0001,WH_B,Central,2025-01-31,2025-02-03,4,1,1
506813,105962,SKU0068,WH_B,Central,2025-01-30,2025-02-03,4,3,0
506814,105963,SKU0015,WH_A,East,2025-01-31,2025-02-01,2,1,1
506815,105964,SKU0076,WH_C,West,2025-01-30,2025-01-31,1,1,1
506816,105965,SKU0100,WH_C,West,2025-01-30,2025-01-31,1,1,1
506817,105966,SKU0019,WH_B,Central,2025-01-30,2025-02-01,2,2,1
506818,105967,SKU0091,WH_C,West,2025-02-03,2025-02-05,6,1,1
506819,105968,SKU0066,WH_B,Central,2025-01-31,2025-02-01,2,4,1
506820,105969,SKU0047,WH_B,Central,2025-01-30,2025-01-31,1,1,1
506821,105969,SKU0047,WH_B,Central,2025-02-01,2025-02-07,8,0,0
506822,105970,SKU0014,WH_A,East,2025-01-31,2025-02-01,2,1,1
506823,105970,SKU0014,WH_A,East,2025-01-30,2025-02-01,2,1,1
506824,105971,SKU0049,WH_A,East,2025-02-02,2025-02-05,6,1,1
506825,105972,SKU0053,WH_C,West,2025-01-31,2025-02-02,3,5,1
506826,105973,SKU0069,WH_B,Central,2025-01-31,2025-02-03,4,1,1
506827,105974,SKU0013,WH_C,West,2025-01-31,2025-02-04,5,1,0
506828,105975,SKU0088,WH_B,Central,2025-01-30,2025-02-05,6,6,0
506829,105976,SKU0022,WH_A,East,2025-01-31,2025-02-02,3,5,1
506830,105977,SKU0085,WH_A,East,2025-02-01,2025-02-05,6,5,0
506831,105978,SKU0056,WH_A,East,2025-01-30,2025-02-03,4,1,0
506832,105979,SKU0082,WH_C,West,2025-01-30,2025-02-01,2,1,1
506833,105980,SKU0017,WH_A,East,2025-01-30,2025-01-31,1,3,1
506834,105981,SKU0006,WH_C,West,2025-02-01,2025-02-03,4,3,1
506835,105982,SKU0021,WH_B,Central,2025-01-31,2025-02-02,3,6,1
506836,105983,SKU0046,WH_C,West,2025-01-31,2025-02-01,2,4,1
506837,105983,SKU0046,WH_C,West,2025-01-31,2025-02-03,4,2,1
506838,105984,SKU0069,WH_A,East,2025-01-30,2025-02-03,4,3,0
506839,105985,SKU0096,WH_C,West,2025-01-30,2025-02-02,3,1,1
506840,105985,SKU0096,WH_C,West,2025-01-31,2025-02-02,3,0,1
506841,105986,SKU0008,WH_C,West,2025-02-01,2025-02-03,4,1,1
506842,105987,SKU0042,WH_B,Central,2025-02-01,2025-02-04,5,1,1
506843,105988,SKU0037,WH_C,West,2025-01-31,2025-02-01,2,1,1
506844,105989,SKU0003,WH_B,Central,2025-02-02,2025-02-03,4,4,1
506845,105990,SKU0080,WH_C,West,2025-02-01,2025-02-03,4,2,1
506846,105990,SKU0080,WH_C,West,2025-01-31,2025-02-01,2,1,1
506847,105991,SKU0074,WH_C,West,2025-01-30,2025-01-31,1,1,1
506848,105992,SKU0009,WH_A,East,2025-02-02,2025-02-03,4,3,1
506849,105993,SKU0017,WH_A,East,2025-01-30,2025-01-31,1,1,1
506850,105994,SKU0050,WH_C,West,2025-02-01,2025-02-03,4,9,1
506851,105995,SKU0082,WH_A,East,2025-01-30,2025-02-01,2,1,1
506852,105996,SKU0094,WH_A,East,2025-01-30,2025-01-31,1,2,1
506853,105997,SKU0028,WH_A,East,2025-01-31,2025-02-02,3,1,1
506854,105998,SKU0037,WH_A,East,2025-01-30,2025-01-31,1,10,1
506855,105999,SKU0054,WH_C,West,2025-01-30,2025-02-03,4,6,0
506856,106000,SKU0059,WH_C,West,2025-01-31,2025-02-01,2,1,1
506857,106001,SKU0082,WH_A,East,2025-01-31,2025-02-01,2,2,1
506858,106002,SKU0058,WH_B,Central,2025-01-31,2025-02-03,4,5,1
506859,106002,SKU0058,WH_B,Central,2025-01-30,2025-02-01,2,2,1
506860,106003,SKU0002,WH_C,West,2025-02-02,2025-02-03,4,1,1
506861,106004,SKU0093,WH_C,West,2025-01-30,2025-02-03,4,2,0
506862,106005,SKU0041,WH_A,East,2025-02-01,2025-02-03,4,7,1
506863,106006,SKU0053,WH_B,Central,2025-01-31,2025-02-01,2,13,1
506864,106007,SKU0053,WH_A,East,2025-02-01,2025-02-03,4,1,1
506865,106008,SKU0017,WH_A,East,2025-01-31,2025-02-01,2,6,1
506866,106009,SKU0047,WH_B,Central,2025-01-31,2025-02-03,4,5,1
506867,106010,SKU0036,WH_B,Central,2025-01-30,2025-02-04,5,1,0
506868,106010,SKU0036,WH_B,Central,2025-01-30,2025-02-04,5,4,0
506869,106011,SKU0070,WH_C,West,2025-01-31,2025-02-04,5,1,0
506870,106012,SKU0089,WH_A,East,2025-01-31,2025-02-02,3,1,1
506871,106013,SKU0015,WH_A,East,2025-01-30,2025-02-02,3,1,1
506872,106014,SKU0050,WH_A,East,2025-01-30,2025-01-31,1,4,1
506873,106015,SKU0061,WH_A,East,2025-01-30,2025-02-02,3,3,1
506874,106015,SKU0061,WH_A,East,2025-01-31,2025-02-01,2,11,1
506875,106016,SKU0036,WH_C,West,2025-01-30,2025-02-01,2,5,1
506876,106016,SKU0036,WH_C,West,2025-01-30,2025-02-01,2,2,1
506877,106017,SKU0083,WH_A,East,2025-01-30,2025-01-31,1,1,1
506878,106018,SKU0028,WH_C,West,2025-01-30,2025-01-31,1,1,1
506879,106019,SKU0077,WH_A,East,2025-01-30,2025-02-05,6,2,0
506880,106020,SKU0043,WH_A,East,2025-01-31,2025-02-01,2,2,1
506881,106021,SKU0097,WH_B,Central,2025-01-30,2025-01-31,1,3,1
506882,106022,SKU0020,WH_C,West,2025-01-31,2025-02-04,5,2,0
506883,106023,SKU0098,WH_B,Central,2025-01-30,2025-02-01,2,1,1
506884,106024,SKU0046,WH_C,West,2025-01-30,2025-02-01,2,1,1
506885,106025,SKU0019,WH_A,East,2025-01-30,2025-02-01,2,6,1
506886,106026,SKU0092,WH_A,East,2025-02-02,2025-02-05,6,1,1
506887,106027,SKU0032,WH_C,West,2025-02-01,2025-02-02,3,1,1
506888,106028,SKU0045,WH_A,East,2025-01-31,2025-02-05,6,1,0
506889,106028,SKU0045,WH_A,East,2025-01-30,2025-02-03,4,0,0
506890,106029,SKU0018,WH_A,East,2025-01-30,2025-02-06,7,2,0
506891,106030,SKU0059,WH_B,Central,2025-01-31,2025-02-02,2,1,1
506892,106030,SKU0059,WH_B,Central,2025-01-31,2025-02-01,1,5,1
506893,106031,SKU0072,WH_A,East,2025-02-02,2025-02-03,3,1,1
506894,106032,SKU0015,WH_A,East,2025-02-01,2025-02-06,6,1,0
506895,106033,SKU0007,WH_B,Central,2025-02-03,2025-02-07,7,1,0
506896,106034,SKU0064,WH_A,East,2025-02-03,2025-02-04,4,1,1
506897,106035,SKU0074,WH_A,East,2025-02-04,2025-02-05,5,2,1
506898,106036,SKU0030,WH_B,Central,2025-01-31,2025-02-01,1,1,1
506899,106036,SKU0030,WH_B,Central,2025-02-01,2025-02-02,2,0,1
506900,106037,SKU0047,WH_B,Central,2025-01-31,2025-02-02,2,8,1
506901,106038,SKU0007,WH_C,West,2025-01-31,2025-02-01,1,1,1
506902,106039,SKU0096,WH_A,East,2025-02-01,2025-02-02,2,3,1
506903,106040,SKU0054,WH_B,Central,2025-02-01,2025-02-03,3,3,1
506904,106041,SKU0046,WH_C,West,2025-02-04,2025-02-08,8,1,0
506905,106042,SKU0100,WH_A,East,2025-01-31,2025-02-01,1,1,1
506906,106043,SKU0082,WH_C,West,2025-02-02,2025-02-04,4,3,1
506907,106044,SKU0086,WH_C,West,2025-02-01,2025-02-03,3,3,1
506908,106045,SKU0059,WH_A,East,2025-02-01,2025-02-02,2,1,1
506909,106046,SKU0068,WH_C,West,2025-02-01,2025-02-05,5,2,0
506910,106047,SKU0057,WH_A,East,2025-01-31,2025-02-02,2,6,1
506911,106048,SKU0003,WH_A,East,2025-02-01,2025-02-05,5,1,0
506912,106049,SKU0050,WH_B,Central,2025-02-02,2025-02-04,4,1,1
506913,106049,SKU0050,WH_B,Central,2025-02-01,2025-02-05,5,1,0
506914,106050,SKU0033,WH_B,Central,2025-01-31,2025-02-04,4,1,0
506915,106051,SKU0011,WH_A,East,2025-01-31,2025-02-02,2,1,1
506916,106052,SKU0078,WH_C,West,2025-02-03,2025-02-05,5,1,1
506917,106053,SKU0065,WH_B,Central,2025-01-31,2025-02-05,5,1,0
506918,106054,SKU0013,WH_B,Central,2025-02-01,2025-02-02,2,1,1
506919,106055,SKU0086,WH_A,East,2025-01-31,2025-02-01,1,1,1
506920,106055,SKU0086,WH_A,East,2025-01-31,2025-02-02,2,0,1
506921,106056,SKU0054,WH_B,Central,2025-02-01,2025-02-05,5,1,0
506922,106057,SKU0063,WH_B,Central,2025-02-01,2025-02-02,2,2,1
506923,106058,SKU0003,WH_B,Central,2025-01-31,2025-02-01,1,1,1
506924,106059,SKU0010,WH_C,West,2025-02-03,2025-02-04,4,1,1
506925,106060,SKU0095,WH_B,Central,2025-01-31,2025-02-03,3,1,1
506926,106061,SKU0081,WH_A,East,2025-02-03,2025-02-04,4,1,1
506927,106062,SKU0094,WH_C,West,2025-01-31,2025-02-01,1,1,1
506928,106063,SKU0063,WH_A,East,2025-01-31,2025-02-02,2,2,1
506929,106064,SKU0053,WH_C,West,2025-02-01,2025-02-04,4,7,1
506930,106065,SKU0061,WH_B,Central,2025-01-31,2025-02-02,2,1,1
506931,106066,SKU0011,WH_B,Central,2025-01-31,2025-02-05,5,1,0
506932,106067,SKU0053,WH_A,East,2025-02-02,2025-02-04,4,1,1
506933,106068,SKU0049,WH_C,West,2025-01-31,2025-02-06,6,5,0
506934,106069,SKU0044,WH_A,East,2025-02-02,2025-02-03,3,1,1
506935,106069,SKU0044,WH_A,East,2025-01-31,2025-02-01,1,0,1
506936,106070,SKU0046,WH_A,East,2025-01-31,2025-02-01,1,3,1
506937,106071,SKU0008,WH_A,East,2025-02-01,2025-02-02,2,2,1
506938,106072,SKU0042,WH_A,East,2025-01-31,2025-02-01,1,4,1
506939,106073,SKU0012,WH_C,West,2025-01-31,2025-02-03,3,5,1
506940,106074,SKU0017,WH_C,West,2025-02-01,2025-02-03,3,5,1
506941,106075,SKU0019,WH_B,Central,2025-01-31,2025-02-03,3,4,1
506942,106075,SKU0019,WH_B,Central,2025-02-03,2025-02-05,5,1,1
506943,106076,SKU0038,WH_C,West,2025-01-31,2025-02-03,3,1,1
506944,106077,SKU0007,WH_A,East,2025-01-31,2025-02-01,1,4,1
506945,106078,SKU0063,WH_C,West,2025-01-31,2025-02-01,1,1,1
506946,106079,SKU0042,WH_A,East,2025-02-03,2025-02-07,7,1,0
506947,106079,SKU0042,WH_A,East,2025-01-31,2025-02-06,6,0,0
506948,106080,SKU0027,WH_B,Central,2025-01-31,2025-02-02,2,3,1
506949,106081,SKU0016,WH_B,Central,2025-02-01,2025-02-03,3,5,1
506950,106082,SKU0056,WH_A,East,2025-01-31,2025-02-05,5,1,0
506951,106083,SKU0094,WH_A,East,2025-01-31,2025-02-03,3,2,1
506952,106084,SKU0082,WH_A,East,2025-02-01,2025-02-06,6,6,0
506953,106085,SKU0045,WH_B,Central,2025-01-31,2025-02-03,3,1,1
506954,106086,SKU0001,WH_A,East,2025-01-31,2025-02-03,3,5,1
506955,106086,SKU0001,WH_A,East,2025-02-01,2025-02-03,3,2,1
506956,106087,SKU0025,WH_B,Central,2025-01-31,2025-02-02,2,1,1
506957,106087,SKU0025,WH_B,Central,2025-01-31,2025-02-02,2,0,1
506958,106088,SKU0011,WH_C,West,2025-02-02,2025-02-05,5,1,1
506959,106089,SKU0070,WH_C,West,2025-02-01,2025-02-08,8,1,0
506960,106090,SKU0013,WH_C,West,2025-02-01,2025-02-02,2,1,1
506961,106091,SKU0037,WH_C,West,2025-02-01,2025-02-03,3,1,1
506962,106092,SKU0013,WH_A,East,2025-02-03,2025-02-08,8,20,0
506963,106093,SKU0082,WH_C,West,2025-02-03,2025-02-04,4,3,1
506964,106094,SKU0021,WH_A,East,2025-01-31,2025-02-02,2,14,1
506965,106095,SKU0062,WH_C,West,2025-01-31,2025-02-03,3,1,1
506966,106096,SKU0064,WH_A,East,2025-02-01,2025-02-03,3,5,1
506967,106097,SKU0072,WH_C,West,2025-01-31,2025-02-03,3,8,1
506968,106098,SKU0021,WH_C,West,2025-02-01,2025-02-04,4,1,1
506969,106099,SKU0009,WH_A,East,2025-02-02,2025-02-08,8,1,0
506970,106100,SKU0095,WH_C,West,2025-01-31,2025-02-05,5,1,0
506971,106100,SKU0095,WH_C,West,2025-01-31,2025-02-02,2,1,1
506972,106101,SKU0065,WH_A,East,2025-02-03,2025-02-05,5,1,1
506973,106101,SKU0065,WH_A,East,2025-01-31,2025-02-02,2,0,1
506974,106102,SKU0099,WH_A,East,2025-02-02,2025-02-04,4,1,1
506975,106103,SKU0082,WH_C,West,2025-02-02,2025-02-05,5,3,1
506976,106104,SKU0053,WH_B,Central,2025-02-02,2025-02-03,3,1,1
506977,106104,SKU0053,WH_B,Central,2025-01-31,2025-02-01,1,0,1
506978,106105,SKU0089,WH_B,Central,2025-02-01,2025-02-02,2,1,1
506979,106106,SKU0002,WH_A,East,2025-01-31,2025-02-06,6,4,0
506980,106107,SKU0054,WH_B,Central,2025-02-01,2025-02-02,2,1,1
506981,106108,SKU0086,WH_B,Central,2025-02-01,2025-02-04,4,2,1
506982,106109,SKU0069,WH_A,East,2025-02-01,2025-02-03,3,1,1
506983,106109,SKU0069,WH_A,East,2025-02-01,2025-02-02,2,1,1
506984,106110,SKU0030,WH_B,Central,2025-01-31,2025-02-03,3,7,1
506985,106110,SKU0030,WH_B,Central,2025-02-01,2025-02-06,6,6,0
506986,106111,SKU0011,WH_A,East,2025-01-31,2025-02-01,1,2,1
506987,106112,SKU0098,WH_A,East,2025-01-31,2025-02-02,2,2,1
506988,106113,SKU0030,WH_B,Central,2025-01-31,2025-02-01,1,1,1
506989,106114,SKU0096,WH_B,Central,2025-02-01,2025-02-02,2,2,1
506990,106115,SKU0050,WH_A,East,2025-01-31,2025-02-02,2,1,1
506991,106116,SKU0011,WH_B,Central,2025-02-03,2025-02-04,4,1,1
506992,106117,SKU0085,WH_A,East,2025-01-31,2025-02-02,2,1,1
506993,106117,SKU0085,WH_A,East,2025-01-31,2025-02-01,1,0,1
506994,106118,SKU0035,WH_C,West,2025-02-04,2025-02-08,8,1,0
506995,106119,SKU0045,WH_C,West,2025-02-01,2025-02-02,2,7,1
506996,106120,SKU0026,WH_C,West,2025-01-31,2025-02-02,2,5,1
506997,106121,SKU0011,WH_B,Central,2025-02-01,2025-02-04,4,1,1
506998,106122,SKU0069,WH_C,West,2025-01-31,2025-02-02,2,2,1
506999,106123,SKU0063,WH_A,East,2025-01-31,2025-02-05,5,1,0
507000,106123,SKU0063,WH_A,East,2025-02-01,2025-02-03,3,0,1
507001,106124,SKU0041,WH_C,West,2025-02-02,2025-02-07,7,1,0
507002,106124,SKU0041,WH_C,West,2025-02-01,2025-02-04,4,0,1
507003,106125,SKU0019,WH_A,East,2025-01-31,2025-02-01,1,2,1
507004,106126,SKU0034,WH_C,West,2025-02-01,2025-02-05,5,1,0
507005,106127,SKU0024,WH_B,Central,2025-02-01,2025-02-03,3,1,1
507006,106127,SKU0024,WH_B,Central,2025-02-01,2025-02-05,5,1,0
507007,106128,SKU0056,WH_A,East,2025-02-01,2025-02-03,3,5,1
507008,106129,SKU0047,WH_A,East,2025-02-03,2025-02-04,4,2,1
507009,106130,SKU0003,WH_C,West,2025-01-31,2025-02-05,5,1,0
507010,106130,SKU0003,WH_C,West,2025-02-01,2025-02-04,4,0,1
507011,106131,SKU0077,WH_C,West,2025-01-31,2025-02-02,2,2,1
507012,106132,SKU0073,WH_B,Central,2025-02-03,2025-02-04,4,6,1
507013,106133,SKU0100,WH_A,East,2025-01-31,2025-02-02,2,1,1
507014,106134,SKU0054,WH_A,East,2025-01-31,2025-02-02,2,1,1
507015,106135,SKU0014,WH_B,Central,2025-01-31,2025-02-02,2,8,1
507016,106136,SKU0049,WH_B,Central,2025-01-31,2025-02-02,2,4,1
507017,106137,SKU0001,WH_A,East,2025-01-31,2025-02-02,2,6,1
507018,106138,SKU0099,WH_B,Central,2025-02-01,2025-02-04,4,1,1
507019,106138,SKU0099,WH_B,Central,2025-02-02,2025-02-08,8,1,0
507020,106139,SKU0044,WH_B,Central,2025-02-02,2025-02-07,7,9,0
507021,106140,SKU0034,WH_B,Central,2025-01-31,2025-02-02,2,2,1
507022,106141,SKU0020,WH_C,West,2025-01-31,2025-02-04,4,1,0
507023,106142,SKU0082,WH_A,East,2025-02-02,2025-02-03,3,1,1
507024,106143,SKU0028,WH_C,West,2025-02-01,2025-02-05,5,3,0
507025,106144,SKU0013,WH_C,West,2025-02-01,2025-02-03,3,1,1
507026,106144,SKU0013,WH_C,West,2025-01-31,2025-02-03,3,0,1
507027,106145,SKU0004,WH_B,Central,2025-01-31,2025-02-02,2,6,1
507028,106146,SKU0030,WH_A,East,2025-02-02,2025-02-04,4,1,1
507029,106147,SKU0074,WH_A,East,2025-02-01,2025-02-04,4,2,1
507030,106148,SKU0076,WH_B,Central,2025-01-31,2025-02-05,5,1,0
507031,106148,SKU0076,WH_B,Central,2025-01-31,2025-02-01,1,0,1
507032,106149,SKU0002,WH_A,East,2025-02-02,2025-02-05,5,1,1
507033,106149,SKU0002,WH_A,East,2025-01-31,2025-02-01,1,1,1
507034,106150,SKU0028,WH_A,East,2025-01-31,2025-02-06,6,1,0
507035,106151,SKU0073,WH_A,East,2025-01-31,2025-02-04,4,1,0
507036,106152,SKU0069,WH_B,Central,2025-01-31,2025-02-03,3,1,1
507037,106153,SKU0017,WH_B,Central,2025-02-01,2025-02-02,2,1,1
507038,106154,SKU0073,WH_B,Central,2025-01-31,2025-02-01,1,2,1
507039,106155,SKU0027,WH_C,West,2025-02-01,2025-02-07,7,1,0
507040,106156,SKU0047,WH_A,East,2025-02-03,2025-02-04,4,1,1
507041,106157,SKU0022,WH_A,East,2025-02-02,2025-02-03,3,5,1
507042,106158,SKU0086,WH_A,East,2025-02-02,2025-02-05,5,4,1
507043,106159,SKU0032,WH_B,Central,2025-02-03,2025-02-05,5,1,1
507044,106159,SKU0032,WH_B,Central,2025-02-01,2025-02-04,4,0,1
507045,106160,SKU0053,WH_C,West,2025-01-31,2025-02-06,6,1,0
507046,106160,SKU0053,WH_C,West,2025-01-31,2025-02-07,7,2,0
507047,106161,SKU0084,WH_B,Central,2025-02-02,2025-02-04,4,2,1
507048,106162,SKU0075,WH_C,West,2025-01-31,2025-02-01,1,1,1
507049,106163,SKU0017,WH_C,West,2025-02-02,2025-02-05,5,2,1
507050,106164,SKU0085,WH_C,West,2025-02-03,2025-02-05,5,1,1
507051,106165,SKU0023,WH_A,East,2025-02-02,2025-02-06,6,1,0
507052,106166,SKU0096,WH_A,East,2025-02-03,2025-02-04,4,10,1
507053,106167,SKU0094,WH_A,East,2025-01-31,2025-02-01,1,1,1
507054,106168,SKU0040,WH_B,Central,2025-02-01,2025-02-04,4,1,1
507055,106169,SKU0020,WH_B,Central,2025-01-31,2025-02-01,1,1,1
507056,106170,SKU0050,WH_A,East,2025-02-01,2025-02-03,3,5,1
507057,106171,SKU0093,WH_C,West,2025-01-31,2025-02-02,2,1,1
507058,106172,SKU0034,WH_C,West,2025-02-01,2025-02-02,2,1,1
507059,106172,SKU0034,WH_C,West,2025-02-01,2025-02-02,2,2,1
507060,106173,SKU0088,WH_C,West,2025-01-31,2025-02-03,3,1,1
507061,106173,SKU0088,WH_C,West,2025-02-01,2025-02-02,2,0,1
507062,106174,SKU0073,WH_A,East,2025-01-31,2025-02-01,1,1,1
507063,106174,SKU0073,WH_A,East,2025-01-31,2025-02-02,2,0,1
507064,106175,SKU0019,WH_A,East,2025-02-02,2025-02-03,3,1,1
507065,106176,SKU0069,WH_B,Central,2025-01-31,2025-02-02,2,4,1
507066,106177,SKU0017,WH_C,West,2025-02-02,2025-02-03,3,2,1
507067,106178,SKU0005,WH_C,West,2025-01-31,2025-02-02,2,1,1
507068,106178,SKU0005,WH_C,West,2025-02-01,2025-02-05,5,1,0
507069,106179,SKU0002,WH_A,East,2025-01-31,2025-02-01,1,2,1
507070,106180,SKU0067,WH_A,East,2025-01-31,2025-02-01,1,1,1
507071,106181,SKU0097,WH_C,West,2025-02-03,2025-02-05,5,1,1
507072,106181,SKU0097,WH_C,West,2025-01-31,2025-02-02,2,2,1
507073,106182,SKU0019,WH_C,West,2025-02-02,2025-02-05,5,2,1
507074,106183,SKU0055,WH_B,Central,2025-02-01,2025-02-04,4,8,1
507075,106184,SKU0056,WH_B,Central,2025-02-01,2025-02-02,2,1,1
507076,106185,SKU0077,WH_A,East,2025-01-31,2025-02-06,6,1,0
507077,106186,SKU0084,WH_C,West,2025-01-31,2025-02-02,2,1,1
507078,106187,SKU0013,WH_A,East,2025-02-04,2025-02-06,6,1,1
507079,106188,SKU0073,WH_A,East,2025-02-01,2025-02-04,4,6,1
507080,106189,SKU0020,WH_B,Central,2025-01-31,2025-02-02,2,1,1
507081,106190,SKU0057,WH_B,Central,2025-01-31,2025-02-01,1,1,1
507082,106191,SKU0019,WH_C,West,2025-01-31,2025-02-03,3,3,1
507083,106192,SKU0051,WH_C,West,2025-02-02,2025-02-04,4,2,1
507084,106193,SKU0093,WH_B,Central,2025-01-31,2025-02-05,5,5,0
507085,106194,SKU0061,WH_B,Central,2025-01-31,2025-02-03,3,2,1
507086,106195,SKU0070,WH_A,East,2025-02-01,2025-02-02,2,1,1
507087,106196,SKU0070,WH_C,West,2025-01-31,2025-02-02,2,3,1
507088,106197,SKU0071,WH_C,West,2025-02-02,2025-02-04,4,1,1
507089,106197,SKU0071,WH_C,West,2025-02-01,2025-02-04,4,0,1
507090,106198,SKU0030,WH_A,East,2025-01-31,2025-02-02,2,3,1
507091,106199,SKU0033,WH_C,West,2025-01-31,2025-02-05,5,1,0
507092,106200,SKU0060,WH_B,Central,2025-02-01,2025-02-02,2,1,1
507093,106201,SKU0019,WH_C,West,2025-01-31,2025-02-01,1,2,1
507094,106202,SKU0059,WH_C,West,2025-01-31,2025-02-01,1,7,1
507095,106203,SKU0016,WH_A,East,2025-02-01,2025-02-03,3,1,1
507096,106203,SKU0016,WH_A,East,2025-02-02,2025-02-03,3,0,1
507097,106204,SKU0051,WH_B,Central,2025-02-01,2025-02-05,5,2,0
507098,106205,SKU0066,WH_A,East,2025-01-31,2025-02-01,1,6,1
507099,106206,SKU0096,WH_B,Central,2025-01-31,2025-02-03,3,3,1
507100,106207,SKU0025,WH_A,East,2025-02-02,2025-02-03,3,1,1
507101,106208,SKU0080,WH_C,West,2025-02-01,2025-02-03,3,3,1
507102,106209,SKU0061,WH_A,East,2025-01-31,2025-02-01,1,29,1
507103,106210,SKU0026,WH_A,East,2025-02-01,2025-02-02,1,2,1
507104,106211,SKU0052,WH_A,East,2025-02-01,2025-02-03,2,1,1
507105,106212,SKU0080,WH_B,Central,2025-02-02,2025-02-06,5,1,0
507106,106213,SKU0076,WH_C,West,2025-02-01,2025-02-02,1,6,1
507107,106214,SKU0026,WH_B,Central,2025-02-01,2025-02-05,4,2,0
507108,106215,SKU0008,WH_C,West,2025-02-03,2025-02-04,3,1,1
507109,106216,SKU0068,WH_C,West,2025-02-01,2025-02-05,4,2,0
507110,106217,SKU0095,WH_B,Central,2025-02-02,2025-02-04,3,1,1
507111,106218,SKU0065,WH_C,West,2025-02-02,2025-02-05,4,1,1
507112,106219,SKU0040,WH_A,East,2025-02-01,2025-02-03,2,1,1
507113,106220,SKU0019,WH_C,West,2025-02-01,2025-02-03,2,1,1
507114,106220,SKU0019,WH_C,West,2025-02-04,2025-02-05,4,0,1
507115,106221,SKU0049,WH_B,Central,2025-02-04,2025-02-07,6,4,1
507116,106222,SKU0065,WH_A,East,2025-02-01,2025-02-04,3,1,1
507117,106222,SKU0065,WH_A,East,2025-02-01,2025-02-02,1,0,1
507118,106223,SKU0060,WH_A,East,2025-02-01,2025-02-02,1,1,1
507119,106224,SKU0036,WH_A,East,2025-02-02,2025-02-07,6,7,0
507120,106225,SKU0011,WH_B,Central,2025-02-01,2025-02-03,2,1,1
507121,106226,SKU0027,WH_B,Central,2025-02-02,2025-02-05,4,4,1
507122,106227,SKU0017,WH_B,Central,2025-02-01,2025-02-02,1,1,1
507123,106227,SKU0017,WH_B,Central,2025-02-01,2025-02-04,3,1,1
507124,106228,SKU0023,WH_C,West,2025-02-03,2025-02-04,3,4,1
507125,106229,SKU0033,WH_C,West,2025-02-02,2025-02-03,2,2,1
507126,106230,SKU0011,WH_C,West,2025-02-03,2025-02-06,5,1,1
507127,106230,SKU0011,WH_C,West,2025-02-02,2025-02-05,4,0,1
507128,106231,SKU0016,WH_C,West,2025-02-01,2025-02-02,1,5,1
507129,106231,SKU0016,WH_C,West,2025-02-02,2025-02-05,4,3,1
507130,106232,SKU0089,WH_C,West,2025-02-01,2025-02-06,5,4,0
507131,106233,SKU0060,WH_C,West,2025-02-01,2025-02-02,1,1,1
507132,106234,SKU0049,WH_A,East,2025-02-01,2025-02-07,6,3,0
507133,106235,SKU0057,WH_B,Central,2025-02-01,2025-02-07,6,4,0
507134,106236,SKU0099,WH_C,West,2025-02-02,2025-02-03,2,1,1
507135,106236,SKU0099,WH_C,West,2025-02-02,2025-02-07,6,1,0
507136,106237,SKU0067,WH_B,Central,2025-02-02,2025-02-03,2,6,1
507137,106238,SKU0017,WH_B,Central,2025-02-01,2025-02-02,1,1,1
507138,106239,SKU0055,WH_A,East,2025-02-01,2025-02-02,1,1,1
507139,106240,SKU0078,WH_A,East,2025-02-02,2025-02-04,3,5,1
507140,106241,SKU0010,WH_B,Central,2025-02-01,2025-02-02,1,3,1
507141,106242,SKU0080,WH_C,West,2025-02-05,2025-02-07,6,1,1
507142,106242,SKU0080,WH_C,West,2025-02-03,2025-02-05,4,1,1
507143,106243,SKU0059,WH_C,West,2025-02-01,2025-02-05,4,4,0
507144,106244,SKU0021,WH_B,Central,2025-02-02,2025-02-03,2,1,1
507145,106245,SKU0038,WH_A,East,2025-02-02,2025-02-03,2,2,1
507146,106246,SKU0062,WH_C,West,2025-02-01,2025-02-05,4,2,0
507147,106247,SKU0065,WH_A,East,2025-02-04,2025-02-05,4,1,1
507148,106248,SKU0048,WH_A,East,2025-02-02,2025-02-05,4,1,1
507149,106249,SKU0034,WH_B,Central,2025-02-02,2025-02-04,3,3,1
507150,106250,SKU0016,WH_A,East,2025-02-02,2025-02-05,4,3,1
507151,106251,SKU0094,WH_A,East,2025-02-01,2025-02-03,2,3,1
507152,106252,SKU0074,WH_C,West,2025-02-02,2025-02-04,3,4,1
507153,106253,SKU0069,WH_B,Central,2025-02-01,2025-02-03,2,1,1
507154,106254,SKU0045,WH_A,East,2025-02-01,2025-02-05,4,1,0
507155,106254,SKU0045,WH_A,East,2025-02-01,2025-02-04,3,0,1
507156,106255,SKU0083,WH_C,West,2025-02-03,2025-02-08,7,1,0
507157,106255,SKU0083,WH_C,West,2025-02-01,2025-02-02,1,0,1
507158,106256,SKU0045,WH_C,West,2025-02-02,2025-02-03,2,1,1
507159,106257,SKU0084,WH_C,West,2025-02-01,2025-02-05,4,3,0
507160,106258,SKU0020,WH_A,East,2025-02-01,2025-02-03,2,6,1
507161,106259,SKU0007,WH_A,East,2025-02-02,2025-02-03,2,1,1
507162,106260,SKU0010,WH_B,Central,2025-02-03,2025-02-04,3,1,1
507163,106261,SKU0026,WH_A,East,2025-02-01,2025-02-02,1,4,1
507164,106262,SKU0055,WH_A,East,2025-02-02,2025-02-04,3,1,1
507165,106263,SKU0076,WH_B,Central,2025-02-04,2025-02-07,6,1,1
507166,106264,SKU0096,WH_A,East,2025-02-02,2025-02-03,2,1,1
507167,106265,SKU0072,WH_B,Central,2025-02-02,2025-02-04,3,2,1
507168,106266,SKU0006,WH_A,East,2025-02-01,2025-02-04,3,8,1
507169,106267,SKU0023,WH_B,Central,2025-02-04,2025-02-05,4,3,1
507170,106268,SKU0068,WH_A,East,2025-02-02,2025-02-07,6,1,0
507171,106268,SKU0068,WH_A,East,2025-02-01,2025-02-03,2,3,1
507172,106269,SKU0082,WH_B,Central,2025-02-02,2025-02-08,7,4,0
507173,106270,SKU0028,WH_B,Central,2025-02-04,2025-02-05,4,6,1
507174,106271,SKU0059,WH_C,West,2025-02-03,2025-02-05,4,1,1
507175,106272,SKU0059,WH_A,East,2025-02-01,2025-02-05,4,1,0
507176,106273,SKU0089,WH_B,Central,2025-02-03,2025-02-05,4,1,1
507177,106274,SKU0064,WH_B,Central,2025-02-01,2025-02-03,2,4,1
507178,106274,SKU0064,WH_B,Central,2025-02-01,2025-02-04,3,1,1
507179,106275,SKU0013,WH_A,East,2025-02-03,2025-02-04,3,5,1
507180,106276,SKU0049,WH_A,East,2025-02-03,2025-02-05,4,1,1
507181,106276,SKU0049,WH_A,East,2025-02-01,2025-02-02,1,0,1
507182,106277,SKU0008,WH_A,East,2025-02-01,2025-02-03,2,2,1
507183,106278,SKU0090,WH_A,East,2025-02-01,2025-02-04,3,1,1
507184,106278,SKU0090,WH_A,East,2025-02-02,2025-02-09,8,4,0
507185,106279,SKU0030,WH_A,East,2025-02-01,2025-02-04,3,4,1
507186,106280,SKU0017,WH_A,East,2025-02-01,2025-02-02,1,1,1
507187,106281,SKU0068,WH_C,West,2025-02-01,2025-02-02,1,2,1
507188,106282,SKU0085,WH_B,Central,2025-02-01,2025-02-02,1,4,1
507189,106283,SKU0065,WH_C,West,2025-02-01,2025-02-04,3,1,1
507190,106284,SKU0065,WH_A,East,2025-02-02,2025-02-04,3,2,1
507191,106284,SKU0065,WH_A,East,2025-02-01,2025-02-02,1,1,1
507192,106285,SKU0012,WH_C,West,2025-02-01,2025-02-08,7,11,0
507193,106286,SKU0035,WH_C,West,2025-02-02,2025-02-03,2,3,1
507194,106287,SKU0023,WH_A,East,2025-02-01,2025-02-03,2,1,1
507195,106288,SKU0057,WH_A,East,2025-02-01,2025-02-04,3,3,1
507196,106289,SKU0003,WH_B,Central,2025-02-02,2025-02-04,3,2,1
507197,106289,SKU0003,WH_B,Central,2025-02-03,2025-02-04,3,1,1
507198,106290,SKU0059,WH_A,East,2025-02-01,2025-02-05,4,3,0
507199,106290,SKU0059,WH_A,East,2025-02-01,2025-02-03,2,1,1
507200,106291,SKU0041,WH_C,West,2025-02-03,2025-02-09,8,1,0
507201,106292,SKU0013,WH_C,West,2025-02-02,2025-02-06,5,2,0
507202,106293,SKU0016,WH_B,Central,2025-02-02,2025-02-03,2,8,1
507203,106294,SKU0026,WH_B,Central,2025-02-04,2025-02-08,7,1,0
507204,106295,SKU0058,WH_C,West,2025-02-02,2025-02-04,3,1,1
507205,106296,SKU0064,WH_C,West,2025-02-04,2025-02-06,5,2,1
507206,106297,SKU0041,WH_C,West,2025-02-02,2025-02-03,2,3,1
507207,106297,SKU0041,WH_C,West,2025-02-01,2025-02-03,2,2,1
507208,106298,SKU0011,WH_B,Central,2025-02-02,2025-02-06,5,6,0
507209,106299,SKU0052,WH_A,East,2025-02-01,2025-02-04,3,2,1
507210,106300,SKU0044,WH_B,Central,2025-02-03,2025-02-07,6,7,0
507211,106300,SKU0044,WH_B,Central,2025-02-02,2025-02-06,5,5,0
507212,106301,SKU0006,WH_C,West,2025-02-03,2025-02-05,4,2,1
507213,106302,SKU0078,WH_C,West,2025-02-03,2025-02-05,4,1,1
507214,106302,SKU0078,WH_C,West,2025-02-02,2025-02-03,2,0,1
507215,106303,SKU0036,WH_C,West,2025-02-03,2025-02-04,3,12,1
507216,106304,SKU0060,WH_C,West,2025-02-01,2025-02-02,1,3,1
507217,106305,SKU0033,WH_C,West,2025-02-01,2025-02-06,5,5,0
507218,106306,SKU0084,WH_B,Central,2025-02-04,2025-02-08,7,1,0
507219,106307,SKU0015,WH_B,Central,2025-02-01,2025-02-02,1,1,1
507220,106307,SKU0015,WH_B,Central,2025-02-01,2025-02-04,3,0,1
507221,106308,SKU0016,WH_C,West,2025-02-01,2025-02-06,5,1,0
507222,106308,SKU0016,WH_C,West,2025-02-03,2025-02-04,3,0,1
507223,106309,SKU0057,WH_B,Central,2025-02-02,2025-02-04,3,6,1
507224,106310,SKU0081,WH_B,Central,2025-02-01,2025-02-03,2,1,1
507225,106311,SKU0049,WH_C,West,2025-02-03,2025-02-08,7,3,0
507226,106312,SKU0067,WH_B,Central,2025-02-01,2025-02-03,2,1,1
507227,106313,SKU0081,WH_A,East,2025-02-02,2025-02-03,2,1,1
507228,106314,SKU0077,WH_B,Central,2025-02-01,2025-02-04,3,1,1
507229,106315,SKU0094,WH_A,East,2025-02-02,2025-02-05,4,6,1
507230,106316,SKU0018,WH_A,East,2025-02-03,2025-02-05,4,1,1
507231,106316,SKU0018,WH_A,East,2025-02-02,2025-02-03,2,0,1
507232,106317,SKU0029,WH_B,Central,2025-02-05,2025-02-10,9,2,0
507233,106318,SKU0036,WH_C,West,2025-02-03,2025-02-05,4,1,1
507234,106319,SKU0021,WH_B,Central,2025-02-02,2025-02-03,2,1,1
507235,106320,SKU0071,WH_A,East,2025-02-01,2025-02-02,1,8,1
507236,106321,SKU0015,WH_B,Central,2025-02-01,2025-02-03,2,1,1
507237,106321,SKU0015,WH_B,Central,2025-02-01,2025-02-03,2,1,1
507238,106322,SKU0040,WH_C,West,2025-02-01,2025-02-03,2,1,1
507239,106323,SKU0080,WH_B,Central,2025-02-02,2025-02-03,2,1,1
507240,106323,SKU0080,WH_B,Central,2025-02-01,2025-02-04,3,0,1
507241,106324,SKU0012,WH_C,West,2025-02-01,2025-02-05,4,2,0
507242,106325,SKU0099,WH_C,West,2025-02-02,2025-02-03,2,1,1
507243,106326,SKU0054,WH_A,East,2025-02-03,2025-02-04,3,1,1
507244,106327,SKU0033,WH_A,East,2025-02-02,2025-02-04,3,1,1
507245,106328,SKU0085,WH_A,East,2025-02-01,2025-02-03,2,1,1
507246,106329,SKU0063,WH_A,East,2025-02-02,2025-02-07,6,1,0
507247,106329,SKU0063,WH_A,East,2025-02-02,2025-02-04,3,0,1
507248,106330,SKU0074,WH_C,West,2025-02-03,2025-02-05,4,3,1
507249,106331,SKU0051,WH_C,West,2025-02-03,2025-02-07,6,2,0
507250,106332,SKU0074,WH_A,East,2025-02-02,2025-02-03,2,1,1
507251,106333,SKU0044,WH_B,Central,2025-02-02,2025-02-07,6,1,0
507252,106334,SKU0027,WH_B,Central,2025-02-02,2025-02-06,5,1,0
507253,106335,SKU0028,WH_A,East,2025-02-01,2025-02-02,1,1,1
507254,106336,SKU0081,WH_B,Central,2025-02-01,2025-02-03,2,1,1
507255,106337,SKU0090,WH_B,Central,2025-02-01,2025-02-05,4,1,0
507256,106338,SKU0073,WH_A,East,2025-02-01,2025-02-03,2,5,1
507257,106339,SKU0081,WH_B,Central,2025-02-01,2025-02-06,5,3,0
507258,106340,SKU0056,WH_C,West,2025-02-02,2025-02-04,3,1,1
507259,106340,SKU0056,WH_C,West,2025-02-02,2025-02-05,4,0,1
507260,106341,SKU0046,WH_C,West,2025-02-01,2025-02-04,3,1,1
507261,106342,SKU0053,WH_A,East,2025-02-01,2025-02-02,1,1,1
507262,106343,SKU0074,WH_A,East,2025-02-01,2025-02-07,6,1,0
507263,106344,SKU0046,WH_B,Central,2025-02-04,2025-02-09,8,1,0
507264,106345,SKU0022,WH_A,East,2025-02-01,2025-02-05,4,1,0
507265,106345,SKU0022,WH_A,East,2025-02-02,2025-02-04,3,0,1
507266,106346,SKU0023,WH_B,Central,2025-02-01,2025-02-04,3,3,1
507267,106347,SKU0008,WH_B,Central,2025-02-01,2025-02-04,3,4,1
507268,106348,SKU0057,WH_A,East,2025-02-02,2025-02-04,3,2,1
507269,106349,SKU0074,WH_A,East,2025-02-03,2025-02-04,3,1,1
507270,106350,SKU0055,WH_C,West,2025-02-01,2025-02-04,3,11,1
507271,106351,SKU0074,WH_C,West,2025-02-02,2025-02-04,3,1,1
507272,106352,SKU0064,WH_C,West,2025-02-01,2025-02-02,1,1,1
507273,106353,SKU0088,WH_C,West,2025-02-02,2025-02-03,2,1,1
507274,106354,SKU0029,WH_A,East,2025-02-02,2025-02-03,2,2,1
507275,106355,SKU0098,WH_C,West,2025-02-02,2025-02-03,2,2,1
507276,106356,SKU0019,WH_B,Central,2025-02-01,2025-02-04,3,1,1
507277,106356,SKU0019,WH_B,Central,2025-02-02,2025-02-03,2,0,1
507278,106357,SKU0020,WH_C,West,2025-02-01,2025-02-03,2,5,1
507279,106358,SKU0001,WH_A,East,2025-02-02,2025-02-05,4,1,1
507280,106359,SKU0008,WH_A,East,2025-02-01,2025-02-02,1,13,1
507281,106360,SKU0044,WH_B,Central,2025-02-01,2025-02-02,1,1,1
507282,106361,SKU0055,WH_B,Central,2025-02-01,2025-02-06,5,1,0
507283,106362,SKU0096,WH_C,West,2025-02-01,2025-02-02,1,1,1
507284,106362,SKU0096,WH_C,West,2025-02-01,2025-02-07,6,0,0
507285,106363,SKU0070,WH_A,East,2025-02-04,2025-02-07,6,1,1
507286,106364,SKU0084,WH_B,Central,2025-02-01,2025-02-02,1,2,1
507287,106365,SKU0033,WH_A,East,2025-02-01,2025-02-02,1,3,1
507288,106366,SKU0039,WH_C,West,2025-02-02,2025-02-08,7,1,0
507289,106367,SKU0075,WH_A,East,2025-02-01,2025-02-03,2,1,1
507290,106367,SKU0075,WH_A,East,2025-02-03,2025-02-06,5,1,1
507291,106368,SKU0020,WH_C,West,2025-02-03,2025-02-08,7,2,0
507292,106369,SKU0067,WH_A,East,2025-02-01,2025-02-04,3,1,1
507293,106370,SKU0092,WH_A,East,2025-02-02,2025-02-04,3,1,1
507294,106371,SKU0066,WH_A,East,2025-02-01,2025-02-05,4,1,0
507295,106371,SKU0066,WH_A,East,2025-02-02,2025-02-04,3,1,1
507296,106372,SKU0018,WH_C,West,2025-02-01,2025-02-02,1,1,1
507297,106373,SKU0091,WH_C,West,2025-02-03,2025-02-04,3,5,1
507298,106373,SKU0091,WH_C,West,2025-02-01,2025-02-03,2,2,1
507299,106374,SKU0019,WH_A,East,2025-02-02,2025-02-04,3,1,1
507300,106375,SKU0050,WH_C,West,2025-02-01,2025-02-05,4,1,0
507301,106376,SKU0097,WH_B,Central,2025-02-01,2025-02-02,1,1,1
507302,106377,SKU0019,WH_A,East,2025-02-01,2025-02-03,2,1,1
507303,106378,SKU0065,WH_B,Central,2025-02-01,2025-02-04,3,8,1
507304,106379,SKU0094,WH_C,West,2025-02-01,2025-02-04,3,2,1
507305,106380,SKU0050,WH_A,East,2025-02-01,2025-02-03,2,7,1
507306,106381,SKU0076,WH_A,East,2025-02-03,2025-02-05,4,1,1
507307,106382,SKU0021,WH_C,West,2025-02-04,2025-02-06,5,4,1
507308,106383,SKU0084,WH_B,Central,2025-02-02,2025-02-04,3,3,1
507309,106384,SKU0094,WH_A,East,2025-02-01,2025-02-02,1,1,1
507310,106384,SKU0094,WH_A,East,2025-02-01,2025-02-03,2,1,1
507311,106385,SKU0050,WH_B,Central,2025-02-02,2025-02-09,8,1,0
507312,106386,SKU0074,WH_B,Central,2025-02-03,2025-02-07,6,1,0
507313,106387,SKU0009,WH_B,Central,2025-02-01,2025-02-03,2,1,1
507314,106387,SKU0009,WH_B,Central,2025-02-01,2025-02-03,2,5,1
507315,106388,SKU0059,WH_C,West,2025-02-01,2025-02-03,2,1,1
507316,106388,SKU0059,WH_C,West,2025-02-02,2025-02-03,2,3,1
507317,106389,SKU0013,WH_A,East,2025-02-02,2025-02-05,4,3,1
507318,106390,SKU0003,WH_A,East,2025-02-02,2025-02-09,7,3,0
507319,106391,SKU0045,WH_C,West,2025-02-03,2025-02-04,2,1,1
507320,106392,SKU0033,WH_B,Central,2025-02-02,2025-02-08,6,7,0
507321,106393,SKU0027,WH_A,East,2025-02-04,2025-02-05,3,1,1
507322,106394,SKU0056,WH_A,East,2025-02-04,2025-02-06,4,10,1
507323,106395,SKU0093,WH_C,West,2025-02-02,2025-02-05,3,1,1
507324,106396,SKU0071,WH_B,Central,2025-02-02,2025-02-04,2,1,1
507325,106397,SKU0008,WH_C,West,2025-02-02,2025-02-04,2,2,1
507326,106398,SKU0099,WH_B,Central,2025-02-03,2025-02-05,3,2,1
507327,106399,SKU0054,WH_A,East,2025-02-02,2025-02-05,3,1,1
507328,106400,SKU0099,WH_B,Central,2025-02-02,2025-02-08,6,1,0
507329,106401,SKU0075,WH_B,Central,2025-02-02,2025-02-03,1,1,1
507330,106402,SKU0055,WH_A,East,2025-02-03,2025-02-05,3,1,1
507331,106402,SKU0055,WH_A,East,2025-02-02,2025-02-03,1,2,1
507332,106403,SKU0044,WH_A,East,2025-02-06,2025-02-08,6,4,1
507333,106404,SKU0024,WH_A,East,2025-02-02,2025-02-04,2,2,1
507334,106404,SKU0024,WH_A,East,2025-02-02,2025-02-03,1,2,1
507335,106405,SKU0002,WH_C,West,2025-02-02,2025-02-06,4,1,0
507336,106406,SKU0094,WH_B,Central,2025-02-02,2025-02-04,2,1,1
507337,106407,SKU0084,WH_C,West,2025-02-02,2025-02-04,2,2,1
507338,106408,SKU0075,WH_C,West,2025-02-03,2025-02-05,3,1,1
507339,106409,SKU0084,WH_A,East,2025-02-02,2025-02-05,3,1,1
507340,106410,SKU0071,WH_A,East,2025-02-04,2025-02-05,3,1,1
507341,106411,SKU0072,WH_A,East,2025-02-03,2025-02-07,5,2,0
507342,106412,SKU0050,WH_B,Central,2025-02-02,2025-02-08,6,6,0
507343,106413,SKU0061,WH_C,West,2025-02-03,2025-02-05,3,2,1
507344,106414,SKU0089,WH_B,Central,2025-02-02,2025-02-03,1,2,1
507345,106415,SKU0091,WH_C,West,2025-02-02,2025-02-04,2,1,1
507346,106416,SKU0054,WH_B,Central,2025-02-02,2025-02-03,1,5,1
507347,106417,SKU0065,WH_A,East,2025-02-06,2025-02-07,5,1,1
507348,106417,SKU0065,WH_A,East,2025-02-04,2025-02-06,4,0,1
507349,106418,SKU0070,WH_B,Central,2025-02-02,2025-02-05,3,1,1
507350,106419,SKU0029,WH_C,West,2025-02-02,2025-02-05,3,7,1
507351,106420,SKU0080,WH_C,West,2025-02-04,2025-02-05,3,3,1
507352,106420,SKU0080,WH_C,West,2025-02-02,2025-02-03,1,1,1
507353,106421,SKU0058,WH_A,East,2025-02-04,2025-02-08,6,1,0
507354,106421,SKU0058,WH_A,East,2025-02-02,2025-02-04,2,0,1
507355,106422,SKU0024,WH_C,West,2025-02-02,2025-02-04,2,1,1
507356,106423,SKU0050,WH_B,Central,2025-02-02,2025-02-03,1,1,1
507357,106424,SKU0072,WH_C,West,2025-02-02,2025-02-05,3,8,1
507358,106425,SKU0072,WH_B,Central,2025-02-02,2025-02-04,2,3,1
507359,106426,SKU0059,WH_B,Central,2025-02-02,2025-02-04,2,3,1
507360,106426,SKU0059,WH_B,Central,2025-02-02,2025-02-04,2,6,1
507361,106427,SKU0015,WH_A,East,2025-02-02,2025-02-06,4,3,0
507362,106428,SKU0080,WH_C,West,2025-02-02,2025-02-03,1,1,1
507363,106429,SKU0056,WH_C,West,2025-02-03,2025-02-05,3,5,1
507364,106430,SKU0069,WH_C,West,2025-02-04,2025-02-10,8,8,0
507365,106431,SKU0049,WH_A,East,2025-02-04,2025-02-05,3,1,1
507366,106432,SKU0073,WH_A,East,2025-02-02,2025-02-05,3,1,1
507367,106432,SKU0073,WH_A,East,2025-02-02,2025-02-03,1,0,1
507368,106433,SKU0090,WH_C,West,2025-02-02,2025-02-04,2,1,1
507369,106434,SKU0092,WH_B,Central,2025-02-04,2025-02-06,4,1,1
507370,106434,SKU0092,WH_B,Central,2025-02-03,2025-02-06,4,1,1
507371,106435,SKU0100,WH_B,Central,2025-02-03,2025-02-08,6,1,0
507372,106436,SKU0024,WH_A,East,2025-02-02,2025-02-09,7,13,0
507373,106437,SKU0063,WH_C,West,2025-02-02,2025-02-03,1,1,1
507374,106437,SKU0063,WH_C,West,2025-02-03,2025-02-04,2,0,1
507375,106438,SKU0027,WH_A,East,2025-02-02,2025-02-08,6,2,0
507376,106439,SKU0095,WH_A,East,2025-02-02,2025-02-09,7,14,0
507377,106440,SKU0077,WH_A,East,2025-02-03,2025-02-09,7,1,0
507378,106441,SKU0016,WH_A,East,2025-02-04,2025-02-06,4,1,1
507379,106442,SKU0030,WH_A,East,2025-02-03,2025-02-10,8,5,0
507380,106443,SKU0076,WH_A,East,2025-02-03,2025-02-04,2,1,1
507381,106444,SKU0050,WH_A,East,2025-02-06,2025-02-07,5,2,1
507382,106445,SKU0027,WH_C,West,2025-02-02,2025-02-05,3,3,1
507383,106446,SKU0005,WH_A,East,2025-02-02,2025-02-04,2,1,1
507384,106447,SKU0014,WH_C,West,2025-02-03,2025-02-04,2,6,1
507385,106448,SKU0019,WH_A,East,2025-02-03,2025-02-05,3,1,1
507386,106449,SKU0007,WH_B,Central,2025-02-02,2025-02-07,5,1,0
507387,106450,SKU0007,WH_C,West,2025-02-04,2025-02-06,4,1,1
507388,106451,SKU0002,WH_B,Central,2025-02-03,2025-02-07,5,5,0
507389,106452,SKU0074,WH_B,Central,2025-02-02,2025-02-05,3,10,1
507390,106453,SKU0058,WH_C,West,2025-02-03,2025-02-05,3,1,1
507391,106454,SKU0093,WH_A,East,2025-02-06,2025-02-07,5,3,1
507392,106455,SKU0032,WH_A,East,2025-02-02,2025-02-07,5,4,0
507393,106455,SKU0032,WH_A,East,2025-02-05,2025-02-08,6,3,1
507394,106456,SKU0067,WH_C,West,2025-02-03,2025-02-06,4,1,1
507395,106456,SKU0067,WH_C,West,2025-02-02,2025-02-04,2,0,1
507396,106457,SKU0099,WH_A,East,2025-02-03,2025-02-04,2,2,1
507397,106458,SKU0035,WH_A,East,2025-02-04,2025-02-06,4,1,1
507398,106459,SKU0069,WH_A,East,2025-02-04,2025-02-06,4,1,1
507399,106460,SKU0006,WH_B,Central,2025-02-02,2025-02-03,1,1,1
507400,106460,SKU0006,WH_B,Central,2025-02-03,2025-02-05,3,0,1
507401,106461,SKU0016,WH_C,West,2025-02-04,2025-02-06,4,2,1
507402,106462,SKU0030,WH_C,West,2025-02-03,2025-02-06,4,3,1
507403,106463,SKU0095,WH_B,Central,2025-02-02,2025-02-07,5,2,0
507404,106464,SKU0079,WH_C,West,2025-02-02,2025-02-04,2,3,1
507405,106465,SKU0084,WH_C,West,2025-02-03,2025-02-05,3,7,1
507406,106466,SKU0062,WH_A,East,2025-02-02,2025-02-04,2,3,1
507407,106467,SKU0047,WH_B,Central,2025-02-02,2025-02-04,2,7,1
507408,106468,SKU0054,WH_C,West,2025-02-02,2025-02-05,3,15,1
507409,106469,SKU0057,WH_B,Central,2025-02-03,2025-02-05,3,1,1
507410,106470,SKU0073,WH_A,East,2025-02-02,2025-02-05,3,1,1
507411,106471,SKU0018,WH_B,Central,2025-02-03,2025-02-07,5,5,0
507412,106471,SKU0018,WH_B,Central,2025-02-02,2025-02-07,5,5,0
507413,106472,SKU0037,WH_C,West,2025-02-02,2025-02-03,1,1,1
507414,106473,SKU0063,WH_A,East,2025-02-03,2025-02-10,8,4,0
507415,106474,SKU0010,WH_C,West,2025-02-02,2025-02-06,4,4,0
507416,106474,SKU0010,WH_C,West,2025-02-02,2025-02-03,1,2,1
507417,106475,SKU0031,WH_A,East,2025-02-02,2025-02-04,2,1,1
507418,106475,SKU0031,WH_A,East,2025-02-02,2025-02-03,1,0,1
507419,106476,SKU0003,WH_C,West,2025-02-02,2025-02-05,3,3,1
507420,106477,SKU0016,WH_C,West,2025-02-02,2025-02-04,2,1,1
507421,106478,SKU0064,WH_A,East,2025-02-02,2025-02-04,2,6,1
507422,106479,SKU0039,WH_A,East,2025-02-03,2025-02-04,2,1,1
507423,106479,SKU0039,WH_A,East,2025-02-03,2025-02-04,2,0,1
507424,106480,SKU0048,WH_B,Central,2025-02-03,2025-02-06,4,1,1
507425,106481,SKU0085,WH_A,East,2025-02-02,2025-02-03,1,4,1
507426,106481,SKU0085,WH_A,East,2025-02-02,2025-02-04,2,4,1
507427,106482,SKU0012,WH_C,West,2025-02-02,2025-02-03,1,1,1
507428,106483,SKU0090,WH_C,West,2025-02-03,2025-02-04,2,1,1
507429,106483,SKU0090,WH_C,West,2025-02-02,2025-02-03,1,0,1
507430,106484,SKU0052,WH_C,West,2025-02-06,2025-02-07,5,1,1
507431,106485,SKU0031,WH_C,West,2025-02-02,2025-02-04,2,1,1
507432,106486,SKU0095,WH_C,West,2025-02-02,2025-02-06,4,4,0
507433,106487,SKU0028,WH_B,Central,2025-02-04,2025-02-06,4,4,1
507434,106488,SKU0038,WH_A,East,2025-02-04,2025-02-07,5,1,1
507435,106489,SKU0031,WH_B,Central,2025-02-02,2025-02-06,4,5,0
507436,106490,SKU0075,WH_B,Central,2025-02-04,2025-02-05,3,2,1
507437,106491,SKU0009,WH_C,West,2025-02-03,2025-02-08,6,6,0
507438,106492,SKU0002,WH_A,East,2025-02-03,2025-02-04,2,1,1
507439,106493,SKU0081,WH_C,West,2025-02-02,2025-02-09,7,7,0
507440,106494,SKU0048,WH_C,West,2025-02-03,2025-02-05,3,1,1
507441,106495,SKU0089,WH_C,West,2025-02-04,2025-02-05,3,4,1
507442,106496,SKU0056,WH_C,West,2025-02-02,2025-02-04,2,1,1
507443,106496,SKU0056,WH_C,West,2025-02-02,2025-02-04,2,0,1
507444,106497,SKU0034,WH_A,East,2025-02-04,2025-02-05,3,3,1
507445,106498,SKU0023,WH_A,East,2025-02-04,2025-02-10,8,2,0
507446,106499,SKU0075,WH_C,West,2025-02-05,2025-02-07,5,3,1
507447,106500,SKU0030,WH_A,East,2025-02-04,2025-02-07,5,1,1
507448,106500,SKU0030,WH_A,East,2025-02-04,2025-02-06,4,0,1
507449,106501,SKU0068,WH_A,East,2025-02-02,2025-02-03,1,1,1
507450,106502,SKU0066,WH_C,West,2025-02-02,2025-02-04,2,4,1
507451,106503,SKU0069,WH_A,East,2025-02-02,2025-02-04,2,7,1
507452,106504,SKU0022,WH_C,West,2025-02-05,2025-02-06,4,1,1
507453,106505,SKU0002,WH_A,East,2025-02-04,2025-02-05,3,3,1
507454,106505,SKU0002,WH_A,East,2025-02-03,2025-02-04,2,1,1
507455,106506,SKU0083,WH_A,East,2025-02-02,2025-02-05,3,1,1
507456,106507,SKU0014,WH_A,East,2025-02-03,2025-02-05,3,6,1
507457,106508,SKU0086,WH_A,East,2025-02-05,2025-02-06,4,2,1
507458,106509,SKU0018,WH_A,East,2025-02-02,2025-02-04,2,5,1
507459,106510,SKU0009,WH_C,West,2025-02-02,2025-02-05,3,2,1
507460,106511,SKU0079,WH_B,Central,2025-02-04,2025-02-07,5,4,1
507461,106511,SKU0079,WH_B,Central,2025-02-03,2025-02-06,4,1,1
507462,106512,SKU0006,WH_B,Central,2025-02-02,2025-02-04,2,1,1
507463,106513,SKU0086,WH_C,West,2025-02-02,2025-02-03,1,4,1
507464,106513,SKU0086,WH_C,West,2025-02-03,2025-02-07,5,4,0
507465,106514,SKU0021,WH_B,Central,2025-02-02,2025-02-05,3,2,1
507466,106515,SKU0040,WH_A,East,2025-02-03,2025-02-08,6,5,0
507467,106516,SKU0010,WH_A,East,2025-02-02,2025-02-06,4,6,0
507468,106517,SKU0023,WH_C,West,2025-02-04,2025-02-06,4,1,1
507469,106517,SKU0023,WH_C,West,2025-02-02,2025-02-03,1,4,1
507470,106518,SKU0022,WH_C,West,2025-02-02,2025-02-03,1,1,1
507471,106519,SKU0059,WH_A,East,2025-02-04,2025-02-05,3,3,1
507472,106520,SKU0076,WH_C,West,2025-02-02,2025-02-07,5,1,0
507473,106520,SKU0076,WH_C,West,2025-02-03,2025-02-04,2,0,1
507474,106521,SKU0058,WH_C,West,2025-02-02,2025-02-05,3,9,1
507475,106522,SKU0083,WH_B,Central,2025-02-02,2025-02-04,2,1,1
507476,106522,SKU0083,WH_B,Central,2025-02-02,2025-02-03,1,0,1
507477,106523,SKU0046,WH_A,East,2025-02-02,2025-02-03,1,1,1
507478,106524,SKU0043,WH_A,East,2025-02-02,2025-02-04,2,9,1
507479,106525,SKU0024,WH_C,West,2025-02-03,2025-02-05,3,3,1
507480,106526,SKU0006,WH_C,West,2025-02-03,2025-02-05,3,1,1
507481,106527,SKU0022,WH_C,West,2025-02-03,2025-02-05,3,3,1
507482,106528,SKU0067,WH_C,West,2025-02-02,2025-02-07,5,3,0
507483,106529,SKU0071,WH_B,Central,2025-02-03,2025-02-08,6,2,0
507484,106529,SKU0071,WH_B,Central,2025-02-02,2025-02-04,2,5,1
507485,106530,SKU0009,WH_A,East,2025-02-05,2025-02-08,6,5,1
507486,106531,SKU0067,WH_C,West,2025-02-03,2025-02-06,4,1,1
507487,106532,SKU0024,WH_A,East,2025-02-02,2025-02-05,3,1,1
507488,106532,SKU0024,WH_A,East,2025-02-02,2025-02-08,6,6,0
507489,106533,SKU0088,WH_A,East,2025-02-02,2025-02-03,1,2,1
507490,106534,SKU0016,WH_C,West,2025-02-04,2025-02-09,7,1,0
507491,106535,SKU0054,WH_A,East,2025-02-03,2025-02-05,3,1,1
507492,106536,SKU0075,WH_C,West,2025-02-05,2025-02-07,5,1,1
507493,106537,SKU0028,WH_A,East,2025-02-03,2025-02-05,3,1,1
507494,106537,SKU0028,WH_A,East,2025-02-03,2025-02-10,8,0,0
507495,106538,SKU0057,WH_C,West,2025-02-02,2025-02-05,3,1,1
507496,106539,SKU0026,WH_A,East,2025-02-02,2025-02-04,2,3,1
507497,106540,SKU0094,WH_A,East,2025-02-02,2025-02-06,4,7,0
507498,106541,SKU0007,WH_C,West,2025-02-02,2025-02-04,2,9,1
507499,106542,SKU0084,WH_C,West,2025-02-06,2025-02-07,5,1,1
507500,106543,SKU0070,WH_B,Central,2025-02-03,2025-02-07,5,1,0
507501,106543,SKU0070,WH_B,Central,2025-02-02,2025-02-03,1,0,1
507502,106544,SKU0086,WH_B,Central,2025-02-04,2025-02-06,4,1,1
507503,106545,SKU0041,WH_B,Central,2025-02-02,2025-02-03,1,5,1
507504,106546,SKU0087,WH_A,East,2025-02-03,2025-02-05,3,2,1
507505,106547,SKU0016,WH_A,East,2025-02-03,2025-02-05,3,3,1
507506,106548,SKU0064,WH_A,East,2025-02-03,2025-02-07,5,2,0
507507,106549,SKU0019,WH_C,West,2025-02-02,2025-02-07,5,3,0
507508,106549,SKU0019,WH_C,West,2025-02-03,2025-02-04,2,7,1
507509,106550,SKU0076,WH_C,West,2025-02-02,2025-02-05,3,1,1
507510,106551,SKU0068,WH_B,Central,2025-02-02,2025-02-03,1,4,1
507511,106552,SKU0070,WH_B,Central,2025-02-03,2025-02-06,4,1,1
507512,106553,SKU0037,WH_A,East,2025-02-02,2025-02-04,2,1,1
507513,106554,SKU0019,WH_C,West,2025-02-03,2025-02-08,6,3,0
507514,106555,SKU0028,WH_A,East,2025-02-02,2025-02-05,3,1,1
507515,106556,SKU0055,WH_C,West,2025-02-03,2025-02-05,3,1,1
507516,106557,SKU0088,WH_B,Central,2025-02-02,2025-02-05,3,4,1
507517,106558,SKU0026,WH_A,East,2025-02-02,2025-02-03,1,2,1
507518,106559,SKU0017,WH_A,East,2025-02-04,2025-02-05,3,1,1
507519,106560,SKU0027,WH_C,West,2025-02-02,2025-02-03,1,2,1
507520,106561,SKU0059,WH_B,Central,2025-02-02,2025-02-05,3,4,1
507521,106562,SKU0023,WH_A,East,2025-02-02,2025-02-05,3,3,1
507522,106563,SKU0045,WH_B,Central,2025-02-02,2025-02-03,1,5,1
507523,106564,SKU0008,WH_C,West,2025-02-02,2025-02-08,6,1,0
507524,106565,SKU0043,WH_A,East,2025-02-04,2025-02-05,3,3,1
507525,106565,SKU0043,WH_A,East,2025-02-02,2025-02-03,1,3,1
507526,106566,SKU0074,WH_B,Central,2025-02-02,2025-02-04,2,2,1
507527,106567,SKU0081,WH_A,East,2025-02-03,2025-02-04,2,1,1
507528,106567,SKU0081,WH_A,East,2025-02-03,2025-02-04,2,1,1
507529,106568,SKU0011,WH_C,West,2025-02-03,2025-02-06,4,5,1
507530,106569,SKU0081,WH_A,East,2025-02-03,2025-02-07,5,1,0
507531,106570,SKU0061,WH_B,Central,2025-02-05,2025-02-08,5,2,1
507532,106571,SKU0021,WH_A,East,2025-02-03,2025-02-04,1,1,1
507533,106572,SKU0036,WH_B,Central,2025-02-06,2025-02-08,5,1,1
507534,106573,SKU0025,WH_B,Central,2025-02-04,2025-02-05,2,11,1
507535,106574,SKU0047,WH_C,West,2025-02-04,2025-02-11,8,3,0
507536,106574,SKU0047,WH_C,West,2025-02-03,2025-02-06,3,1,1
507537,106575,SKU0021,WH_B,Central,2025-02-03,2025-02-05,2,1,1
507538,106576,SKU0033,WH_C,West,2025-02-03,2025-02-05,2,7,1
507539,106577,SKU0094,WH_B,Central,2025-02-03,2025-02-04,1,1,1
507540,106578,SKU0011,WH_A,East,2025-02-03,2025-02-04,1,1,1
507541,106579,SKU0067,WH_A,East,2025-02-03,2025-02-10,7,3,0
507542,106580,SKU0003,WH_C,West,2025-02-03,2025-02-05,2,1,1
507543,106581,SKU0068,WH_A,East,2025-02-03,2025-02-04,1,7,1
507544,106582,SKU0032,WH_A,East,2025-02-03,2025-02-05,2,1,1
507545,106583,SKU0084,WH_B,Central,2025-02-04,2025-02-06,3,4,1
507546,106584,SKU0054,WH_B,Central,2025-02-03,2025-02-04,1,1,1
507547,106585,SKU0035,WH_B,Central,2025-02-03,2025-02-08,5,2,0
507548,106586,SKU0019,WH_B,Central,2025-02-03,2025-02-04,1,4,1
507549,106587,SKU0096,WH_A,East,2025-02-03,2025-02-05,2,1,1
507550,106587,SKU0096,WH_A,East,2025-02-03,2025-02-04,1,1,1
507551,106588,SKU0098,WH_B,Central,2025-02-05,2025-02-08,5,4,1
507552,106589,SKU0050,WH_C,West,2025-02-03,2025-02-06,3,3,1
507553,106590,SKU0049,WH_C,West,2025-02-03,2025-02-05,2,1,1
507554,106590,SKU0049,WH_C,West,2025-02-05,2025-02-06,3,1,1
507555,106591,SKU0073,WH_C,West,2025-02-05,2025-02-08,5,3,1
507556,106592,SKU0092,WH_B,Central,2025-02-06,2025-02-08,5,1,1
507557,106592,SKU0092,WH_B,Central,2025-02-03,2025-02-05,2,0,1
507558,106593,SKU0063,WH_C,West,2025-02-04,2025-02-05,2,1,1
507559,106594,SKU0004,WH_C,West,2025-02-03,2025-02-06,3,1,1
507560,106595,SKU0081,WH_A,East,2025-02-04,2025-02-05,2,3,1
507561,106596,SKU0012,WH_A,East,2025-02-03,2025-02-05,2,1,1
507562,106597,SKU0014,WH_B,Central,2025-02-04,2025-02-05,2,2,1
507563,106598,SKU0052,WH_A,East,2025-02-03,2025-02-08,5,10,0
507564,106599,SKU0073,WH_C,West,2025-02-03,2025-02-06,3,2,1
507565,106600,SKU0071,WH_C,West,2025-02-03,2025-02-05,2,1,1
507566,106601,SKU0050,WH_B,Central,2025-02-05,2025-02-07,4,5,1
507567,106601,SKU0050,WH_B,Central,2025-02-04,2025-02-05,2,1,1
507568,106602,SKU0093,WH_B,Central,2025-02-03,2025-02-04,1,1,1
507569,106603,SKU0063,WH_B,Central,2025-02-04,2025-02-06,3,1,1
507570,106604,SKU0084,WH_C,West,2025-02-03,2025-02-10,7,1,0
507571,106605,SKU0020,WH_C,West,2025-02-03,2025-02-07,4,2,0
507572,106606,SKU0082,WH_A,East,2025-02-03,2025-02-07,4,8,0
507573,106607,SKU0037,WH_A,East,2025-02-03,2025-02-07,4,1,0
507574,106608,SKU0098,WH_B,Central,2025-02-04,2025-02-06,3,2,1
507575,106609,SKU0065,WH_A,East,2025-02-03,2025-02-06,3,1,1
507576,106610,SKU0026,WH_B,Central,2025-02-05,2025-02-07,4,1,1
507577,106611,SKU0072,WH_C,West,2025-02-03,2025-02-04,1,1,1
507578,106611,SKU0072,WH_C,West,2025-02-05,2025-02-06,3,0,1
507579,106612,SKU0024,WH_A,East,2025-02-03,2025-02-04,1,1,1
507580,106613,SKU0026,WH_A,East,2025-02-04,2025-02-07,4,2,1
507581,106613,SKU0026,WH_A,East,2025-02-03,2025-02-05,2,1,1
507582,106614,SKU0012,WH_C,West,2025-02-03,2025-02-05,2,7,1
507583,106614,SKU0012,WH_C,West,2025-02-04,2025-02-05,2,3,1
507584,106615,SKU0057,WH_B,Central,2025-02-03,2025-02-04,1,1,1
507585,106616,SKU0015,WH_B,Central,2025-02-03,2025-02-04,1,5,1
507586,106617,SKU0048,WH_A,East,2025-02-04,2025-02-07,4,1,1
507587,106618,SKU0024,WH_B,Central,2025-02-03,2025-02-04,1,1,1
507588,106619,SKU0096,WH_A,East,2025-02-04,2025-02-07,4,4,1
507589,106620,SKU0027,WH_C,West,2025-02-06,2025-02-07,4,4,1
507590,106621,SKU0015,WH_A,East,2025-02-05,2025-02-06,3,1,1
507591,106622,SKU0099,WH_A,East,2025-02-03,2025-02-06,3,1,1
507592,106623,SKU0011,WH_C,West,2025-02-03,2025-02-04,1,4,1
507593,106624,SKU0001,WH_B,Central,2025-02-03,2025-02-04,1,4,1
507594,106625,SKU0008,WH_B,Central,2025-02-03,2025-02-06,3,2,1
507595,106626,SKU0002,WH_B,Central,2025-02-04,2025-02-11,8,1,0
507596,106626,SKU0002,WH_B,Central,2025-02-04,2025-02-05,2,0,1
507597,106627,SKU0098,WH_B,Central,2025-02-06,2025-02-09,6,2,1
507598,106628,SKU0080,WH_A,East,2025-02-03,2025-02-04,1,1,1
507599,106629,SKU0086,WH_C,West,2025-02-03,2025-02-09,6,1,0
507600,106630,SKU0026,WH_A,East,2025-02-03,2025-02-05,2,3,1
507601,106631,SKU0074,WH_A,East,2025-02-05,2025-02-11,8,1,0
507602,106632,SKU0094,WH_B,Central,2025-02-03,2025-02-10,7,7,0
507603,106632,SKU0094,WH_B,Central,2025-02-03,2025-02-07,4,2,0
507604,106633,SKU0031,WH_A,East,2025-02-06,2025-02-08,5,2,1
507605,106634,SKU0076,WH_C,West,2025-02-04,2025-02-07,4,5,1
507606,106635,SKU0098,WH_C,West,2025-02-03,2025-02-04,1,1,1
507607,106636,SKU0003,WH_B,Central,2025-02-03,2025-02-08,5,4,0
507608,106637,SKU0090,WH_B,Central,2025-02-04,2025-02-07,4,3,1
507609,106638,SKU0053,WH_B,Central,2025-02-03,2025-02-07,4,6,0
507610,106639,SKU0010,WH_B,Central,2025-02-03,2025-02-04,1,8,1
507611,106640,SKU0024,WH_B,Central,2025-02-03,2025-02-07,4,3,0
507612,106641,SKU0009,WH_C,West,2025-02-05,2025-02-10,7,5,0
507613,106642,SKU0069,WH_B,Central,2025-02-03,2025-02-09,6,1,0
507614,106642,SKU0069,WH_B,Central,2025-02-03,2025-02-04,1,1,1
507615,106643,SKU0078,WH_B,Central,2025-02-04,2025-02-08,5,1,0
507616,106644,SKU0080,WH_C,West,2025-02-04,2025-02-06,3,2,1
507617,106645,SKU0091,WH_A,East,2025-02-03,2025-02-05,2,8,1
507618,106646,SKU0039,WH_B,Central,2025-02-06,2025-02-07,4,1,1
507619,106647,SKU0030,WH_B,Central,2025-02-05,2025-02-06,3,1,1
507620,106648,SKU0044,WH_B,Central,2025-02-05,2025-02-08,5,2,1
507621,106649,SKU0042,WH_C,West,2025-02-03,2025-02-04,1,1,1
507622,106649,SKU0042,WH_C,West,2025-02-06,2025-02-08,5,0,1
507623,106650,SKU0064,WH_C,West,2025-02-03,2025-02-04,1,1,1
507624,106651,SKU0083,WH_B,Central,2025-02-03,2025-02-06,3,1,1
507625,106652,SKU0006,WH_C,West,2025-02-04,2025-02-08,5,1,0
507626,106653,SKU0017,WH_B,Central,2025-02-04,2025-02-05,2,22,1
507627,106654,SKU0077,WH_C,West,2025-02-04,2025-02-06,3,3,1
507628,106655,SKU0049,WH_A,East,2025-02-03,2025-02-08,5,4,0
507629,106656,SKU0027,WH_C,West,2025-02-04,2025-02-05,2,2,1
507630,106657,SKU0015,WH_C,West,2025-02-06,2025-02-12,9,5,0
507631,106658,SKU0030,WH_A,East,2025-02-06,2025-02-11,8,7,0
507632,106659,SKU0036,WH_B,Central,2025-02-03,2025-02-09,6,1,0
507633,106659,SKU0036,WH_B,Central,2025-02-04,2025-02-06,3,0,1
507634,106660,SKU0062,WH_A,East,2025-02-06,2025-02-08,5,5,1
507635,106661,SKU0056,WH_A,East,2025-02-06,2025-02-08,5,1,1
507636,106662,SKU0024,WH_C,West,2025-02-04,2025-02-06,3,2,1
507637,106663,SKU0013,WH_B,Central,2025-02-04,2025-02-06,3,2,1
507638,106664,SKU0051,WH_B,Central,2025-02-07,2025-02-08,5,3,1
507639,106665,SKU0073,WH_C,West,2025-02-05,2025-02-08,5,6,1
507640,106666,SKU0082,WH_C,West,2025-02-05,2025-02-07,4,2,1
507641,106667,SKU0079,WH_A,East,2025-02-05,2025-02-07,4,4,1
507642,106668,SKU0066,WH_B,Central,2025-02-05,2025-02-06,3,1,1
507643,106669,SKU0018,WH_A,East,2025-02-05,2025-02-10,7,2,0
507644,106669,SKU0018,WH_A,East,2025-02-03,2025-02-05,2,2,1
507645,106670,SKU0064,WH_C,West,2025-02-04,2025-02-05,2,4,1
507646,106670,SKU0064,WH_C,West,2025-02-03,2025-02-08,5,3,0
507647,106671,SKU0091,WH_A,East,2025-02-03,2025-02-06,3,2,1
507648,106672,SKU0058,WH_B,Central,2025-02-04,2025-02-05,2,6,1
507649,106673,SKU0050,WH_A,East,2025-02-04,2025-02-08,5,11,0
507650,106674,SKU0087,WH_C,West,2025-02-04,2025-02-07,4,1,1
507651,106674,SKU0087,WH_C,West,2025-02-04,2025-02-05,2,0,1
507652,106675,SKU0078,WH_C,West,2025-02-03,2025-02-04,1,3,1
507653,106676,SKU0007,WH_A,East,2025-02-03,2025-02-07,4,1,0
507654,106677,SKU0087,WH_A,East,2025-02-03,2025-02-04,1,9,1
507655,106678,SKU0004,WH_A,East,2025-02-04,2025-02-07,4,1,1
507656,106679,SKU0008,WH_A,East,2025-02-03,2025-02-04,1,3,1
507657,106680,SKU0041,WH_A,East,2025-02-03,2025-02-05,2,1,1
507658,106680,SKU0041,WH_A,East,2025-02-03,2025-02-06,3,0,1
507659,106681,SKU0036,WH_B,Central,2025-02-03,2025-02-04,1,4,1
507660,106682,SKU0080,WH_A,East,2025-02-05,2025-02-06,3,1,1
507661,106683,SKU0006,WH_C,West,2025-02-04,2025-02-05,2,6,1
507662,106684,SKU0033,WH_B,Central,2025-02-03,2025-02-04,1,1,1
507663,106685,SKU0083,WH_C,West,2025-02-05,2025-02-08,5,1,1
507664,106686,SKU0020,WH_B,Central,2025-02-04,2025-02-07,4,2,1
507665,106687,SKU0012,WH_A,East,2025-02-03,2025-02-05,2,6,1
507666,106688,SKU0086,WH_B,Central,2025-02-03,2025-02-04,1,1,1
507667,106689,SKU0047,WH_B,Central,2025-02-03,2025-02-07,4,8,0
507668,106690,SKU0012,WH_B,Central,2025-02-04,2025-02-06,3,3,1
507669,106691,SKU0075,WH_C,West,2025-02-06,2025-02-08,5,1,1
507670,106692,SKU0057,WH_A,East,2025-02-03,2025-02-10,7,7,0
507671,106693,SKU0067,WH_C,West,2025-02-03,2025-02-04,1,1,1
507672,106694,SKU0089,WH_B,Central,2025-02-03,2025-02-05,2,2,1
507673,106695,SKU0043,WH_B,Central,2025-02-03,2025-02-04,1,1,1
507674,106696,SKU0054,WH_B,Central,2025-02-03,2025-02-07,4,1,0
507675,106697,SKU0011,WH_A,East,2025-02-05,2025-02-06,3,1,1
507676,106698,SKU0060,WH_B,Central,2025-02-03,2025-02-06,3,1,1
507677,106698,SKU0060,WH_B,Central,2025-02-03,2025-02-08,5,1,0
507678,106699,SKU0085,WH_A,East,2025-02-04,2025-02-05,2,7,1
507679,106700,SKU0098,WH_A,East,2025-02-03,2025-02-08,5,2,0
507680,106701,SKU0066,WH_A,East,2025-02-03,2025-02-04,1,1,1
507681,106701,SKU0066,WH_A,East,2025-02-03,2025-02-04,1,0,1
507682,106702,SKU0042,WH_C,West,2025-02-03,2025-02-07,4,3,0
507683,106703,SKU0059,WH_C,West,2025-02-04,2025-02-06,3,18,1
507684,106704,SKU0016,WH_B,Central,2025-02-03,2025-02-04,1,2,1
507685,106705,SKU0049,WH_C,West,2025-02-05,2025-02-06,3,2,1
507686,106706,SKU0099,WH_B,Central,2025-02-05,2025-02-08,5,1,1
507687,106707,SKU0069,WH_A,East,2025-02-04,2025-02-05,2,11,1
507688,106708,SKU0029,WH_C,West,2025-02-04,2025-02-09,6,1,0
507689,106709,SKU0038,WH_C,West,2025-02-03,2025-02-04,1,1,1
507690,106710,SKU0050,WH_A,East,2025-02-04,2025-02-06,3,1,1
507691,106711,SKU0030,WH_A,East,2025-02-04,2025-02-06,3,2,1
507692,106712,SKU0050,WH_B,Central,2025-02-03,2025-02-05,2,1,1
507693,106713,SKU0006,WH_C,West,2025-02-03,2025-02-06,3,3,1
507694,106714,SKU0054,WH_C,West,2025-02-03,2025-02-07,4,2,0
507695,106714,SKU0054,WH_C,West,2025-02-07,2025-02-08,5,2,1
507696,106715,SKU0026,WH_C,West,2025-02-04,2025-02-10,7,4,0
507697,106716,SKU0089,WH_C,West,2025-02-04,2025-02-05,2,6,1
507698,106717,SKU0040,WH_A,East,2025-02-05,2025-02-08,5,2,1
507699,106718,SKU0007,WH_A,East,2025-02-03,2025-02-05,2,3,1
507700,106719,SKU0036,WH_A,East,2025-02-04,2025-02-05,2,1,1
507701,106720,SKU0100,WH_A,East,2025-02-06,2025-02-13,10,1,0
507702,106721,SKU0027,WH_A,East,2025-02-03,2025-02-06,3,5,1
507703,106722,SKU0021,WH_B,Central,2025-02-03,2025-02-04,1,3,1
507704,106723,SKU0023,WH_C,West,2025-02-06,2025-02-07,4,2,1
507705,106724,SKU0010,WH_A,East,2025-02-03,2025-02-07,4,1,0
507706,106725,SKU0025,WH_A,East,2025-02-03,2025-02-06,3,18,1
507707,106726,SKU0092,WH_B,Central,2025-02-06,2025-02-08,5,3,1
507708,106727,SKU0046,WH_A,East,2025-02-03,2025-02-04,1,1,1
507709,106728,SKU0001,WH_A,East,2025-02-06,2025-02-08,5,1,1
507710,106729,SKU0084,WH_B,Central,2025-02-04,2025-02-05,2,1,1
507711,106730,SKU0027,WH_C,West,2025-02-05,2025-02-07,4,1,1
507712,106731,SKU0070,WH_C,West,2025-02-04,2025-02-06,3,3,1
507713,106732,SKU0028,WH_C,West,2025-02-04,2025-02-05,2,3,1
507714,106733,SKU0060,WH_A,East,2025-02-06,2025-02-07,4,1,1
507715,106733,SKU0060,WH_A,East,2025-02-03,2025-02-04,1,0,1
507716,106734,SKU0022,WH_C,West,2025-02-03,2025-02-05,2,5,1
507717,106735,SKU0087,WH_C,West,2025-02-03,2025-02-04,1,3,1
507718,106736,SKU0017,WH_A,East,2025-02-07,2025-02-12,9,2,0
507719,106736,SKU0017,WH_A,East,2025-02-03,2025-02-04,1,1,1
507720,106737,SKU0033,WH_A,East,2025-02-03,2025-02-08,5,1,0
507721,106738,SKU0081,WH_A,East,2025-02-03,2025-02-05,2,1,1
507722,106739,SKU0042,WH_C,West,2025-02-03,2025-02-06,3,1,1
507723,106740,SKU0096,WH_B,Central,2025-02-04,2025-02-06,3,1,1
507724,106741,SKU0083,WH_C,West,2025-02-03,2025-02-06,3,2,1
507725,106742,SKU0093,WH_C,West,2025-02-03,2025-02-04,1,3,1
507726,106743,SKU0007,WH_A,East,2025-02-03,2025-02-05,2,2,1
507727,106744,SKU0007,WH_A,East,2025-02-04,2025-02-05,2,7,1
507728,106745,SKU0039,WH_A,East,2025-02-03,2025-02-05,2,3,1
507729,106746,SKU0080,WH_A,East,2025-02-04,2025-02-09,6,1,0
507730,106747,SKU0074,WH_B,Central,2025-02-03,2025-02-05,2,1,1
507731,106748,SKU0077,WH_B,Central,2025-02-03,2025-02-06,3,3,1
507732,106749,SKU0035,WH_A,East,2025-02-04,2025-02-07,4,1,1
507733,106750,SKU0007,WH_A,East,2025-02-03,2025-02-04,1,1,1
507734,106751,SKU0048,WH_A,East,2025-02-03,2025-02-04,1,1,1
507735,106751,SKU0048,WH_A,East,2025-02-03,2025-02-07,4,0,0
507736,106752,SKU0077,WH_B,Central,2025-02-03,2025-02-05,2,1,1
507737,106753,SKU0090,WH_C,West,2025-02-03,2025-02-04,1,1,1
507738,106754,SKU0045,WH_C,West,2025-02-04,2025-02-05,2,1,1
507739,106755,SKU0059,WH_C,West,2025-02-05,2025-02-08,5,1,1
507740,106756,SKU0060,WH_C,West,2025-02-07,2025-02-14,11,9,0
507741,106757,SKU0014,WH_B,Central,2025-02-04,2025-02-07,4,1,1
507742,106757,SKU0014,WH_B,Central,2025-02-04,2025-02-05,2,0,1
507743,106758,SKU0080,WH_A,East,2025-02-05,2025-02-06,3,4,1
507744,106759,SKU0058,WH_B,Central,2025-02-04,2025-02-07,4,1,1
507745,106759,SKU0058,WH_B,Central,2025-02-04,2025-02-07,4,0,1
507746,106760,SKU0006,WH_B,Central,2025-02-03,2025-02-06,3,1,1
507747,106761,SKU0004,WH_C,West,2025-02-06,2025-02-08,5,1,1
507748,106762,SKU0059,WH_C,West,2025-02-03,2025-02-05,2,1,1
507749,106763,SKU0018,WH_C,West,2025-02-03,2025-02-05,2,5,1
507750,106764,SKU0064,WH_C,West,2025-02-03,2025-02-05,2,1,1
507751,106765,SKU0056,WH_C,West,2025-02-04,2025-02-07,4,1,1
507752,106766,SKU0048,WH_B,Central,2025-02-07,2025-02-08,5,6,1
507753,106767,SKU0021,WH_B,Central,2025-02-05,2025-02-08,5,1,1
507754,106767,SKU0021,WH_B,Central,2025-02-04,2025-02-07,4,1,1
507755,106768,SKU0087,WH_A,East,2025-02-04,2025-02-06,3,1,1
507756,106769,SKU0019,WH_A,East,2025-02-06,2025-02-07,4,2,1
507757,106770,SKU0095,WH_B,Central,2025-02-03,2025-02-04,1,1,1
507758,106771,SKU0076,WH_C,West,2025-02-04,2025-02-09,6,1,0
507759,106772,SKU0015,WH_B,Central,2025-02-03,2025-02-04,1,2,1
507760,106773,SKU0087,WH_B,Central,2025-02-03,2025-02-08,5,1,0
507761,106773,SKU0087,WH_B,Central,2025-02-03,2025-02-04,1,0,1
507762,106774,SKU0044,WH_A,East,2025-02-03,2025-02-09,6,1,0
507763,106775,SKU0068,WH_C,West,2025-02-03,2025-02-08,5,2,0
507764,106776,SKU0036,WH_C,West,2025-02-03,2025-02-05,2,1,1
507765,106776,SKU0036,WH_C,West,2025-02-03,2025-02-05,2,0,1
507766,106777,SKU0082,WH_B,Central,2025-02-03,2025-02-07,4,1,0
507767,106778,SKU0022,WH_A,East,2025-02-04,2025-02-11,8,1,0
507768,106779,SKU0090,WH_B,Central,2025-02-04,2025-02-08,5,2,0
507769,106780,SKU0081,WH_A,East,2025-02-04,2025-02-06,3,1,1
507770,106781,SKU0063,WH_B,Central,2025-02-04,2025-02-05,2,3,1
507771,106782,SKU0068,WH_B,Central,2025-02-03,2025-02-05,2,2,1
507772,106783,SKU0067,WH_C,West,2025-02-04,2025-02-06,3,1,1
507773,106784,SKU0017,WH_A,East,2025-02-04,2025-02-05,2,5,1
507774,106785,SKU0065,WH_C,West,2025-02-03,2025-02-05,2,1,1
507775,106786,SKU0094,WH_B,Central,2025-02-03,2025-02-05,2,2,1
507776,106787,SKU0039,WH_B,Central,2025-02-03,2025-02-04,1,5,1
507777,106787,SKU0039,WH_B,Central,2025-02-03,2025-02-04,1,1,1
507778,106788,SKU0016,WH_C,West,2025-02-05,2025-02-07,4,1,1
507779,106789,SKU0098,WH_C,West,2025-02-03,2025-02-07,4,5,0
507780,106790,SKU0055,WH_B,Central,2025-02-03,2025-02-05,2,1,1
507781,106791,SKU0088,WH_B,Central,2025-02-04,2025-02-10,7,1,0
507782,106792,SKU0054,WH_C,West,2025-02-03,2025-02-04,1,1,1
507783,106793,SKU0024,WH_C,West,2025-02-03,2025-02-05,2,1,1
507784,106794,SKU0043,WH_C,West,2025-02-03,2025-02-04,1,1,1
507785,106795,SKU0046,WH_B,Central,2025-02-04,2025-02-05,2,2,1
507786,106795,SKU0046,WH_B,Central,2025-02-06,2025-02-08,5,1,1
507787,106796,SKU0063,WH_B,Central,2025-02-03,2025-02-05,2,3,1
507788,106797,SKU0087,WH_A,East,2025-02-03,2025-02-05,2,11,1
507789,106798,SKU0024,WH_A,East,2025-02-03,2025-02-04,1,1,1
507790,106799,SKU0080,WH_B,Central,2025-02-05,2025-02-09,6,1,0
507791,106799,SKU0080,WH_B,Central,2025-02-03,2025-02-04,1,0,1
507792,106800,SKU0037,WH_A,East,2025-02-03,2025-02-04,1,2,1
507793,106800,SKU0037,WH_A,East,2025-02-03,2025-02-05,2,4,1
507794,106801,SKU0066,WH_A,East,2025-02-03,2025-02-04,1,3,1
507795,106802,SKU0071,WH_C,West,2025-02-03,2025-02-08,5,10,0
507796,106803,SKU0024,WH_B,Central,2025-02-03,2025-02-04,1,1,1
507797,106804,SKU0006,WH_A,East,2025-02-03,2025-02-05,2,1,1
507798,106805,SKU0032,WH_A,East,2025-02-03,2025-02-08,5,2,0
507799,106806,SKU0055,WH_A,East,2025-02-03,2025-02-09,6,3,0
507800,106807,SKU0082,WH_C,West,2025-02-03,2025-02-04,1,1,1
507801,106807,SKU0082,WH_C,West,2025-02-06,2025-02-08,5,0,1
507802,106808,SKU0047,WH_A,East,2025-02-05,2025-02-08,5,1,1
507803,106809,SKU0050,WH_C,West,2025-02-03,2025-02-07,4,1,0
507804,106810,SKU0092,WH_B,Central,2025-02-03,2025-02-05,2,10,1
507805,106811,SKU0073,WH_B,Central,2025-02-03,2025-02-05,2,1,1
507806,106811,SKU0073,WH_B,Central,2025-02-04,2025-02-07,4,0,1
507807,106812,SKU0041,WH_C,West,2025-02-03,2025-02-04,1,1,1
507808,106812,SKU0041,WH_C,West,2025-02-03,2025-02-06,3,0,1
507809,106813,SKU0018,WH_B,Central,2025-02-06,2025-02-10,7,5,0
507810,106814,SKU0007,WH_B,Central,2025-02-03,2025-02-04,1,1,1
507811,106815,SKU0005,WH_A,East,2025-02-04,2025-02-07,4,1,1
507812,106816,SKU0065,WH_A,East,2025-02-04,2025-02-09,6,1,0
507813,106817,SKU0093,WH_A,East,2025-02-03,2025-02-04,1,2,1
507814,106818,SKU0018,WH_C,West,2025-02-05,2025-02-08,5,1,1
507815,106819,SKU0068,WH_A,East,2025-02-04,2025-02-05,2,1,1
507816,106820,SKU0039,WH_A,East,2025-02-05,2025-02-08,4,1,1
507817,106821,SKU0070,WH_A,East,2025-02-05,2025-02-08,4,1,1
507818,106822,SKU0048,WH_C,West,2025-02-05,2025-02-12,8,1,0
507819,106823,SKU0057,WH_B,Central,2025-02-04,2025-02-05,1,1,1
507820,106824,SKU0100,WH_C,West,2025-02-04,2025-02-10,6,3,0
507821,106825,SKU0036,WH_B,Central,2025-02-04,2025-02-05,1,1,1
507822,106826,SKU0006,WH_C,West,2025-02-04,2025-02-05,1,1,1
507823,106826,SKU0006,WH_C,West,2025-02-04,2025-02-11,7,2,0
507824,106827,SKU0055,WH_B,Central,2025-02-04,2025-02-05,1,3,1
507825,106828,SKU0020,WH_B,Central,2025-02-05,2025-02-08,4,2,1
507826,106829,SKU0020,WH_C,West,2025-02-07,2025-02-10,6,7,1
507827,106830,SKU0074,WH_A,East,2025-02-04,2025-02-11,7,1,0
507828,106831,SKU0063,WH_C,West,2025-02-05,2025-02-06,2,1,1
507829,106832,SKU0019,WH_B,Central,2025-02-04,2025-02-10,6,1,0
507830,106833,SKU0060,WH_B,Central,2025-02-04,2025-02-05,1,1,1
507831,106833,SKU0060,WH_B,Central,2025-02-04,2025-02-07,3,0,1
507832,106834,SKU0077,WH_B,Central,2025-02-04,2025-02-05,1,1,1
507833,106835,SKU0037,WH_B,Central,2025-02-04,2025-02-05,1,1,1
507834,106836,SKU0089,WH_A,East,2025-02-05,2025-02-06,2,2,1
507835,106836,SKU0089,WH_A,East,2025-02-04,2025-02-05,1,4,1
507836,106837,SKU0021,WH_A,East,2025-02-05,2025-02-08,4,1,1
507837,106838,SKU0056,WH_A,East,2025-02-07,2025-02-08,4,1,1
507838,106838,SKU0056,WH_A,East,2025-02-06,2025-02-08,4,1,1
507839,106839,SKU0006,WH_C,West,2025-02-06,2025-02-11,7,1,0
507840,106840,SKU0089,WH_B,Central,2025-02-07,2025-02-08,4,1,1
507841,106841,SKU0073,WH_C,West,2025-02-04,2025-02-06,2,12,1
507842,106842,SKU0030,WH_A,East,2025-02-05,2025-02-08,4,1,1
507843,106843,SKU0076,WH_A,East,2025-02-05,2025-02-06,2,1,1
507844,106844,SKU0027,WH_C,West,2025-02-05,2025-02-06,2,1,1
507845,106844,SKU0027,WH_C,West,2025-02-05,2025-02-11,7,0,0
507846,106845,SKU0069,WH_C,West,2025-02-05,2025-02-08,4,1,1
507847,106846,SKU0059,WH_B,Central,2025-02-04,2025-02-05,1,1,1
507848,106846,SKU0059,WH_B,Central,2025-02-04,2025-02-09,5,0,0
507849,106847,SKU0072,WH_C,West,2025-02-04,2025-02-08,4,1,0
507850,106847,SKU0072,WH_C,West,2025-02-04,2025-02-07,3,4,1
507851,106848,SKU0091,WH_A,East,2025-02-05,2025-02-07,3,1,1
507852,106849,SKU0061,WH_C,West,2025-02-05,2025-02-08,4,4,1
507853,106849,SKU0061,WH_C,West,2025-02-04,2025-02-08,4,7,0
507854,106850,SKU0071,WH_B,Central,2025-02-04,2025-02-06,2,2,1
507855,106851,SKU0005,WH_A,East,2025-02-05,2025-02-06,2,4,1
507856,106852,SKU0072,WH_C,West,2025-02-05,2025-02-06,2,1,1
507857,106853,SKU0005,WH_C,West,2025-02-04,2025-02-06,2,1,1
507858,106854,SKU0092,WH_B,Central,2025-02-04,2025-02-08,4,1,0
507859,106854,SKU0092,WH_B,Central,2025-02-04,2025-02-06,2,0,1
507860,106855,SKU0047,WH_B,Central,2025-02-08,2025-02-09,5,1,1
507861,106856,SKU0067,WH_A,East,2025-02-04,2025-02-08,4,3,0
507862,106857,SKU0017,WH_A,East,2025-02-06,2025-02-07,3,1,1
507863,106858,SKU0092,WH_C,West,2025-02-06,2025-02-08,4,1,1
507864,106859,SKU0044,WH_C,West,2025-02-04,2025-02-06,2,1,1
507865,106859,SKU0044,WH_C,West,2025-02-06,2025-02-08,4,3,1
507866,106860,SKU0022,WH_A,East,2025-02-05,2025-02-06,2,7,1
507867,106861,SKU0025,WH_A,East,2025-02-06,2025-02-07,3,5,1
507868,106862,SKU0015,WH_B,Central,2025-02-04,2025-02-09,5,2,0
507869,106863,SKU0011,WH_C,West,2025-02-06,2025-02-08,4,8,1
507870,106864,SKU0098,WH_B,Central,2025-02-04,2025-02-06,2,1,1
507871,106865,SKU0041,WH_B,Central,2025-02-07,2025-02-09,5,6,1
507872,106866,SKU0011,WH_C,West,2025-02-04,2025-02-09,5,4,0
507873,106867,SKU0090,WH_A,East,2025-02-06,2025-02-08,4,4,1
507874,106868,SKU0026,WH_C,West,2025-02-06,2025-02-07,3,1,1
507875,106869,SKU0083,WH_B,Central,2025-02-04,2025-02-05,1,2,1
507876,106870,SKU0011,WH_C,West,2025-02-06,2025-02-12,8,4,0
507877,106871,SKU0057,WH_B,Central,2025-02-07,2025-02-09,5,1,1
507878,106872,SKU0027,WH_A,East,2025-02-05,2025-02-10,6,1,0
507879,106873,SKU0070,WH_A,East,2025-02-05,2025-02-06,2,7,1
507880,106874,SKU0078,WH_A,East,2025-02-04,2025-02-10,6,7,0
507881,106875,SKU0072,WH_B,Central,2025-02-04,2025-02-05,1,3,1
507882,106876,SKU0043,WH_C,West,2025-02-05,2025-02-09,5,1,0
507883,106877,SKU0094,WH_A,East,2025-02-04,2025-02-05,1,1,1
507884,106878,SKU0060,WH_C,West,2025-02-06,2025-02-07,3,5,1
507885,106879,SKU0041,WH_B,Central,2025-02-06,2025-02-07,3,11,1
507886,106880,SKU0062,WH_B,Central,2025-02-04,2025-02-08,4,1,0
507887,106881,SKU0068,WH_B,Central,2025-02-04,2025-02-05,1,2,1
507888,106882,SKU0006,WH_C,West,2025-02-06,2025-02-08,4,1,1
507889,106883,SKU0073,WH_C,West,2025-02-04,2025-02-07,3,3,1
507890,106884,SKU0010,WH_C,West,2025-02-06,2025-02-10,6,8,0
507891,106885,SKU0086,WH_B,Central,2025-02-04,2025-02-06,2,6,1
507892,106886,SKU0030,WH_C,West,2025-02-05,2025-02-06,2,1,1
507893,106886,SKU0030,WH_C,West,2025-02-05,2025-02-06,2,1,1
507894,106887,SKU0052,WH_C,West,2025-02-04,2025-02-05,1,1,1
507895,106888,SKU0095,WH_B,Central,2025-02-05,2025-02-06,2,1,1
507896,106889,SKU0030,WH_A,East,2025-02-05,2025-02-06,2,2,1
507897,106890,SKU0066,WH_C,West,2025-02-05,2025-02-06,2,2,1
507898,106890,SKU0066,WH_C,West,2025-02-04,2025-02-07,3,10,1
507899,106891,SKU0003,WH_B,Central,2025-02-04,2025-02-07,3,1,1
507900,106892,SKU0073,WH_B,Central,2025-02-07,2025-02-09,5,1,1
507901,106893,SKU0056,WH_A,East,2025-02-04,2025-02-06,2,1,1
507902,106894,SKU0079,WH_B,Central,2025-02-06,2025-02-09,5,1,1
507903,106895,SKU0006,WH_A,East,2025-02-05,2025-02-08,4,3,1
507904,106896,SKU0006,WH_A,East,2025-02-06,2025-02-07,3,6,1
507905,106897,SKU0011,WH_B,Central,2025-02-05,2025-02-10,6,12,0
507906,106898,SKU0026,WH_B,Central,2025-02-05,2025-02-06,2,5,1
507907,106899,SKU0062,WH_C,West,2025-02-06,2025-02-07,3,1,1
507908,106899,SKU0062,WH_C,West,2025-02-04,2025-02-05,1,1,1
507909,106900,SKU0039,WH_B,Central,2025-02-06,2025-02-07,3,13,1
507910,106901,SKU0053,WH_B,Central,2025-02-08,2025-02-09,5,1,1
507911,106902,SKU0054,WH_A,East,2025-02-05,2025-02-06,2,1,1
507912,106902,SKU0054,WH_A,East,2025-02-04,2025-02-05,1,0,1
507913,106903,SKU0060,WH_A,East,2025-02-06,2025-02-08,4,2,1
507914,106904,SKU0081,WH_C,West,2025-02-05,2025-02-10,6,1,0
507915,106904,SKU0081,WH_C,West,2025-02-04,2025-02-06,2,0,1
507916,106905,SKU0049,WH_C,West,2025-02-04,2025-02-05,1,1,1
507917,106906,SKU0034,WH_C,West,2025-02-05,2025-02-06,2,1,1
507918,106907,SKU0055,WH_B,Central,2025-02-04,2025-02-05,1,5,1
507919,106908,SKU0008,WH_C,West,2025-02-04,2025-02-06,2,1,1
507920,106908,SKU0008,WH_C,West,2025-02-05,2025-02-06,2,0,1
507921,106909,SKU0070,WH_B,Central,2025-02-05,2025-02-08,4,2,1
507922,106910,SKU0022,WH_C,West,2025-02-05,2025-02-09,5,1,0
507923,106911,SKU0097,WH_C,West,2025-02-06,2025-02-08,4,1,1
507924,106912,SKU0058,WH_B,Central,2025-02-04,2025-02-05,1,5,1
507925,106913,SKU0006,WH_B,Central,2025-02-04,2025-02-06,2,1,1
507926,106914,SKU0091,WH_C,West,2025-02-07,2025-02-08,4,1,1
507927,106915,SKU0079,WH_A,East,2025-02-04,2025-02-06,2,2,1
507928,106916,SKU0095,WH_A,East,2025-02-04,2025-02-06,2,1,1
507929,106917,SKU0004,WH_C,West,2025-02-04,2025-02-09,5,2,0
507930,106918,SKU0026,WH_C,West,2025-02-06,2025-02-07,3,1,1
507931,106919,SKU0020,WH_B,Central,2025-02-04,2025-02-10,6,1,0
507932,106920,SKU0091,WH_C,West,2025-02-06,2025-02-12,8,1,0
507933,106921,SKU0073,WH_B,Central,2025-02-04,2025-02-05,1,1,1
507934,106922,SKU0062,WH_A,East,2025-02-05,2025-02-11,7,1,0
507935,106923,SKU0031,WH_C,West,2025-02-04,2025-02-08,4,3,0
507936,106924,SKU0083,WH_C,West,2025-02-04,2025-02-05,1,10,1
507937,106925,SKU0095,WH_C,West,2025-02-04,2025-02-06,2,2,1
507938,106926,SKU0094,WH_A,East,2025-02-04,2025-02-06,2,1,1
507939,106927,SKU0097,WH_C,West,2025-02-05,2025-02-08,4,6,1
507940,106928,SKU0056,WH_B,Central,2025-02-04,2025-02-08,4,1,0
507941,106929,SKU0055,WH_A,East,2025-02-04,2025-02-07,3,1,1
507942,106930,SKU0091,WH_A,East,2025-02-05,2025-02-10,6,4,0
507943,106931,SKU0023,WH_B,Central,2025-02-04,2025-02-05,1,1,1
507944,106932,SKU0053,WH_B,Central,2025-02-04,2025-02-05,1,1,1
507945,106932,SKU0053,WH_B,Central,2025-02-04,2025-02-05,1,0,1
507946,106933,SKU0030,WH_A,East,2025-02-05,2025-02-06,2,3,1
507947,106934,SKU0010,WH_C,West,2025-02-04,2025-02-05,1,2,1
507948,106935,SKU0044,WH_A,East,2025-02-07,2025-02-09,5,1,1
507949,106936,SKU0047,WH_C,West,2025-02-04,2025-02-06,2,4,1
507950,106937,SKU0049,WH_A,East,2025-02-04,2025-02-06,2,1,1
507951,106938,SKU0032,WH_C,West,2025-02-04,2025-02-05,1,1,1
507952,106939,SKU0026,WH_B,Central,2025-02-07,2025-02-08,4,1,1
507953,106940,SKU0042,WH_B,Central,2025-02-04,2025-02-07,3,1,1
507954,106941,SKU0019,WH_A,East,2025-02-06,2025-02-11,7,4,0
507955,106942,SKU0028,WH_A,East,2025-02-04,2025-02-10,6,1,0
507956,106942,SKU0028,WH_A,East,2025-02-04,2025-02-09,5,0,0
507957,106943,SKU0073,WH_B,Central,2025-02-04,2025-02-05,1,7,1
507958,106944,SKU0096,WH_A,East,2025-02-04,2025-02-05,1,3,1
507959,106945,SKU0048,WH_C,West,2025-02-06,2025-02-07,3,1,1
507960,106946,SKU0040,WH_A,East,2025-02-04,2025-02-05,1,1,1
507961,106947,SKU0028,WH_A,East,2025-02-04,2025-02-05,1,1,1
507962,106948,SKU0064,WH_A,East,2025-02-04,2025-02-10,6,3,0
507963,106949,SKU0004,WH_C,West,2025-02-04,2025-02-08,4,1,0
507964,106950,SKU0091,WH_B,Central,2025-02-05,2025-02-06,2,1,1
507965,106951,SKU0028,WH_C,West,2025-02-05,2025-02-11,7,1,0
507966,106952,SKU0016,WH_A,East,2025-02-05,2025-02-07,3,7,1
507967,106953,SKU0006,WH_B,Central,2025-02-05,2025-02-09,5,1,0
507968,106954,SKU0091,WH_C,West,2025-02-05,2025-02-07,3,1,1
507969,106954,SKU0091,WH_C,West,2025-02-04,2025-02-05,1,0,1
507970,106955,SKU0027,WH_A,East,2025-02-05,2025-02-07,3,1,1
507971,106956,SKU0078,WH_B,Central,2025-02-04,2025-02-07,3,1,1
507972,106957,SKU0072,WH_A,East,2025-02-04,2025-02-05,1,1,1
507973,106957,SKU0072,WH_A,East,2025-02-04,2025-02-06,2,0,1
507974,106958,SKU0086,WH_C,West,2025-02-04,2025-02-08,4,2,0
507975,106959,SKU0011,WH_C,West,2025-02-06,2025-02-07,3,1,1
507976,106960,SKU0032,WH_A,East,2025-02-04,2025-02-05,1,1,1
507977,106961,SKU0100,WH_C,West,2025-02-05,2025-02-06,2,3,1
507978,106962,SKU0076,WH_A,East,2025-02-04,2025-02-05,1,4,1
507979,106963,SKU0062,WH_A,East,2025-02-04,2025-02-06,2,1,1
507980,106963,SKU0062,WH_A,East,2025-02-08,2025-02-12,8,3,0
507981,106964,SKU0060,WH_A,East,2025-02-05,2025-02-07,3,3,1
507982,106965,SKU0077,WH_A,East,2025-02-04,2025-02-08,4,3,0
507983,106966,SKU0047,WH_A,East,2025-02-04,2025-02-06,2,1,1
507984,106966,SKU0047,WH_A,East,2025-02-04,2025-02-07,3,0,1
507985,106967,SKU0033,WH_C,West,2025-02-05,2025-02-10,6,1,0
507986,106968,SKU0022,WH_C,West,2025-02-05,2025-02-06,2,6,1
507987,106969,SKU0041,WH_A,East,2025-02-08,2025-02-10,6,1,1
507988,106969,SKU0041,WH_A,East,2025-02-04,2025-02-05,1,0,1
507989,106970,SKU0017,WH_A,East,2025-02-04,2025-02-05,1,5,1
507990,106971,SKU0004,WH_A,East,2025-02-04,2025-02-10,6,1,0
507991,106972,SKU0046,WH_C,West,2025-02-04,2025-02-09,5,2,0
507992,106973,SKU0034,WH_A,East,2025-02-05,2025-02-09,5,4,0
507993,106974,SKU0037,WH_A,East,2025-02-05,2025-02-07,3,1,1
507994,106975,SKU0045,WH_C,West,2025-02-04,2025-02-06,2,11,1
507995,106976,SKU0015,WH_C,West,2025-02-04,2025-02-05,1,1,1
507996,106977,SKU0034,WH_B,Central,2025-02-06,2025-02-08,4,2,1
507997,106978,SKU0063,WH_A,East,2025-02-05,2025-02-07,3,1,1
507998,106979,SKU0038,WH_C,West,2025-02-05,2025-02-08,4,3,1
507999,106980,SKU0065,WH_A,East,2025-02-04,2025-02-08,4,1,0
508000,106981,SKU0052,WH_A,East,2025-02-04,2025-02-07,3,7,1
508001,106982,SKU0073,WH_A,East,2025-02-04,2025-02-07,3,5,1
508002,106983,SKU0093,WH_C,West,2025-02-04,2025-02-09,5,7,0
508003,106984,SKU0078,WH_B,Central,2025-02-05,2025-02-08,4,6,1
508004,106985,SKU0040,WH_C,West,2025-02-04,2025-02-08,4,1,0
508005,106986,SKU0010,WH_B,Central,2025-02-05,2025-02-07,3,5,1
508006,106987,SKU0006,WH_C,West,2025-02-04,2025-02-05,1,4,1
508007,106987,SKU0006,WH_C,West,2025-02-04,2025-02-07,3,2,1
508008,106988,SKU0041,WH_C,West,2025-02-05,2025-02-07,3,1,1
508009,106989,SKU0035,WH_A,East,2025-02-04,2025-02-05,1,2,1
508010,106990,SKU0078,WH_C,West,2025-02-04,2025-02-05,1,5,1
508011,106991,SKU0011,WH_C,West,2025-02-04,2025-02-07,3,1,1
508012,106992,SKU0060,WH_A,East,2025-02-05,2025-02-12,8,1,0
508013,106992,SKU0060,WH_A,East,2025-02-05,2025-02-06,2,0,1
508014,106993,SKU0008,WH_C,West,2025-02-05,2025-02-06,2,1,1
508015,106994,SKU0034,WH_C,West,2025-02-08,2025-02-10,6,1,1
508016,106995,SKU0048,WH_B,Central,2025-02-04,2025-02-06,2,1,1
508017,106996,SKU0034,WH_B,Central,2025-02-07,2025-02-11,7,2,0
508018,106997,SKU0011,WH_A,East,2025-02-04,2025-02-06,2,1,1
508019,106998,SKU0012,WH_C,West,2025-02-06,2025-02-11,7,1,0
508020,106998,SKU0012,WH_C,West,2025-02-06,2025-02-12,8,0,0
508021,106999,SKU0014,WH_A,East,2025-02-05,2025-02-09,5,1,0
508022,106999,SKU0014,WH_A,East,2025-02-04,2025-02-08,4,0,0
508023,107000,SKU0054,WH_C,West,2025-02-05,2025-02-07,2,1,1
508024,107001,SKU0007,WH_A,East,2025-02-05,2025-02-10,5,1,0
508025,107002,SKU0086,WH_B,Central,2025-02-05,2025-02-11,6,1,0
508026,107003,SKU0068,WH_B,Central,2025-02-05,2025-02-07,2,2,1
508027,107004,SKU0026,WH_B,Central,2025-02-07,2025-02-10,5,1,1
508028,107004,SKU0026,WH_B,Central,2025-02-08,2025-02-10,5,0,1
508029,107005,SKU0032,WH_C,West,2025-02-06,2025-02-12,7,1,0
508030,107006,SKU0030,WH_B,Central,2025-02-08,2025-02-09,4,5,1
508031,107007,SKU0081,WH_A,East,2025-02-05,2025-02-07,2,5,1
508032,107007,SKU0081,WH_A,East,2025-02-08,2025-02-10,5,1,1
508033,107008,SKU0027,WH_B,Central,2025-02-06,2025-02-07,2,2,1
508034,107009,SKU0034,WH_B,Central,2025-02-06,2025-02-07,2,5,1
508035,107010,SKU0083,WH_C,West,2025-02-05,2025-02-06,1,1,1
508036,107010,SKU0083,WH_C,West,2025-02-05,2025-02-12,7,0,0
508037,107011,SKU0064,WH_C,West,2025-02-05,2025-02-07,2,1,1
508038,107012,SKU0005,WH_B,Central,2025-02-05,2025-02-09,4,1,0
508039,107013,SKU0031,WH_B,Central,2025-02-06,2025-02-07,2,4,1
508040,107014,SKU0055,WH_B,Central,2025-02-05,2025-02-06,1,8,1
508041,107015,SKU0054,WH_B,Central,2025-02-06,2025-02-07,2,1,1
508042,107016,SKU0058,WH_B,Central,2025-02-05,2025-02-07,2,1,1
508043,107016,SKU0058,WH_B,Central,2025-02-05,2025-02-07,2,0,1
508044,107017,SKU0084,WH_C,West,2025-02-05,2025-02-12,7,3,0
508045,107018,SKU0031,WH_A,East,2025-02-05,2025-02-06,1,1,1
508046,107019,SKU0001,WH_A,East,2025-02-05,2025-02-07,2,1,1
508047,107020,SKU0079,WH_B,Central,2025-02-07,2025-02-09,4,9,1
508048,107021,SKU0094,WH_B,Central,2025-02-05,2025-02-07,2,2,1
508049,107021,SKU0094,WH_B,Central,2025-02-05,2025-02-07,2,2,1
508050,107022,SKU0037,WH_A,East,2025-02-05,2025-02-07,2,3,1
508051,107022,SKU0037,WH_A,East,2025-02-07,2025-02-12,7,3,0
508052,107023,SKU0035,WH_B,Central,2025-02-06,2025-02-08,3,10,1
508053,107024,SKU0011,WH_B,Central,2025-02-05,2025-02-07,2,1,1
508054,107025,SKU0058,WH_A,East,2025-02-05,2025-02-08,3,1,1
508055,107025,SKU0058,WH_A,East,2025-02-06,2025-02-09,4,0,1
508056,107026,SKU0092,WH_C,West,2025-02-05,2025-02-07,2,1,1
508057,107026,SKU0092,WH_C,West,2025-02-05,2025-02-06,1,2,1
508058,107027,SKU0050,WH_B,Central,2025-02-06,2025-02-08,3,1,1
508059,107028,SKU0006,WH_C,West,2025-02-06,2025-02-07,2,1,1
508060,107029,SKU0051,WH_A,East,2025-02-05,2025-02-08,3,2,1
508061,107030,SKU0023,WH_A,East,2025-02-06,2025-02-10,5,1,0
508062,107031,SKU0058,WH_A,East,2025-02-07,2025-02-09,4,2,1
508063,107031,SKU0058,WH_A,East,2025-02-07,2025-02-08,3,1,1
508064,107032,SKU0096,WH_C,West,2025-02-05,2025-02-08,3,5,1
508065,107033,SKU0047,WH_A,East,2025-02-05,2025-02-07,2,2,1
508066,107034,SKU0015,WH_B,Central,2025-02-05,2025-02-07,2,2,1
508067,107035,SKU0014,WH_A,East,2025-02-07,2025-02-09,4,4,1
508068,107036,SKU0031,WH_C,West,2025-02-05,2025-02-08,3,1,1
508069,107037,SKU0015,WH_C,West,2025-02-07,2025-02-08,3,1,1
508070,107038,SKU0045,WH_B,Central,2025-02-06,2025-02-08,3,3,1
508071,107039,SKU0079,WH_A,East,2025-02-06,2025-02-11,6,1,0
508072,107040,SKU0023,WH_A,East,2025-02-05,2025-02-07,2,4,1
508073,107041,SKU0071,WH_B,Central,2025-02-05,2025-02-08,3,1,1
508074,107041,SKU0071,WH_B,Central,2025-02-07,2025-02-08,3,0,1
508075,107042,SKU0057,WH_C,West,2025-02-05,2025-02-11,6,3,0
508076,107042,SKU0057,WH_C,West,2025-02-08,2025-02-13,8,9,0
508077,107043,SKU0078,WH_C,West,2025-02-08,2025-02-10,5,3,1
508078,107044,SKU0069,WH_A,East,2025-02-08,2025-02-13,8,1,0
508079,107045,SKU0008,WH_A,East,2025-02-05,2025-02-09,4,1,0
508080,107046,SKU0028,WH_A,East,2025-02-06,2025-02-07,2,2,1
508081,107046,SKU0028,WH_A,East,2025-02-06,2025-02-08,3,4,1
508082,107047,SKU0013,WH_C,West,2025-02-07,2025-02-11,6,2,0
508083,107048,SKU0009,WH_C,West,2025-02-08,2025-02-09,4,4,1
508084,107049,SKU0084,WH_A,East,2025-02-06,2025-02-08,3,7,1
508085,107050,SKU0066,WH_A,East,2025-02-06,2025-02-08,3,3,1
508086,107051,SKU0093,WH_C,West,2025-02-05,2025-02-06,1,1,1
508087,107052,SKU0002,WH_C,West,2025-02-06,2025-02-08,3,1,1
508088,107053,SKU0076,WH_C,West,2025-02-05,2025-02-12,7,3,0
508089,107054,SKU0002,WH_C,West,2025-02-06,2025-02-08,3,1,1
508090,107055,SKU0039,WH_B,Central,2025-02-07,2025-02-08,3,3,1
508091,107056,SKU0089,WH_B,Central,2025-02-06,2025-02-10,5,3,0
508092,107057,SKU0025,WH_B,Central,2025-02-05,2025-02-06,1,5,1
508093,107058,SKU0068,WH_C,West,2025-02-05,2025-02-12,7,3,0
508094,107059,SKU0049,WH_A,East,2025-02-06,2025-02-08,3,1,1
508095,107059,SKU0049,WH_A,East,2025-02-05,2025-02-07,2,0,1
508096,107060,SKU0062,WH_B,Central,2025-02-06,2025-02-11,6,1,0
508097,107060,SKU0062,WH_B,Central,2025-02-05,2025-02-06,1,0,1
508098,107061,SKU0095,WH_C,West,2025-02-05,2025-02-07,2,2,1
508099,107062,SKU0064,WH_C,West,2025-02-06,2025-02-09,4,1,1
508100,107062,SKU0064,WH_C,West,2025-02-07,2025-02-09,4,0,1
508101,107063,SKU0002,WH_A,East,2025-02-05,2025-02-07,2,1,1
508102,107064,SKU0050,WH_A,East,2025-02-07,2025-02-09,4,3,1
508103,107064,SKU0050,WH_A,East,2025-02-06,2025-02-09,4,2,1
508104,107065,SKU0004,WH_B,Central,2025-02-08,2025-02-12,7,3,0
508105,107066,SKU0095,WH_C,West,2025-02-05,2025-02-09,4,1,0
508106,107067,SKU0001,WH_A,East,2025-02-05,2025-02-09,4,3,0
508107,107068,SKU0003,WH_A,East,2025-02-07,2025-02-10,5,3,1
508108,107069,SKU0045,WH_B,Central,2025-02-06,2025-02-07,2,6,1
508109,107070,SKU0043,WH_C,West,2025-02-05,2025-02-07,2,4,1
508110,107071,SKU0065,WH_C,West,2025-02-05,2025-02-09,4,1,0
508111,107071,SKU0065,WH_C,West,2025-02-05,2025-02-08,3,1,1
508112,107072,SKU0091,WH_C,West,2025-02-06,2025-02-08,3,1,1
508113,107073,SKU0020,WH_A,East,2025-02-06,2025-02-09,4,2,1
508114,107074,SKU0034,WH_C,West,2025-02-05,2025-02-09,4,1,0
508115,107074,SKU0034,WH_C,West,2025-02-06,2025-02-07,2,2,1
508116,107075,SKU0009,WH_B,Central,2025-02-06,2025-02-09,4,1,1
508117,107076,SKU0026,WH_A,East,2025-02-05,2025-02-09,4,1,0
508118,107077,SKU0016,WH_C,West,2025-02-05,2025-02-07,2,1,1
508119,107077,SKU0016,WH_C,West,2025-02-05,2025-02-08,3,0,1
508120,107078,SKU0054,WH_B,Central,2025-02-06,2025-02-08,3,1,1
508121,107079,SKU0046,WH_B,Central,2025-02-05,2025-02-07,2,1,1
508122,107080,SKU0030,WH_C,West,2025-02-06,2025-02-07,2,1,1
508123,107081,SKU0097,WH_C,West,2025-02-05,2025-02-09,4,1,0
508124,107082,SKU0078,WH_A,East,2025-02-06,2025-02-08,3,11,1
508125,107083,SKU0025,WH_C,West,2025-02-08,2025-02-12,7,4,0
508126,107084,SKU0016,WH_B,Central,2025-02-05,2025-02-09,4,1,0
508127,107085,SKU0053,WH_A,East,2025-02-05,2025-02-06,1,3,1
508128,107086,SKU0051,WH_B,Central,2025-02-05,2025-02-07,2,5,1
508129,107087,SKU0009,WH_B,Central,2025-02-06,2025-02-09,4,1,1
508130,107088,SKU0058,WH_B,Central,2025-02-05,2025-02-06,1,1,1
508131,107089,SKU0069,WH_B,Central,2025-02-06,2025-02-08,3,1,1
508132,107090,SKU0099,WH_A,East,2025-02-05,2025-02-10,5,4,0
508133,107091,SKU0076,WH_B,Central,2025-02-06,2025-02-08,3,1,1
508134,107092,SKU0093,WH_B,Central,2025-02-06,2025-02-08,3,1,1
508135,107093,SKU0097,WH_C,West,2025-02-05,2025-02-07,2,1,1
508136,107093,SKU0097,WH_C,West,2025-02-05,2025-02-07,2,3,1
508137,107094,SKU0071,WH_B,Central,2025-02-05,2025-02-08,3,1,1
508138,107095,SKU0083,WH_C,West,2025-02-05,2025-02-06,1,1,1
508139,107096,SKU0013,WH_C,West,2025-02-05,2025-02-07,2,2,1
508140,107097,SKU0047,WH_C,West,2025-02-09,2025-02-11,6,1,1
508141,107098,SKU0009,WH_C,West,2025-02-05,2025-02-06,1,4,1
508142,107099,SKU0079,WH_A,East,2025-02-06,2025-02-13,8,1,0
508143,107100,SKU0034,WH_A,East,2025-02-09,2025-02-10,5,1,1
508144,107101,SKU0081,WH_C,West,2025-02-07,2025-02-08,3,3,1
508145,107102,SKU0024,WH_C,West,2025-02-07,2025-02-11,6,1,0
508146,107103,SKU0064,WH_B,Central,2025-02-05,2025-02-06,1,1,1
508147,107104,SKU0084,WH_B,Central,2025-02-05,2025-02-07,2,1,1
508148,107104,SKU0084,WH_B,Central,2025-02-05,2025-02-07,2,0,1
508149,107105,SKU0063,WH_A,East,2025-02-06,2025-02-08,3,2,1
508150,107106,SKU0072,WH_B,Central,2025-02-05,2025-02-12,7,3,0
508151,107107,SKU0083,WH_A,East,2025-02-05,2025-02-08,3,1,1
508152,107108,SKU0015,WH_B,Central,2025-02-06,2025-02-09,4,1,1
508153,107109,SKU0026,WH_C,West,2025-02-05,2025-02-06,1,1,1
508154,107110,SKU0072,WH_A,East,2025-02-06,2025-02-11,6,3,0
508155,107111,SKU0017,WH_A,East,2025-02-08,2025-02-10,5,11,1
508156,107112,SKU0024,WH_A,East,2025-02-05,2025-02-06,1,12,1
508157,107113,SKU0001,WH_B,Central,2025-02-07,2025-02-08,3,1,1
508158,107114,SKU0052,WH_C,West,2025-02-06,2025-02-07,2,1,1
508159,107115,SKU0065,WH_B,Central,2025-02-07,2025-02-08,3,1,1
508160,107116,SKU0036,WH_B,Central,2025-02-06,2025-02-08,3,11,1
508161,107117,SKU0092,WH_C,West,2025-02-05,2025-02-06,1,11,1
508162,107118,SKU0026,WH_B,Central,2025-02-07,2025-02-09,4,1,1
508163,107119,SKU0093,WH_C,West,2025-02-06,2025-02-12,7,1,0
508164,107120,SKU0041,WH_B,Central,2025-02-05,2025-02-09,4,3,0
508165,107121,SKU0053,WH_B,Central,2025-02-06,2025-02-08,3,3,1
508166,107121,SKU0053,WH_B,Central,2025-02-05,2025-02-10,5,2,0
508167,107122,SKU0091,WH_C,West,2025-02-05,2025-02-07,2,1,1
508168,107123,SKU0074,WH_A,East,2025-02-06,2025-02-08,3,5,1
508169,107124,SKU0028,WH_A,East,2025-02-05,2025-02-11,6,1,0
508170,107125,SKU0076,WH_C,West,2025-02-05,2025-02-06,1,4,1
508171,107126,SKU0008,WH_C,West,2025-02-05,2025-02-07,2,1,1
508172,107127,SKU0057,WH_A,East,2025-02-08,2025-02-13,8,1,0
508173,107128,SKU0033,WH_B,Central,2025-02-06,2025-02-09,4,1,1
508174,107129,SKU0009,WH_B,Central,2025-02-06,2025-02-09,4,1,1
508175,107130,SKU0048,WH_A,East,2025-02-07,2025-02-08,3,2,1
508176,107131,SKU0074,WH_A,East,2025-02-05,2025-02-06,1,1,1
508177,107132,SKU0015,WH_A,East,2025-02-05,2025-02-11,6,1,0
508178,107133,SKU0015,WH_C,West,2025-02-06,2025-02-07,2,2,1
508179,107134,SKU0032,WH_A,East,2025-02-05,2025-02-12,7,3,0
508180,107135,SKU0008,WH_B,Central,2025-02-06,2025-02-08,3,1,1
508181,107136,SKU0026,WH_A,East,2025-02-05,2025-02-06,1,1,1
508182,107137,SKU0003,WH_C,West,2025-02-06,2025-02-09,4,1,1
508183,107138,SKU0044,WH_A,East,2025-02-05,2025-02-06,1,2,1
508184,107139,SKU0090,WH_C,West,2025-02-05,2025-02-08,3,1,1
508185,107139,SKU0090,WH_C,West,2025-02-08,2025-02-12,7,1,0
508186,107140,SKU0098,WH_A,East,2025-02-06,2025-02-10,5,1,0
508187,107141,SKU0092,WH_C,West,2025-02-05,2025-02-06,1,9,1
508188,107142,SKU0022,WH_C,West,2025-02-05,2025-02-06,1,1,1
508189,107143,SKU0062,WH_B,Central,2025-02-08,2025-02-13,8,6,0
508190,107144,SKU0053,WH_B,Central,2025-02-05,2025-02-07,2,5,1
508191,107145,SKU0048,WH_B,Central,2025-02-05,2025-02-08,3,6,1
508192,107146,SKU0073,WH_C,West,2025-02-05,2025-02-06,1,1,1
508193,107147,SKU0050,WH_C,West,2025-02-07,2025-02-13,8,5,0
508194,107148,SKU0092,WH_A,East,2025-02-05,2025-02-06,1,4,1
508195,107149,SKU0078,WH_A,East,2025-02-05,2025-02-08,3,1,1
508196,107150,SKU0026,WH_B,Central,2025-02-05,2025-02-07,2,1,1
508197,107151,SKU0032,WH_C,West,2025-02-07,2025-02-08,3,1,1
508198,107151,SKU0032,WH_C,West,2025-02-05,2025-02-10,5,0,0
508199,107152,SKU0018,WH_B,Central,2025-02-06,2025-02-09,4,9,1
508200,107153,SKU0050,WH_B,Central,2025-02-05,2025-02-10,5,2,0
508201,107154,SKU0092,WH_C,West,2025-02-05,2025-02-06,1,1,1
508202,107155,SKU0014,WH_C,West,2025-02-05,2025-02-10,5,1,0
508203,107156,SKU0015,WH_C,West,2025-02-09,2025-02-11,6,2,1
508204,107157,SKU0016,WH_C,West,2025-02-08,2025-02-10,5,2,1
508205,107158,SKU0059,WH_C,West,2025-02-05,2025-02-06,1,5,1
508206,107159,SKU0056,WH_B,Central,2025-02-05,2025-02-08,3,3,1
508207,107160,SKU0057,WH_C,West,2025-02-05,2025-02-06,1,1,1
508208,107161,SKU0066,WH_C,West,2025-02-06,2025-02-07,2,1,1
508209,107162,SKU0051,WH_B,Central,2025-02-05,2025-02-06,1,6,1
508210,107163,SKU0070,WH_A,East,2025-02-06,2025-02-11,6,2,0
508211,107164,SKU0071,WH_A,East,2025-02-07,2025-02-08,3,1,1
508212,107165,SKU0085,WH_B,Central,2025-02-06,2025-02-07,2,1,1
508213,107166,SKU0097,WH_C,West,2025-02-05,2025-02-07,2,4,1
508214,107167,SKU0030,WH_A,East,2025-02-06,2025-02-07,2,2,1
508215,107168,SKU0043,WH_C,West,2025-02-05,2025-02-06,1,3,1
508216,107168,SKU0043,WH_C,West,2025-02-05,2025-02-06,1,1,1
508217,107169,SKU0019,WH_A,East,2025-02-07,2025-02-09,4,1,1
508218,107169,SKU0019,WH_A,East,2025-02-05,2025-02-06,1,0,1
508219,107170,SKU0053,WH_B,Central,2025-02-06,2025-02-09,4,4,1
508220,107171,SKU0097,WH_B,Central,2025-02-05,2025-02-07,2,7,1
508221,107171,SKU0097,WH_B,Central,2025-02-06,2025-02-07,2,2,1
508222,107172,SKU0004,WH_C,West,2025-02-05,2025-02-06,1,1,1
508223,107173,SKU0028,WH_A,East,2025-02-07,2025-02-09,4,1,1
508224,107174,SKU0094,WH_B,Central,2025-02-05,2025-02-07,2,2,1
508225,107175,SKU0040,WH_A,East,2025-02-06,2025-02-08,3,5,1
508226,107176,SKU0086,WH_C,West,2025-02-08,2025-02-10,5,1,1
508227,107177,SKU0079,WH_C,West,2025-02-09,2025-02-12,7,1,1
508228,107178,SKU0090,WH_A,East,2025-02-07,2025-02-08,3,3,1
508229,107179,SKU0019,WH_B,Central,2025-02-05,2025-02-07,2,4,1
508230,107180,SKU0012,WH_C,West,2025-02-06,2025-02-07,1,2,1
508231,107181,SKU0051,WH_C,West,2025-02-06,2025-02-07,1,1,1
508232,107181,SKU0051,WH_C,West,2025-02-06,2025-02-11,5,0,0
508233,107182,SKU0051,WH_C,West,2025-02-07,2025-02-09,3,1,1
508234,107183,SKU0030,WH_C,West,2025-02-07,2025-02-09,3,5,1
508235,107184,SKU0001,WH_B,Central,2025-02-06,2025-02-07,1,1,1
508236,107184,SKU0001,WH_B,Central,2025-02-09,2025-02-11,5,0,1
508237,107185,SKU0059,WH_C,West,2025-02-06,2025-02-08,2,1,1
508238,107186,SKU0092,WH_C,West,2025-02-07,2025-02-08,2,6,1
508239,107187,SKU0016,WH_A,East,2025-02-06,2025-02-07,1,1,1
508240,107188,SKU0039,WH_B,Central,2025-02-06,2025-02-08,2,1,1
508241,107189,SKU0004,WH_B,Central,2025-02-06,2025-02-09,3,2,1
508242,107190,SKU0025,WH_B,Central,2025-02-10,2025-02-14,8,1,0
508243,107191,SKU0021,WH_B,Central,2025-02-06,2025-02-08,2,1,1
508244,107192,SKU0060,WH_C,West,2025-02-07,2025-02-08,2,1,1
508245,107193,SKU0069,WH_C,West,2025-02-10,2025-02-17,11,1,0
508246,107194,SKU0033,WH_C,West,2025-02-09,2025-02-12,6,1,1
508247,107195,SKU0037,WH_C,West,2025-02-07,2025-02-10,4,1,1
508248,107196,SKU0017,WH_C,West,2025-02-06,2025-02-10,4,1,0
508249,107197,SKU0032,WH_B,Central,2025-02-06,2025-02-10,4,5,0
508250,107198,SKU0057,WH_B,Central,2025-02-08,2025-02-09,3,2,1
508251,107199,SKU0071,WH_B,Central,2025-02-06,2025-02-11,5,2,0
508252,107200,SKU0061,WH_B,Central,2025-02-09,2025-02-13,7,5,0
508253,107201,SKU0030,WH_C,West,2025-02-09,2025-02-14,8,3,0
508254,107202,SKU0034,WH_A,East,2025-02-09,2025-02-11,5,1,1
508255,107202,SKU0034,WH_A,East,2025-02-06,2025-02-08,2,1,1
508256,107203,SKU0028,WH_A,East,2025-02-06,2025-02-08,2,1,1
508257,107204,SKU0009,WH_C,West,2025-02-07,2025-02-11,5,1,0
508258,107205,SKU0003,WH_B,Central,2025-02-06,2025-02-08,2,1,1
508259,107206,SKU0039,WH_B,Central,2025-02-08,2025-02-10,4,1,1
508260,107207,SKU0038,WH_B,Central,2025-02-07,2025-02-10,4,1,1
508261,107208,SKU0058,WH_B,Central,2025-02-06,2025-02-07,1,2,1
508262,107209,SKU0065,WH_A,East,2025-02-07,2025-02-09,3,4,1
508263,107210,SKU0064,WH_B,Central,2025-02-06,2025-02-11,5,5,0
508264,107211,SKU0009,WH_C,West,2025-02-06,2025-02-12,6,1,0
508265,107211,SKU0009,WH_C,West,2025-02-06,2025-02-07,1,0,1
508266,107212,SKU0063,WH_A,East,2025-02-07,2025-02-08,2,1,1
508267,107213,SKU0016,WH_B,Central,2025-02-06,2025-02-10,4,3,0
508268,107214,SKU0049,WH_A,East,2025-02-07,2025-02-08,2,2,1
508269,107215,SKU0011,WH_B,Central,2025-02-06,2025-02-08,2,1,1
508270,107215,SKU0011,WH_B,Central,2025-02-07,2025-02-08,2,0,1
508271,107216,SKU0040,WH_C,West,2025-02-07,2025-02-08,2,1,1
508272,107216,SKU0040,WH_C,West,2025-02-06,2025-02-07,1,1,1
508273,107217,SKU0082,WH_A,East,2025-02-06,2025-02-07,1,5,1
508274,107218,SKU0054,WH_C,West,2025-02-07,2025-02-08,2,3,1
508275,107219,SKU0071,WH_B,Central,2025-02-07,2025-02-09,3,1,1
508276,107220,SKU0086,WH_A,East,2025-02-08,2025-02-09,3,1,1
508277,107221,SKU0051,WH_B,Central,2025-02-10,2025-02-11,5,4,1
508278,107222,SKU0035,WH_B,Central,2025-02-07,2025-02-09,3,1,1
508279,107223,SKU0066,WH_B,Central,2025-02-07,2025-02-11,5,1,0
508280,107224,SKU0010,WH_C,West,2025-02-06,2025-02-08,2,1,1
508281,107225,SKU0056,WH_C,West,2025-02-07,2025-02-09,3,1,1
508282,107225,SKU0056,WH_C,West,2025-02-06,2025-02-07,1,1,1
508283,107226,SKU0094,WH_C,West,2025-02-07,2025-02-08,2,6,1
508284,107227,SKU0100,WH_C,West,2025-02-08,2025-02-10,4,1,1
508285,107228,SKU0056,WH_A,East,2025-02-07,2025-02-08,2,1,1
508286,107229,SKU0039,WH_A,East,2025-02-06,2025-02-07,1,1,1
508287,107230,SKU0079,WH_A,East,2025-02-07,2025-02-09,3,1,1
508288,107231,SKU0056,WH_A,East,2025-02-06,2025-02-10,4,1,0
508289,107232,SKU0038,WH_C,West,2025-02-06,2025-02-07,1,5,1
508290,107233,SKU0085,WH_A,East,2025-02-07,2025-02-08,2,1,1
508291,107234,SKU0060,WH_A,East,2025-02-06,2025-02-08,2,1,1
508292,107235,SKU0071,WH_A,East,2025-02-08,2025-02-09,3,1,1
508293,107236,SKU0024,WH_B,Central,2025-02-06,2025-02-12,6,1,0
508294,107237,SKU0044,WH_C,West,2025-02-07,2025-02-08,2,2,1
508295,107238,SKU0055,WH_C,West,2025-02-06,2025-02-08,2,2,1
508296,107239,SKU0082,WH_C,West,2025-02-06,2025-02-09,3,1,1
508297,107240,SKU0044,WH_C,West,2025-02-07,2025-02-10,4,1,1
508298,107241,SKU0007,WH_C,West,2025-02-06,2025-02-08,2,3,1
508299,107242,SKU0094,WH_B,Central,2025-02-09,2025-02-10,4,7,1
508300,107243,SKU0065,WH_C,West,2025-02-06,2025-02-13,7,3,0
508301,107244,SKU0093,WH_B,Central,2025-02-06,2025-02-11,5,1,0
508302,107245,SKU0039,WH_C,West,2025-02-08,2025-02-10,4,2,1
508303,107246,SKU0038,WH_B,Central,2025-02-07,2025-02-08,2,1,1
508304,107247,SKU0085,WH_B,Central,2025-02-07,2025-02-10,4,1,1
508305,107248,SKU0077,WH_C,West,2025-02-06,2025-02-08,2,1,1
508306,107249,SKU0008,WH_C,West,2025-02-09,2025-02-15,9,1,0
508307,107249,SKU0008,WH_C,West,2025-02-10,2025-02-13,7,0,1
508308,107250,SKU0016,WH_C,West,2025-02-06,2025-02-08,2,5,1
508309,107251,SKU0039,WH_A,East,2025-02-07,2025-02-08,2,1,1
508310,107251,SKU0039,WH_A,East,2025-02-08,2025-02-12,6,1,0
508311,107252,SKU0086,WH_C,West,2025-02-07,2025-02-08,2,1,1
508312,107253,SKU0048,WH_A,East,2025-02-07,2025-02-08,2,2,1
508313,107254,SKU0030,WH_B,Central,2025-02-06,2025-02-09,3,1,1
508314,107255,SKU0003,WH_B,Central,2025-02-07,2025-02-08,2,1,1
508315,107256,SKU0050,WH_C,West,2025-02-09,2025-02-10,4,3,1
508316,107257,SKU0014,WH_C,West,2025-02-07,2025-02-11,5,1,0
508317,107257,SKU0014,WH_C,West,2025-02-07,2025-02-09,3,0,1
508318,107258,SKU0050,WH_A,East,2025-02-06,2025-02-07,1,1,1
508319,107259,SKU0083,WH_C,West,2025-02-06,2025-02-08,2,2,1
508320,107260,SKU0043,WH_C,West,2025-02-07,2025-02-11,5,1,0
508321,107261,SKU0059,WH_B,Central,2025-02-06,2025-02-09,3,1,1
508322,107261,SKU0059,WH_B,Central,2025-02-07,2025-02-09,3,0,1
508323,107262,SKU0038,WH_C,West,2025-02-06,2025-02-07,1,5,1
508324,107263,SKU0016,WH_B,Central,2025-02-07,2025-02-08,2,1,1
508325,107263,SKU0016,WH_B,Central,2025-02-06,2025-02-12,6,0,0
508326,107264,SKU0088,WH_B,Central,2025-02-10,2025-02-11,5,5,1
508327,107265,SKU0032,WH_B,Central,2025-02-07,2025-02-09,3,1,1
508328,107265,SKU0032,WH_B,Central,2025-02-06,2025-02-07,1,0,1
508329,107266,SKU0070,WH_B,Central,2025-02-07,2025-02-09,3,3,1
508330,107267,SKU0020,WH_B,Central,2025-02-06,2025-02-10,4,2,0
508331,107268,SKU0057,WH_C,West,2025-02-06,2025-02-08,2,3,1
508332,107268,SKU0057,WH_C,West,2025-02-08,2025-02-14,8,2,0
508333,107269,SKU0085,WH_C,West,2025-02-07,2025-02-09,3,1,1
508334,107270,SKU0003,WH_B,Central,2025-02-08,2025-02-09,3,1,1
508335,107271,SKU0053,WH_A,East,2025-02-07,2025-02-08,2,1,1
508336,107272,SKU0031,WH_B,Central,2025-02-07,2025-02-10,4,1,1
508337,107273,SKU0058,WH_C,West,2025-02-06,2025-02-10,4,1,0
508338,107273,SKU0058,WH_C,West,2025-02-06,2025-02-07,1,1,1
508339,107274,SKU0095,WH_C,West,2025-02-08,2025-02-09,3,1,1
508340,107274,SKU0095,WH_C,West,2025-02-07,2025-02-08,2,0,1
508341,107275,SKU0073,WH_C,West,2025-02-06,2025-02-09,3,2,1
508342,107276,SKU0020,WH_C,West,2025-02-06,2025-02-08,2,1,1
508343,107277,SKU0035,WH_B,Central,2025-02-09,2025-02-13,7,1,0
508344,107278,SKU0046,WH_C,West,2025-02-08,2025-02-09,3,1,1
508345,107279,SKU0099,WH_B,Central,2025-02-07,2025-02-10,4,1,1
508346,107279,SKU0099,WH_B,Central,2025-02-08,2025-02-09,3,2,1
508347,107280,SKU0053,WH_B,Central,2025-02-07,2025-02-08,2,3,1
508348,107281,SKU0043,WH_A,East,2025-02-06,2025-02-08,2,3,1
508349,107282,SKU0003,WH_C,West,2025-02-07,2025-02-08,2,5,1
508350,107283,SKU0063,WH_C,West,2025-02-06,2025-02-08,2,1,1
508351,107284,SKU0079,WH_C,West,2025-02-06,2025-02-08,2,1,1
508352,107285,SKU0041,WH_B,Central,2025-02-09,2025-02-12,6,3,1
508353,107286,SKU0010,WH_C,West,2025-02-06,2025-02-07,1,3,1
508354,107287,SKU0078,WH_A,East,2025-02-09,2025-02-14,8,1,0
508355,107288,SKU0061,WH_A,East,2025-02-07,2025-02-09,3,1,1
508356,107289,SKU0078,WH_B,Central,2025-02-07,2025-02-10,4,5,1
508357,107290,SKU0040,WH_B,Central,2025-02-07,2025-02-10,4,1,1
508358,107290,SKU0040,WH_B,Central,2025-02-06,2025-02-11,5,0,0
508359,107291,SKU0070,WH_B,Central,2025-02-09,2025-02-11,5,1,1
508360,107292,SKU0091,WH_A,East,2025-02-09,2025-02-12,6,1,1
508361,107293,SKU0086,WH_A,East,2025-02-09,2025-02-14,8,17,0
508362,107294,SKU0080,WH_A,East,2025-02-06,2025-02-07,1,8,1
508363,107295,SKU0094,WH_B,Central,2025-02-06,2025-02-07,1,3,1
508364,107296,SKU0023,WH_A,East,2025-02-06,2025-02-08,2,1,1
508365,107297,SKU0044,WH_C,West,2025-02-06,2025-02-07,1,1,1
508366,107298,SKU0058,WH_B,Central,2025-02-06,2025-02-07,1,2,1
508367,107299,SKU0045,WH_B,Central,2025-02-06,2025-02-11,5,1,0
508368,107300,SKU0035,WH_A,East,2025-02-09,2025-02-10,4,2,1
508369,107301,SKU0049,WH_B,Central,2025-02-07,2025-02-11,5,16,0
508370,107302,SKU0022,WH_C,West,2025-02-07,2025-02-10,4,5,1
508371,107303,SKU0083,WH_A,East,2025-02-09,2025-02-10,4,1,1
508372,107304,SKU0005,WH_A,East,2025-02-06,2025-02-08,2,3,1
508373,107305,SKU0059,WH_C,West,2025-02-07,2025-02-08,2,1,1
508374,107306,SKU0082,WH_C,West,2025-02-08,2025-02-12,6,3,0
508375,107307,SKU0044,WH_B,Central,2025-02-06,2025-02-09,3,3,1
508376,107308,SKU0097,WH_C,West,2025-02-08,2025-02-09,3,2,1
508377,107309,SKU0017,WH_C,West,2025-02-06,2025-02-10,4,1,0
508378,107310,SKU0079,WH_B,Central,2025-02-06,2025-02-08,2,1,1
508379,107311,SKU0084,WH_C,West,2025-02-06,2025-02-11,5,2,0
508380,107312,SKU0022,WH_C,West,2025-02-06,2025-02-07,1,10,1
508381,107313,SKU0018,WH_C,West,2025-02-07,2025-02-08,2,2,1
508382,107314,SKU0098,WH_A,East,2025-02-06,2025-02-07,1,2,1
508383,107315,SKU0057,WH_C,West,2025-02-07,2025-02-08,2,1,1
508384,107316,SKU0018,WH_A,East,2025-02-06,2025-02-10,4,3,0
508385,107317,SKU0059,WH_C,West,2025-02-06,2025-02-10,4,4,0
508386,107318,SKU0076,WH_C,West,2025-02-07,2025-02-11,5,1,0
508387,107319,SKU0005,WH_B,Central,2025-02-06,2025-02-08,2,4,1
508388,107320,SKU0069,WH_B,Central,2025-02-07,2025-02-08,2,1,1
508389,107321,SKU0043,WH_A,East,2025-02-07,2025-02-08,2,4,1
508390,107322,SKU0038,WH_B,Central,2025-02-06,2025-02-10,4,3,0
508391,107323,SKU0009,WH_A,East,2025-02-07,2025-02-09,3,1,1
508392,107323,SKU0009,WH_A,East,2025-02-06,2025-02-09,3,2,1
508393,107324,SKU0072,WH_C,West,2025-02-06,2025-02-12,6,1,0
508394,107325,SKU0002,WH_A,East,2025-02-06,2025-02-10,4,1,0
508395,107326,SKU0083,WH_B,Central,2025-02-09,2025-02-10,4,1,1
508396,107326,SKU0083,WH_B,Central,2025-02-06,2025-02-10,4,0,0
508397,107327,SKU0096,WH_C,West,2025-02-07,2025-02-08,2,1,1
508398,107328,SKU0075,WH_A,East,2025-02-08,2025-02-12,6,1,0
508399,107328,SKU0075,WH_A,East,2025-02-06,2025-02-12,6,0,0
508400,107329,SKU0036,WH_A,East,2025-02-07,2025-02-09,3,1,1
508401,107330,SKU0079,WH_A,East,2025-02-06,2025-02-12,6,3,0
508402,107331,SKU0003,WH_C,West,2025-02-06,2025-02-07,1,5,1
508403,107331,SKU0003,WH_C,West,2025-02-07,2025-02-08,2,1,1
508404,107332,SKU0036,WH_A,East,2025-02-07,2025-02-08,2,1,1
508405,107333,SKU0064,WH_C,West,2025-02-06,2025-02-08,2,1,1
508406,107333,SKU0064,WH_C,West,2025-02-07,2025-02-10,4,0,1
508407,107334,SKU0035,WH_A,East,2025-02-07,2025-02-09,3,1,1
508408,107335,SKU0034,WH_A,East,2025-02-06,2025-02-07,1,7,1
508409,107336,SKU0004,WH_A,East,2025-02-06,2025-02-10,4,3,0
508410,107337,SKU0047,WH_B,Central,2025-02-07,2025-02-08,2,1,1
508411,107338,SKU0089,WH_B,Central,2025-02-06,2025-02-10,4,9,0
508412,107339,SKU0081,WH_B,Central,2025-02-09,2025-02-12,6,3,1
508413,107340,SKU0016,WH_C,West,2025-02-07,2025-02-11,5,1,0
508414,107341,SKU0087,WH_C,West,2025-02-07,2025-02-10,4,1,1
508415,107342,SKU0002,WH_B,Central,2025-02-08,2025-02-10,4,2,1
508416,107343,SKU0080,WH_C,West,2025-02-07,2025-02-08,2,1,1
508417,107344,SKU0063,WH_B,Central,2025-02-06,2025-02-10,4,2,0
508418,107345,SKU0046,WH_B,Central,2025-02-07,2025-02-09,3,1,1
508419,107345,SKU0046,WH_B,Central,2025-02-07,2025-02-13,7,0,0
508420,107346,SKU0030,WH_A,East,2025-02-08,2025-02-10,4,6,1
508421,107347,SKU0006,WH_B,Central,2025-02-07,2025-02-09,3,1,1
508422,107347,SKU0006,WH_B,Central,2025-02-07,2025-02-11,5,0,0
508423,107348,SKU0095,WH_A,East,2025-02-06,2025-02-08,2,13,1
508424,107349,SKU0029,WH_A,East,2025-02-06,2025-02-08,2,2,1
508425,107350,SKU0072,WH_C,West,2025-02-06,2025-02-10,4,1,0
508426,107351,SKU0094,WH_B,Central,2025-02-07,2025-02-11,5,6,0
508427,107352,SKU0093,WH_A,East,2025-02-09,2025-02-14,8,24,0
508428,107353,SKU0050,WH_A,East,2025-02-06,2025-02-08,2,1,1
508429,107354,SKU0073,WH_B,Central,2025-02-06,2025-02-09,3,3,1
508430,107355,SKU0100,WH_B,Central,2025-02-06,2025-02-11,5,7,0
508431,107356,SKU0003,WH_B,Central,2025-02-06,2025-02-08,2,1,1
508432,107357,SKU0072,WH_C,West,2025-02-10,2025-02-15,9,1,0
508433,107357,SKU0072,WH_C,West,2025-02-06,2025-02-08,2,1,1
508434,107358,SKU0013,WH_B,Central,2025-02-07,2025-02-10,4,2,1
508435,107359,SKU0039,WH_A,East,2025-02-07,2025-02-08,2,6,1
508436,107360,SKU0096,WH_B,Central,2025-02-06,2025-02-07,1,4,1
508437,107361,SKU0015,WH_A,East,2025-02-06,2025-02-07,1,1,1
508438,107362,SKU0039,WH_B,Central,2025-02-08,2025-02-09,3,3,1
508439,107363,SKU0023,WH_C,West,2025-02-07,2025-02-12,6,2,0
508440,107364,SKU0081,WH_B,Central,2025-02-06,2025-02-08,2,3,1
508441,107365,SKU0054,WH_C,West,2025-02-06,2025-02-07,1,1,1
508442,107366,SKU0068,WH_C,West,2025-02-07,2025-02-08,2,1,1
508443,107366,SKU0068,WH_C,West,2025-02-07,2025-02-08,2,0,1
508444,107367,SKU0041,WH_B,Central,2025-02-10,2025-02-12,6,1,1
508445,107367,SKU0041,WH_B,Central,2025-02-06,2025-02-08,2,0,1
508446,107368,SKU0055,WH_C,West,2025-02-06,2025-02-08,2,4,1
508447,107368,SKU0055,WH_C,West,2025-02-06,2025-02-11,5,2,0
508448,107369,SKU0084,WH_B,Central,2025-02-06,2025-02-07,1,2,1
508449,107370,SKU0041,WH_A,East,2025-02-07,2025-02-09,3,1,1
508450,107370,SKU0041,WH_A,East,2025-02-06,2025-02-13,7,0,0
508451,107371,SKU0077,WH_A,East,2025-02-06,2025-02-09,3,1,1
508452,107372,SKU0099,WH_C,West,2025-02-08,2025-02-10,4,1,1
508453,107373,SKU0055,WH_C,West,2025-02-06,2025-02-08,2,1,1
508454,107374,SKU0069,WH_A,East,2025-02-06,2025-02-13,7,3,0
508455,107374,SKU0069,WH_A,East,2025-02-06,2025-02-09,3,3,1
508456,107375,SKU0024,WH_A,East,2025-02-08,2025-02-10,4,1,1
508457,107376,SKU0070,WH_A,East,2025-02-07,2025-02-11,5,2,0
508458,107377,SKU0058,WH_B,Central,2025-02-07,2025-02-12,6,3,0
508459,107378,SKU0024,WH_B,Central,2025-02-06,2025-02-08,2,1,1
508460,107379,SKU0049,WH_A,East,2025-02-06,2025-02-10,4,1,0
508461,107380,SKU0030,WH_B,Central,2025-02-07,2025-02-09,3,4,1
508462,107381,SKU0070,WH_B,Central,2025-02-06,2025-02-08,2,3,1
508463,107382,SKU0076,WH_C,West,2025-02-06,2025-02-08,2,1,1
508464,107383,SKU0056,WH_A,East,2025-02-06,2025-02-08,2,7,1
508465,107384,SKU0045,WH_A,East,2025-02-07,2025-02-10,4,1,1
508466,107384,SKU0045,WH_A,East,2025-02-07,2025-02-13,7,0,0
508467,107385,SKU0075,WH_B,Central,2025-02-06,2025-02-08,2,4,1
508468,107386,SKU0086,WH_C,West,2025-02-06,2025-02-09,3,6,1
508469,107387,SKU0032,WH_A,East,2025-02-07,2025-02-10,4,7,1
508470,107388,SKU0012,WH_C,West,2025-02-07,2025-02-08,2,1,1
508471,107389,SKU0083,WH_B,Central,2025-02-06,2025-02-09,3,1,1
508472,107390,SKU0085,WH_A,East,2025-02-07,2025-02-08,2,1,1
508473,107391,SKU0097,WH_B,Central,2025-02-06,2025-02-09,3,6,1
508474,107392,SKU0009,WH_A,East,2025-02-09,2025-02-11,5,1,1
508475,107393,SKU0098,WH_B,Central,2025-02-06,2025-02-07,1,2,1
508476,107394,SKU0019,WH_B,Central,2025-02-07,2025-02-09,3,2,1
508477,107395,SKU0012,WH_C,West,2025-02-06,2025-02-07,1,1,1
508478,107396,SKU0086,WH_B,Central,2025-02-07,2025-02-08,2,2,1
508479,107397,SKU0039,WH_A,East,2025-02-06,2025-02-11,5,1,0
508480,107398,SKU0020,WH_C,West,2025-02-10,2025-02-13,7,8,1
508481,107399,SKU0040,WH_C,West,2025-02-06,2025-02-07,1,3,1
508482,107400,SKU0051,WH_A,East,2025-02-06,2025-02-07,1,2,1
508483,107401,SKU0056,WH_A,East,2025-02-06,2025-02-07,1,1,1
508484,107402,SKU0067,WH_C,West,2025-02-07,2025-02-09,3,1,1
508485,107403,SKU0088,WH_A,East,2025-02-06,2025-02-07,1,1,1
508486,107404,SKU0008,WH_A,East,2025-02-07,2025-02-08,2,1,1
508487,107404,SKU0008,WH_A,East,2025-02-06,2025-02-08,2,0,1
508488,107405,SKU0023,WH_B,Central,2025-02-07,2025-02-10,4,4,1
508489,107406,SKU0022,WH_C,West,2025-02-07,2025-02-09,3,6,1
508490,107407,SKU0061,WH_A,East,2025-02-07,2025-02-08,2,1,1
508491,107408,SKU0063,WH_A,East,2025-02-06,2025-02-08,2,1,1
508492,107409,SKU0067,WH_B,Central,2025-02-07,2025-02-08,2,1,1
508493,107410,SKU0019,WH_C,West,2025-02-06,2025-02-07,1,5,1
508494,107411,SKU0061,WH_A,East,2025-02-07,2025-02-09,3,1,1
508495,107412,SKU0028,WH_C,West,2025-02-06,2025-02-09,3,1,1
508496,107413,SKU0004,WH_C,West,2025-02-07,2025-02-08,2,7,1
508497,107414,SKU0037,WH_A,East,2025-02-06,2025-02-10,4,2,0
508498,107415,SKU0035,WH_B,Central,2025-02-07,2025-02-08,2,1,1
508499,107416,SKU0012,WH_C,West,2025-02-07,2025-02-12,6,1,0
508500,107417,SKU0044,WH_B,Central,2025-02-06,2025-02-09,3,1,1
508501,107417,SKU0044,WH_B,Central,2025-02-06,2025-02-07,1,0,1
508502,107418,SKU0087,WH_B,Central,2025-02-07,2025-02-09,3,2,1
508503,107419,SKU0019,WH_A,East,2025-02-08,2025-02-11,5,1,1
508504,107420,SKU0016,WH_B,Central,2025-02-06,2025-02-08,2,1,1
508505,107421,SKU0034,WH_A,East,2025-02-07,2025-02-08,2,2,1
508506,107422,SKU0025,WH_C,West,2025-02-06,2025-02-07,1,1,1
508507,107423,SKU0032,WH_A,East,2025-02-06,2025-02-08,2,1,1
508508,107424,SKU0094,WH_B,Central,2025-02-06,2025-02-07,1,13,1
508509,107425,SKU0081,WH_B,Central,2025-02-06,2025-02-07,1,2,1
508510,107426,SKU0061,WH_C,West,2025-02-07,2025-02-08,2,6,1
508511,107427,SKU0016,WH_A,East,2025-02-06,2025-02-07,1,1,1
508512,107427,SKU0016,WH_A,East,2025-02-07,2025-02-09,3,0,1
508513,107428,SKU0018,WH_C,West,2025-02-10,2025-02-13,7,1,1
508514,107429,SKU0026,WH_C,West,2025-02-09,2025-02-11,5,1,1
508515,107429,SKU0026,WH_C,West,2025-02-07,2025-02-12,6,0,0
508516,107430,SKU0003,WH_C,West,2025-02-07,2025-02-12,5,2,0
508517,107431,SKU0044,WH_C,West,2025-02-07,2025-02-10,3,1,1
508518,107432,SKU0009,WH_B,Central,2025-02-08,2025-02-09,2,1,1
508519,107432,SKU0009,WH_B,Central,2025-02-10,2025-02-15,8,2,0
508520,107433,SKU0063,WH_C,West,2025-02-08,2025-02-09,2,3,1
508521,107434,SKU0014,WH_C,West,2025-02-08,2025-02-09,2,4,1
508522,107435,SKU0050,WH_B,Central,2025-02-10,2025-02-12,5,3,1
508523,107436,SKU0068,WH_C,West,2025-02-08,2025-02-10,3,5,1
508524,107437,SKU0039,WH_B,Central,2025-02-07,2025-02-09,2,1,1
508525,107438,SKU0075,WH_B,Central,2025-02-07,2025-02-09,2,1,1
508526,107439,SKU0035,WH_C,West,2025-02-09,2025-02-10,3,4,1
508527,107440,SKU0069,WH_A,East,2025-02-07,2025-02-08,1,4,1
508528,107441,SKU0022,WH_C,West,2025-02-07,2025-02-09,2,1,1
508529,107442,SKU0080,WH_C,West,2025-02-07,2025-02-08,1,1,1
508530,107442,SKU0080,WH_C,West,2025-02-09,2025-02-12,5,0,1
508531,107443,SKU0018,WH_B,Central,2025-02-07,2025-02-14,7,1,0
508532,107444,SKU0074,WH_C,West,2025-02-10,2025-02-11,4,4,1
508533,107445,SKU0008,WH_A,East,2025-02-10,2025-02-12,5,1,1
508534,107446,SKU0053,WH_A,East,2025-02-10,2025-02-16,9,1,0
508535,107447,SKU0042,WH_C,West,2025-02-08,2025-02-09,2,1,1
508536,107448,SKU0046,WH_B,Central,2025-02-10,2025-02-12,5,1,1
508537,107449,SKU0053,WH_C,West,2025-02-07,2025-02-09,2,2,1
508538,107450,SKU0020,WH_A,East,2025-02-07,2025-02-12,5,1,0
508539,107451,SKU0052,WH_A,East,2025-02-09,2025-02-10,3,1,1
508540,107451,SKU0052,WH_A,East,2025-02-07,2025-02-08,1,0,1
508541,107452,SKU0087,WH_A,East,2025-02-08,2025-02-12,5,1,0
508542,107453,SKU0027,WH_C,West,2025-02-08,2025-02-10,3,1,1
508543,107454,SKU0089,WH_C,West,2025-02-07,2025-02-09,2,1,1
508544,107455,SKU0036,WH_A,East,2025-02-07,2025-02-08,1,10,1
508545,107456,SKU0023,WH_B,Central,2025-02-07,2025-02-08,1,4,1
508546,107457,SKU0077,WH_B,Central,2025-02-10,2025-02-15,8,1,0
508547,107458,SKU0032,WH_A,East,2025-02-08,2025-02-10,3,3,1
508548,107459,SKU0073,WH_C,West,2025-02-09,2025-02-15,8,4,0
508549,107460,SKU0048,WH_B,Central,2025-02-07,2025-02-09,2,1,1
508550,107461,SKU0058,WH_B,Central,2025-02-08,2025-02-10,3,6,1
508551,107462,SKU0070,WH_C,West,2025-02-09,2025-02-10,3,11,1
508552,107463,SKU0075,WH_C,West,2025-02-07,2025-02-09,2,3,1
508553,107464,SKU0062,WH_C,West,2025-02-07,2025-02-08,1,8,1
508554,107465,SKU0081,WH_A,East,2025-02-07,2025-02-08,1,1,1
508555,107466,SKU0089,WH_C,West,2025-02-07,2025-02-10,3,11,1
508556,107467,SKU0073,WH_A,East,2025-02-08,2025-02-11,4,3,1
508557,107468,SKU0009,WH_C,West,2025-02-07,2025-02-08,1,3,1
508558,107469,SKU0049,WH_A,East,2025-02-07,2025-02-14,7,4,0
508559,107470,SKU0044,WH_A,East,2025-02-07,2025-02-08,1,1,1
508560,107471,SKU0049,WH_B,Central,2025-02-08,2025-02-09,2,4,1
508561,107472,SKU0070,WH_A,East,2025-02-09,2025-02-13,6,1,0
508562,107473,SKU0050,WH_A,East,2025-02-09,2025-02-12,5,1,1
508563,107474,SKU0074,WH_A,East,2025-02-07,2025-02-08,1,2,1
508564,107475,SKU0079,WH_B,Central,2025-02-07,2025-02-11,4,1,0
508565,107476,SKU0010,WH_B,Central,2025-02-08,2025-02-15,8,10,0
508566,107477,SKU0002,WH_A,East,2025-02-08,2025-02-09,2,1,1
508567,107478,SKU0019,WH_C,West,2025-02-07,2025-02-09,2,7,1
508568,107479,SKU0097,WH_B,Central,2025-02-07,2025-02-09,2,4,1
508569,107480,SKU0031,WH_A,East,2025-02-07,2025-02-10,3,6,1
508570,107481,SKU0013,WH_B,Central,2025-02-08,2025-02-11,4,1,1
508571,107482,SKU0054,WH_C,West,2025-02-10,2025-02-13,6,1,1
508572,107483,SKU0026,WH_A,East,2025-02-08,2025-02-09,2,1,1
508573,107484,SKU0033,WH_C,West,2025-02-10,2025-02-11,4,1,1
508574,107485,SKU0099,WH_C,West,2025-02-07,2025-02-13,6,1,0
508575,107486,SKU0071,WH_B,Central,2025-02-07,2025-02-08,1,2,1
508576,107486,SKU0071,WH_B,Central,2025-02-07,2025-02-08,1,5,1
508577,107487,SKU0017,WH_A,East,2025-02-08,2025-02-09,2,1,1
508578,107487,SKU0017,WH_A,East,2025-02-07,2025-02-12,5,0,0
508579,107488,SKU0083,WH_A,East,2025-02-07,2025-02-08,1,1,1
508580,107489,SKU0059,WH_A,East,2025-02-07,2025-02-08,1,1,1
508581,107490,SKU0055,WH_B,Central,2025-02-07,2025-02-11,4,1,0
508582,107491,SKU0018,WH_B,Central,2025-02-07,2025-02-08,1,3,1
508583,107492,SKU0047,WH_A,East,2025-02-08,2025-02-09,2,1,1
508584,107493,SKU0095,WH_C,West,2025-02-07,2025-02-08,1,1,1
508585,107494,SKU0031,WH_C,West,2025-02-07,2025-02-08,1,1,1
508586,107495,SKU0051,WH_C,West,2025-02-08,2025-02-10,3,8,1
508587,107496,SKU0051,WH_A,East,2025-02-08,2025-02-13,6,3,0
508588,107497,SKU0059,WH_A,East,2025-02-08,2025-02-13,6,3,0
508589,107498,SKU0094,WH_C,West,2025-02-07,2025-02-14,7,1,0
508590,107499,SKU0074,WH_B,Central,2025-02-07,2025-02-08,1,1,1
508591,107500,SKU0029,WH_C,West,2025-02-07,2025-02-10,3,1,1
508592,107500,SKU0029,WH_C,West,2025-02-10,2025-02-12,5,2,1
508593,107501,SKU0088,WH_C,West,2025-02-07,2025-02-08,1,1,1
508594,107502,SKU0061,WH_B,Central,2025-02-07,2025-02-09,2,1,1
508595,107503,SKU0079,WH_A,East,2025-02-07,2025-02-11,4,4,0
508596,107504,SKU0025,WH_C,West,2025-02-07,2025-02-09,2,14,1
508597,107505,SKU0059,WH_C,West,2025-02-07,2025-02-12,5,1,0
508598,107506,SKU0019,WH_B,Central,2025-02-08,2025-02-09,2,1,1
508599,107507,SKU0086,WH_C,West,2025-02-08,2025-02-09,2,1,1
508600,107508,SKU0023,WH_C,West,2025-02-07,2025-02-09,2,4,1
508601,107509,SKU0047,WH_B,Central,2025-02-09,2025-02-14,7,10,0
508602,107510,SKU0026,WH_C,West,2025-02-08,2025-02-11,4,10,1
508603,107511,SKU0034,WH_C,West,2025-02-08,2025-02-12,5,4,0
508604,107511,SKU0034,WH_C,West,2025-02-07,2025-02-09,2,2,1
508605,107512,SKU0080,WH_B,Central,2025-02-07,2025-02-08,1,4,1
508606,107513,SKU0029,WH_A,East,2025-02-09,2025-02-10,3,2,1
508607,107514,SKU0023,WH_A,East,2025-02-07,2025-02-11,4,9,0
508608,107515,SKU0005,WH_B,Central,2025-02-08,2025-02-10,3,2,1
508609,107516,SKU0056,WH_B,Central,2025-02-07,2025-02-09,2,1,1
508610,107516,SKU0056,WH_B,Central,2025-02-07,2025-02-10,3,2,1
508611,107517,SKU0037,WH_A,East,2025-02-07,2025-02-09,2,2,1
508612,107518,SKU0007,WH_B,Central,2025-02-07,2025-02-10,3,1,1
508613,107519,SKU0061,WH_B,Central,2025-02-09,2025-02-11,4,4,1
508614,107520,SKU0011,WH_A,East,2025-02-07,2025-02-13,6,1,0
508615,107521,SKU0001,WH_B,Central,2025-02-07,2025-02-08,1,2,1
508616,107522,SKU0046,WH_B,Central,2025-02-07,2025-02-08,1,1,1
508617,107523,SKU0025,WH_B,Central,2025-02-07,2025-02-08,1,13,1
508618,107524,SKU0084,WH_C,West,2025-02-10,2025-02-11,4,2,1
508619,107525,SKU0087,WH_B,Central,2025-02-07,2025-02-10,3,7,1
508620,107526,SKU0029,WH_C,West,2025-02-08,2025-02-14,7,1,0
508621,107527,SKU0070,WH_B,Central,2025-02-10,2025-02-12,5,1,1
508622,107528,SKU0045,WH_A,East,2025-02-08,2025-02-10,3,3,1
508623,107529,SKU0082,WH_A,East,2025-02-07,2025-02-08,1,1,1
508624,107529,SKU0082,WH_A,East,2025-02-08,2025-02-09,2,0,1
508625,107530,SKU0087,WH_C,West,2025-02-07,2025-02-08,1,1,1
508626,107531,SKU0034,WH_C,West,2025-02-08,2025-02-09,2,1,1
508627,107532,SKU0076,WH_B,Central,2025-02-08,2025-02-13,6,11,0
508628,107533,SKU0075,WH_C,West,2025-02-07,2025-02-10,3,1,1
508629,107534,SKU0054,WH_B,Central,2025-02-07,2025-02-10,3,1,1
508630,107535,SKU0013,WH_B,Central,2025-02-07,2025-02-12,5,1,0
508631,107536,SKU0008,WH_C,West,2025-02-11,2025-02-13,6,1,1
508632,107537,SKU0012,WH_C,West,2025-02-07,2025-02-10,3,1,1
508633,107538,SKU0067,WH_A,East,2025-02-08,2025-02-15,8,1,0
508634,107539,SKU0043,WH_A,East,2025-02-09,2025-02-13,6,2,0
508635,107540,SKU0061,WH_B,Central,2025-02-08,2025-02-10,3,1,1
508636,107541,SKU0079,WH_A,East,2025-02-10,2025-02-12,5,4,1
508637,107542,SKU0100,WH_B,Central,2025-02-07,2025-02-08,1,1,1
508638,107543,SKU0077,WH_A,East,2025-02-07,2025-02-08,1,2,1
508639,107544,SKU0042,WH_C,West,2025-02-08,2025-02-10,3,1,1
508640,107545,SKU0081,WH_C,West,2025-02-07,2025-02-13,6,5,0
508641,107546,SKU0084,WH_B,Central,2025-02-08,2025-02-09,2,1,1
508642,107546,SKU0084,WH_B,Central,2025-02-07,2025-02-09,2,5,1
508643,107547,SKU0068,WH_B,Central,2025-02-08,2025-02-09,2,1,1
508644,107548,SKU0062,WH_C,West,2025-02-07,2025-02-08,1,1,1
508645,107549,SKU0002,WH_A,East,2025-02-10,2025-02-12,5,1,1
508646,107550,SKU0028,WH_A,East,2025-02-07,2025-02-10,3,1,1
508647,107551,SKU0012,WH_C,West,2025-02-07,2025-02-09,2,1,1
508648,107552,SKU0029,WH_B,Central,2025-02-08,2025-02-09,2,1,1
508649,107553,SKU0019,WH_C,West,2025-02-07,2025-02-09,2,2,1
508650,107554,SKU0039,WH_C,West,2025-02-09,2025-02-12,5,1,1
508651,107554,SKU0039,WH_C,West,2025-02-09,2025-02-13,6,0,0
508652,107555,SKU0007,WH_C,West,2025-02-08,2025-02-10,3,1,1
508653,107556,SKU0062,WH_A,East,2025-02-10,2025-02-13,6,1,1
508654,107557,SKU0066,WH_C,West,2025-02-07,2025-02-09,2,8,1
508655,107558,SKU0096,WH_C,West,2025-02-07,2025-02-09,2,1,1
508656,107559,SKU0030,WH_C,West,2025-02-07,2025-02-08,1,1,1
508657,107560,SKU0017,WH_C,West,2025-02-08,2025-02-12,5,1,0
508658,107561,SKU0085,WH_C,West,2025-02-07,2025-02-08,1,1,1
508659,107562,SKU0012,WH_A,East,2025-02-09,2025-02-12,5,1,1
508660,107563,SKU0039,WH_C,West,2025-02-08,2025-02-11,4,1,1
508661,107564,SKU0066,WH_A,East,2025-02-08,2025-02-12,5,1,0
508662,107565,SKU0100,WH_C,West,2025-02-09,2025-02-11,4,1,1
508663,107565,SKU0100,WH_C,West,2025-02-07,2025-02-08,1,0,1
508664,107566,SKU0069,WH_A,East,2025-02-08,2025-02-09,2,1,1
508665,107567,SKU0053,WH_B,Central,2025-02-09,2025-02-11,4,7,1
508666,107568,SKU0035,WH_B,Central,2025-02-09,2025-02-11,4,1,1
508667,107569,SKU0056,WH_A,East,2025-02-07,2025-02-09,2,1,1
508668,107570,SKU0028,WH_A,East,2025-02-07,2025-02-08,1,3,1
508669,107571,SKU0067,WH_C,West,2025-02-08,2025-02-13,6,1,0
508670,107572,SKU0073,WH_C,West,2025-02-08,2025-02-12,5,1,0
508671,107573,SKU0092,WH_C,West,2025-02-11,2025-02-12,5,1,1
508672,107574,SKU0012,WH_A,East,2025-02-08,2025-02-10,3,1,1
508673,107575,SKU0007,WH_C,West,2025-02-07,2025-02-08,1,1,1
508674,107576,SKU0041,WH_B,Central,2025-02-07,2025-02-10,3,1,1
508675,107576,SKU0041,WH_B,Central,2025-02-07,2025-02-08,1,0,1
508676,107577,SKU0091,WH_A,East,2025-02-09,2025-02-10,3,1,1
508677,107578,SKU0025,WH_A,East,2025-02-08,2025-02-14,7,1,0
508678,107579,SKU0057,WH_B,Central,2025-02-08,2025-02-10,3,1,1
508679,107580,SKU0013,WH_B,Central,2025-02-07,2025-02-09,2,1,1
508680,107581,SKU0056,WH_C,West,2025-02-07,2025-02-10,3,15,1
508681,107582,SKU0066,WH_B,Central,2025-02-09,2025-02-10,3,1,1
508682,107583,SKU0083,WH_B,Central,2025-02-08,2025-02-12,5,1,0
508683,107584,SKU0016,WH_A,East,2025-02-08,2025-02-10,3,1,1
508684,107584,SKU0016,WH_A,East,2025-02-09,2025-02-15,8,0,0
508685,107585,SKU0023,WH_B,Central,2025-02-07,2025-02-08,1,1,1
508686,107586,SKU0050,WH_A,East,2025-02-09,2025-02-10,3,2,1
508687,107587,SKU0052,WH_C,West,2025-02-09,2025-02-10,3,5,1
508688,107588,SKU0015,WH_C,West,2025-02-07,2025-02-09,2,3,1
508689,107589,SKU0074,WH_C,West,2025-02-07,2025-02-08,1,3,1
508690,107590,SKU0043,WH_B,Central,2025-02-07,2025-02-08,1,8,1
508691,107591,SKU0093,WH_B,Central,2025-02-07,2025-02-08,1,1,1
508692,107591,SKU0093,WH_B,Central,2025-02-07,2025-02-13,6,0,0
508693,107592,SKU0022,WH_B,Central,2025-02-07,2025-02-09,2,4,1
508694,107593,SKU0100,WH_B,Central,2025-02-07,2025-02-08,1,2,1
508695,107593,SKU0100,WH_B,Central,2025-02-07,2025-02-08,1,1,1
508696,107594,SKU0002,WH_A,East,2025-02-08,2025-02-14,7,1,0
508697,107594,SKU0002,WH_A,East,2025-02-08,2025-02-09,2,0,1
508698,107595,SKU0027,WH_B,Central,2025-02-07,2025-02-13,6,1,0
508699,107596,SKU0060,WH_A,East,2025-02-07,2025-02-09,2,2,1
508700,107597,SKU0038,WH_A,East,2025-02-07,2025-02-08,1,1,1
508701,107597,SKU0038,WH_A,East,2025-02-07,2025-02-12,5,0,0
508702,107598,SKU0085,WH_A,East,2025-02-08,2025-02-09,2,1,1
508703,107599,SKU0040,WH_C,West,2025-02-07,2025-02-09,2,4,1
508704,107600,SKU0060,WH_A,East,2025-02-07,2025-02-09,2,1,1
508705,107600,SKU0060,WH_A,East,2025-02-09,2025-02-11,4,0,1
508706,107601,SKU0035,WH_A,East,2025-02-09,2025-02-12,5,2,1
508707,107602,SKU0019,WH_B,Central,2025-02-08,2025-02-11,4,9,1
508708,107603,SKU0001,WH_B,Central,2025-02-07,2025-02-08,1,7,1
508709,107604,SKU0056,WH_A,East,2025-02-08,2025-02-09,2,1,1
508710,107605,SKU0065,WH_C,West,2025-02-07,2025-02-09,2,1,1
508711,107606,SKU0049,WH_A,East,2025-02-09,2025-02-16,9,11,0
508712,107607,SKU0019,WH_B,Central,2025-02-08,2025-02-14,7,3,0
508713,107608,SKU0019,WH_A,East,2025-02-09,2025-02-10,3,2,1
508714,107609,SKU0017,WH_C,West,2025-02-07,2025-02-09,2,5,1
508715,107610,SKU0082,WH_C,West,2025-02-08,2025-02-09,1,4,1
508716,107611,SKU0063,WH_B,Central,2025-02-09,2025-02-10,2,1,1
508717,107612,SKU0089,WH_A,East,2025-02-11,2025-02-13,5,1,1
508718,107613,SKU0021,WH_B,Central,2025-02-08,2025-02-09,1,5,1
508719,107614,SKU0013,WH_C,West,2025-02-09,2025-02-11,3,1,1
508720,107615,SKU0008,WH_C,West,2025-02-08,2025-02-11,3,1,1
508721,107615,SKU0008,WH_C,West,2025-02-08,2025-02-12,4,1,0
508722,107616,SKU0007,WH_A,East,2025-02-09,2025-02-15,7,1,0
508723,107617,SKU0086,WH_C,West,2025-02-08,2025-02-09,1,1,1
508724,107618,SKU0077,WH_C,West,2025-02-09,2025-02-12,4,3,1
508725,107618,SKU0077,WH_C,West,2025-02-08,2025-02-11,3,4,1
508726,107619,SKU0076,WH_C,West,2025-02-08,2025-02-14,6,1,0
508727,107619,SKU0076,WH_C,West,2025-02-09,2025-02-10,2,0,1
508728,107620,SKU0044,WH_A,East,2025-02-08,2025-02-12,4,1,0
508729,107621,SKU0006,WH_B,Central,2025-02-10,2025-02-12,4,1,1
508730,107622,SKU0034,WH_B,Central,2025-02-08,2025-02-10,2,1,1
508731,107623,SKU0079,WH_B,Central,2025-02-09,2025-02-12,4,1,1
508732,107624,SKU0092,WH_B,Central,2025-02-10,2025-02-13,5,2,1
508733,107625,SKU0032,WH_A,East,2025-02-08,2025-02-09,1,1,1
508734,107626,SKU0050,WH_B,Central,2025-02-09,2025-02-10,2,2,1
508735,107627,SKU0036,WH_A,East,2025-02-10,2025-02-11,3,12,1
508736,107628,SKU0013,WH_C,West,2025-02-08,2025-02-09,1,2,1
508737,107629,SKU0031,WH_B,Central,2025-02-08,2025-02-09,1,1,1
508738,107630,SKU0030,WH_B,Central,2025-02-08,2025-02-09,1,3,1
508739,107631,SKU0019,WH_C,West,2025-02-08,2025-02-09,1,12,1
508740,107632,SKU0032,WH_B,Central,2025-02-08,2025-02-10,2,7,1
508741,107633,SKU0093,WH_A,East,2025-02-10,2025-02-13,5,1,1
508742,107634,SKU0096,WH_B,Central,2025-02-10,2025-02-17,9,5,0
508743,107635,SKU0083,WH_C,West,2025-02-08,2025-02-11,3,8,1
508744,107636,SKU0001,WH_C,West,2025-02-08,2025-02-13,5,6,0
508745,107637,SKU0019,WH_B,Central,2025-02-08,2025-02-09,1,2,1
508746,107638,SKU0088,WH_C,West,2025-02-11,2025-02-15,7,6,0
508747,107639,SKU0010,WH_B,Central,2025-02-08,2025-02-09,1,1,1
508748,107639,SKU0010,WH_B,Central,2025-02-10,2025-02-11,3,1,1
508749,107640,SKU0066,WH_C,West,2025-02-10,2025-02-15,7,3,0
508750,107641,SKU0011,WH_C,West,2025-02-08,2025-02-09,1,3,1
508751,107642,SKU0018,WH_B,Central,2025-02-08,2025-02-09,1,3,1
508752,107643,SKU0007,WH_A,East,2025-02-09,2025-02-12,4,1,1
508753,107644,SKU0071,WH_A,East,2025-02-08,2025-02-10,2,1,1
508754,107645,SKU0016,WH_A,East,2025-02-08,2025-02-09,1,2,1
508755,107646,SKU0002,WH_C,West,2025-02-09,2025-02-13,5,3,0
508756,107647,SKU0053,WH_A,East,2025-02-08,2025-02-13,5,1,0
508757,107648,SKU0100,WH_B,Central,2025-02-08,2025-02-12,4,1,0
508758,107649,SKU0042,WH_A,East,2025-02-08,2025-02-12,4,3,0
508759,107650,SKU0034,WH_A,East,2025-02-10,2025-02-13,5,6,1
508760,107651,SKU0098,WH_A,East,2025-02-08,2025-02-10,2,1,1
508761,107652,SKU0060,WH_B,Central,2025-02-09,2025-02-11,3,1,1
508762,107652,SKU0060,WH_B,Central,2025-02-09,2025-02-12,4,8,1
508763,107653,SKU0075,WH_C,West,2025-02-08,2025-02-09,1,7,1
508764,107654,SKU0046,WH_C,West,2025-02-08,2025-02-11,3,1,1
508765,107655,SKU0053,WH_C,West,2025-02-08,2025-02-09,1,1,1
508766,107656,SKU0020,WH_C,West,2025-02-08,2025-02-10,2,2,1
508767,107657,SKU0039,WH_C,West,2025-02-10,2025-02-14,6,1,0
508768,107658,SKU0028,WH_B,Central,2025-02-08,2025-02-11,3,1,1
508769,107659,SKU0062,WH_A,East,2025-02-10,2025-02-12,4,7,1
508770,107660,SKU0084,WH_C,West,2025-02-08,2025-02-14,6,1,0
508771,107661,SKU0085,WH_A,East,2025-02-11,2025-02-12,4,2,1
508772,107662,SKU0022,WH_A,East,2025-02-09,2025-02-10,2,7,1
508773,107663,SKU0023,WH_A,East,2025-02-08,2025-02-10,2,1,1
508774,107664,SKU0046,WH_B,Central,2025-02-08,2025-02-10,2,1,1
508775,107665,SKU0041,WH_C,West,2025-02-08,2025-02-09,1,2,1
508776,107666,SKU0024,WH_C,West,2025-02-08,2025-02-12,4,2,0
508777,107667,SKU0018,WH_A,East,2025-02-08,2025-02-10,2,3,1
508778,107668,SKU0065,WH_A,East,2025-02-09,2025-02-12,4,1,1
508779,107669,SKU0013,WH_A,East,2025-02-08,2025-02-09,1,14,1
508780,107670,SKU0053,WH_B,Central,2025-02-10,2025-02-11,3,11,1
508781,107671,SKU0009,WH_A,East,2025-02-08,2025-02-11,3,5,1
508782,107672,SKU0076,WH_A,East,2025-02-09,2025-02-14,6,2,0
508783,107673,SKU0014,WH_B,Central,2025-02-08,2025-02-12,4,3,0
508784,107674,SKU0006,WH_B,Central,2025-02-09,2025-02-11,3,1,1
508785,107675,SKU0051,WH_B,Central,2025-02-08,2025-02-10,2,1,1
508786,107676,SKU0074,WH_A,East,2025-02-08,2025-02-14,6,6,0
508787,107677,SKU0031,WH_B,Central,2025-02-09,2025-02-11,3,3,1
508788,107678,SKU0083,WH_B,Central,2025-02-10,2025-02-12,4,1,1
508789,107678,SKU0083,WH_B,Central,2025-02-08,2025-02-09,1,0,1
508790,107679,SKU0046,WH_B,Central,2025-02-12,2025-02-16,8,1,0
508791,107680,SKU0064,WH_C,West,2025-02-11,2025-02-12,4,3,1
508792,107681,SKU0024,WH_B,Central,2025-02-08,2025-02-09,1,1,1
508793,107681,SKU0024,WH_B,Central,2025-02-10,2025-02-11,3,3,1
508794,107682,SKU0020,WH_C,West,2025-02-08,2025-02-09,1,1,1
508795,107682,SKU0020,WH_C,West,2025-02-11,2025-02-13,5,0,1
508796,107683,SKU0071,WH_A,East,2025-02-09,2025-02-11,3,6,1
508797,107684,SKU0024,WH_C,West,2025-02-09,2025-02-11,3,4,1
508798,107685,SKU0087,WH_B,Central,2025-02-08,2025-02-09,1,1,1
508799,107686,SKU0027,WH_C,West,2025-02-08,2025-02-11,3,1,1
508800,107687,SKU0013,WH_C,West,2025-02-08,2025-02-10,2,1,1
508801,107688,SKU0089,WH_A,East,2025-02-09,2025-02-10,2,1,1
508802,107689,SKU0077,WH_B,Central,2025-02-08,2025-02-10,2,3,1
508803,107690,SKU0004,WH_B,Central,2025-02-08,2025-02-09,1,1,1
508804,107691,SKU0031,WH_C,West,2025-02-08,2025-02-11,3,1,1
508805,107692,SKU0078,WH_A,East,2025-02-08,2025-02-10,2,1,1
508806,107693,SKU0095,WH_C,West,2025-02-09,2025-02-15,7,1,0
508807,107694,SKU0065,WH_B,Central,2025-02-10,2025-02-11,3,1,1
508808,107695,SKU0061,WH_B,Central,2025-02-08,2025-02-09,1,3,1
508809,107696,SKU0010,WH_A,East,2025-02-08,2025-02-09,1,1,1
508810,107697,SKU0010,WH_C,West,2025-02-08,2025-02-09,1,2,1
508811,107698,SKU0038,WH_C,West,2025-02-08,2025-02-12,4,1,0
508812,107698,SKU0038,WH_C,West,2025-02-09,2025-02-11,3,0,1
508813,107699,SKU0030,WH_A,East,2025-02-09,2025-02-11,3,4,1
508814,107700,SKU0096,WH_C,West,2025-02-08,2025-02-11,3,6,1
508815,107701,SKU0081,WH_B,Central,2025-02-08,2025-02-10,2,10,1
508816,107702,SKU0001,WH_A,East,2025-02-08,2025-02-10,2,10,1
508817,107703,SKU0057,WH_A,East,2025-02-09,2025-02-14,6,1,0
508818,107704,SKU0028,WH_C,West,2025-02-08,2025-02-10,2,1,1
508819,107705,SKU0091,WH_C,West,2025-02-08,2025-02-13,5,2,0
508820,107706,SKU0091,WH_C,West,2025-02-08,2025-02-09,1,10,1
508821,107707,SKU0096,WH_B,Central,2025-02-08,2025-02-09,1,2,1
508822,107708,SKU0043,WH_C,West,2025-02-10,2025-02-12,4,2,1
508823,107709,SKU0007,WH_A,East,2025-02-08,2025-02-12,4,7,0
508824,107710,SKU0002,WH_C,West,2025-02-08,2025-02-13,5,1,0
508825,107711,SKU0076,WH_A,East,2025-02-09,2025-02-10,2,4,1
508826,107712,SKU0018,WH_A,East,2025-02-08,2025-02-12,4,2,0
508827,107713,SKU0030,WH_B,Central,2025-02-08,2025-02-15,7,1,0
508828,107713,SKU0030,WH_B,Central,2025-02-10,2025-02-13,5,0,1
508829,107714,SKU0036,WH_B,Central,2025-02-08,2025-02-09,1,1,1
508830,107714,SKU0036,WH_B,Central,2025-02-09,2025-02-12,4,10,1
508831,107715,SKU0017,WH_C,West,2025-02-08,2025-02-12,4,3,0
508832,107716,SKU0028,WH_A,East,2025-02-10,2025-02-12,4,1,1
508833,107717,SKU0015,WH_A,East,2025-02-09,2025-02-11,3,1,1
508834,107718,SKU0014,WH_A,East,2025-02-08,2025-02-09,1,4,1
508835,107718,SKU0014,WH_A,East,2025-02-09,2025-02-11,3,2,1
508836,107719,SKU0060,WH_A,East,2025-02-09,2025-02-11,3,1,1
508837,107720,SKU0018,WH_A,East,2025-02-08,2025-02-09,1,3,1
508838,107721,SKU0093,WH_A,East,2025-02-09,2025-02-11,3,6,1
508839,107722,SKU0087,WH_A,East,2025-02-08,2025-02-09,1,1,1
508840,107723,SKU0060,WH_B,Central,2025-02-08,2025-02-09,1,5,1
508841,107724,SKU0047,WH_C,West,2025-02-08,2025-02-09,1,1,1
508842,107725,SKU0048,WH_A,East,2025-02-08,2025-02-10,2,1,1
508843,107726,SKU0067,WH_A,East,2025-02-08,2025-02-11,3,6,1
508844,107727,SKU0045,WH_A,East,2025-02-10,2025-02-12,4,2,1
508845,107728,SKU0072,WH_B,Central,2025-02-09,2025-02-10,2,13,1
508846,107729,SKU0032,WH_A,East,2025-02-08,2025-02-11,3,2,1
508847,107730,SKU0022,WH_C,West,2025-02-11,2025-02-13,5,6,1
508848,107731,SKU0051,WH_B,Central,2025-02-08,2025-02-09,1,1,1
508849,107732,SKU0058,WH_B,Central,2025-02-08,2025-02-11,3,3,1
508850,107732,SKU0058,WH_B,Central,2025-02-08,2025-02-10,2,1,1
508851,107733,SKU0085,WH_B,Central,2025-02-09,2025-02-10,2,1,1
508852,107734,SKU0075,WH_C,West,2025-02-09,2025-02-12,4,5,1
508853,107735,SKU0037,WH_C,West,2025-02-10,2025-02-11,3,1,1
508854,107736,SKU0033,WH_A,East,2025-02-08,2025-02-14,6,1,0
508855,107736,SKU0033,WH_A,East,2025-02-08,2025-02-10,2,2,1
508856,107737,SKU0025,WH_A,East,2025-02-08,2025-02-12,4,1,0
508857,107738,SKU0064,WH_B,Central,2025-02-08,2025-02-09,1,1,1
508858,107739,SKU0035,WH_A,East,2025-02-09,2025-02-10,2,1,1
508859,107739,SKU0035,WH_A,East,2025-02-09,2025-02-12,4,0,1
508860,107740,SKU0011,WH_A,East,2025-02-09,2025-02-13,5,5,0
508861,107741,SKU0043,WH_A,East,2025-02-09,2025-02-10,2,1,1
508862,107742,SKU0024,WH_B,Central,2025-02-08,2025-02-11,3,1,1
508863,107743,SKU0089,WH_A,East,2025-02-09,2025-02-13,5,2,0
508864,107744,SKU0099,WH_B,Central,2025-02-08,2025-02-09,1,1,1
508865,107745,SKU0056,WH_B,Central,2025-02-09,2025-02-10,2,4,1
508866,107746,SKU0004,WH_C,West,2025-02-08,2025-02-12,4,1,0
508867,107746,SKU0004,WH_C,West,2025-02-08,2025-02-09,1,2,1
508868,107747,SKU0066,WH_C,West,2025-02-09,2025-02-10,2,2,1
508869,107747,SKU0066,WH_C,West,2025-02-08,2025-02-09,1,1,1
508870,107748,SKU0030,WH_C,West,2025-02-09,2025-02-11,3,1,1
508871,107748,SKU0030,WH_C,West,2025-02-08,2025-02-09,1,0,1
508872,107749,SKU0037,WH_C,West,2025-02-08,2025-02-11,3,3,1
508873,107750,SKU0070,WH_B,Central,2025-02-11,2025-02-12,4,1,1
508874,107750,SKU0070,WH_B,Central,2025-02-09,2025-02-10,2,0,1
508875,107751,SKU0068,WH_B,Central,2025-02-08,2025-02-09,1,2,1
508876,107752,SKU0025,WH_B,Central,2025-02-09,2025-02-11,3,2,1
508877,107753,SKU0070,WH_B,Central,2025-02-08,2025-02-13,5,4,0
508878,107754,SKU0005,WH_A,East,2025-02-08,2025-02-09,1,1,1
508879,107755,SKU0036,WH_A,East,2025-02-08,2025-02-14,6,1,0
508880,107756,SKU0055,WH_C,West,2025-02-12,2025-02-13,5,3,1
508881,107757,SKU0021,WH_B,Central,2025-02-08,2025-02-10,2,1,1
508882,107758,SKU0029,WH_A,East,2025-02-09,2025-02-12,4,2,1
508883,107759,SKU0001,WH_A,East,2025-02-08,2025-02-09,1,1,1
508884,107760,SKU0071,WH_B,Central,2025-02-08,2025-02-12,4,1,0
508885,107761,SKU0097,WH_B,Central,2025-02-08,2025-02-12,4,1,0
508886,107762,SKU0035,WH_B,Central,2025-02-08,2025-02-11,3,2,1
508887,107763,SKU0085,WH_C,West,2025-02-08,2025-02-12,4,3,0
508888,107764,SKU0048,WH_C,West,2025-02-10,2025-02-11,3,1,1
508889,107765,SKU0089,WH_B,Central,2025-02-08,2025-02-09,1,1,1
508890,107766,SKU0036,WH_C,West,2025-02-10,2025-02-11,3,1,1
508891,107767,SKU0055,WH_C,West,2025-02-08,2025-02-14,6,1,0
508892,107768,SKU0006,WH_A,East,2025-02-09,2025-02-13,5,1,0
508893,107769,SKU0053,WH_A,East,2025-02-09,2025-02-11,3,5,1
508894,107770,SKU0100,WH_A,East,2025-02-10,2025-02-12,4,1,1
508895,107770,SKU0100,WH_A,East,2025-02-09,2025-02-10,2,2,1
508896,107771,SKU0037,WH_A,East,2025-02-12,2025-02-16,8,1,0
508897,107772,SKU0050,WH_A,East,2025-02-08,2025-02-09,1,1,1
508898,107772,SKU0050,WH_A,East,2025-02-09,2025-02-10,2,2,1
508899,107773,SKU0092,WH_A,East,2025-02-08,2025-02-10,2,1,1
508900,107774,SKU0092,WH_B,Central,2025-02-08,2025-02-12,4,1,0
508901,107775,SKU0025,WH_A,East,2025-02-10,2025-02-16,8,2,0
508902,107776,SKU0058,WH_B,Central,2025-02-08,2025-02-09,1,1,1
508903,107777,SKU0023,WH_A,East,2025-02-09,2025-02-12,4,1,1
508904,107778,SKU0088,WH_A,East,2025-02-08,2025-02-09,1,1,1
508905,107778,SKU0088,WH_A,East,2025-02-09,2025-02-11,3,0,1
508906,107779,SKU0027,WH_A,East,2025-02-08,2025-02-10,2,1,1
508907,107780,SKU0058,WH_A,East,2025-02-09,2025-02-11,3,2,1
508908,107781,SKU0063,WH_C,West,2025-02-08,2025-02-11,3,1,1
508909,107782,SKU0064,WH_B,Central,2025-02-08,2025-02-13,5,1,0
508910,107783,SKU0040,WH_A,East,2025-02-08,2025-02-09,1,2,1
508911,107784,SKU0031,WH_B,Central,2025-02-09,2025-02-10,2,8,1
508912,107785,SKU0003,WH_B,Central,2025-02-08,2025-02-09,1,6,1
508913,107786,SKU0087,WH_C,West,2025-02-09,2025-02-14,6,1,0
508914,107786,SKU0087,WH_C,West,2025-02-09,2025-02-11,3,0,1
508915,107787,SKU0020,WH_B,Central,2025-02-09,2025-02-15,7,6,0
508916,107788,SKU0042,WH_C,West,2025-02-08,2025-02-10,2,1,1
508917,107788,SKU0042,WH_C,West,2025-02-08,2025-02-09,1,0,1
508918,107789,SKU0038,WH_A,East,2025-02-08,2025-02-09,1,1,1
508919,107790,SKU0045,WH_A,East,2025-02-11,2025-02-14,5,5,1
508920,107791,SKU0073,WH_A,East,2025-02-09,2025-02-10,1,4,1
508921,107792,SKU0036,WH_B,Central,2025-02-10,2025-02-13,4,1,1
508922,107793,SKU0020,WH_C,West,2025-02-10,2025-02-11,2,1,1
508923,107793,SKU0020,WH_C,West,2025-02-10,2025-02-15,6,3,0
508924,107794,SKU0081,WH_A,East,2025-02-09,2025-02-12,3,2,1
508925,107794,SKU0081,WH_A,East,2025-02-09,2025-02-10,1,2,1
508926,107795,SKU0061,WH_B,Central,2025-02-10,2025-02-12,3,1,1
508927,107796,SKU0079,WH_A,East,2025-02-09,2025-02-14,5,1,0
508928,107797,SKU0016,WH_A,East,2025-02-09,2025-02-11,2,1,1
508929,107797,SKU0016,WH_A,East,2025-02-09,2025-02-13,4,0,0
508930,107798,SKU0005,WH_A,East,2025-02-09,2025-02-10,1,1,1
508931,107799,SKU0069,WH_C,West,2025-02-13,2025-02-15,6,1,1
508932,107800,SKU0022,WH_B,Central,2025-02-11,2025-02-13,4,1,1
508933,107801,SKU0020,WH_C,West,2025-02-10,2025-02-13,4,1,1
508934,107802,SKU0097,WH_B,Central,2025-02-13,2025-02-14,5,1,1
508935,107803,SKU0089,WH_C,West,2025-02-09,2025-02-11,2,7,1
508936,107804,SKU0075,WH_C,West,2025-02-09,2025-02-12,3,2,1
508937,107805,SKU0056,WH_C,West,2025-02-13,2025-02-17,8,1,0
508938,107806,SKU0052,WH_C,West,2025-02-09,2025-02-12,3,1,1
508939,107807,SKU0070,WH_B,Central,2025-02-10,2025-02-11,2,4,1
508940,107808,SKU0093,WH_C,West,2025-02-10,2025-02-15,6,1,0
508941,107809,SKU0070,WH_B,Central,2025-02-09,2025-02-12,3,1,1
508942,107810,SKU0039,WH_B,Central,2025-02-09,2025-02-13,4,5,0
508943,107811,SKU0067,WH_A,East,2025-02-09,2025-02-11,2,1,1
508944,107812,SKU0020,WH_A,East,2025-02-10,2025-02-12,3,2,1
508945,107813,SKU0009,WH_A,East,2025-02-09,2025-02-11,2,1,1
508946,107814,SKU0060,WH_A,East,2025-02-10,2025-02-12,3,1,1
508947,107814,SKU0060,WH_A,East,2025-02-10,2025-02-11,2,1,1
508948,107815,SKU0090,WH_A,East,2025-02-10,2025-02-13,4,9,1
508949,107816,SKU0018,WH_A,East,2025-02-09,2025-02-11,2,1,1
508950,107817,SKU0030,WH_C,West,2025-02-09,2025-02-11,2,1,1
508951,107818,SKU0011,WH_C,West,2025-02-09,2025-02-11,2,2,1
508952,107819,SKU0006,WH_A,East,2025-02-09,2025-02-10,1,7,1
508953,107820,SKU0100,WH_A,East,2025-02-09,2025-02-11,2,1,1
508954,107821,SKU0038,WH_B,Central,2025-02-11,2025-02-13,4,3,1
508955,107822,SKU0061,WH_A,East,2025-02-10,2025-02-11,2,1,1
508956,107823,SKU0066,WH_B,Central,2025-02-09,2025-02-11,2,1,1
508957,107824,SKU0029,WH_B,Central,2025-02-11,2025-02-14,5,3,1
508958,107825,SKU0082,WH_C,West,2025-02-09,2025-02-10,1,7,1
508959,107826,SKU0018,WH_B,Central,2025-02-10,2025-02-15,6,1,0
508960,107827,SKU0052,WH_A,East,2025-02-10,2025-02-11,2,1,1
508961,107828,SKU0092,WH_C,West,2025-02-09,2025-02-12,3,1,1
508962,107828,SKU0092,WH_C,West,2025-02-09,2025-02-11,2,1,1
508963,107829,SKU0067,WH_B,Central,2025-02-10,2025-02-15,6,1,0
508964,107830,SKU0029,WH_B,Central,2025-02-09,2025-02-11,2,1,1
508965,107830,SKU0029,WH_B,Central,2025-02-09,2025-02-13,4,1,0
508966,107831,SKU0087,WH_A,East,2025-02-09,2025-02-12,3,1,1
508967,107831,SKU0087,WH_A,East,2025-02-09,2025-02-13,4,0,0
508968,107832,SKU0019,WH_A,East,2025-02-12,2025-02-14,5,3,1
508969,107833,SKU0017,WH_A,East,2025-02-09,2025-02-11,2,1,1
508970,107834,SKU0073,WH_A,East,2025-02-12,2025-02-14,5,6,1
508971,107835,SKU0066,WH_C,West,2025-02-09,2025-02-11,2,1,1
508972,107836,SKU0087,WH_A,East,2025-02-09,2025-02-12,3,10,1
508973,107837,SKU0012,WH_A,East,2025-02-09,2025-02-14,5,3,0
508974,107838,SKU0036,WH_C,West,2025-02-11,2025-02-12,3,5,1
508975,107839,SKU0037,WH_A,East,2025-02-09,2025-02-11,2,1,1
508976,107840,SKU0010,WH_B,Central,2025-02-09,2025-02-12,3,1,1
508977,107841,SKU0083,WH_C,West,2025-02-10,2025-02-11,2,4,1
508978,107842,SKU0047,WH_C,West,2025-02-10,2025-02-11,2,1,1
508979,107843,SKU0038,WH_C,West,2025-02-12,2025-02-13,4,1,1
508980,107844,SKU0031,WH_B,Central,2025-02-09,2025-02-15,6,1,0
508981,107845,SKU0042,WH_A,East,2025-02-09,2025-02-14,5,9,0
508982,107846,SKU0023,WH_B,Central,2025-02-09,2025-02-10,1,1,1
508983,107847,SKU0077,WH_A,East,2025-02-09,2025-02-15,6,1,0
508984,107847,SKU0077,WH_A,East,2025-02-09,2025-02-12,3,0,1
508985,107848,SKU0026,WH_C,West,2025-02-09,2025-02-13,4,1,0
508986,107848,SKU0026,WH_C,West,2025-02-09,2025-02-10,1,0,1
508987,107849,SKU0009,WH_A,East,2025-02-10,2025-02-12,3,1,1
508988,107849,SKU0009,WH_A,East,2025-02-09,2025-02-10,1,1,1
508989,107850,SKU0005,WH_B,Central,2025-02-11,2025-02-12,3,1,1
508990,107851,SKU0018,WH_C,West,2025-02-09,2025-02-10,1,5,1
508991,107852,SKU0090,WH_B,Central,2025-02-09,2025-02-13,4,1,0
508992,107853,SKU0021,WH_A,East,2025-02-10,2025-02-11,2,3,1
508993,107854,SKU0059,WH_A,East,2025-02-10,2025-02-12,3,1,1
508994,107855,SKU0096,WH_B,Central,2025-02-09,2025-02-10,1,2,1
508995,107856,SKU0036,WH_B,Central,2025-02-10,2025-02-14,5,1,0
508996,107857,SKU0014,WH_A,East,2025-02-09,2025-02-11,2,8,1
508997,107858,SKU0034,WH_A,East,2025-02-11,2025-02-12,3,2,1
508998,107859,SKU0045,WH_C,West,2025-02-09,2025-02-12,3,1,1
508999,107860,SKU0094,WH_A,East,2025-02-10,2025-02-15,6,4,0
509000,107861,SKU0078,WH_B,Central,2025-02-09,2025-02-10,1,5,1
509001,107862,SKU0100,WH_B,Central,2025-02-09,2025-02-11,2,1,1
509002,107863,SKU0039,WH_C,West,2025-02-12,2025-02-17,8,2,0
509003,107864,SKU0050,WH_C,West,2025-02-09,2025-02-11,2,1,1
509004,107864,SKU0050,WH_C,West,2025-02-09,2025-02-12,3,1,1
509005,107865,SKU0020,WH_A,East,2025-02-10,2025-02-11,2,1,1
509006,107866,SKU0056,WH_A,East,2025-02-10,2025-02-15,6,1,0
509007,107866,SKU0056,WH_A,East,2025-02-10,2025-02-11,2,0,1
509008,107867,SKU0007,WH_C,West,2025-02-10,2025-02-17,8,2,0
509009,107868,SKU0082,WH_A,East,2025-02-10,2025-02-11,2,1,1
509010,107869,SKU0003,WH_A,East,2025-02-09,2025-02-11,2,11,1
509011,107870,SKU0003,WH_C,West,2025-02-09,2025-02-14,5,4,0
509012,107871,SKU0081,WH_B,Central,2025-02-10,2025-02-11,2,5,1
509013,107872,SKU0038,WH_A,East,2025-02-10,2025-02-11,2,7,1
509014,107872,SKU0038,WH_A,East,2025-02-09,2025-02-12,3,3,1
509015,107873,SKU0097,WH_C,West,2025-02-09,2025-02-10,1,3,1
509016,107874,SKU0014,WH_C,West,2025-02-09,2025-02-12,3,3,1
509017,107875,SKU0038,WH_C,West,2025-02-10,2025-02-11,2,1,1
509018,107876,SKU0055,WH_A,East,2025-02-09,2025-02-11,2,1,1
509019,107877,SKU0012,WH_A,East,2025-02-09,2025-02-10,1,1,1
509020,107878,SKU0051,WH_B,Central,2025-02-09,2025-02-10,1,2,1
509021,107879,SKU0018,WH_B,Central,2025-02-09,2025-02-12,3,1,1
509022,107880,SKU0074,WH_C,West,2025-02-10,2025-02-13,4,1,1
509023,107881,SKU0049,WH_C,West,2025-02-10,2025-02-11,2,1,1
509024,107881,SKU0049,WH_C,West,2025-02-09,2025-02-11,2,1,1
509025,107882,SKU0100,WH_A,East,2025-02-09,2025-02-10,1,1,1
509026,107883,SKU0099,WH_B,Central,2025-02-10,2025-02-11,2,3,1
509027,107884,SKU0006,WH_C,West,2025-02-10,2025-02-11,2,7,1
509028,107885,SKU0029,WH_C,West,2025-02-09,2025-02-16,7,1,0
509029,107886,SKU0056,WH_B,Central,2025-02-12,2025-02-18,9,5,0
509030,107887,SKU0096,WH_A,East,2025-02-10,2025-02-11,2,4,1
509031,107888,SKU0044,WH_A,East,2025-02-09,2025-02-10,1,1,1
509032,107889,SKU0008,WH_B,Central,2025-02-09,2025-02-10,1,1,1
509033,107890,SKU0098,WH_C,West,2025-02-09,2025-02-10,1,2,1
509034,107891,SKU0067,WH_B,Central,2025-02-12,2025-02-14,5,1,1
509035,107892,SKU0075,WH_B,Central,2025-02-09,2025-02-11,2,4,1
509036,107893,SKU0065,WH_B,Central,2025-02-09,2025-02-13,4,8,0
509037,107894,SKU0039,WH_A,East,2025-02-09,2025-02-11,2,1,1
509038,107895,SKU0054,WH_C,West,2025-02-10,2025-02-12,3,1,1
509039,107896,SKU0046,WH_B,Central,2025-02-09,2025-02-10,1,2,1
509040,107897,SKU0009,WH_B,Central,2025-02-10,2025-02-11,2,2,1
509041,107898,SKU0092,WH_B,Central,2025-02-11,2025-02-12,3,7,1
509042,107899,SKU0060,WH_A,East,2025-02-09,2025-02-11,2,1,1
509043,107900,SKU0077,WH_A,East,2025-02-09,2025-02-10,1,6,1
509044,107901,SKU0005,WH_C,West,2025-02-10,2025-02-12,3,2,1
509045,107902,SKU0048,WH_A,East,2025-02-10,2025-02-12,3,1,1
509046,107902,SKU0048,WH_A,East,2025-02-09,2025-02-14,5,0,0
509047,107903,SKU0093,WH_A,East,2025-02-11,2025-02-15,6,3,0
509048,107904,SKU0028,WH_A,East,2025-02-10,2025-02-14,5,9,0
509049,107905,SKU0060,WH_B,Central,2025-02-10,2025-02-12,3,4,1
509050,107906,SKU0016,WH_A,East,2025-02-10,2025-02-12,3,5,1
509051,107907,SKU0062,WH_B,Central,2025-02-09,2025-02-16,7,1,0
509052,107908,SKU0024,WH_A,East,2025-02-09,2025-02-11,2,1,1
509053,107909,SKU0031,WH_C,West,2025-02-09,2025-02-10,1,5,1
509054,107910,SKU0088,WH_C,West,2025-02-11,2025-02-14,5,1,1
509055,107911,SKU0030,WH_A,East,2025-02-11,2025-02-13,4,1,1
509056,107912,SKU0026,WH_B,Central,2025-02-10,2025-02-13,4,1,1
509057,107913,SKU0034,WH_A,East,2025-02-09,2025-02-10,1,7,1
509058,107914,SKU0010,WH_A,East,2025-02-11,2025-02-12,3,1,1
509059,107915,SKU0095,WH_B,Central,2025-02-11,2025-02-13,4,9,1
509060,107916,SKU0084,WH_C,West,2025-02-10,2025-02-11,2,1,1
509061,107917,SKU0098,WH_B,Central,2025-02-09,2025-02-10,1,4,1
509062,107918,SKU0010,WH_C,West,2025-02-09,2025-02-12,3,5,1
509063,107918,SKU0010,WH_C,West,2025-02-09,2025-02-11,2,1,1
509064,107919,SKU0059,WH_C,West,2025-02-10,2025-02-16,7,1,0
509065,107920,SKU0054,WH_A,East,2025-02-11,2025-02-13,4,10,1
509066,107921,SKU0043,WH_C,West,2025-02-11,2025-02-14,5,1,1
509067,107922,SKU0057,WH_B,Central,2025-02-09,2025-02-14,5,1,0
509068,107923,SKU0004,WH_B,Central,2025-02-10,2025-02-13,4,1,1
509069,107924,SKU0098,WH_A,East,2025-02-10,2025-02-11,2,4,1
509070,107925,SKU0024,WH_B,Central,2025-02-09,2025-02-10,1,1,1
509071,107925,SKU0024,WH_B,Central,2025-02-10,2025-02-12,3,0,1
509072,107926,SKU0008,WH_B,Central,2025-02-09,2025-02-10,1,1,1
509073,107927,SKU0033,WH_A,East,2025-02-10,2025-02-12,3,9,1
509074,107928,SKU0033,WH_A,East,2025-02-10,2025-02-11,2,1,1
509075,107929,SKU0069,WH_A,East,2025-02-09,2025-02-10,1,11,1
509076,107930,SKU0045,WH_A,East,2025-02-10,2025-02-11,2,1,1
509077,107931,SKU0047,WH_B,Central,2025-02-09,2025-02-14,5,1,0
509078,107932,SKU0011,WH_C,West,2025-02-09,2025-02-10,1,14,1
509079,107933,SKU0083,WH_C,West,2025-02-09,2025-02-13,4,7,0
509080,107934,SKU0066,WH_C,West,2025-02-10,2025-02-16,7,1,0
509081,107934,SKU0066,WH_C,West,2025-02-10,2025-02-11,2,3,1
509082,107935,SKU0028,WH_A,East,2025-02-09,2025-02-12,3,1,1
509083,107936,SKU0049,WH_A,East,2025-02-11,2025-02-16,7,4,0
509084,107937,SKU0010,WH_A,East,2025-02-10,2025-02-13,4,7,1
509085,107937,SKU0010,WH_A,East,2025-02-10,2025-02-13,4,1,1
509086,107938,SKU0019,WH_A,East,2025-02-09,2025-02-10,1,1,1
509087,107938,SKU0019,WH_A,East,2025-02-09,2025-02-12,3,0,1
509088,107939,SKU0036,WH_C,West,2025-02-09,2025-02-11,2,13,1
509089,107940,SKU0071,WH_C,West,2025-02-10,2025-02-12,3,5,1
509090,107941,SKU0100,WH_C,West,2025-02-09,2025-02-15,6,7,0
509091,107942,SKU0087,WH_A,East,2025-02-12,2025-02-13,4,3,1
509092,107943,SKU0094,WH_C,West,2025-02-10,2025-02-13,4,2,1
509093,107944,SKU0024,WH_B,Central,2025-02-10,2025-02-12,3,4,1
509094,107945,SKU0001,WH_B,Central,2025-02-11,2025-02-13,4,1,1
509095,107946,SKU0070,WH_A,East,2025-02-09,2025-02-11,2,1,1
509096,107947,SKU0051,WH_B,Central,2025-02-09,2025-02-11,2,2,1
509097,107948,SKU0045,WH_A,East,2025-02-10,2025-02-11,2,1,1
509098,107949,SKU0084,WH_C,West,2025-02-09,2025-02-12,3,3,1
509099,107949,SKU0084,WH_C,West,2025-02-10,2025-02-11,2,4,1
509100,107950,SKU0008,WH_B,Central,2025-02-10,2025-02-13,4,1,1
509101,107951,SKU0098,WH_C,West,2025-02-09,2025-02-11,2,1,1
509102,107952,SKU0036,WH_B,Central,2025-02-09,2025-02-13,4,3,0
509103,107953,SKU0093,WH_C,West,2025-02-09,2025-02-10,1,3,1
509104,107954,SKU0015,WH_B,Central,2025-02-10,2025-02-11,2,1,1
509105,107954,SKU0015,WH_B,Central,2025-02-13,2025-02-15,6,0,1
509106,107955,SKU0026,WH_A,East,2025-02-11,2025-02-13,4,4,1
509107,107956,SKU0022,WH_A,East,2025-02-10,2025-02-12,3,9,1
509108,107957,SKU0012,WH_C,West,2025-02-10,2025-02-13,4,1,1
509109,107958,SKU0031,WH_B,Central,2025-02-11,2025-02-12,3,4,1
509110,107959,SKU0085,WH_C,West,2025-02-09,2025-02-12,3,1,1
509111,107960,SKU0018,WH_C,West,2025-02-09,2025-02-12,3,10,1
509112,107961,SKU0061,WH_C,West,2025-02-09,2025-02-11,2,1,1
509113,107962,SKU0070,WH_A,East,2025-02-09,2025-02-10,1,2,1
509114,107963,SKU0021,WH_A,East,2025-02-12,2025-02-15,6,5,1
509115,107964,SKU0041,WH_C,West,2025-02-10,2025-02-13,4,4,1
509116,107965,SKU0009,WH_A,East,2025-02-09,2025-02-11,2,1,1
509117,107966,SKU0030,WH_C,West,2025-02-10,2025-02-11,2,1,1
509118,107967,SKU0055,WH_A,East,2025-02-10,2025-02-15,6,6,0
509119,107968,SKU0034,WH_C,West,2025-02-10,2025-02-12,3,1,1
509120,107968,SKU0034,WH_C,West,2025-02-09,2025-02-11,2,0,1
509121,107969,SKU0003,WH_A,East,2025-02-10,2025-02-12,3,2,1
509122,107970,SKU0023,WH_C,West,2025-02-11,2025-02-12,2,1,1
509123,107971,SKU0081,WH_B,Central,2025-02-11,2025-02-13,3,2,1
509124,107972,SKU0061,WH_C,West,2025-02-10,2025-02-11,1,1,1
509125,107973,SKU0002,WH_C,West,2025-02-10,2025-02-11,1,1,1
509126,107974,SKU0047,WH_B,Central,2025-02-10,2025-02-12,2,3,1
509127,107975,SKU0070,WH_C,West,2025-02-11,2025-02-12,2,4,1
509128,107976,SKU0060,WH_C,West,2025-02-13,2025-02-15,5,6,1
509129,107976,SKU0060,WH_C,West,2025-02-11,2025-02-12,2,8,1
509130,107977,SKU0062,WH_B,Central,2025-02-10,2025-02-12,2,4,1
509131,107978,SKU0080,WH_B,Central,2025-02-10,2025-02-11,1,8,1
509132,107979,SKU0074,WH_C,West,2025-02-10,2025-02-12,2,1,1
509133,107980,SKU0023,WH_A,East,2025-02-10,2025-02-11,1,1,1
509134,107981,SKU0089,WH_A,East,2025-02-11,2025-02-12,2,2,1
509135,107982,SKU0085,WH_C,West,2025-02-10,2025-02-11,1,1,1
509136,107983,SKU0046,WH_C,West,2025-02-14,2025-02-15,5,4,1
509137,107984,SKU0034,WH_C,West,2025-02-10,2025-02-12,2,3,1
509138,107985,SKU0070,WH_C,West,2025-02-13,2025-02-18,8,2,0
509139,107986,SKU0013,WH_C,West,2025-02-10,2025-02-11,1,2,1
509140,107987,SKU0007,WH_C,West,2025-02-10,2025-02-11,1,5,1
509141,107988,SKU0044,WH_A,East,2025-02-12,2025-02-15,5,1,1
509142,107989,SKU0058,WH_C,West,2025-02-13,2025-02-15,5,4,1
509143,107990,SKU0044,WH_C,West,2025-02-10,2025-02-12,2,1,1
509144,107991,SKU0055,WH_A,East,2025-02-10,2025-02-12,2,1,1
509145,107992,SKU0074,WH_B,Central,2025-02-14,2025-02-17,7,1,1
509146,107992,SKU0074,WH_B,Central,2025-02-10,2025-02-13,3,0,1
509147,107993,SKU0003,WH_C,West,2025-02-10,2025-02-12,2,8,1
509148,107994,SKU0100,WH_C,West,2025-02-11,2025-02-12,2,5,1
509149,107995,SKU0015,WH_B,Central,2025-02-10,2025-02-11,1,1,1
509150,107995,SKU0015,WH_B,Central,2025-02-12,2025-02-13,3,0,1
509151,107996,SKU0047,WH_A,East,2025-02-11,2025-02-12,2,1,1
509152,107997,SKU0007,WH_C,West,2025-02-11,2025-02-12,2,3,1
509153,107998,SKU0034,WH_C,West,2025-02-11,2025-02-13,3,7,1
509154,107999,SKU0094,WH_A,East,2025-02-10,2025-02-16,6,3,0
509155,108000,SKU0037,WH_A,East,2025-02-12,2025-02-13,3,5,1
509156,108001,SKU0052,WH_B,Central,2025-02-10,2025-02-12,2,1,1
509157,108001,SKU0052,WH_B,Central,2025-02-11,2025-02-12,2,0,1
509158,108002,SKU0034,WH_A,East,2025-02-11,2025-02-12,2,1,1
509159,108003,SKU0056,WH_A,East,2025-02-10,2025-02-12,2,1,1
509160,108004,SKU0039,WH_C,West,2025-02-11,2025-02-15,5,4,0
509161,108005,SKU0085,WH_C,West,2025-02-10,2025-02-11,1,3,1
509162,108005,SKU0085,WH_C,West,2025-02-10,2025-02-12,2,2,1
509163,108006,SKU0054,WH_A,East,2025-02-12,2025-02-13,3,3,1
509164,108007,SKU0052,WH_A,East,2025-02-11,2025-02-12,2,2,1
509165,108008,SKU0078,WH_A,East,2025-02-12,2025-02-13,3,9,1
509166,108009,SKU0026,WH_C,West,2025-02-11,2025-02-12,2,1,1
509167,108009,SKU0026,WH_C,West,2025-02-10,2025-02-12,2,1,1
509168,108010,SKU0087,WH_B,Central,2025-02-11,2025-02-12,2,1,1
509169,108011,SKU0046,WH_A,East,2025-02-10,2025-02-12,2,1,1
509170,108012,SKU0096,WH_B,Central,2025-02-11,2025-02-14,4,1,1
509171,108013,SKU0030,WH_A,East,2025-02-12,2025-02-13,3,6,1
509172,108014,SKU0010,WH_C,West,2025-02-11,2025-02-12,2,1,1
509173,108015,SKU0021,WH_C,West,2025-02-10,2025-02-12,2,1,1
509174,108016,SKU0097,WH_C,West,2025-02-10,2025-02-11,1,1,1
509175,108017,SKU0057,WH_B,Central,2025-02-13,2025-02-14,4,1,1
509176,108018,SKU0078,WH_B,Central,2025-02-10,2025-02-14,4,1,0
509177,108018,SKU0078,WH_B,Central,2025-02-10,2025-02-13,3,1,1
509178,108019,SKU0062,WH_B,Central,2025-02-10,2025-02-11,1,2,1
509179,108019,SKU0062,WH_B,Central,2025-02-10,2025-02-11,1,1,1
509180,108020,SKU0097,WH_C,West,2025-02-10,2025-02-11,1,1,1
509181,108021,SKU0064,WH_B,Central,2025-02-12,2025-02-14,4,1,1
509182,108022,SKU0036,WH_A,East,2025-02-10,2025-02-11,1,1,1
509183,108023,SKU0011,WH_B,Central,2025-02-13,2025-02-14,4,3,1
509184,108024,SKU0030,WH_A,East,2025-02-12,2025-02-15,5,1,1
509185,108025,SKU0015,WH_C,West,2025-02-11,2025-02-13,3,3,1
509186,108026,SKU0089,WH_C,West,2025-02-10,2025-02-12,2,1,1
509187,108027,SKU0018,WH_B,Central,2025-02-11,2025-02-15,5,1,0
509188,108028,SKU0045,WH_C,West,2025-02-11,2025-02-14,4,3,1
509189,108029,SKU0062,WH_C,West,2025-02-12,2025-02-13,3,1,1
509190,108030,SKU0005,WH_B,Central,2025-02-11,2025-02-13,3,8,1
509191,108031,SKU0091,WH_C,West,2025-02-10,2025-02-12,2,1,1
509192,108032,SKU0040,WH_C,West,2025-02-11,2025-02-12,2,3,1
509193,108033,SKU0028,WH_B,Central,2025-02-10,2025-02-11,1,7,1
509194,108034,SKU0088,WH_C,West,2025-02-12,2025-02-13,3,1,1
509195,108034,SKU0088,WH_C,West,2025-02-10,2025-02-11,1,0,1
509196,108035,SKU0074,WH_B,Central,2025-02-10,2025-02-13,3,1,1
509197,108036,SKU0091,WH_C,West,2025-02-12,2025-02-14,4,2,1
509198,108037,SKU0016,WH_C,West,2025-02-12,2025-02-16,6,1,0
509199,108038,SKU0057,WH_C,West,2025-02-10,2025-02-12,2,2,1
509200,108039,SKU0036,WH_B,Central,2025-02-11,2025-02-13,3,1,1
509201,108040,SKU0017,WH_C,West,2025-02-12,2025-02-14,4,2,1
509202,108041,SKU0073,WH_B,Central,2025-02-10,2025-02-13,3,3,1
509203,108042,SKU0036,WH_A,East,2025-02-11,2025-02-13,3,7,1
509204,108043,SKU0045,WH_B,Central,2025-02-10,2025-02-11,1,4,1
509205,108044,SKU0014,WH_C,West,2025-02-12,2025-02-14,4,1,1
509206,108045,SKU0044,WH_B,Central,2025-02-10,2025-02-11,1,4,1
509207,108046,SKU0098,WH_C,West,2025-02-10,2025-02-11,1,1,1
509208,108047,SKU0065,WH_B,Central,2025-02-14,2025-02-18,8,10,0
509209,108048,SKU0058,WH_A,East,2025-02-10,2025-02-13,3,1,1
509210,108049,SKU0002,WH_B,Central,2025-02-11,2025-02-12,2,1,1
509211,108050,SKU0067,WH_B,Central,2025-02-11,2025-02-12,2,2,1
509212,108050,SKU0067,WH_B,Central,2025-02-11,2025-02-16,6,1,0
509213,108051,SKU0026,WH_C,West,2025-02-12,2025-02-15,5,1,1
509214,108052,SKU0083,WH_C,West,2025-02-13,2025-02-16,6,3,1
509215,108053,SKU0095,WH_C,West,2025-02-11,2025-02-12,2,2,1
509216,108054,SKU0052,WH_A,East,2025-02-10,2025-02-13,3,1,1
509217,108055,SKU0041,WH_C,West,2025-02-14,2025-02-17,7,7,1
509218,108056,SKU0057,WH_B,Central,2025-02-11,2025-02-12,2,4,1
509219,108057,SKU0086,WH_C,West,2025-02-13,2025-02-15,5,1,1
509220,108058,SKU0006,WH_C,West,2025-02-10,2025-02-14,4,1,0
509221,108059,SKU0069,WH_B,Central,2025-02-13,2025-02-15,5,5,1
509222,108059,SKU0069,WH_B,Central,2025-02-11,2025-02-12,2,1,1
509223,108060,SKU0059,WH_A,East,2025-02-13,2025-02-14,4,1,1
509224,108060,SKU0059,WH_A,East,2025-02-13,2025-02-14,4,1,1
509225,108061,SKU0073,WH_C,West,2025-02-12,2025-02-14,4,1,1
509226,108062,SKU0092,WH_C,West,2025-02-11,2025-02-12,2,19,1
509227,108063,SKU0043,WH_C,West,2025-02-10,2025-02-12,2,2,1
509228,108064,SKU0097,WH_B,Central,2025-02-10,2025-02-13,3,5,1
509229,108065,SKU0062,WH_C,West,2025-02-12,2025-02-13,3,1,1
509230,108066,SKU0003,WH_A,East,2025-02-10,2025-02-11,1,5,1
509231,108067,SKU0092,WH_A,East,2025-02-12,2025-02-13,3,1,1
509232,108068,SKU0017,WH_C,West,2025-02-10,2025-02-14,4,1,0
509233,108068,SKU0017,WH_C,West,2025-02-10,2025-02-11,1,0,1
509234,108069,SKU0094,WH_B,Central,2025-02-11,2025-02-14,4,15,1
509235,108070,SKU0017,WH_A,East,2025-02-11,2025-02-12,2,1,1
509236,108071,SKU0045,WH_C,West,2025-02-10,2025-02-16,6,8,0
509237,108072,SKU0080,WH_A,East,2025-02-11,2025-02-13,3,3,1
509238,108073,SKU0057,WH_C,West,2025-02-11,2025-02-12,2,6,1
509239,108074,SKU0048,WH_C,West,2025-02-10,2025-02-11,1,1,1
509240,108075,SKU0032,WH_A,East,2025-02-11,2025-02-13,3,2,1
509241,108076,SKU0075,WH_C,West,2025-02-11,2025-02-13,3,1,1
509242,108077,SKU0099,WH_A,East,2025-02-10,2025-02-11,1,15,1
509243,108078,SKU0009,WH_C,West,2025-02-12,2025-02-13,3,6,1
509244,108079,SKU0013,WH_B,Central,2025-02-11,2025-02-12,2,1,1
509245,108080,SKU0082,WH_A,East,2025-02-10,2025-02-11,1,6,1
509246,108081,SKU0090,WH_C,West,2025-02-13,2025-02-14,4,1,1
509247,108082,SKU0048,WH_C,West,2025-02-10,2025-02-12,2,1,1
509248,108083,SKU0082,WH_A,East,2025-02-10,2025-02-16,6,1,0
509249,108084,SKU0019,WH_C,West,2025-02-10,2025-02-13,3,1,1
509250,108085,SKU0083,WH_B,Central,2025-02-11,2025-02-13,3,1,1
509251,108086,SKU0027,WH_B,Central,2025-02-10,2025-02-11,1,2,1
509252,108087,SKU0080,WH_B,Central,2025-02-10,2025-02-11,1,1,1
509253,108088,SKU0011,WH_C,West,2025-02-10,2025-02-17,7,5,0
509254,108089,SKU0086,WH_C,West,2025-02-10,2025-02-12,2,9,1
509255,108090,SKU0007,WH_C,West,2025-02-11,2025-02-12,2,1,1
509256,108091,SKU0019,WH_C,West,2025-02-10,2025-02-11,1,16,1
509257,108092,SKU0011,WH_C,West,2025-02-13,2025-02-15,5,1,1
509258,108093,SKU0079,WH_B,Central,2025-02-10,2025-02-12,2,7,1
509259,108094,SKU0089,WH_C,West,2025-02-10,2025-02-13,3,2,1
509260,108095,SKU0075,WH_A,East,2025-02-13,2025-02-18,8,1,0
509261,108096,SKU0003,WH_C,West,2025-02-10,2025-02-13,3,1,1
509262,108097,SKU0055,WH_C,West,2025-02-10,2025-02-11,1,1,1
509263,108098,SKU0064,WH_C,West,2025-02-12,2025-02-15,5,1,1
509264,108099,SKU0060,WH_C,West,2025-02-12,2025-02-17,7,2,0
509265,108100,SKU0040,WH_B,Central,2025-02-10,2025-02-11,1,1,1
509266,108101,SKU0056,WH_B,Central,2025-02-10,2025-02-13,3,4,1
509267,108101,SKU0056,WH_B,Central,2025-02-10,2025-02-12,2,6,1
509268,108102,SKU0050,WH_B,Central,2025-02-10,2025-02-12,2,1,1
509269,108103,SKU0068,WH_C,West,2025-02-10,2025-02-12,2,1,1
509270,108103,SKU0068,WH_C,West,2025-02-10,2025-02-12,2,0,1
509271,108104,SKU0042,WH_B,Central,2025-02-13,2025-02-14,4,1,1
509272,108105,SKU0055,WH_A,East,2025-02-11,2025-02-14,4,7,1
509273,108106,SKU0019,WH_C,West,2025-02-12,2025-02-13,3,3,1
509274,108107,SKU0040,WH_C,West,2025-02-10,2025-02-16,6,2,0
509275,108108,SKU0017,WH_B,Central,2025-02-10,2025-02-11,1,3,1
509276,108109,SKU0031,WH_A,East,2025-02-12,2025-02-13,3,9,1
509277,108110,SKU0047,WH_C,West,2025-02-11,2025-02-14,4,1,1
509278,108111,SKU0100,WH_C,West,2025-02-11,2025-02-12,2,4,1
509279,108112,SKU0079,WH_A,East,2025-02-10,2025-02-15,5,1,0
509280,108113,SKU0039,WH_C,West,2025-02-11,2025-02-14,4,1,1
509281,108114,SKU0055,WH_C,West,2025-02-10,2025-02-13,3,1,1
509282,108115,SKU0030,WH_A,East,2025-02-10,2025-02-11,1,5,1
509283,108116,SKU0099,WH_B,Central,2025-02-14,2025-02-15,5,1,1
509284,108116,SKU0099,WH_B,Central,2025-02-14,2025-02-19,9,0,0
509285,108117,SKU0009,WH_A,East,2025-02-11,2025-02-13,3,2,1
509286,108118,SKU0035,WH_A,East,2025-02-10,2025-02-12,2,1,1
509287,108119,SKU0044,WH_A,East,2025-02-11,2025-02-14,4,1,1
509288,108120,SKU0011,WH_C,West,2025-02-10,2025-02-12,2,3,1
509289,108121,SKU0028,WH_C,West,2025-02-11,2025-02-14,4,1,1
509290,108122,SKU0012,WH_B,Central,2025-02-12,2025-02-15,5,3,1
509291,108123,SKU0011,WH_B,Central,2025-02-10,2025-02-11,1,2,1
509292,108124,SKU0046,WH_A,East,2025-02-10,2025-02-11,1,1,1
509293,108125,SKU0011,WH_B,Central,2025-02-10,2025-02-11,1,1,1
509294,108126,SKU0082,WH_B,Central,2025-02-10,2025-02-11,1,4,1
509295,108127,SKU0092,WH_A,East,2025-02-10,2025-02-15,5,1,0
509296,108128,SKU0074,WH_A,East,2025-02-14,2025-02-15,5,1,1
509297,108129,SKU0057,WH_B,Central,2025-02-12,2025-02-14,4,6,1
509298,108130,SKU0074,WH_A,East,2025-02-11,2025-02-13,3,7,1
509299,108131,SKU0038,WH_A,East,2025-02-13,2025-02-15,5,3,1
509300,108132,SKU0032,WH_C,West,2025-02-10,2025-02-13,3,2,1
509301,108133,SKU0092,WH_A,East,2025-02-11,2025-02-12,2,3,1
509302,108134,SKU0026,WH_A,East,2025-02-10,2025-02-13,3,1,1
509303,108135,SKU0036,WH_C,West,2025-02-10,2025-02-15,5,1,0
509304,108136,SKU0030,WH_B,Central,2025-02-12,2025-02-14,4,3,1
509305,108137,SKU0080,WH_C,West,2025-02-10,2025-02-12,2,1,1
509306,108138,SKU0071,WH_A,East,2025-02-10,2025-02-13,3,4,1
509307,108138,SKU0071,WH_A,East,2025-02-10,2025-02-12,2,4,1
509308,108139,SKU0095,WH_C,West,2025-02-11,2025-02-13,3,4,1
509309,108140,SKU0075,WH_C,West,2025-02-10,2025-02-12,2,1,1
509310,108141,SKU0050,WH_C,West,2025-02-11,2025-02-16,6,1,0
509311,108142,SKU0080,WH_C,West,2025-02-10,2025-02-12,2,2,1
509312,108143,SKU0091,WH_A,East,2025-02-11,2025-02-12,2,3,1
509313,108144,SKU0050,WH_A,East,2025-02-10,2025-02-13,3,2,1
509314,108145,SKU0053,WH_B,Central,2025-02-11,2025-02-16,6,3,0
509315,108146,SKU0050,WH_B,Central,2025-02-12,2025-02-13,3,2,1
509316,108147,SKU0005,WH_A,East,2025-02-10,2025-02-11,1,1,1
509317,108147,SKU0005,WH_A,East,2025-02-10,2025-02-13,3,1,1
509318,108148,SKU0015,WH_A,East,2025-02-10,2025-02-14,4,6,0
509319,108149,SKU0029,WH_A,East,2025-02-10,2025-02-11,1,3,1
509320,108150,SKU0036,WH_A,East,2025-02-11,2025-02-13,3,1,1
509321,108151,SKU0063,WH_C,West,2025-02-11,2025-02-12,2,1,1
509322,108152,SKU0068,WH_A,East,2025-02-14,2025-02-16,6,1,1
509323,108153,SKU0070,WH_C,West,2025-02-12,2025-02-13,3,1,1
509324,108154,SKU0008,WH_A,East,2025-02-11,2025-02-13,3,5,1
509325,108155,SKU0010,WH_A,East,2025-02-11,2025-02-13,3,1,1
509326,108156,SKU0047,WH_B,Central,2025-02-11,2025-02-16,6,1,0
509327,108156,SKU0047,WH_B,Central,2025-02-10,2025-02-11,1,4,1
509328,108157,SKU0008,WH_A,East,2025-02-11,2025-02-13,3,1,1
509329,108158,SKU0044,WH_B,Central,2025-02-10,2025-02-13,3,6,1
509330,108159,SKU0032,WH_A,East,2025-02-11,2025-02-13,3,1,1
509331,108160,SKU0060,WH_B,Central,2025-02-13,2025-02-14,4,1,1
509332,108161,SKU0020,WH_C,West,2025-02-10,2025-02-15,5,5,0
509333,108162,SKU0085,WH_A,East,2025-02-11,2025-02-12,2,2,1
509334,108163,SKU0047,WH_C,West,2025-02-10,2025-02-14,4,1,0
509335,108164,SKU0023,WH_A,East,2025-02-11,2025-02-15,5,4,0
509336,108165,SKU0030,WH_A,East,2025-02-12,2025-02-13,3,1,1
509337,108166,SKU0067,WH_A,East,2025-02-13,2025-02-16,6,1,1
509338,108167,SKU0067,WH_A,East,2025-02-12,2025-02-14,4,1,1
509339,108168,SKU0084,WH_A,East,2025-02-10,2025-02-12,2,1,1
509340,108168,SKU0084,WH_A,East,2025-02-11,2025-02-16,6,3,0
509341,108169,SKU0045,WH_C,West,2025-02-11,2025-02-12,2,6,1
509342,108170,SKU0010,WH_C,West,2025-02-11,2025-02-12,2,1,1
509343,108170,SKU0010,WH_C,West,2025-02-13,2025-02-15,5,0,1
509344,108171,SKU0030,WH_C,West,2025-02-13,2025-02-14,4,2,1
509345,108172,SKU0029,WH_B,Central,2025-02-11,2025-02-12,2,7,1
509346,108173,SKU0096,WH_B,Central,2025-02-11,2025-02-13,3,6,1
509347,108174,SKU0083,WH_A,East,2025-02-11,2025-02-13,3,5,1
509348,108175,SKU0027,WH_B,Central,2025-02-10,2025-02-11,1,1,1
509349,108175,SKU0027,WH_B,Central,2025-02-12,2025-02-15,5,0,1
509350,108176,SKU0079,WH_C,West,2025-02-11,2025-02-12,2,1,1
509351,108177,SKU0072,WH_B,Central,2025-02-10,2025-02-11,1,4,1
509352,108178,SKU0031,WH_C,West,2025-02-11,2025-02-13,3,7,1
509353,108179,SKU0022,WH_B,Central,2025-02-10,2025-02-11,1,1,1
509354,108180,SKU0082,WH_A,East,2025-02-11,2025-02-14,4,7,1
509355,108181,SKU0009,WH_C,West,2025-02-12,2025-02-14,4,2,1
509356,108182,SKU0005,WH_A,East,2025-02-10,2025-02-12,2,1,1
509357,108183,SKU0036,WH_C,West,2025-02-10,2025-02-12,2,1,1
509358,108184,SKU0036,WH_B,Central,2025-02-10,2025-02-11,1,2,1
509359,108185,SKU0072,WH_B,Central,2025-02-10,2025-02-12,2,1,1
509360,108186,SKU0060,WH_A,East,2025-02-12,2025-02-13,3,1,1
509361,108187,SKU0041,WH_B,Central,2025-02-10,2025-02-14,4,1,0
509362,108188,SKU0029,WH_B,Central,2025-02-10,2025-02-11,1,1,1
509363,108189,SKU0050,WH_B,Central,2025-02-10,2025-02-14,4,1,0
509364,108190,SKU0045,WH_A,East,2025-02-10,2025-02-12,2,2,1
509365,108191,SKU0058,WH_A,East,2025-02-10,2025-02-13,3,1,1
509366,108192,SKU0031,WH_B,Central,2025-02-10,2025-02-13,3,1,1
509367,108193,SKU0040,WH_B,Central,2025-02-10,2025-02-12,2,1,1
509368,108194,SKU0099,WH_C,West,2025-02-11,2025-02-12,2,1,1
509369,108195,SKU0028,WH_A,East,2025-02-10,2025-02-12,2,1,1
509370,108195,SKU0028,WH_A,East,2025-02-12,2025-02-18,8,0,0
509371,108196,SKU0017,WH_C,West,2025-02-11,2025-02-12,2,1,1
509372,108197,SKU0017,WH_B,Central,2025-02-13,2025-02-15,5,2,1
509373,108198,SKU0071,WH_C,West,2025-02-10,2025-02-16,6,3,0
509374,108199,SKU0020,WH_A,East,2025-02-10,2025-02-13,3,10,1
509375,108200,SKU0068,WH_C,West,2025-02-10,2025-02-13,3,1,1
509376,108201,SKU0029,WH_B,Central,2025-02-13,2025-02-20,10,4,0
509377,108202,SKU0012,WH_B,Central,2025-02-10,2025-02-13,3,1,1
509378,108202,SKU0012,WH_B,Central,2025-02-11,2025-02-15,5,1,0
509379,108203,SKU0002,WH_A,East,2025-02-10,2025-02-12,2,1,1
509380,108204,SKU0052,WH_A,East,2025-02-10,2025-02-13,3,7,1
509381,108205,SKU0063,WH_C,West,2025-02-12,2025-02-13,3,1,1
509382,108205,SKU0063,WH_C,West,2025-02-11,2025-02-12,2,2,1
509383,108206,SKU0034,WH_B,Central,2025-02-10,2025-02-12,2,6,1
509384,108207,SKU0077,WH_C,West,2025-02-12,2025-02-17,7,11,0
509385,108208,SKU0020,WH_B,Central,2025-02-11,2025-02-15,5,1,0
509386,108209,SKU0077,WH_B,Central,2025-02-10,2025-02-14,4,2,0
509387,108210,SKU0006,WH_B,Central,2025-02-11,2025-02-12,2,4,1
509388,108211,SKU0009,WH_C,West,2025-02-11,2025-02-12,2,1,1
509389,108212,SKU0049,WH_B,Central,2025-02-10,2025-02-16,6,6,0
509390,108213,SKU0062,WH_B,Central,2025-02-10,2025-02-11,1,1,1
509391,108214,SKU0004,WH_A,East,2025-02-10,2025-02-13,3,2,1
509392,108215,SKU0100,WH_A,East,2025-02-10,2025-02-11,1,1,1
509393,108216,SKU0026,WH_A,East,2025-02-13,2025-02-17,7,1,0
509394,108217,SKU0005,WH_B,Central,2025-02-10,2025-02-11,1,1,1
509395,108218,SKU0097,WH_B,Central,2025-02-11,2025-02-16,6,1,0
509396,108218,SKU0097,WH_B,Central,2025-02-13,2025-02-14,4,1,1
509397,108219,SKU0006,WH_C,West,2025-02-11,2025-02-13,3,2,1
509398,108220,SKU0022,WH_A,East,2025-02-11,2025-02-15,4,3,0
509399,108221,SKU0091,WH_B,Central,2025-02-12,2025-02-18,7,3,0
509400,108221,SKU0091,WH_B,Central,2025-02-11,2025-02-12,1,2,1
509401,108222,SKU0021,WH_B,Central,2025-02-13,2025-02-15,4,1,1
509402,108222,SKU0021,WH_B,Central,2025-02-11,2025-02-13,2,0,1
509403,108223,SKU0028,WH_A,East,2025-02-11,2025-02-12,1,7,1
509404,108224,SKU0070,WH_C,West,2025-02-12,2025-02-13,2,1,1
509405,108225,SKU0018,WH_C,West,2025-02-14,2025-02-17,6,1,1
509406,108226,SKU0069,WH_A,East,2025-02-13,2025-02-19,8,2,0
509407,108227,SKU0068,WH_A,East,2025-02-11,2025-02-12,1,1,1
509408,108228,SKU0033,WH_C,West,2025-02-13,2025-02-18,7,1,0
509409,108229,SKU0100,WH_A,East,2025-02-11,2025-02-17,6,5,0
509410,108230,SKU0080,WH_C,West,2025-02-11,2025-02-13,2,4,1
509411,108231,SKU0010,WH_B,Central,2025-02-13,2025-02-14,3,1,1
509412,108232,SKU0058,WH_B,Central,2025-02-12,2025-02-13,2,4,1
509413,108233,SKU0085,WH_C,West,2025-02-11,2025-02-13,2,2,1
509414,108234,SKU0058,WH_A,East,2025-02-11,2025-02-13,2,1,1
509415,108234,SKU0058,WH_A,East,2025-02-12,2025-02-14,3,0,1
509416,108235,SKU0027,WH_B,Central,2025-02-11,2025-02-12,1,1,1
509417,108236,SKU0044,WH_B,Central,2025-02-11,2025-02-12,1,1,1
509418,108237,SKU0034,WH_C,West,2025-02-11,2025-02-12,1,14,1
509419,108238,SKU0022,WH_C,West,2025-02-11,2025-02-13,2,1,1
509420,108239,SKU0012,WH_A,East,2025-02-11,2025-02-12,1,5,1
509421,108240,SKU0065,WH_C,West,2025-02-11,2025-02-12,1,4,1
509422,108241,SKU0021,WH_B,Central,2025-02-11,2025-02-14,3,1,1
509423,108242,SKU0068,WH_A,East,2025-02-11,2025-02-12,1,6,1
509424,108243,SKU0036,WH_B,Central,2025-02-11,2025-02-18,7,2,0
509425,108244,SKU0040,WH_C,West,2025-02-11,2025-02-16,5,2,0
509426,108245,SKU0027,WH_C,West,2025-02-11,2025-02-15,4,4,0
509427,108246,SKU0071,WH_A,East,2025-02-12,2025-02-14,3,1,1
509428,108246,SKU0071,WH_A,East,2025-02-11,2025-02-16,5,0,0
509429,108247,SKU0058,WH_C,West,2025-02-12,2025-02-15,4,1,1
509430,108248,SKU0066,WH_B,Central,2025-02-12,2025-02-13,2,5,1
509431,108249,SKU0032,WH_C,West,2025-02-13,2025-02-14,3,2,1
509432,108250,SKU0055,WH_C,West,2025-02-11,2025-02-14,3,1,1
509433,108251,SKU0010,WH_C,West,2025-02-11,2025-02-16,5,4,0
509434,108252,SKU0030,WH_C,West,2025-02-11,2025-02-14,3,5,1
509435,108253,SKU0056,WH_C,West,2025-02-12,2025-02-15,4,6,1
509436,108254,SKU0038,WH_A,East,2025-02-11,2025-02-13,2,7,1
509437,108255,SKU0024,WH_A,East,2025-02-14,2025-02-18,7,2,0
509438,108256,SKU0013,WH_A,East,2025-02-11,2025-02-12,1,1,1
509439,108257,SKU0084,WH_C,West,2025-02-13,2025-02-15,4,1,1
509440,108258,SKU0036,WH_C,West,2025-02-11,2025-02-12,1,6,1
509441,108259,SKU0037,WH_B,Central,2025-02-12,2025-02-14,3,1,1
509442,108259,SKU0037,WH_B,Central,2025-02-11,2025-02-13,2,2,1
509443,108260,SKU0060,WH_C,West,2025-02-11,2025-02-12,1,6,1
509444,108261,SKU0023,WH_A,East,2025-02-11,2025-02-12,1,9,1
509445,108261,SKU0023,WH_A,East,2025-02-11,2025-02-12,1,2,1
509446,108262,SKU0011,WH_A,East,2025-02-11,2025-02-12,1,1,1
509447,108263,SKU0081,WH_C,West,2025-02-11,2025-02-12,1,4,1
509448,108264,SKU0008,WH_C,West,2025-02-11,2025-02-12,1,10,1
509449,108265,SKU0086,WH_A,East,2025-02-13,2025-02-15,4,1,1
509450,108266,SKU0026,WH_B,Central,2025-02-12,2025-02-13,2,3,1
509451,108266,SKU0026,WH_B,Central,2025-02-13,2025-02-17,6,1,0
509452,108267,SKU0038,WH_B,Central,2025-02-11,2025-02-14,3,3,1
509453,108268,SKU0083,WH_A,East,2025-02-11,2025-02-13,2,3,1
509454,108269,SKU0021,WH_C,West,2025-02-13,2025-02-18,7,1,0
509455,108270,SKU0038,WH_A,East,2025-02-11,2025-02-16,5,1,0
509456,108271,SKU0034,WH_B,Central,2025-02-11,2025-02-16,5,2,0
509457,108272,SKU0096,WH_A,East,2025-02-12,2025-02-17,6,2,0
509458,108273,SKU0077,WH_A,East,2025-02-11,2025-02-17,6,3,0
509459,108274,SKU0084,WH_A,East,2025-02-13,2025-02-14,3,8,1
509460,108275,SKU0073,WH_C,West,2025-02-11,2025-02-13,2,4,1
509461,108276,SKU0001,WH_C,West,2025-02-12,2025-02-13,2,12,1
509462,108276,SKU0001,WH_C,West,2025-02-11,2025-02-12,1,7,1
509463,108277,SKU0056,WH_B,Central,2025-02-11,2025-02-14,3,2,1
509464,108278,SKU0029,WH_C,West,2025-02-12,2025-02-13,2,1,1
509465,108278,SKU0029,WH_C,West,2025-02-11,2025-02-12,1,0,1
509466,108279,SKU0038,WH_B,Central,2025-02-11,2025-02-12,1,1,1
509467,108280,SKU0043,WH_A,East,2025-02-12,2025-02-13,2,9,1
509468,108281,SKU0048,WH_B,Central,2025-02-11,2025-02-15,4,1,0
509469,108282,SKU0093,WH_C,West,2025-02-11,2025-02-12,1,1,1
509470,108283,SKU0019,WH_A,East,2025-02-11,2025-02-13,2,3,1
509471,108284,SKU0097,WH_A,East,2025-02-11,2025-02-13,2,2,1
509472,108285,SKU0043,WH_B,Central,2025-02-12,2025-02-14,3,2,1
509473,108286,SKU0007,WH_B,Central,2025-02-13,2025-02-20,9,1,0
509474,108287,SKU0012,WH_A,East,2025-02-12,2025-02-18,7,3,0
509475,108288,SKU0001,WH_B,Central,2025-02-12,2025-02-14,3,1,1
509476,108289,SKU0039,WH_B,Central,2025-02-13,2025-02-19,8,1,0
509477,108290,SKU0034,WH_A,East,2025-02-15,2025-02-18,7,2,1
509478,108291,SKU0052,WH_A,East,2025-02-11,2025-02-12,1,1,1
509479,108292,SKU0043,WH_C,West,2025-02-12,2025-02-15,4,2,1
509480,108293,SKU0091,WH_C,West,2025-02-11,2025-02-12,1,2,1
509481,108294,SKU0038,WH_A,East,2025-02-11,2025-02-14,3,5,1
509482,108295,SKU0090,WH_C,West,2025-02-12,2025-02-14,3,2,1
509483,108296,SKU0077,WH_B,Central,2025-02-13,2025-02-15,4,1,1
509484,108297,SKU0001,WH_B,Central,2025-02-12,2025-02-15,4,1,1
509485,108297,SKU0001,WH_B,Central,2025-02-13,2025-02-17,6,0,0
509486,108298,SKU0048,WH_A,East,2025-02-15,2025-02-17,6,1,1
509487,108299,SKU0071,WH_B,Central,2025-02-11,2025-02-14,3,1,1
509488,108299,SKU0071,WH_B,Central,2025-02-13,2025-02-14,3,0,1
509489,108300,SKU0049,WH_A,East,2025-02-11,2025-02-15,4,2,0
509490,108300,SKU0049,WH_A,East,2025-02-12,2025-02-15,4,1,1
509491,108301,SKU0026,WH_C,West,2025-02-12,2025-02-14,3,3,1
509492,108302,SKU0053,WH_B,Central,2025-02-13,2025-02-15,4,1,1
509493,108303,SKU0080,WH_B,Central,2025-02-12,2025-02-15,4,1,1
509494,108303,SKU0080,WH_B,Central,2025-02-11,2025-02-13,2,0,1
509495,108304,SKU0041,WH_A,East,2025-02-11,2025-02-12,1,2,1
509496,108305,SKU0092,WH_A,East,2025-02-12,2025-02-14,3,5,1
509497,108306,SKU0061,WH_B,Central,2025-02-13,2025-02-15,4,5,1
509498,108307,SKU0018,WH_B,Central,2025-02-11,2025-02-13,2,10,1
509499,108308,SKU0025,WH_B,Central,2025-02-11,2025-02-16,5,6,0
509500,108309,SKU0046,WH_A,East,2025-02-11,2025-02-13,2,2,1
509501,108310,SKU0003,WH_C,West,2025-02-11,2025-02-13,2,7,1
509502,108311,SKU0019,WH_A,East,2025-02-11,2025-02-13,2,2,1
509503,108312,SKU0085,WH_B,Central,2025-02-12,2025-02-14,3,1,1
509504,108313,SKU0083,WH_C,West,2025-02-11,2025-02-15,4,1,0
509505,108313,SKU0083,WH_C,West,2025-02-12,2025-02-14,3,1,1
509506,108314,SKU0090,WH_A,East,2025-02-11,2025-02-13,2,1,1
509507,108315,SKU0026,WH_C,West,2025-02-11,2025-02-13,2,1,1
509508,108315,SKU0026,WH_C,West,2025-02-13,2025-02-14,3,0,1
509509,108316,SKU0099,WH_B,Central,2025-02-12,2025-02-14,3,1,1
509510,108317,SKU0075,WH_A,East,2025-02-11,2025-02-17,6,1,0
509511,108318,SKU0080,WH_C,West,2025-02-11,2025-02-12,1,1,1
509512,108319,SKU0013,WH_B,Central,2025-02-11,2025-02-17,6,1,0
509513,108319,SKU0013,WH_B,Central,2025-02-12,2025-02-17,6,0,0
509514,108320,SKU0042,WH_C,West,2025-02-12,2025-02-13,2,7,1
509515,108321,SKU0076,WH_B,Central,2025-02-12,2025-02-13,2,4,1
509516,108322,SKU0030,WH_A,East,2025-02-11,2025-02-12,1,1,1
509517,108322,SKU0030,WH_A,East,2025-02-11,2025-02-12,1,0,1
509518,108323,SKU0066,WH_A,East,2025-02-11,2025-02-12,1,7,1
509519,108324,SKU0047,WH_C,West,2025-02-11,2025-02-12,1,1,1
509520,108325,SKU0039,WH_B,Central,2025-02-14,2025-02-16,5,3,1
509521,108326,SKU0021,WH_B,Central,2025-02-11,2025-02-13,2,1,1
509522,108326,SKU0021,WH_B,Central,2025-02-12,2025-02-13,2,0,1
509523,108327,SKU0053,WH_C,West,2025-02-12,2025-02-16,5,1,0
509524,108328,SKU0062,WH_B,Central,2025-02-12,2025-02-17,6,1,0
509525,108329,SKU0016,WH_C,West,2025-02-11,2025-02-15,4,6,0
509526,108330,SKU0029,WH_A,East,2025-02-12,2025-02-14,3,2,1
509527,108331,SKU0090,WH_C,West,2025-02-12,2025-02-13,2,2,1
509528,108332,SKU0041,WH_B,Central,2025-02-12,2025-02-14,3,4,1
509529,108333,SKU0022,WH_B,Central,2025-02-11,2025-02-12,1,2,1
509530,108333,SKU0022,WH_B,Central,2025-02-11,2025-02-18,7,3,0
509531,108334,SKU0060,WH_A,East,2025-02-11,2025-02-12,1,4,1
509532,108335,SKU0083,WH_C,West,2025-02-13,2025-02-14,3,1,1
509533,108336,SKU0063,WH_A,East,2025-02-11,2025-02-13,2,1,1
509534,108337,SKU0070,WH_C,West,2025-02-11,2025-02-13,2,3,1
509535,108338,SKU0020,WH_C,West,2025-02-11,2025-02-14,3,1,1
509536,108339,SKU0024,WH_A,East,2025-02-11,2025-02-15,4,1,0
509537,108339,SKU0024,WH_A,East,2025-02-12,2025-02-17,6,0,0
509538,108340,SKU0014,WH_A,East,2025-02-11,2025-02-13,2,1,1
509539,108341,SKU0093,WH_C,West,2025-02-12,2025-02-17,6,7,0
509540,108342,SKU0069,WH_B,Central,2025-02-11,2025-02-17,6,6,0
509541,108343,SKU0036,WH_A,East,2025-02-11,2025-02-13,2,2,1
509542,108344,SKU0036,WH_C,West,2025-02-11,2025-02-12,1,2,1
509543,108345,SKU0071,WH_A,East,2025-02-11,2025-02-14,3,5,1
509544,108346,SKU0020,WH_A,East,2025-02-11,2025-02-12,1,3,1
509545,108347,SKU0064,WH_C,West,2025-02-11,2025-02-16,5,7,0
509546,108348,SKU0042,WH_C,West,2025-02-11,2025-02-12,1,1,1
509547,108348,SKU0042,WH_C,West,2025-02-11,2025-02-12,1,0,1
509548,108349,SKU0039,WH_B,Central,2025-02-11,2025-02-12,1,1,1
509549,108349,SKU0039,WH_B,Central,2025-02-11,2025-02-13,2,1,1
509550,108350,SKU0048,WH_C,West,2025-02-12,2025-02-13,2,5,1
509551,108351,SKU0088,WH_C,West,2025-02-11,2025-02-14,3,1,1
509552,108351,SKU0088,WH_C,West,2025-02-11,2025-02-14,3,0,1
509553,108352,SKU0012,WH_B,Central,2025-02-12,2025-02-17,6,2,0
509554,108352,SKU0012,WH_B,Central,2025-02-11,2025-02-14,3,2,1
509555,108353,SKU0061,WH_B,Central,2025-02-12,2025-02-14,3,1,1
509556,108354,SKU0033,WH_C,West,2025-02-11,2025-02-12,1,1,1
509557,108355,SKU0052,WH_C,West,2025-02-12,2025-02-13,2,1,1
509558,108355,SKU0052,WH_C,West,2025-02-12,2025-02-13,2,11,1
509559,108356,SKU0013,WH_B,Central,2025-02-11,2025-02-12,1,1,1
509560,108357,SKU0057,WH_C,West,2025-02-11,2025-02-15,4,1,0
509561,108357,SKU0057,WH_C,West,2025-02-11,2025-02-16,5,0,0
509562,108358,SKU0061,WH_C,West,2025-02-11,2025-02-13,2,1,1
509563,108359,SKU0013,WH_C,West,2025-02-11,2025-02-13,2,4,1
509564,108360,SKU0027,WH_C,West,2025-02-11,2025-02-14,3,1,1
509565,108360,SKU0027,WH_C,West,2025-02-13,2025-02-17,6,2,0
509566,108361,SKU0023,WH_A,East,2025-02-11,2025-02-12,1,1,1
509567,108362,SKU0068,WH_B,Central,2025-02-14,2025-02-15,4,1,1
509568,108363,SKU0058,WH_A,East,2025-02-13,2025-02-14,3,5,1
509569,108364,SKU0051,WH_A,East,2025-02-14,2025-02-15,4,1,1
509570,108365,SKU0032,WH_C,West,2025-02-11,2025-02-13,2,2,1
509571,108366,SKU0012,WH_A,East,2025-02-12,2025-02-14,3,4,1
509572,108367,SKU0078,WH_A,East,2025-02-12,2025-02-16,5,1,0
509573,108368,SKU0018,WH_A,East,2025-02-12,2025-02-17,6,1,0
509574,108369,SKU0069,WH_C,West,2025-02-11,2025-02-12,1,2,1
509575,108369,SKU0069,WH_C,West,2025-02-12,2025-02-15,4,5,1
509576,108370,SKU0012,WH_B,Central,2025-02-11,2025-02-12,1,1,1
509577,108371,SKU0036,WH_C,West,2025-02-14,2025-02-15,4,4,1
509578,108372,SKU0014,WH_B,Central,2025-02-11,2025-02-12,1,3,1
509579,108373,SKU0026,WH_A,East,2025-02-12,2025-02-16,5,5,0
509580,108374,SKU0074,WH_C,West,2025-02-11,2025-02-13,2,1,1
509581,108374,SKU0074,WH_C,West,2025-02-13,2025-02-15,4,0,1
509582,108375,SKU0098,WH_B,Central,2025-02-12,2025-02-14,3,2,1
509583,108375,SKU0098,WH_B,Central,2025-02-12,2025-02-18,7,3,0
509584,108376,SKU0051,WH_A,East,2025-02-11,2025-02-12,1,1,1
509585,108377,SKU0037,WH_B,Central,2025-02-14,2025-02-15,4,1,1
509586,108378,SKU0010,WH_A,East,2025-02-13,2025-02-18,7,1,0
509587,108379,SKU0055,WH_C,West,2025-02-11,2025-02-13,2,8,1
509588,108380,SKU0057,WH_A,East,2025-02-11,2025-02-13,2,1,1
509589,108381,SKU0011,WH_C,West,2025-02-11,2025-02-13,2,1,1
509590,108381,SKU0011,WH_C,West,2025-02-11,2025-02-13,2,0,1
509591,108382,SKU0100,WH_C,West,2025-02-12,2025-02-14,3,1,1
509592,108382,SKU0100,WH_C,West,2025-02-13,2025-02-19,8,0,0
509593,108383,SKU0076,WH_B,Central,2025-02-13,2025-02-14,3,5,1
509594,108384,SKU0031,WH_B,Central,2025-02-11,2025-02-12,1,4,1
509595,108385,SKU0038,WH_B,Central,2025-02-11,2025-02-14,3,3,1
509596,108386,SKU0073,WH_A,East,2025-02-11,2025-02-12,1,3,1
509597,108387,SKU0035,WH_C,West,2025-02-11,2025-02-13,2,4,1
509598,108388,SKU0022,WH_C,West,2025-02-14,2025-02-16,5,10,1
509599,108389,SKU0003,WH_B,Central,2025-02-12,2025-02-14,3,3,1
509600,108390,SKU0071,WH_A,East,2025-02-12,2025-02-15,4,5,1
509601,108391,SKU0046,WH_A,East,2025-02-11,2025-02-14,3,1,1
509602,108392,SKU0069,WH_B,Central,2025-02-11,2025-02-15,4,1,0
509603,108393,SKU0038,WH_B,Central,2025-02-11,2025-02-16,5,1,0
509604,108394,SKU0012,WH_C,West,2025-02-12,2025-02-13,2,2,1
509605,108395,SKU0001,WH_C,West,2025-02-11,2025-02-12,1,1,1
509606,108396,SKU0098,WH_C,West,2025-02-14,2025-02-15,4,1,1
509607,108397,SKU0052,WH_C,West,2025-02-13,2025-02-17,6,1,0
509608,108398,SKU0098,WH_C,West,2025-02-11,2025-02-12,1,1,1
509609,108399,SKU0063,WH_B,Central,2025-02-11,2025-02-16,5,1,0
509610,108400,SKU0099,WH_B,Central,2025-02-14,2025-02-16,4,2,1
509611,108401,SKU0009,WH_C,West,2025-02-13,2025-02-15,3,5,1
509612,108402,SKU0100,WH_C,West,2025-02-15,2025-02-22,10,9,0
509613,108403,SKU0044,WH_A,East,2025-02-12,2025-02-18,6,2,0
509614,108404,SKU0027,WH_A,East,2025-02-15,2025-02-17,5,1,1
509615,108405,SKU0004,WH_B,Central,2025-02-12,2025-02-16,4,7,0
509616,108406,SKU0057,WH_A,East,2025-02-15,2025-02-17,5,3,1
509617,108407,SKU0083,WH_B,Central,2025-02-12,2025-02-13,1,1,1
509618,108407,SKU0083,WH_B,Central,2025-02-12,2025-02-19,7,1,0
509619,108408,SKU0007,WH_C,West,2025-02-12,2025-02-16,4,10,0
509620,108409,SKU0099,WH_B,Central,2025-02-12,2025-02-13,1,1,1
509621,108409,SKU0099,WH_B,Central,2025-02-12,2025-02-13,1,7,1
509622,108410,SKU0081,WH_C,West,2025-02-16,2025-02-17,5,2,1
509623,108410,SKU0081,WH_C,West,2025-02-13,2025-02-15,3,1,1
509624,108411,SKU0078,WH_B,Central,2025-02-13,2025-02-14,2,6,1
509625,108412,SKU0085,WH_B,Central,2025-02-12,2025-02-16,4,1,0
509626,108413,SKU0062,WH_B,Central,2025-02-13,2025-02-14,2,1,1
509627,108414,SKU0004,WH_B,Central,2025-02-13,2025-02-15,3,1,1
509628,108415,SKU0059,WH_B,Central,2025-02-12,2025-02-16,4,1,0
509629,108416,SKU0036,WH_C,West,2025-02-13,2025-02-15,3,1,1
509630,108417,SKU0092,WH_C,West,2025-02-12,2025-02-14,2,1,1
509631,108417,SKU0092,WH_C,West,2025-02-12,2025-02-13,1,0,1
509632,108418,SKU0014,WH_C,West,2025-02-12,2025-02-15,3,2,1
509633,108419,SKU0033,WH_C,West,2025-02-13,2025-02-14,2,8,1
509634,108419,SKU0033,WH_C,West,2025-02-13,2025-02-14,2,1,1
509635,108420,SKU0051,WH_C,West,2025-02-14,2025-02-17,5,4,1
509636,108421,SKU0094,WH_C,West,2025-02-13,2025-02-14,2,5,1
509637,108422,SKU0087,WH_B,Central,2025-02-16,2025-02-21,9,1,0
509638,108423,SKU0019,WH_B,Central,2025-02-12,2025-02-13,1,6,1
509639,108424,SKU0069,WH_C,West,2025-02-13,2025-02-14,2,1,1
509640,108425,SKU0041,WH_A,East,2025-02-13,2025-02-20,8,1,0
509641,108425,SKU0041,WH_A,East,2025-02-13,2025-02-14,2,2,1
509642,108426,SKU0066,WH_C,West,2025-02-12,2025-02-18,6,1,0
509643,108427,SKU0069,WH_B,Central,2025-02-12,2025-02-17,5,1,0
509644,108428,SKU0085,WH_B,Central,2025-02-12,2025-02-14,2,1,1
509645,108429,SKU0022,WH_A,East,2025-02-13,2025-02-15,3,2,1
509646,108429,SKU0022,WH_A,East,2025-02-13,2025-02-15,3,1,1
509647,108430,SKU0001,WH_A,East,2025-02-13,2025-02-14,2,1,1
509648,108431,SKU0009,WH_C,West,2025-02-13,2025-02-20,8,2,0
509649,108432,SKU0074,WH_C,West,2025-02-12,2025-02-13,1,3,1
509650,108433,SKU0036,WH_C,West,2025-02-12,2025-02-14,2,1,1
509651,108434,SKU0080,WH_A,East,2025-02-12,2025-02-14,2,7,1
509652,108435,SKU0060,WH_B,Central,2025-02-12,2025-02-16,4,2,0
509653,108436,SKU0084,WH_B,Central,2025-02-12,2025-02-19,7,2,0
509654,108436,SKU0084,WH_B,Central,2025-02-13,2025-02-15,3,3,1
509655,108437,SKU0042,WH_A,East,2025-02-13,2025-02-17,5,13,0
509656,108438,SKU0035,WH_B,Central,2025-02-13,2025-02-16,4,1,1
509657,108439,SKU0085,WH_B,Central,2025-02-12,2025-02-14,2,3,1
509658,108440,SKU0080,WH_C,West,2025-02-13,2025-02-15,3,1,1
509659,108440,SKU0080,WH_C,West,2025-02-15,2025-02-19,7,0,0
509660,108441,SKU0021,WH_A,East,2025-02-12,2025-02-13,1,7,1
509661,108442,SKU0050,WH_A,East,2025-02-12,2025-02-14,2,1,1
509662,108443,SKU0002,WH_B,Central,2025-02-12,2025-02-13,1,1,1
509663,108443,SKU0002,WH_B,Central,2025-02-12,2025-02-14,2,1,1
509664,108444,SKU0025,WH_C,West,2025-02-14,2025-02-15,3,1,1
509665,108445,SKU0043,WH_C,West,2025-02-12,2025-02-14,2,2,1
509666,108446,SKU0013,WH_B,Central,2025-02-12,2025-02-15,3,1,1
509667,108447,SKU0046,WH_A,East,2025-02-13,2025-02-15,3,4,1
509668,108448,SKU0046,WH_C,West,2025-02-15,2025-02-16,4,5,1
509669,108449,SKU0026,WH_C,West,2025-02-14,2025-02-16,4,4,1
509670,108450,SKU0034,WH_C,West,2025-02-12,2025-02-13,1,2,1
509671,108451,SKU0007,WH_B,Central,2025-02-14,2025-02-15,3,1,1
509672,108452,SKU0041,WH_B,Central,2025-02-13,2025-02-17,5,3,0
509673,108453,SKU0019,WH_B,Central,2025-02-13,2025-02-15,3,1,1
509674,108454,SKU0064,WH_B,Central,2025-02-12,2025-02-15,3,1,1
509675,108455,SKU0013,WH_A,East,2025-02-13,2025-02-15,3,1,1
509676,108455,SKU0013,WH_A,East,2025-02-13,2025-02-14,2,0,1
509677,108456,SKU0028,WH_B,Central,2025-02-13,2025-02-16,4,1,1
509678,108457,SKU0002,WH_C,West,2025-02-12,2025-02-13,1,1,1
509679,108458,SKU0009,WH_C,West,2025-02-14,2025-02-17,5,7,1
509680,108459,SKU0087,WH_C,West,2025-02-12,2025-02-14,2,1,1
509681,108460,SKU0056,WH_C,West,2025-02-12,2025-02-13,1,2,1
509682,108461,SKU0046,WH_C,West,2025-02-12,2025-02-13,1,3,1
509683,108462,SKU0038,WH_B,Central,2025-02-12,2025-02-15,3,2,1
509684,108463,SKU0059,WH_A,East,2025-02-12,2025-02-13,1,2,1
509685,108463,SKU0059,WH_A,East,2025-02-12,2025-02-14,2,3,1
509686,108464,SKU0075,WH_B,Central,2025-02-15,2025-02-17,5,2,1
509687,108465,SKU0026,WH_A,East,2025-02-14,2025-02-21,9,4,0
509688,108466,SKU0097,WH_A,East,2025-02-13,2025-02-14,2,3,1
509689,108467,SKU0048,WH_B,Central,2025-02-14,2025-02-18,6,1,0
509690,108467,SKU0048,WH_B,Central,2025-02-14,2025-02-20,8,0,0
509691,108468,SKU0095,WH_C,West,2025-02-12,2025-02-13,1,1,1
509692,108468,SKU0095,WH_C,West,2025-02-13,2025-02-15,3,0,1
509693,108469,SKU0006,WH_C,West,2025-02-14,2025-02-15,3,1,1
509694,108470,SKU0048,WH_C,West,2025-02-13,2025-02-19,7,1,0
509695,108471,SKU0065,WH_C,West,2025-02-12,2025-02-13,1,1,1
509696,108471,SKU0065,WH_C,West,2025-02-12,2025-02-13,1,2,1
509697,108472,SKU0023,WH_A,East,2025-02-12,2025-02-14,2,1,1
509698,108473,SKU0042,WH_A,East,2025-02-12,2025-02-14,2,1,1
509699,108474,SKU0085,WH_A,East,2025-02-12,2025-02-16,4,17,0
509700,108475,SKU0034,WH_C,West,2025-02-13,2025-02-18,6,1,0
509701,108476,SKU0027,WH_A,East,2025-02-12,2025-02-13,1,9,1
509702,108477,SKU0014,WH_B,Central,2025-02-12,2025-02-13,1,1,1
509703,108478,SKU0081,WH_C,West,2025-02-14,2025-02-15,3,1,1
509704,108479,SKU0006,WH_B,Central,2025-02-12,2025-02-15,3,1,1
509705,108480,SKU0007,WH_A,East,2025-02-13,2025-02-14,2,2,1
509706,108481,SKU0004,WH_B,Central,2025-02-13,2025-02-15,3,1,1
509707,108482,SKU0066,WH_A,East,2025-02-12,2025-02-13,1,2,1
509708,108483,SKU0036,WH_A,East,2025-02-13,2025-02-14,2,2,1
509709,108484,SKU0077,WH_B,Central,2025-02-12,2025-02-17,5,14,0
509710,108485,SKU0033,WH_C,West,2025-02-12,2025-02-13,1,5,1
509711,108486,SKU0081,WH_B,Central,2025-02-14,2025-02-16,4,8,1
509712,108487,SKU0013,WH_C,West,2025-02-12,2025-02-14,2,1,1
509713,108487,SKU0013,WH_C,West,2025-02-12,2025-02-15,3,0,1
509714,108488,SKU0098,WH_A,East,2025-02-12,2025-02-13,1,2,1
509715,108488,SKU0098,WH_A,East,2025-02-13,2025-02-16,4,2,1
509716,108489,SKU0033,WH_C,West,2025-02-13,2025-02-14,2,1,1
509717,108490,SKU0084,WH_B,Central,2025-02-13,2025-02-16,4,7,1
509718,108491,SKU0043,WH_C,West,2025-02-13,2025-02-19,7,2,0
509719,108492,SKU0094,WH_C,West,2025-02-12,2025-02-15,3,1,1
509720,108493,SKU0091,WH_C,West,2025-02-13,2025-02-15,3,6,1
509721,108494,SKU0049,WH_C,West,2025-02-13,2025-02-15,3,7,1
509722,108495,SKU0039,WH_C,West,2025-02-13,2025-02-15,3,1,1
509723,108495,SKU0039,WH_C,West,2025-02-13,2025-02-15,3,0,1
509724,108496,SKU0002,WH_C,West,2025-02-12,2025-02-13,1,6,1
509725,108497,SKU0088,WH_B,Central,2025-02-12,2025-02-15,3,1,1
509726,108498,SKU0001,WH_A,East,2025-02-13,2025-02-15,3,4,1
509727,108499,SKU0035,WH_C,West,2025-02-14,2025-02-15,3,2,1
509728,108500,SKU0072,WH_A,East,2025-02-14,2025-02-15,3,4,1
509729,108501,SKU0036,WH_A,East,2025-02-12,2025-02-13,1,1,1
509730,108502,SKU0023,WH_B,Central,2025-02-13,2025-02-16,4,1,1
509731,108503,SKU0028,WH_C,West,2025-02-14,2025-02-16,4,5,1
509732,108504,SKU0075,WH_B,Central,2025-02-12,2025-02-13,1,1,1
509733,108505,SKU0073,WH_A,East,2025-02-14,2025-02-15,3,1,1
509734,108506,SKU0063,WH_A,East,2025-02-13,2025-02-14,2,1,1
509735,108507,SKU0092,WH_C,West,2025-02-12,2025-02-13,1,1,1
509736,108507,SKU0092,WH_C,West,2025-02-12,2025-02-14,2,0,1
509737,108508,SKU0089,WH_C,West,2025-02-12,2025-02-18,6,2,0
509738,108509,SKU0033,WH_A,East,2025-02-12,2025-02-15,3,1,1
509739,108510,SKU0020,WH_A,East,2025-02-13,2025-02-14,2,1,1
509740,108511,SKU0030,WH_A,East,2025-02-12,2025-02-14,2,1,1
509741,108512,SKU0091,WH_B,Central,2025-02-12,2025-02-14,2,1,1
509742,108513,SKU0016,WH_B,Central,2025-02-13,2025-02-15,3,10,1
509743,108514,SKU0009,WH_A,East,2025-02-13,2025-02-14,2,4,1
509744,108515,SKU0027,WH_A,East,2025-02-13,2025-02-14,2,1,1
509745,108515,SKU0027,WH_A,East,2025-02-12,2025-02-13,1,0,1
509746,108516,SKU0056,WH_C,West,2025-02-12,2025-02-14,2,2,1
509747,108517,SKU0014,WH_C,West,2025-02-12,2025-02-13,1,1,1
509748,108518,SKU0057,WH_C,West,2025-02-12,2025-02-13,1,4,1
509749,108519,SKU0039,WH_B,Central,2025-02-12,2025-02-15,3,2,1
509750,108520,SKU0022,WH_C,West,2025-02-13,2025-02-17,5,2,0
509751,108521,SKU0018,WH_A,East,2025-02-12,2025-02-13,1,1,1
509752,108522,SKU0021,WH_C,West,2025-02-14,2025-02-17,5,1,1
509753,108523,SKU0066,WH_B,Central,2025-02-13,2025-02-18,6,1,0
509754,108524,SKU0079,WH_B,Central,2025-02-13,2025-02-15,3,1,1
509755,108525,SKU0041,WH_C,West,2025-02-13,2025-02-15,3,3,1
509756,108526,SKU0041,WH_C,West,2025-02-13,2025-02-14,2,7,1
509757,108527,SKU0062,WH_A,East,2025-02-15,2025-02-21,9,1,0
509758,108528,SKU0041,WH_B,Central,2025-02-12,2025-02-14,2,7,1
509759,108529,SKU0028,WH_A,East,2025-02-13,2025-02-14,2,1,1
509760,108529,SKU0028,WH_A,East,2025-02-12,2025-02-14,2,0,1
509761,108530,SKU0061,WH_A,East,2025-02-12,2025-02-16,4,3,0
509762,108531,SKU0009,WH_B,Central,2025-02-14,2025-02-17,5,1,1
509763,108531,SKU0009,WH_B,Central,2025-02-14,2025-02-17,5,0,1
509764,108532,SKU0057,WH_B,Central,2025-02-12,2025-02-13,1,1,1
509765,108533,SKU0034,WH_A,East,2025-02-14,2025-02-17,5,1,1
509766,108534,SKU0097,WH_A,East,2025-02-12,2025-02-15,3,2,1
509767,108535,SKU0075,WH_C,West,2025-02-12,2025-02-13,1,1,1
509768,108535,SKU0075,WH_C,West,2025-02-12,2025-02-13,1,0,1
509769,108536,SKU0082,WH_C,West,2025-02-13,2025-02-16,4,2,1
509770,108537,SKU0078,WH_B,Central,2025-02-13,2025-02-15,3,1,1
509771,108538,SKU0062,WH_A,East,2025-02-13,2025-02-18,6,1,0
509772,108538,SKU0062,WH_A,East,2025-02-12,2025-02-13,1,0,1
509773,108539,SKU0066,WH_B,Central,2025-02-13,2025-02-16,4,1,1
509774,108540,SKU0033,WH_C,West,2025-02-12,2025-02-16,4,2,0
509775,108541,SKU0051,WH_A,East,2025-02-12,2025-02-14,2,1,1
509776,108542,SKU0066,WH_A,East,2025-02-13,2025-02-14,2,2,1
509777,108542,SKU0066,WH_A,East,2025-02-12,2025-02-16,4,2,0
509778,108543,SKU0081,WH_C,West,2025-02-12,2025-02-13,1,1,1
509779,108544,SKU0024,WH_B,Central,2025-02-15,2025-02-16,4,3,1
509780,108544,SKU0024,WH_B,Central,2025-02-12,2025-02-14,2,2,1
509781,108545,SKU0088,WH_A,East,2025-02-12,2025-02-13,1,1,1
509782,108546,SKU0100,WH_A,East,2025-02-13,2025-02-14,2,1,1
509783,108547,SKU0039,WH_A,East,2025-02-13,2025-02-17,5,3,0
509784,108548,SKU0069,WH_B,Central,2025-02-12,2025-02-15,3,1,1
509785,108549,SKU0068,WH_A,East,2025-02-13,2025-02-14,2,6,1
509786,108550,SKU0043,WH_C,West,2025-02-13,2025-02-15,3,1,1
509787,108551,SKU0100,WH_B,Central,2025-02-12,2025-02-14,2,1,1
509788,108552,SKU0045,WH_C,West,2025-02-15,2025-02-17,5,7,1
509789,108553,SKU0100,WH_A,East,2025-02-12,2025-02-14,2,1,1
509790,108554,SKU0008,WH_C,West,2025-02-13,2025-02-14,2,3,1
509791,108555,SKU0055,WH_B,Central,2025-02-13,2025-02-15,3,5,1
509792,108556,SKU0010,WH_B,Central,2025-02-12,2025-02-15,3,1,1
509793,108557,SKU0022,WH_B,Central,2025-02-13,2025-02-16,4,2,1
509794,108558,SKU0012,WH_A,East,2025-02-13,2025-02-16,4,1,1
509795,108559,SKU0046,WH_B,Central,2025-02-13,2025-02-16,4,1,1
509796,108560,SKU0065,WH_A,East,2025-02-12,2025-02-16,4,3,0
509797,108561,SKU0079,WH_A,East,2025-02-12,2025-02-13,1,3,1
509798,108562,SKU0086,WH_A,East,2025-02-14,2025-02-15,3,14,1
509799,108563,SKU0100,WH_C,West,2025-02-14,2025-02-16,4,1,1
509800,108564,SKU0035,WH_B,Central,2025-02-12,2025-02-15,3,1,1
509801,108565,SKU0009,WH_C,West,2025-02-12,2025-02-15,3,9,1
509802,108566,SKU0070,WH_B,Central,2025-02-13,2025-02-15,3,4,1
509803,108567,SKU0079,WH_A,East,2025-02-13,2025-02-18,6,2,0
509804,108567,SKU0079,WH_A,East,2025-02-13,2025-02-14,2,1,1
509805,108568,SKU0089,WH_A,East,2025-02-13,2025-02-15,3,6,1
509806,108569,SKU0028,WH_C,West,2025-02-13,2025-02-15,3,1,1
509807,108570,SKU0068,WH_A,East,2025-02-13,2025-02-15,3,1,1
509808,108571,SKU0036,WH_C,West,2025-02-12,2025-02-15,3,2,1
509809,108572,SKU0064,WH_A,East,2025-02-14,2025-02-15,3,3,1
509810,108573,SKU0041,WH_B,Central,2025-02-12,2025-02-18,6,4,0
509811,108574,SKU0031,WH_B,Central,2025-02-12,2025-02-13,1,14,1
509812,108575,SKU0069,WH_C,West,2025-02-13,2025-02-14,2,1,1
509813,108575,SKU0069,WH_C,West,2025-02-13,2025-02-14,2,1,1
509814,108576,SKU0086,WH_A,East,2025-02-12,2025-02-19,7,2,0
509815,108576,SKU0086,WH_A,East,2025-02-12,2025-02-13,1,1,1
509816,108577,SKU0100,WH_B,Central,2025-02-13,2025-02-15,3,1,1
509817,108578,SKU0053,WH_C,West,2025-02-12,2025-02-17,5,1,0
509818,108579,SKU0048,WH_B,Central,2025-02-12,2025-02-14,2,1,1
509819,108580,SKU0075,WH_A,East,2025-02-13,2025-02-14,1,1,1
509820,108580,SKU0075,WH_A,East,2025-02-13,2025-02-19,6,6,0
509821,108581,SKU0024,WH_C,West,2025-02-14,2025-02-15,2,8,1
509822,108582,SKU0017,WH_A,East,2025-02-13,2025-02-16,3,3,1
509823,108583,SKU0037,WH_C,West,2025-02-13,2025-02-14,1,1,1
509824,108584,SKU0043,WH_B,Central,2025-02-13,2025-02-15,2,7,1
509825,108585,SKU0073,WH_A,East,2025-02-13,2025-02-15,2,16,1
509826,108586,SKU0085,WH_A,East,2025-02-15,2025-02-18,5,2,1
509827,108587,SKU0024,WH_A,East,2025-02-14,2025-02-15,2,1,1
509828,108588,SKU0056,WH_C,West,2025-02-15,2025-02-21,8,1,0
509829,108589,SKU0073,WH_B,Central,2025-02-13,2025-02-18,5,1,0
509830,108589,SKU0073,WH_B,Central,2025-02-15,2025-02-21,8,0,0
509831,108590,SKU0015,WH_B,Central,2025-02-13,2025-02-18,5,2,0
509832,108591,SKU0093,WH_C,West,2025-02-13,2025-02-14,1,1,1
509833,108592,SKU0008,WH_C,West,2025-02-13,2025-02-15,2,1,1
509834,108592,SKU0008,WH_C,West,2025-02-13,2025-02-15,2,5,1
509835,108593,SKU0061,WH_A,East,2025-02-14,2025-02-15,2,1,1
509836,108593,SKU0061,WH_A,East,2025-02-15,2025-02-16,3,0,1
509837,108594,SKU0045,WH_B,Central,2025-02-13,2025-02-15,2,3,1
509838,108595,SKU0025,WH_A,East,2025-02-13,2025-02-16,3,2,1
509839,108596,SKU0080,WH_C,West,2025-02-13,2025-02-14,1,1,1
509840,108596,SKU0080,WH_C,West,2025-02-13,2025-02-15,2,0,1
509841,108597,SKU0032,WH_C,West,2025-02-13,2025-02-14,1,1,1
509842,108598,SKU0079,WH_C,West,2025-02-14,2025-02-16,3,1,1
509843,108599,SKU0032,WH_C,West,2025-02-13,2025-02-19,6,1,0
509844,108599,SKU0032,WH_C,West,2025-02-13,2025-02-15,2,0,1
509845,108600,SKU0022,WH_A,East,2025-02-14,2025-02-15,2,1,1
509846,108601,SKU0055,WH_A,East,2025-02-13,2025-02-15,2,3,1
509847,108602,SKU0100,WH_C,West,2025-02-13,2025-02-14,1,3,1
509848,108603,SKU0063,WH_B,Central,2025-02-14,2025-02-17,4,1,1
509849,108603,SKU0063,WH_B,Central,2025-02-15,2025-02-16,3,0,1
509850,108604,SKU0004,WH_A,East,2025-02-14,2025-02-19,6,5,0
509851,108605,SKU0027,WH_C,West,2025-02-14,2025-02-16,3,7,1
509852,108606,SKU0088,WH_B,Central,2025-02-16,2025-02-20,7,1,0
509853,108607,SKU0023,WH_B,Central,2025-02-14,2025-02-17,4,1,1
509854,108608,SKU0063,WH_C,West,2025-02-13,2025-02-15,2,2,1
509855,108609,SKU0093,WH_B,Central,2025-02-14,2025-02-15,2,2,1
509856,108610,SKU0009,WH_B,Central,2025-02-13,2025-02-14,1,1,1
509857,108611,SKU0051,WH_A,East,2025-02-15,2025-02-20,7,1,0
509858,108612,SKU0094,WH_C,West,2025-02-13,2025-02-14,1,1,1
509859,108613,SKU0044,WH_C,West,2025-02-14,2025-02-15,2,1,1
509860,108614,SKU0077,WH_A,East,2025-02-13,2025-02-19,6,1,0
509861,108615,SKU0067,WH_C,West,2025-02-13,2025-02-15,2,1,1
509862,108616,SKU0093,WH_C,West,2025-02-14,2025-02-15,2,4,1
509863,108617,SKU0054,WH_B,Central,2025-02-13,2025-02-15,2,3,1
509864,108618,SKU0069,WH_C,West,2025-02-13,2025-02-14,1,3,1
509865,108619,SKU0005,WH_A,East,2025-02-13,2025-02-14,1,1,1
509866,108619,SKU0005,WH_A,East,2025-02-14,2025-02-20,7,0,0
509867,108620,SKU0023,WH_B,Central,2025-02-14,2025-02-21,8,4,0
509868,108621,SKU0047,WH_B,Central,2025-02-13,2025-02-14,1,6,1
509869,108622,SKU0100,WH_B,Central,2025-02-13,2025-02-18,5,4,0
509870,108623,SKU0025,WH_C,West,2025-02-13,2025-02-16,3,1,1
509871,108624,SKU0089,WH_B,Central,2025-02-14,2025-02-15,2,5,1
509872,108625,SKU0039,WH_C,West,2025-02-15,2025-02-17,4,3,1
509873,108626,SKU0093,WH_C,West,2025-02-13,2025-02-19,6,5,0
509874,108627,SKU0018,WH_B,Central,2025-02-14,2025-02-16,3,1,1
509875,108628,SKU0022,WH_C,West,2025-02-17,2025-02-20,7,4,1
509876,108629,SKU0050,WH_A,East,2025-02-13,2025-02-20,7,1,0
509877,108630,SKU0055,WH_B,Central,2025-02-14,2025-02-15,2,1,1
509878,108631,SKU0012,WH_A,East,2025-02-15,2025-02-16,3,1,1
509879,108632,SKU0041,WH_C,West,2025-02-14,2025-02-15,2,3,1
509880,108633,SKU0098,WH_C,West,2025-02-13,2025-02-15,2,11,1
509881,108634,SKU0044,WH_B,Central,2025-02-13,2025-02-15,2,6,1
509882,108635,SKU0068,WH_B,Central,2025-02-14,2025-02-17,4,1,1
509883,108636,SKU0064,WH_C,West,2025-02-13,2025-02-17,4,1,0
509884,108637,SKU0048,WH_A,East,2025-02-15,2025-02-16,3,1,1
509885,108637,SKU0048,WH_A,East,2025-02-13,2025-02-15,2,0,1
509886,108638,SKU0053,WH_C,West,2025-02-16,2025-02-21,8,1,0
509887,108639,SKU0066,WH_A,East,2025-02-13,2025-02-19,6,1,0
509888,108640,SKU0040,WH_A,East,2025-02-13,2025-02-15,2,1,1
509889,108641,SKU0069,WH_A,East,2025-02-13,2025-02-15,2,1,1
509890,108641,SKU0069,WH_A,East,2025-02-14,2025-02-16,3,0,1
509891,108642,SKU0083,WH_B,Central,2025-02-13,2025-02-19,6,4,0
509892,108643,SKU0063,WH_C,West,2025-02-13,2025-02-14,1,2,1
509893,108644,SKU0041,WH_B,Central,2025-02-15,2025-02-19,6,9,0
509894,108645,SKU0058,WH_C,West,2025-02-14,2025-02-16,3,1,1
509895,108646,SKU0098,WH_B,Central,2025-02-14,2025-02-17,4,1,1
509896,108646,SKU0098,WH_B,Central,2025-02-14,2025-02-17,4,4,1
509897,108647,SKU0088,WH_C,West,2025-02-14,2025-02-15,2,3,1
509898,108648,SKU0008,WH_A,East,2025-02-13,2025-02-16,3,1,1
509899,108649,SKU0083,WH_C,West,2025-02-13,2025-02-15,2,1,1
509900,108650,SKU0019,WH_A,East,2025-02-14,2025-02-17,4,2,1
509901,108651,SKU0028,WH_A,East,2025-02-13,2025-02-15,2,1,1
509902,108652,SKU0048,WH_A,East,2025-02-14,2025-02-18,5,1,0
509903,108653,SKU0022,WH_C,West,2025-02-14,2025-02-15,2,4,1
509904,108654,SKU0054,WH_B,Central,2025-02-14,2025-02-15,2,1,1
509905,108655,SKU0026,WH_B,Central,2025-02-14,2025-02-19,6,1,0
509906,108656,SKU0002,WH_A,East,2025-02-14,2025-02-15,2,1,1
509907,108657,SKU0017,WH_A,East,2025-02-13,2025-02-18,5,1,0
509908,108658,SKU0078,WH_C,West,2025-02-15,2025-02-19,6,1,0
509909,108659,SKU0076,WH_B,Central,2025-02-14,2025-02-16,3,1,1
509910,108659,SKU0076,WH_B,Central,2025-02-13,2025-02-19,6,1,0
509911,108660,SKU0100,WH_A,East,2025-02-13,2025-02-14,1,1,1
509912,108661,SKU0094,WH_A,East,2025-02-14,2025-02-16,3,3,1
509913,108662,SKU0073,WH_C,West,2025-02-14,2025-02-17,4,2,1
509914,108662,SKU0073,WH_C,West,2025-02-14,2025-02-16,3,1,1
509915,108663,SKU0076,WH_C,West,2025-02-13,2025-02-15,2,7,1
509916,108664,SKU0029,WH_A,East,2025-02-13,2025-02-18,5,3,0
509917,108665,SKU0006,WH_A,East,2025-02-13,2025-02-15,2,7,1
509918,108666,SKU0022,WH_B,Central,2025-02-14,2025-02-16,3,4,1
509919,108667,SKU0026,WH_C,West,2025-02-13,2025-02-18,5,2,0
509920,108668,SKU0045,WH_C,West,2025-02-15,2025-02-20,7,1,0
509921,108669,SKU0012,WH_C,West,2025-02-13,2025-02-14,1,4,1
509922,108670,SKU0004,WH_C,West,2025-02-15,2025-02-16,3,1,1
509923,108671,SKU0068,WH_A,East,2025-02-14,2025-02-15,2,1,1
509924,108671,SKU0068,WH_A,East,2025-02-14,2025-02-18,5,0,0
509925,108672,SKU0088,WH_C,West,2025-02-13,2025-02-14,1,9,1
509926,108673,SKU0003,WH_C,West,2025-02-14,2025-02-15,2,1,1
509927,108674,SKU0077,WH_B,Central,2025-02-13,2025-02-17,4,1,0
509928,108674,SKU0077,WH_B,Central,2025-02-15,2025-02-17,4,0,1
509929,108675,SKU0093,WH_C,West,2025-02-14,2025-02-20,7,1,0
509930,108676,SKU0073,WH_B,Central,2025-02-13,2025-02-14,1,3,1
509931,108677,SKU0010,WH_B,Central,2025-02-14,2025-02-15,2,2,1
509932,108678,SKU0051,WH_B,Central,2025-02-13,2025-02-15,2,3,1
509933,108678,SKU0051,WH_B,Central,2025-02-14,2025-02-15,2,2,1
509934,108679,SKU0002,WH_C,West,2025-02-13,2025-02-15,2,1,1
509935,108679,SKU0002,WH_C,West,2025-02-13,2025-02-15,2,0,1
509936,108680,SKU0028,WH_C,West,2025-02-15,2025-02-18,5,3,1
509937,108681,SKU0048,WH_A,East,2025-02-14,2025-02-15,2,1,1
509938,108682,SKU0097,WH_B,Central,2025-02-13,2025-02-14,1,3,1
509939,108683,SKU0070,WH_C,West,2025-02-14,2025-02-17,4,1,1
509940,108684,SKU0015,WH_B,Central,2025-02-14,2025-02-15,2,1,1
509941,108684,SKU0015,WH_B,Central,2025-02-13,2025-02-16,3,0,1
509942,108685,SKU0060,WH_C,West,2025-02-16,2025-02-18,5,3,1
509943,108686,SKU0092,WH_C,West,2025-02-14,2025-02-17,4,4,1
509944,108687,SKU0023,WH_B,Central,2025-02-15,2025-02-16,3,1,1
509945,108688,SKU0089,WH_B,Central,2025-02-16,2025-02-20,7,1,0
509946,108688,SKU0089,WH_B,Central,2025-02-15,2025-02-22,9,0,0
509947,108689,SKU0097,WH_B,Central,2025-02-14,2025-02-15,2,1,1
509948,108690,SKU0007,WH_C,West,2025-02-15,2025-02-16,3,2,1
509949,108691,SKU0072,WH_A,East,2025-02-14,2025-02-16,3,2,1
509950,108692,SKU0038,WH_B,Central,2025-02-13,2025-02-15,2,1,1
509951,108692,SKU0038,WH_B,Central,2025-02-14,2025-02-15,2,2,1
509952,108693,SKU0076,WH_B,Central,2025-02-13,2025-02-15,2,1,1
509953,108694,SKU0072,WH_C,West,2025-02-13,2025-02-18,5,1,0
509954,108695,SKU0036,WH_B,Central,2025-02-15,2025-02-17,4,2,1
509955,108696,SKU0050,WH_C,West,2025-02-13,2025-02-15,2,1,1
509956,108696,SKU0050,WH_C,West,2025-02-14,2025-02-16,3,0,1
509957,108697,SKU0017,WH_A,East,2025-02-16,2025-02-20,7,3,0
509958,108698,SKU0045,WH_C,West,2025-02-13,2025-02-16,3,4,1
509959,108699,SKU0096,WH_A,East,2025-02-13,2025-02-18,5,1,0
509960,108699,SKU0096,WH_A,East,2025-02-14,2025-02-16,3,0,1
509961,108700,SKU0041,WH_B,Central,2025-02-14,2025-02-16,3,6,1
509962,108701,SKU0052,WH_B,Central,2025-02-13,2025-02-14,1,5,1
509963,108702,SKU0067,WH_B,Central,2025-02-13,2025-02-14,1,1,1
509964,108703,SKU0025,WH_C,West,2025-02-15,2025-02-16,3,10,1
509965,108704,SKU0075,WH_B,Central,2025-02-15,2025-02-16,3,6,1
509966,108705,SKU0089,WH_C,West,2025-02-13,2025-02-20,7,1,0
509967,108705,SKU0089,WH_C,West,2025-02-17,2025-02-18,5,0,1
509968,108706,SKU0078,WH_A,East,2025-02-13,2025-02-14,1,2,1
509969,108707,SKU0066,WH_A,East,2025-02-14,2025-02-15,2,7,1
509970,108708,SKU0026,WH_A,East,2025-02-13,2025-02-17,4,1,0
509971,108709,SKU0022,WH_B,Central,2025-02-15,2025-02-21,8,1,0
509972,108709,SKU0022,WH_B,Central,2025-02-14,2025-02-15,2,0,1
509973,108710,SKU0056,WH_C,West,2025-02-14,2025-02-18,5,1,0
509974,108711,SKU0071,WH_A,East,2025-02-13,2025-02-18,5,1,0
509975,108712,SKU0056,WH_A,East,2025-02-13,2025-02-14,1,1,1
509976,108713,SKU0002,WH_A,East,2025-02-13,2025-02-18,5,8,0
509977,108714,SKU0069,WH_C,West,2025-02-13,2025-02-14,1,1,1
509978,108714,SKU0069,WH_C,West,2025-02-14,2025-02-19,6,0,0
509979,108715,SKU0089,WH_C,West,2025-02-13,2025-02-15,2,1,1
509980,108716,SKU0098,WH_B,Central,2025-02-15,2025-02-20,7,1,0
509981,108717,SKU0040,WH_A,East,2025-02-16,2025-02-21,8,1,0
509982,108718,SKU0034,WH_C,West,2025-02-13,2025-02-14,1,1,1
509983,108718,SKU0034,WH_C,West,2025-02-15,2025-02-18,5,0,1
509984,108719,SKU0065,WH_B,Central,2025-02-13,2025-02-16,3,1,1
509985,108720,SKU0068,WH_A,East,2025-02-13,2025-02-15,2,2,1
509986,108721,SKU0056,WH_C,West,2025-02-13,2025-02-15,2,1,1
509987,108722,SKU0094,WH_B,Central,2025-02-16,2025-02-19,6,1,1
509988,108723,SKU0038,WH_C,West,2025-02-14,2025-02-15,2,1,1
509989,108724,SKU0001,WH_C,West,2025-02-13,2025-02-16,3,4,1
509990,108725,SKU0038,WH_A,East,2025-02-14,2025-02-15,2,6,1
509991,108726,SKU0007,WH_B,Central,2025-02-16,2025-02-18,5,1,1
509992,108727,SKU0069,WH_C,West,2025-02-14,2025-02-15,2,1,1
509993,108728,SKU0007,WH_B,Central,2025-02-15,2025-02-20,7,2,0
509994,108729,SKU0051,WH_A,East,2025-02-14,2025-02-15,2,1,1
509995,108730,SKU0038,WH_B,Central,2025-02-13,2025-02-15,2,2,1
509996,108731,SKU0021,WH_A,East,2025-02-13,2025-02-14,1,10,1
509997,108732,SKU0070,WH_B,Central,2025-02-13,2025-02-14,1,4,1
509998,108733,SKU0020,WH_B,Central,2025-02-16,2025-02-19,6,1,1
509999,108734,SKU0039,WH_A,East,2025-02-13,2025-02-16,3,1,1
510000,108735,SKU0036,WH_C,West,2025-02-13,2025-02-20,7,3,0
510001,108736,SKU0056,WH_B,Central,2025-02-14,2025-02-16,3,1,1
510002,108737,SKU0056,WH_C,West,2025-02-13,2025-02-15,2,6,1
510003,108738,SKU0097,WH_C,West,2025-02-14,2025-02-17,4,1,1
510004,108739,SKU0031,WH_C,West,2025-02-13,2025-02-14,1,1,1
510005,108740,SKU0039,WH_A,East,2025-02-13,2025-02-14,1,1,1
510006,108741,SKU0034,WH_A,East,2025-02-13,2025-02-14,1,1,1
510007,108741,SKU0034,WH_A,East,2025-02-15,2025-02-18,5,0,1
510008,108742,SKU0076,WH_B,Central,2025-02-16,2025-02-17,4,2,1
510009,108743,SKU0072,WH_C,West,2025-02-15,2025-02-19,6,6,0
510010,108744,SKU0097,WH_C,West,2025-02-13,2025-02-15,2,5,1
510011,108745,SKU0097,WH_C,West,2025-02-14,2025-02-15,2,1,1
510012,108746,SKU0014,WH_A,East,2025-02-13,2025-02-14,1,3,1
510013,108747,SKU0082,WH_A,East,2025-02-15,2025-02-17,4,1,1
510014,108748,SKU0016,WH_C,West,2025-02-13,2025-02-15,2,5,1
510015,108749,SKU0080,WH_B,Central,2025-02-13,2025-02-14,1,1,1
510016,108750,SKU0080,WH_A,East,2025-02-14,2025-02-19,6,1,0
510017,108751,SKU0046,WH_A,East,2025-02-13,2025-02-15,2,1,1
510018,108752,SKU0069,WH_A,East,2025-02-13,2025-02-15,2,3,1
510019,108753,SKU0024,WH_A,East,2025-02-13,2025-02-15,2,5,1
510020,108754,SKU0094,WH_B,Central,2025-02-14,2025-02-15,2,3,1
510021,108754,SKU0094,WH_B,Central,2025-02-16,2025-02-17,4,1,1
510022,108755,SKU0045,WH_C,West,2025-02-13,2025-02-19,6,1,0
510023,108756,SKU0070,WH_C,West,2025-02-13,2025-02-15,2,1,1
510024,108757,SKU0023,WH_C,West,2025-02-13,2025-02-14,1,9,1
510025,108758,SKU0047,WH_B,Central,2025-02-16,2025-02-18,5,2,1
510026,108759,SKU0075,WH_C,West,2025-02-14,2025-02-18,5,1,0
510027,108760,SKU0064,WH_A,East,2025-02-14,2025-02-17,4,3,1
510028,108760,SKU0064,WH_A,East,2025-02-14,2025-02-16,3,1,1
510029,108761,SKU0011,WH_B,Central,2025-02-14,2025-02-15,2,1,1
510030,108762,SKU0086,WH_B,Central,2025-02-13,2025-02-20,7,1,0
510031,108763,SKU0004,WH_A,East,2025-02-13,2025-02-15,2,1,1
510032,108764,SKU0078,WH_B,Central,2025-02-13,2025-02-18,5,3,0
510033,108765,SKU0028,WH_A,East,2025-02-13,2025-02-16,3,7,1
510034,108766,SKU0050,WH_A,East,2025-02-14,2025-02-15,2,1,1
510035,108767,SKU0030,WH_A,East,2025-02-14,2025-02-20,7,6,0
510036,108768,SKU0098,WH_C,West,2025-02-14,2025-02-15,2,1,1
510037,108768,SKU0098,WH_C,West,2025-02-14,2025-02-15,2,0,1
510038,108769,SKU0094,WH_B,Central,2025-02-16,2025-02-18,5,1,1
510039,108770,SKU0089,WH_A,East,2025-02-13,2025-02-15,2,3,1
510040,108771,SKU0032,WH_A,East,2025-02-13,2025-02-14,1,1,1
510041,108771,SKU0032,WH_A,East,2025-02-14,2025-02-16,3,5,1
510042,108772,SKU0092,WH_C,West,2025-02-17,2025-02-18,5,5,1
510043,108773,SKU0033,WH_C,West,2025-02-13,2025-02-20,7,1,0
510044,108774,SKU0063,WH_A,East,2025-02-13,2025-02-15,2,1,1
510045,108775,SKU0013,WH_B,Central,2025-02-13,2025-02-19,6,1,0
510046,108776,SKU0100,WH_C,West,2025-02-13,2025-02-17,4,1,0
510047,108777,SKU0026,WH_C,West,2025-02-15,2025-02-19,6,2,0
510048,108777,SKU0026,WH_C,West,2025-02-14,2025-02-20,7,1,0
510049,108778,SKU0076,WH_C,West,2025-02-14,2025-02-17,4,3,1
510050,108779,SKU0015,WH_C,West,2025-02-13,2025-02-15,2,1,1
510051,108779,SKU0015,WH_C,West,2025-02-14,2025-02-15,2,0,1
510052,108780,SKU0053,WH_B,Central,2025-02-16,2025-02-17,4,1,1
510053,108781,SKU0011,WH_A,East,2025-02-14,2025-02-15,2,10,1
510054,108782,SKU0019,WH_B,Central,2025-02-13,2025-02-15,2,1,1
510055,108782,SKU0019,WH_B,Central,2025-02-13,2025-02-14,1,0,1
510056,108783,SKU0002,WH_B,Central,2025-02-13,2025-02-14,1,4,1
510057,108784,SKU0081,WH_B,Central,2025-02-15,2025-02-18,5,5,1
510058,108785,SKU0023,WH_A,East,2025-02-14,2025-02-20,7,6,0
510059,108786,SKU0068,WH_C,West,2025-02-14,2025-02-15,2,2,1
510060,108787,SKU0050,WH_C,West,2025-02-16,2025-02-17,4,1,1
510061,108788,SKU0070,WH_C,West,2025-02-13,2025-02-14,1,2,1
510062,108789,SKU0043,WH_C,West,2025-02-13,2025-02-14,1,4,1
510063,108790,SKU0063,WH_B,Central,2025-02-13,2025-02-16,3,1,1
510064,108791,SKU0075,WH_A,East,2025-02-13,2025-02-14,1,6,1
510065,108792,SKU0022,WH_C,West,2025-02-15,2025-02-17,4,3,1
510066,108793,SKU0073,WH_A,East,2025-02-15,2025-02-16,3,1,1
510067,108794,SKU0093,WH_A,East,2025-02-13,2025-02-17,4,3,0
510068,108795,SKU0012,WH_A,East,2025-02-13,2025-02-18,5,5,0
510069,108796,SKU0059,WH_C,West,2025-02-13,2025-02-19,6,1,0
510070,108797,SKU0055,WH_B,Central,2025-02-14,2025-02-20,7,1,0
510071,108797,SKU0055,WH_B,Central,2025-02-13,2025-02-16,3,2,1
510072,108798,SKU0005,WH_B,Central,2025-02-15,2025-02-22,9,2,0
510073,108799,SKU0057,WH_C,West,2025-02-13,2025-02-14,1,4,1
510074,108800,SKU0021,WH_B,Central,2025-02-14,2025-02-15,2,1,1
510075,108801,SKU0083,WH_A,East,2025-02-13,2025-02-15,2,2,1
510076,108802,SKU0081,WH_B,Central,2025-02-14,2025-02-16,3,1,1
510077,108803,SKU0064,WH_B,Central,2025-02-13,2025-02-15,2,1,1
510078,108804,SKU0095,WH_C,West,2025-02-13,2025-02-16,3,1,1
510079,108805,SKU0083,WH_A,East,2025-02-13,2025-02-15,2,1,1
510080,108806,SKU0002,WH_C,West,2025-02-14,2025-02-17,4,2,1
510081,108807,SKU0091,WH_A,East,2025-02-13,2025-02-15,2,1,1
510082,108808,SKU0057,WH_B,Central,2025-02-14,2025-02-16,3,1,1
510083,108809,SKU0067,WH_B,Central,2025-02-15,2025-02-16,3,1,1
510084,108810,SKU0012,WH_A,East,2025-02-16,2025-02-18,5,1,1
510085,108811,SKU0024,WH_C,West,2025-02-14,2025-02-15,2,1,1
510086,108811,SKU0024,WH_C,West,2025-02-14,2025-02-16,3,0,1
510087,108812,SKU0093,WH_B,Central,2025-02-16,2025-02-18,5,1,1
510088,108813,SKU0100,WH_B,Central,2025-02-14,2025-02-15,2,1,1
510089,108814,SKU0018,WH_B,Central,2025-02-13,2025-02-19,6,1,0
510090,108815,SKU0089,WH_B,Central,2025-02-13,2025-02-18,5,5,0
510091,108816,SKU0072,WH_A,East,2025-02-13,2025-02-15,2,3,1
510092,108817,SKU0098,WH_B,Central,2025-02-14,2025-02-20,7,1,0
510093,108818,SKU0078,WH_B,Central,2025-02-13,2025-02-14,1,1,1
510094,108819,SKU0096,WH_B,Central,2025-02-13,2025-02-17,4,2,0
510095,108820,SKU0051,WH_B,Central,2025-02-13,2025-02-14,1,4,1
510096,108821,SKU0056,WH_B,Central,2025-02-15,2025-02-19,6,2,0
510097,108822,SKU0018,WH_A,East,2025-02-13,2025-02-16,3,2,1
510098,108823,SKU0027,WH_A,East,2025-02-13,2025-02-16,3,1,1
510099,108824,SKU0020,WH_B,Central,2025-02-13,2025-02-14,1,11,1
510100,108825,SKU0058,WH_C,West,2025-02-14,2025-02-19,6,3,0
510101,108826,SKU0064,WH_B,Central,2025-02-13,2025-02-14,1,2,1
510102,108826,SKU0064,WH_B,Central,2025-02-13,2025-02-18,5,1,0
510103,108827,SKU0052,WH_A,East,2025-02-15,2025-02-20,7,5,0
510104,108828,SKU0073,WH_C,West,2025-02-13,2025-02-14,1,6,1
510105,108829,SKU0019,WH_C,West,2025-02-13,2025-02-18,5,3,0
510106,108830,SKU0003,WH_A,East,2025-02-14,2025-02-16,2,2,1
510107,108831,SKU0005,WH_B,Central,2025-02-14,2025-02-16,2,11,1
510108,108832,SKU0038,WH_C,West,2025-02-14,2025-02-15,1,1,1
510109,108833,SKU0080,WH_C,West,2025-02-14,2025-02-15,1,1,1
510110,108834,SKU0093,WH_B,Central,2025-02-16,2025-02-18,4,1,1
510111,108835,SKU0056,WH_B,Central,2025-02-14,2025-02-15,1,3,1
510112,108836,SKU0010,WH_B,Central,2025-02-14,2025-02-15,1,4,1
510113,108837,SKU0055,WH_B,Central,2025-02-15,2025-02-16,2,5,1
510114,108838,SKU0085,WH_A,East,2025-02-14,2025-02-15,1,4,1
510115,108839,SKU0041,WH_B,Central,2025-02-15,2025-02-17,3,1,1
510116,108840,SKU0061,WH_A,East,2025-02-14,2025-02-19,5,2,0
510117,108841,SKU0090,WH_B,Central,2025-02-14,2025-02-16,2,4,1
510118,108842,SKU0077,WH_B,Central,2025-02-14,2025-02-16,2,2,1
510119,108842,SKU0077,WH_B,Central,2025-02-14,2025-02-15,1,3,1
510120,108843,SKU0068,WH_C,West,2025-02-14,2025-02-15,1,4,1
510121,108844,SKU0011,WH_A,East,2025-02-14,2025-02-16,2,1,1
510122,108845,SKU0025,WH_A,East,2025-02-14,2025-02-16,2,1,1
510123,108845,SKU0025,WH_A,East,2025-02-14,2025-02-16,2,0,1
510124,108846,SKU0086,WH_C,West,2025-02-15,2025-02-17,3,3,1
510125,108847,SKU0097,WH_A,East,2025-02-14,2025-02-17,3,1,1
510126,108848,SKU0043,WH_B,Central,2025-02-14,2025-02-17,3,1,1
510127,108848,SKU0043,WH_B,Central,2025-02-14,2025-02-16,2,0,1
510128,108849,SKU0089,WH_A,East,2025-02-15,2025-02-17,3,1,1
510129,108849,SKU0089,WH_A,East,2025-02-14,2025-02-19,5,0,0
510130,108850,SKU0076,WH_C,West,2025-02-16,2025-02-17,3,5,1
510131,108851,SKU0020,WH_A,East,2025-02-15,2025-02-18,4,1,1
510132,108852,SKU0069,WH_A,East,2025-02-14,2025-02-15,1,6,1
510133,108853,SKU0067,WH_A,East,2025-02-17,2025-02-23,9,6,0
510134,108854,SKU0048,WH_C,West,2025-02-14,2025-02-15,1,2,1
510135,108854,SKU0048,WH_C,West,2025-02-14,2025-02-17,3,1,1
510136,108855,SKU0089,WH_B,Central,2025-02-15,2025-02-17,3,7,1
510137,108856,SKU0081,WH_C,West,2025-02-14,2025-02-16,2,3,1
510138,108857,SKU0030,WH_B,Central,2025-02-15,2025-02-17,3,1,1
510139,108858,SKU0039,WH_B,Central,2025-02-14,2025-02-15,1,10,1
510140,108859,SKU0027,WH_B,Central,2025-02-14,2025-02-15,1,4,1
510141,108860,SKU0053,WH_B,Central,2025-02-15,2025-02-16,2,10,1
510142,108861,SKU0093,WH_B,Central,2025-02-16,2025-02-20,6,1,0
510143,108862,SKU0013,WH_B,Central,2025-02-15,2025-02-18,4,2,1
510144,108863,SKU0039,WH_A,East,2025-02-14,2025-02-16,2,1,1
510145,108863,SKU0039,WH_A,East,2025-02-15,2025-02-17,3,1,1
510146,108864,SKU0087,WH_C,West,2025-02-17,2025-02-19,5,5,1
510147,108865,SKU0017,WH_A,East,2025-02-18,2025-02-20,6,3,1
510148,108866,SKU0065,WH_C,West,2025-02-14,2025-02-15,1,1,1
510149,108867,SKU0092,WH_B,Central,2025-02-15,2025-02-20,6,1,0
510150,108868,SKU0038,WH_B,Central,2025-02-15,2025-02-17,3,1,1
510151,108869,SKU0034,WH_B,Central,2025-02-14,2025-02-15,1,1,1
510152,108870,SKU0018,WH_C,West,2025-02-14,2025-02-17,3,1,1
510153,108871,SKU0079,WH_C,West,2025-02-16,2025-02-17,3,2,1
510154,108872,SKU0003,WH_C,West,2025-02-14,2025-02-16,2,1,1
510155,108873,SKU0029,WH_B,Central,2025-02-14,2025-02-16,2,11,1
510156,108874,SKU0081,WH_A,East,2025-02-17,2025-02-20,6,2,1
510157,108875,SKU0052,WH_C,West,2025-02-14,2025-02-15,1,1,1
510158,108875,SKU0052,WH_C,West,2025-02-14,2025-02-21,7,2,0
510159,108876,SKU0054,WH_C,West,2025-02-15,2025-02-16,2,1,1
510160,108877,SKU0068,WH_C,West,2025-02-14,2025-02-16,2,1,1
510161,108877,SKU0068,WH_C,West,2025-02-14,2025-02-15,1,1,1
510162,108878,SKU0007,WH_A,East,2025-02-14,2025-02-17,3,1,1
510163,108879,SKU0029,WH_B,Central,2025-02-14,2025-02-16,2,1,1
510164,108879,SKU0029,WH_B,Central,2025-02-15,2025-02-16,2,3,1
510165,108880,SKU0032,WH_B,Central,2025-02-16,2025-02-17,3,2,1
510166,108881,SKU0096,WH_B,Central,2025-02-15,2025-02-16,2,10,1
510167,108882,SKU0022,WH_B,Central,2025-02-16,2025-02-18,4,1,1
510168,108883,SKU0070,WH_A,East,2025-02-15,2025-02-16,2,4,1
510169,108884,SKU0004,WH_B,Central,2025-02-14,2025-02-16,2,1,1
510170,108885,SKU0066,WH_C,West,2025-02-15,2025-02-16,2,7,1
510171,108886,SKU0096,WH_B,Central,2025-02-16,2025-02-18,4,1,1
510172,108887,SKU0005,WH_B,Central,2025-02-14,2025-02-15,1,1,1
510173,108888,SKU0097,WH_C,West,2025-02-14,2025-02-16,2,1,1
510174,108889,SKU0077,WH_B,Central,2025-02-18,2025-02-19,5,1,1
510175,108890,SKU0028,WH_B,Central,2025-02-14,2025-02-16,2,3,1
510176,108891,SKU0096,WH_A,East,2025-02-14,2025-02-15,1,2,1
510177,108891,SKU0096,WH_A,East,2025-02-14,2025-02-15,1,2,1
510178,108892,SKU0030,WH_A,East,2025-02-15,2025-02-20,6,4,0
510179,108893,SKU0071,WH_B,Central,2025-02-18,2025-02-20,6,2,1
510180,108894,SKU0033,WH_B,Central,2025-02-14,2025-02-17,3,2,1
510181,108895,SKU0003,WH_C,West,2025-02-15,2025-02-17,3,1,1
510182,108896,SKU0068,WH_A,East,2025-02-15,2025-02-19,5,3,0
510183,108897,SKU0020,WH_C,West,2025-02-14,2025-02-15,1,3,1
510184,108898,SKU0078,WH_C,West,2025-02-15,2025-02-18,4,1,1
510185,108898,SKU0078,WH_C,West,2025-02-15,2025-02-17,3,0,1
510186,108899,SKU0100,WH_C,West,2025-02-14,2025-02-17,3,1,1
510187,108900,SKU0099,WH_B,Central,2025-02-14,2025-02-15,1,1,1
510188,108901,SKU0014,WH_C,West,2025-02-14,2025-02-20,6,1,0
510189,108902,SKU0070,WH_B,Central,2025-02-15,2025-02-17,3,1,1
510190,108903,SKU0043,WH_A,East,2025-02-14,2025-02-18,4,1,0
510191,108904,SKU0051,WH_B,Central,2025-02-15,2025-02-16,2,1,1
510192,108905,SKU0024,WH_A,East,2025-02-14,2025-02-16,2,1,1
510193,108906,SKU0077,WH_B,Central,2025-02-16,2025-02-17,3,1,1
510194,108907,SKU0013,WH_C,West,2025-02-14,2025-02-16,2,1,1
510195,108908,SKU0013,WH_C,West,2025-02-14,2025-02-18,4,1,0
510196,108909,SKU0085,WH_C,West,2025-02-15,2025-02-17,3,1,1
510197,108910,SKU0016,WH_A,East,2025-02-14,2025-02-16,2,2,1
510198,108911,SKU0017,WH_C,West,2025-02-15,2025-02-16,2,4,1
510199,108912,SKU0005,WH_C,West,2025-02-14,2025-02-16,2,1,1
510200,108913,SKU0080,WH_C,West,2025-02-16,2025-02-18,4,2,1
510201,108914,SKU0063,WH_B,Central,2025-02-15,2025-02-20,6,1,0
510202,108915,SKU0048,WH_C,West,2025-02-14,2025-02-16,2,1,1
510203,108916,SKU0029,WH_A,East,2025-02-16,2025-02-18,4,2,1
510204,108917,SKU0004,WH_C,West,2025-02-15,2025-02-18,4,1,1
510205,108918,SKU0014,WH_C,West,2025-02-15,2025-02-17,3,1,1
510206,108919,SKU0009,WH_B,Central,2025-02-14,2025-02-16,2,1,1
510207,108920,SKU0040,WH_B,Central,2025-02-14,2025-02-15,1,1,1
510208,108921,SKU0047,WH_B,Central,2025-02-15,2025-02-17,3,1,1
510209,108922,SKU0075,WH_A,East,2025-02-15,2025-02-17,3,1,1
510210,108923,SKU0079,WH_B,Central,2025-02-16,2025-02-18,4,1,1
510211,108924,SKU0029,WH_B,Central,2025-02-14,2025-02-15,1,3,1
510212,108925,SKU0072,WH_C,West,2025-02-15,2025-02-16,2,1,1
510213,108926,SKU0011,WH_C,West,2025-02-15,2025-02-18,4,1,1
510214,108927,SKU0083,WH_C,West,2025-02-14,2025-02-16,2,1,1
510215,108928,SKU0013,WH_A,East,2025-02-14,2025-02-16,2,6,1
510216,108929,SKU0036,WH_C,West,2025-02-16,2025-02-20,6,3,0
510217,108930,SKU0075,WH_A,East,2025-02-14,2025-02-15,1,1,1
510218,108931,SKU0020,WH_A,East,2025-02-15,2025-02-17,3,1,1
510219,108932,SKU0028,WH_A,East,2025-02-14,2025-02-18,4,3,0
510220,108933,SKU0054,WH_C,West,2025-02-14,2025-02-15,1,4,1
510221,108934,SKU0047,WH_C,West,2025-02-15,2025-02-16,2,1,1
510222,108935,SKU0028,WH_C,West,2025-02-14,2025-02-16,2,1,1
510223,108936,SKU0027,WH_A,East,2025-02-14,2025-02-15,1,1,1
510224,108937,SKU0045,WH_A,East,2025-02-15,2025-02-18,4,4,1
510225,108938,SKU0080,WH_C,West,2025-02-15,2025-02-16,2,1,1
510226,108939,SKU0041,WH_B,Central,2025-02-14,2025-02-15,1,2,1
510227,108940,SKU0020,WH_C,West,2025-02-16,2025-02-19,5,1,1
510228,108941,SKU0048,WH_A,East,2025-02-14,2025-02-15,1,4,1
510229,108942,SKU0047,WH_A,East,2025-02-18,2025-02-19,5,1,1
510230,108943,SKU0012,WH_C,West,2025-02-16,2025-02-22,8,2,0
510231,108944,SKU0098,WH_B,Central,2025-02-14,2025-02-16,2,2,1
510232,108945,SKU0045,WH_C,West,2025-02-15,2025-02-17,3,3,1
510233,108946,SKU0075,WH_B,Central,2025-02-14,2025-02-16,2,1,1
510234,108947,SKU0021,WH_C,West,2025-02-14,2025-02-15,1,15,1
510235,108948,SKU0066,WH_B,Central,2025-02-15,2025-02-17,3,3,1
510236,108949,SKU0003,WH_A,East,2025-02-14,2025-02-20,6,2,0
510237,108950,SKU0025,WH_B,Central,2025-02-14,2025-02-19,5,3,0
510238,108951,SKU0052,WH_C,West,2025-02-14,2025-02-15,1,1,1
510239,108952,SKU0073,WH_A,East,2025-02-14,2025-02-16,2,2,1
510240,108953,SKU0028,WH_C,West,2025-02-15,2025-02-20,6,1,0
510241,108954,SKU0016,WH_A,East,2025-02-15,2025-02-16,2,5,1
510242,108955,SKU0025,WH_C,West,2025-02-14,2025-02-15,1,3,1
510243,108956,SKU0046,WH_B,Central,2025-02-15,2025-02-16,2,7,1
510244,108957,SKU0094,WH_A,East,2025-02-14,2025-02-16,2,1,1
510245,108957,SKU0094,WH_A,East,2025-02-14,2025-02-15,1,0,1
510246,108958,SKU0011,WH_C,West,2025-02-14,2025-02-16,2,1,1
510247,108959,SKU0034,WH_C,West,2025-02-14,2025-02-17,3,1,1
510248,108960,SKU0054,WH_B,Central,2025-02-15,2025-02-17,3,1,1
510249,108960,SKU0054,WH_B,Central,2025-02-15,2025-02-16,2,8,1
510250,108961,SKU0022,WH_A,East,2025-02-18,2025-02-20,6,2,1
510251,108962,SKU0016,WH_B,Central,2025-02-15,2025-02-16,2,5,1
510252,108963,SKU0076,WH_C,West,2025-02-14,2025-02-16,2,1,1
510253,108964,SKU0004,WH_A,East,2025-02-14,2025-02-17,3,7,1
510254,108965,SKU0089,WH_B,Central,2025-02-14,2025-02-16,2,1,1
510255,108966,SKU0033,WH_B,Central,2025-02-14,2025-02-19,5,4,0
510256,108967,SKU0027,WH_C,West,2025-02-16,2025-02-18,4,5,1
510257,108968,SKU0029,WH_C,West,2025-02-14,2025-02-18,4,1,0
510258,108969,SKU0029,WH_A,East,2025-02-15,2025-02-18,4,1,1
510259,108970,SKU0001,WH_C,West,2025-02-15,2025-02-19,5,1,0
510260,108971,SKU0069,WH_B,Central,2025-02-14,2025-02-18,4,3,0
510261,108972,SKU0060,WH_B,Central,2025-02-15,2025-02-17,3,1,1
510262,108973,SKU0034,WH_B,Central,2025-02-17,2025-02-19,5,1,1
510263,108974,SKU0001,WH_C,West,2025-02-15,2025-02-17,3,2,1
510264,108975,SKU0041,WH_B,Central,2025-02-17,2025-02-19,5,1,1
510265,108975,SKU0041,WH_B,Central,2025-02-14,2025-02-16,2,0,1
510266,108976,SKU0066,WH_B,Central,2025-02-16,2025-02-18,4,1,1
510267,108977,SKU0045,WH_A,East,2025-02-14,2025-02-16,2,3,1
510268,108978,SKU0059,WH_C,West,2025-02-14,2025-02-16,2,3,1
510269,108979,SKU0050,WH_B,Central,2025-02-14,2025-02-15,1,1,1
510270,108980,SKU0094,WH_B,Central,2025-02-15,2025-02-16,2,3,1
510271,108981,SKU0072,WH_C,West,2025-02-14,2025-02-18,4,3,0
510272,108982,SKU0071,WH_C,West,2025-02-17,2025-02-23,9,1,0
510273,108982,SKU0071,WH_C,West,2025-02-17,2025-02-23,9,0,0
510274,108983,SKU0059,WH_B,Central,2025-02-16,2025-02-19,5,1,1
510275,108984,SKU0072,WH_B,Central,2025-02-14,2025-02-16,2,1,1
510276,108984,SKU0072,WH_B,Central,2025-02-14,2025-02-17,3,0,1
510277,108985,SKU0074,WH_C,West,2025-02-14,2025-02-16,2,2,1
510278,108986,SKU0095,WH_B,Central,2025-02-16,2025-02-19,5,1,1
510279,108987,SKU0082,WH_B,Central,2025-02-14,2025-02-16,2,1,1
510280,108988,SKU0091,WH_B,Central,2025-02-16,2025-02-19,5,4,1
510281,108989,SKU0099,WH_C,West,2025-02-15,2025-02-18,4,1,1
510282,108989,SKU0099,WH_C,West,2025-02-14,2025-02-16,2,2,1
510283,108990,SKU0070,WH_B,Central,2025-02-14,2025-02-15,1,2,1
510284,108991,SKU0088,WH_A,East,2025-02-15,2025-02-16,2,14,1
510285,108992,SKU0076,WH_B,Central,2025-02-14,2025-02-16,2,1,1
510286,108993,SKU0014,WH_A,East,2025-02-15,2025-02-17,3,1,1
510287,108994,SKU0075,WH_A,East,2025-02-15,2025-02-19,5,1,0
510288,108994,SKU0075,WH_A,East,2025-02-14,2025-02-15,1,1,1
510289,108995,SKU0034,WH_C,West,2025-02-15,2025-02-17,3,1,1
510290,108996,SKU0072,WH_C,West,2025-02-14,2025-02-16,2,1,1
510291,108997,SKU0027,WH_B,Central,2025-02-15,2025-02-18,4,1,1
510292,108998,SKU0029,WH_A,East,2025-02-15,2025-02-16,2,4,1
510293,108999,SKU0033,WH_C,West,2025-02-14,2025-02-16,2,1,1
510294,109000,SKU0020,WH_C,West,2025-02-15,2025-02-17,3,8,1
510295,109001,SKU0018,WH_C,West,2025-02-15,2025-02-20,6,1,0
510296,109002,SKU0092,WH_A,East,2025-02-15,2025-02-16,2,3,1
510297,109003,SKU0037,WH_B,Central,2025-02-14,2025-02-15,1,1,1
510298,109004,SKU0047,WH_B,Central,2025-02-14,2025-02-15,1,3,1
510299,109005,SKU0053,WH_B,Central,2025-02-14,2025-02-17,3,3,1
510300,109006,SKU0051,WH_B,Central,2025-02-14,2025-02-16,2,3,1
510301,109007,SKU0084,WH_A,East,2025-02-14,2025-02-15,1,1,1
510302,109007,SKU0084,WH_A,East,2025-02-14,2025-02-17,3,1,1
510303,109008,SKU0083,WH_B,Central,2025-02-14,2025-02-16,2,1,1
510304,109008,SKU0083,WH_B,Central,2025-02-15,2025-02-19,5,3,0
510305,109009,SKU0034,WH_B,Central,2025-02-15,2025-02-17,3,6,1
510306,109010,SKU0019,WH_A,East,2025-02-16,2025-02-17,2,1,1
510307,109011,SKU0054,WH_B,Central,2025-02-16,2025-02-19,4,1,1
510308,109012,SKU0015,WH_A,East,2025-02-15,2025-02-16,1,1,1
510309,109013,SKU0100,WH_B,Central,2025-02-18,2025-02-25,10,1,0
510310,109014,SKU0087,WH_A,East,2025-02-16,2025-02-18,3,2,1
510311,109015,SKU0030,WH_A,East,2025-02-16,2025-02-19,4,8,1
510312,109016,SKU0071,WH_A,East,2025-02-16,2025-02-17,2,1,1
510313,109017,SKU0051,WH_B,Central,2025-02-18,2025-02-19,4,2,1
510314,109018,SKU0079,WH_A,East,2025-02-15,2025-02-16,1,1,1
510315,109019,SKU0073,WH_C,West,2025-02-15,2025-02-16,1,1,1
510316,109020,SKU0018,WH_A,East,2025-02-18,2025-02-21,6,2,1
510317,109021,SKU0016,WH_B,Central,2025-02-15,2025-02-18,3,1,1
510318,109022,SKU0030,WH_A,East,2025-02-15,2025-02-18,3,5,1
510319,109023,SKU0074,WH_B,Central,2025-02-16,2025-02-22,7,1,0
510320,109024,SKU0061,WH_B,Central,2025-02-15,2025-02-18,3,11,1
510321,109025,SKU0050,WH_B,Central,2025-02-15,2025-02-20,5,1,0
510322,109026,SKU0089,WH_A,East,2025-02-16,2025-02-17,2,1,1
510323,109027,SKU0047,WH_C,West,2025-02-15,2025-02-17,2,1,1
510324,109028,SKU0011,WH_C,West,2025-02-16,2025-02-17,2,2,1
510325,109029,SKU0002,WH_A,East,2025-02-15,2025-02-17,2,14,1
510326,109030,SKU0083,WH_A,East,2025-02-17,2025-02-24,9,1,0
510327,109031,SKU0058,WH_B,Central,2025-02-16,2025-02-17,2,2,1
510328,109032,SKU0094,WH_A,East,2025-02-17,2025-02-18,3,2,1
510329,109033,SKU0001,WH_C,West,2025-02-17,2025-02-19,4,4,1
510330,109034,SKU0016,WH_B,Central,2025-02-16,2025-02-17,2,1,1
510331,109035,SKU0004,WH_A,East,2025-02-15,2025-02-17,2,1,1
510332,109035,SKU0004,WH_A,East,2025-02-15,2025-02-17,2,1,1
510333,109036,SKU0093,WH_C,West,2025-02-16,2025-02-19,4,1,1
510334,109037,SKU0024,WH_C,West,2025-02-15,2025-02-16,1,3,1
510335,109038,SKU0086,WH_B,Central,2025-02-15,2025-02-18,3,1,1
510336,109038,SKU0086,WH_B,Central,2025-02-15,2025-02-17,2,1,1
510337,109039,SKU0088,WH_A,East,2025-02-15,2025-02-17,2,2,1
510338,109040,SKU0039,WH_A,East,2025-02-16,2025-02-18,3,1,1
510339,109040,SKU0039,WH_A,East,2025-02-16,2025-02-20,5,1,0
510340,109041,SKU0062,WH_B,Central,2025-02-16,2025-02-18,3,1,1
510341,109042,SKU0099,WH_A,East,2025-02-18,2025-02-20,5,4,1
510342,109043,SKU0083,WH_B,Central,2025-02-16,2025-02-18,3,1,1
510343,109044,SKU0086,WH_A,East,2025-02-17,2025-02-19,4,4,1
510344,109045,SKU0004,WH_B,Central,2025-02-16,2025-02-18,3,4,1
510345,109046,SKU0019,WH_C,West,2025-02-15,2025-02-20,5,1,0
510346,109047,SKU0087,WH_A,East,2025-02-17,2025-02-20,5,2,1
510347,109048,SKU0069,WH_C,West,2025-02-15,2025-02-17,2,8,1
510348,109049,SKU0014,WH_A,East,2025-02-15,2025-02-16,1,1,1
510349,109050,SKU0089,WH_A,East,2025-02-16,2025-02-17,2,1,1
510350,109050,SKU0089,WH_A,East,2025-02-15,2025-02-16,1,0,1
510351,109051,SKU0079,WH_B,Central,2025-02-15,2025-02-17,2,1,1
510352,109052,SKU0022,WH_B,Central,2025-02-15,2025-02-21,6,1,0
510353,109052,SKU0022,WH_B,Central,2025-02-18,2025-02-19,4,0,1
510354,109053,SKU0085,WH_A,East,2025-02-19,2025-02-20,5,8,1
510355,109054,SKU0038,WH_B,Central,2025-02-15,2025-02-19,4,2,0
510356,109054,SKU0038,WH_B,Central,2025-02-16,2025-02-17,2,2,1
510357,109055,SKU0049,WH_A,East,2025-02-16,2025-02-19,4,1,1
510358,109056,SKU0058,WH_B,Central,2025-02-18,2025-02-23,8,1,0
510359,109057,SKU0001,WH_C,West,2025-02-18,2025-02-20,5,4,1
510360,109058,SKU0039,WH_C,West,2025-02-16,2025-02-22,7,3,0
510361,109059,SKU0038,WH_A,East,2025-02-15,2025-02-18,3,4,1
510362,109060,SKU0089,WH_B,Central,2025-02-15,2025-02-22,7,4,0
510363,109061,SKU0019,WH_A,East,2025-02-15,2025-02-17,2,4,1
510364,109062,SKU0023,WH_C,West,2025-02-16,2025-02-17,2,1,1
510365,109063,SKU0017,WH_C,West,2025-02-16,2025-02-17,2,7,1
510366,109064,SKU0038,WH_A,East,2025-02-15,2025-02-16,1,4,1
510367,109065,SKU0013,WH_A,East,2025-02-16,2025-02-17,2,1,1
510368,109066,SKU0088,WH_A,East,2025-02-17,2025-02-18,3,7,1
510369,109066,SKU0088,WH_A,East,2025-02-16,2025-02-18,3,1,1
510370,109067,SKU0098,WH_C,West,2025-02-16,2025-02-17,2,1,1
510371,109068,SKU0022,WH_B,Central,2025-02-17,2025-02-20,5,1,1
510372,109069,SKU0069,WH_C,West,2025-02-15,2025-02-16,1,1,1
510373,109070,SKU0055,WH_C,West,2025-02-16,2025-02-23,8,1,0
510374,109070,SKU0055,WH_C,West,2025-02-15,2025-02-19,4,0,0
510375,109071,SKU0084,WH_C,West,2025-02-16,2025-02-17,2,1,1
510376,109072,SKU0029,WH_A,East,2025-02-15,2025-02-17,2,3,1
510377,109073,SKU0024,WH_A,East,2025-02-16,2025-02-21,6,1,0
510378,109074,SKU0014,WH_C,West,2025-02-17,2025-02-18,3,7,1
510379,109075,SKU0079,WH_C,West,2025-02-15,2025-02-16,1,3,1
510380,109076,SKU0009,WH_C,West,2025-02-18,2025-02-24,9,9,0
510381,109077,SKU0006,WH_C,West,2025-02-17,2025-02-24,9,6,0
510382,109078,SKU0060,WH_C,West,2025-02-15,2025-02-19,4,3,0
510383,109079,SKU0034,WH_C,West,2025-02-16,2025-02-19,4,7,1
510384,109080,SKU0097,WH_A,East,2025-02-16,2025-02-20,5,1,0
510385,109081,SKU0062,WH_B,Central,2025-02-15,2025-02-22,7,3,0
510386,109082,SKU0030,WH_B,Central,2025-02-15,2025-02-18,3,2,1
510387,109082,SKU0030,WH_B,Central,2025-02-17,2025-02-19,4,1,1
510388,109083,SKU0018,WH_C,West,2025-02-15,2025-02-17,2,2,1
510389,109084,SKU0093,WH_B,Central,2025-02-16,2025-02-17,2,1,1
510390,109085,SKU0080,WH_C,West,2025-02-16,2025-02-17,2,3,1
510391,109086,SKU0087,WH_B,Central,2025-02-17,2025-02-18,3,1,1
510392,109087,SKU0085,WH_C,West,2025-02-16,2025-02-19,4,1,1
510393,109087,SKU0085,WH_C,West,2025-02-19,2025-02-20,5,4,1
510394,109088,SKU0062,WH_A,East,2025-02-16,2025-02-17,2,1,1
510395,109089,SKU0071,WH_B,Central,2025-02-17,2025-02-21,6,3,0
510396,109090,SKU0058,WH_C,West,2025-02-17,2025-02-23,8,2,0
510397,109091,SKU0079,WH_C,West,2025-02-15,2025-02-18,3,3,1
510398,109092,SKU0049,WH_A,East,2025-02-15,2025-02-19,4,1,0
510399,109093,SKU0067,WH_B,Central,2025-02-15,2025-02-17,2,1,1
510400,109094,SKU0066,WH_C,West,2025-02-15,2025-02-19,4,1,0
510401,109095,SKU0076,WH_A,East,2025-02-15,2025-02-17,2,1,1
510402,109095,SKU0076,WH_A,East,2025-02-16,2025-02-17,2,0,1
510403,109096,SKU0028,WH_C,West,2025-02-16,2025-02-20,5,4,0
510404,109097,SKU0074,WH_C,West,2025-02-16,2025-02-21,6,8,0
510405,109098,SKU0070,WH_C,West,2025-02-15,2025-02-17,2,1,1
510406,109098,SKU0070,WH_C,West,2025-02-15,2025-02-17,2,3,1
510407,109099,SKU0008,WH_A,East,2025-02-19,2025-02-21,6,1,1
510408,109100,SKU0095,WH_A,East,2025-02-15,2025-02-18,3,3,1
510409,109100,SKU0095,WH_A,East,2025-02-15,2025-02-17,2,4,1
510410,109101,SKU0093,WH_A,East,2025-02-16,2025-02-18,3,1,1
510411,109101,SKU0093,WH_A,East,2025-02-16,2025-02-17,2,3,1
510412,109102,SKU0098,WH_C,West,2025-02-15,2025-02-17,2,4,1
510413,109103,SKU0053,WH_C,West,2025-02-15,2025-02-17,2,1,1
510414,109104,SKU0041,WH_B,Central,2025-02-18,2025-02-23,8,1,0
510415,109105,SKU0039,WH_A,East,2025-02-16,2025-02-17,2,1,1
510416,109106,SKU0063,WH_B,Central,2025-02-16,2025-02-18,3,1,1
510417,109107,SKU0062,WH_A,East,2025-02-18,2025-02-20,5,1,1
510418,109107,SKU0062,WH_A,East,2025-02-15,2025-02-16,1,0,1
510419,109108,SKU0018,WH_B,Central,2025-02-15,2025-02-16,1,1,1
510420,109109,SKU0044,WH_B,Central,2025-02-16,2025-02-17,2,1,1
510421,109109,SKU0044,WH_B,Central,2025-02-15,2025-02-17,2,0,1
510422,109110,SKU0065,WH_C,West,2025-02-15,2025-02-16,1,1,1
510423,109111,SKU0098,WH_B,Central,2025-02-15,2025-02-16,1,8,1
510424,109112,SKU0014,WH_C,West,2025-02-16,2025-02-22,7,3,0
510425,109113,SKU0073,WH_A,East,2025-02-16,2025-02-18,3,2,1
510426,109114,SKU0075,WH_B,Central,2025-02-17,2025-02-18,3,1,1
510427,109115,SKU0038,WH_B,Central,2025-02-15,2025-02-18,3,1,1
510428,109116,SKU0074,WH_B,Central,2025-02-16,2025-02-18,3,2,1
510429,109117,SKU0010,WH_C,West,2025-02-18,2025-02-20,5,3,1
510430,109117,SKU0010,WH_C,West,2025-02-16,2025-02-22,7,1,0
510431,109118,SKU0045,WH_C,West,2025-02-17,2025-02-18,3,1,1
510432,109119,SKU0090,WH_A,East,2025-02-15,2025-02-18,3,2,1
510433,109120,SKU0082,WH_C,West,2025-02-15,2025-02-19,4,6,0
510434,109121,SKU0062,WH_C,West,2025-02-16,2025-02-17,2,4,1
510435,109122,SKU0071,WH_A,East,2025-02-15,2025-02-17,2,1,1
510436,109123,SKU0003,WH_C,West,2025-02-15,2025-02-17,2,1,1
510437,109123,SKU0003,WH_C,West,2025-02-17,2025-02-18,3,0,1
510438,109124,SKU0046,WH_A,East,2025-02-18,2025-02-21,6,1,1
510439,109125,SKU0021,WH_B,Central,2025-02-17,2025-02-18,3,1,1
510440,109125,SKU0021,WH_B,Central,2025-02-15,2025-02-17,2,1,1
510441,109126,SKU0017,WH_C,West,2025-02-15,2025-02-17,2,1,1
510442,109127,SKU0059,WH_C,West,2025-02-17,2025-02-18,3,1,1
510443,109128,SKU0046,WH_A,East,2025-02-16,2025-02-23,8,1,0
510444,109128,SKU0046,WH_A,East,2025-02-16,2025-02-17,2,1,1
510445,109129,SKU0040,WH_B,Central,2025-02-16,2025-02-18,3,3,1
510446,109130,SKU0055,WH_B,Central,2025-02-15,2025-02-16,1,1,1
510447,109131,SKU0056,WH_B,Central,2025-02-16,2025-02-18,3,1,1
510448,109132,SKU0012,WH_A,East,2025-02-15,2025-02-21,6,1,0
510449,109132,SKU0012,WH_A,East,2025-02-16,2025-02-17,2,0,1
510450,109133,SKU0094,WH_A,East,2025-02-15,2025-02-18,3,1,1
510451,109134,SKU0068,WH_C,West,2025-02-16,2025-02-17,2,2,1
510452,109134,SKU0068,WH_C,West,2025-02-16,2025-02-17,2,1,1
510453,109135,SKU0082,WH_A,East,2025-02-15,2025-02-18,3,7,1
510454,109136,SKU0071,WH_A,East,2025-02-16,2025-02-19,4,1,1
510455,109137,SKU0027,WH_A,East,2025-02-15,2025-02-18,3,5,1
510456,109138,SKU0076,WH_B,Central,2025-02-15,2025-02-16,1,1,1
510457,109139,SKU0040,WH_C,West,2025-02-18,2025-02-19,4,3,1
510458,109140,SKU0066,WH_A,East,2025-02-16,2025-02-21,6,4,0
510459,109141,SKU0007,WH_A,East,2025-02-17,2025-02-22,7,1,0
510460,109141,SKU0007,WH_A,East,2025-02-19,2025-02-21,6,0,1
510461,109142,SKU0044,WH_B,Central,2025-02-15,2025-02-16,1,1,1
510462,109143,SKU0017,WH_C,West,2025-02-15,2025-02-18,3,2,1
510463,109144,SKU0027,WH_A,East,2025-02-15,2025-02-16,1,5,1
510464,109145,SKU0076,WH_B,Central,2025-02-16,2025-02-17,2,3,1
510465,109146,SKU0030,WH_C,West,2025-02-15,2025-02-19,4,4,0
510466,109147,SKU0075,WH_B,Central,2025-02-16,2025-02-18,3,1,1
510467,109148,SKU0071,WH_B,Central,2025-02-16,2025-02-17,2,1,1
510468,109149,SKU0029,WH_B,Central,2025-02-15,2025-02-16,1,1,1
510469,109150,SKU0004,WH_B,Central,2025-02-15,2025-02-16,1,5,1
510470,109151,SKU0044,WH_B,Central,2025-02-15,2025-02-17,2,1,1
510471,109151,SKU0044,WH_B,Central,2025-02-15,2025-02-16,1,1,1
510472,109152,SKU0047,WH_A,East,2025-02-15,2025-02-17,2,4,1
510473,109153,SKU0049,WH_B,Central,2025-02-17,2025-02-24,9,3,0
510474,109154,SKU0018,WH_B,Central,2025-02-15,2025-02-21,6,1,0
510475,109155,SKU0010,WH_C,West,2025-02-15,2025-02-17,2,1,1
510476,109156,SKU0023,WH_C,West,2025-02-17,2025-02-19,4,1,1
510477,109157,SKU0036,WH_A,East,2025-02-15,2025-02-16,1,1,1
510478,109158,SKU0030,WH_A,East,2025-02-17,2025-02-22,7,1,0
510479,109159,SKU0062,WH_A,East,2025-02-15,2025-02-18,3,4,1
510480,109160,SKU0061,WH_B,Central,2025-02-15,2025-02-19,4,1,0
510481,109161,SKU0066,WH_A,East,2025-02-17,2025-02-20,5,2,1
510482,109162,SKU0006,WH_C,West,2025-02-17,2025-02-19,4,6,1
510483,109163,SKU0091,WH_C,West,2025-02-15,2025-02-20,5,1,0
510484,109163,SKU0091,WH_C,West,2025-02-15,2025-02-16,1,0,1
510485,109164,SKU0051,WH_C,West,2025-02-15,2025-02-17,2,1,1
510486,109165,SKU0005,WH_B,Central,2025-02-15,2025-02-18,3,1,1
510487,109166,SKU0026,WH_B,Central,2025-02-15,2025-02-18,3,4,1
510488,109167,SKU0001,WH_A,East,2025-02-15,2025-02-19,4,4,0
510489,109168,SKU0026,WH_B,Central,2025-02-15,2025-02-19,4,6,0
510490,109168,SKU0026,WH_B,Central,2025-02-15,2025-02-17,2,7,1
510491,109169,SKU0081,WH_B,Central,2025-02-15,2025-02-17,2,4,1
510492,109170,SKU0074,WH_C,West,2025-02-15,2025-02-17,2,1,1
510493,109171,SKU0008,WH_C,West,2025-02-15,2025-02-16,1,1,1
510494,109172,SKU0075,WH_C,West,2025-02-16,2025-02-18,3,3,1
510495,109173,SKU0078,WH_C,West,2025-02-16,2025-02-18,3,2,1
510496,109174,SKU0095,WH_A,East,2025-02-15,2025-02-16,1,1,1
510497,109175,SKU0088,WH_C,West,2025-02-16,2025-02-18,3,1,1
510498,109176,SKU0100,WH_B,Central,2025-02-15,2025-02-19,4,1,0
510499,109177,SKU0031,WH_C,West,2025-02-15,2025-02-20,5,1,0
510500,109178,SKU0099,WH_B,Central,2025-02-17,2025-02-22,7,8,0
510501,109179,SKU0089,WH_A,East,2025-02-16,2025-02-20,5,1,0
510502,109180,SKU0069,WH_B,Central,2025-02-19,2025-02-21,6,4,1
510503,109180,SKU0069,WH_B,Central,2025-02-17,2025-02-22,7,5,0
510504,109181,SKU0029,WH_B,Central,2025-02-15,2025-02-17,2,7,1
510505,109182,SKU0095,WH_A,East,2025-02-16,2025-02-17,2,4,1
510506,109183,SKU0076,WH_A,East,2025-02-15,2025-02-17,2,2,1
510507,109184,SKU0084,WH_C,West,2025-02-15,2025-02-16,1,16,1
510508,109185,SKU0089,WH_B,Central,2025-02-15,2025-02-18,3,6,1
510509,109186,SKU0029,WH_C,West,2025-02-16,2025-02-18,3,1,1
510510,109187,SKU0030,WH_A,East,2025-02-15,2025-02-19,4,6,0
510511,109188,SKU0014,WH_C,West,2025-02-16,2025-02-22,7,4,0
510512,109188,SKU0014,WH_C,West,2025-02-15,2025-02-16,1,5,1
510513,109189,SKU0024,WH_B,Central,2025-02-15,2025-02-16,1,6,1
510514,109190,SKU0058,WH_C,West,2025-02-16,2025-02-17,1,9,1
510515,109191,SKU0090,WH_C,West,2025-02-16,2025-02-17,1,8,1
510516,109192,SKU0030,WH_B,Central,2025-02-17,2025-02-20,4,2,1
510517,109193,SKU0097,WH_C,West,2025-02-16,2025-02-21,5,2,0
510518,109194,SKU0060,WH_C,West,2025-02-16,2025-02-17,1,1,1
510519,109194,SKU0060,WH_C,West,2025-02-16,2025-02-17,1,9,1
510520,109195,SKU0075,WH_A,East,2025-02-17,2025-02-18,2,1,1
510521,109196,SKU0028,WH_C,West,2025-02-17,2025-02-18,2,1,1
510522,109197,SKU0083,WH_B,Central,2025-02-16,2025-02-21,5,1,0
510523,109198,SKU0057,WH_C,West,2025-02-16,2025-02-20,4,1,0
510524,109198,SKU0057,WH_C,West,2025-02-16,2025-02-23,7,0,0
510525,109199,SKU0031,WH_B,Central,2025-02-20,2025-02-24,8,1,0
510526,109200,SKU0066,WH_B,Central,2025-02-18,2025-02-22,6,2,0
510527,109201,SKU0029,WH_C,West,2025-02-17,2025-02-21,5,1,0
510528,109202,SKU0020,WH_B,Central,2025-02-17,2025-02-21,5,2,0
510529,109203,SKU0017,WH_C,West,2025-02-19,2025-02-22,6,8,1
510530,109204,SKU0007,WH_C,West,2025-02-19,2025-02-21,5,9,1
510531,109205,SKU0099,WH_C,West,2025-02-19,2025-02-20,4,5,1
510532,109206,SKU0057,WH_A,East,2025-02-16,2025-02-17,1,3,1
510533,109207,SKU0011,WH_A,East,2025-02-16,2025-02-20,4,2,0
510534,109208,SKU0088,WH_B,Central,2025-02-16,2025-02-17,1,1,1
510535,109209,SKU0073,WH_A,East,2025-02-18,2025-02-19,3,1,1
510536,109210,SKU0016,WH_C,West,2025-02-16,2025-02-18,2,1,1
510537,109210,SKU0016,WH_C,West,2025-02-16,2025-02-17,1,2,1
510538,109211,SKU0097,WH_B,Central,2025-02-17,2025-02-19,3,1,1
510539,109212,SKU0090,WH_B,Central,2025-02-16,2025-02-18,2,1,1
510540,109213,SKU0090,WH_B,Central,2025-02-17,2025-02-18,2,1,1
510541,109214,SKU0023,WH_B,Central,2025-02-16,2025-02-19,3,2,1
510542,109215,SKU0087,WH_A,East,2025-02-16,2025-02-22,6,1,0
510543,109216,SKU0094,WH_A,East,2025-02-16,2025-02-19,3,1,1
510544,109216,SKU0094,WH_A,East,2025-02-16,2025-02-18,2,0,1
510545,109217,SKU0068,WH_A,East,2025-02-16,2025-02-17,1,5,1
510546,109218,SKU0032,WH_C,West,2025-02-18,2025-02-20,4,1,1
510547,109219,SKU0005,WH_B,Central,2025-02-16,2025-02-22,6,2,0
510548,109220,SKU0083,WH_A,East,2025-02-16,2025-02-17,1,1,1
510549,109221,SKU0067,WH_B,Central,2025-02-16,2025-02-23,7,1,0
510550,109222,SKU0084,WH_C,West,2025-02-17,2025-02-21,5,5,0
510551,109223,SKU0072,WH_B,Central,2025-02-16,2025-02-17,1,2,1
510552,109224,SKU0085,WH_A,East,2025-02-17,2025-02-18,2,1,1
510553,109225,SKU0039,WH_C,West,2025-02-17,2025-02-22,6,3,0
510554,109226,SKU0045,WH_A,East,2025-02-19,2025-02-21,5,5,1
510555,109227,SKU0062,WH_C,West,2025-02-17,2025-02-18,2,4,1
510556,109228,SKU0070,WH_A,East,2025-02-19,2025-02-21,5,1,1
510557,109229,SKU0068,WH_B,Central,2025-02-16,2025-02-20,4,20,0
510558,109230,SKU0082,WH_B,Central,2025-02-16,2025-02-18,2,1,1
510559,109231,SKU0048,WH_B,Central,2025-02-18,2025-02-19,3,3,1
510560,109232,SKU0071,WH_B,Central,2025-02-17,2025-02-18,2,3,1
510561,109232,SKU0071,WH_B,Central,2025-02-16,2025-02-17,1,3,1
510562,109233,SKU0013,WH_C,West,2025-02-17,2025-02-18,2,1,1
510563,109234,SKU0043,WH_C,West,2025-02-17,2025-02-20,4,1,1
510564,109234,SKU0043,WH_C,West,2025-02-17,2025-02-18,2,0,1
510565,109235,SKU0042,WH_B,Central,2025-02-17,2025-02-20,4,3,1
510566,109236,SKU0032,WH_B,Central,2025-02-16,2025-02-17,1,5,1
510567,109237,SKU0031,WH_B,Central,2025-02-17,2025-02-19,3,3,1
510568,109238,SKU0025,WH_B,Central,2025-02-16,2025-02-18,2,1,1
510569,109239,SKU0051,WH_A,East,2025-02-17,2025-02-20,4,1,1
510570,109240,SKU0012,WH_A,East,2025-02-16,2025-02-17,1,5,1
510571,109241,SKU0058,WH_B,Central,2025-02-17,2025-02-19,3,1,1
510572,109242,SKU0058,WH_B,Central,2025-02-18,2025-02-20,4,1,1
510573,109242,SKU0058,WH_B,Central,2025-02-16,2025-02-18,2,0,1
510574,109243,SKU0062,WH_C,West,2025-02-17,2025-02-19,3,1,1
510575,109244,SKU0029,WH_B,Central,2025-02-16,2025-02-17,1,3,1
510576,109245,SKU0041,WH_A,East,2025-02-16,2025-02-17,1,1,1
510577,109245,SKU0041,WH_A,East,2025-02-16,2025-02-18,2,0,1
510578,109246,SKU0032,WH_A,East,2025-02-17,2025-02-19,3,1,1
510579,109246,SKU0032,WH_A,East,2025-02-16,2025-02-17,1,0,1
510580,109247,SKU0061,WH_A,East,2025-02-18,2025-02-21,5,8,1
510581,109248,SKU0091,WH_A,East,2025-02-16,2025-02-17,1,10,1
510582,109249,SKU0042,WH_C,West,2025-02-18,2025-02-19,3,4,1
510583,109250,SKU0021,WH_B,Central,2025-02-17,2025-02-18,2,5,1
510584,109251,SKU0077,WH_B,Central,2025-02-18,2025-02-20,4,1,1
510585,109252,SKU0064,WH_A,East,2025-02-16,2025-02-17,1,2,1
510586,109253,SKU0074,WH_A,East,2025-02-16,2025-02-18,2,9,1
510587,109254,SKU0025,WH_C,West,2025-02-17,2025-02-18,2,4,1
510588,109255,SKU0006,WH_A,East,2025-02-16,2025-02-18,2,2,1
510589,109255,SKU0006,WH_A,East,2025-02-16,2025-02-19,3,4,1
510590,109256,SKU0047,WH_B,Central,2025-02-16,2025-02-19,3,7,1
510591,109257,SKU0043,WH_B,Central,2025-02-16,2025-02-18,2,1,1
510592,109258,SKU0069,WH_B,Central,2025-02-16,2025-02-17,1,3,1
510593,109259,SKU0029,WH_C,West,2025-02-16,2025-02-22,6,1,0
510594,109260,SKU0004,WH_A,East,2025-02-16,2025-02-17,1,3,1
510595,109261,SKU0055,WH_C,West,2025-02-16,2025-02-19,3,9,1
510596,109262,SKU0098,WH_B,Central,2025-02-16,2025-02-17,1,1,1
510597,109263,SKU0074,WH_B,Central,2025-02-16,2025-02-17,1,1,1
510598,109264,SKU0037,WH_A,East,2025-02-16,2025-02-20,4,1,0
510599,109265,SKU0073,WH_B,Central,2025-02-16,2025-02-18,2,5,1
510600,109266,SKU0092,WH_A,East,2025-02-17,2025-02-19,3,2,1
510601,109267,SKU0068,WH_A,East,2025-02-16,2025-02-17,1,1,1
510602,109268,SKU0085,WH_B,Central,2025-02-18,2025-02-22,6,1,0
510603,109269,SKU0056,WH_C,West,2025-02-17,2025-02-19,3,1,1
510604,109270,SKU0038,WH_C,West,2025-02-16,2025-02-19,3,1,1
510605,109271,SKU0067,WH_B,Central,2025-02-17,2025-02-19,3,1,1
510606,109272,SKU0046,WH_B,Central,2025-02-17,2025-02-18,2,1,1
510607,109273,SKU0043,WH_C,West,2025-02-16,2025-02-18,2,1,1
510608,109274,SKU0021,WH_B,Central,2025-02-16,2025-02-17,1,2,1
510609,109275,SKU0088,WH_B,Central,2025-02-17,2025-02-18,2,1,1
510610,109276,SKU0089,WH_A,East,2025-02-19,2025-02-21,5,1,1
510611,109277,SKU0079,WH_B,Central,2025-02-17,2025-02-19,3,1,1
510612,109278,SKU0015,WH_A,East,2025-02-16,2025-02-21,5,1,0
510613,109279,SKU0063,WH_B,Central,2025-02-16,2025-02-17,1,1,1
510614,109279,SKU0063,WH_B,Central,2025-02-16,2025-02-17,1,2,1
510615,109280,SKU0009,WH_A,East,2025-02-18,2025-02-19,3,1,1
510616,109281,SKU0039,WH_C,West,2025-02-16,2025-02-19,3,1,1
510617,109282,SKU0098,WH_B,Central,2025-02-16,2025-02-20,4,2,0
510618,109283,SKU0024,WH_B,Central,2025-02-16,2025-02-17,1,3,1
510619,109284,SKU0038,WH_C,West,2025-02-17,2025-02-19,3,1,1
510620,109285,SKU0085,WH_C,West,2025-02-16,2025-02-19,3,4,1
510621,109286,SKU0091,WH_B,Central,2025-02-16,2025-02-17,1,1,1
510622,109287,SKU0050,WH_A,East,2025-02-17,2025-02-22,6,5,0
510623,109288,SKU0079,WH_A,East,2025-02-16,2025-02-20,4,3,0
510624,109288,SKU0079,WH_A,East,2025-02-17,2025-02-18,2,3,1
510625,109289,SKU0038,WH_B,Central,2025-02-16,2025-02-21,5,2,0
510626,109290,SKU0008,WH_A,East,2025-02-16,2025-02-17,1,3,1
510627,109291,SKU0070,WH_B,Central,2025-02-17,2025-02-19,3,2,1
510628,109292,SKU0070,WH_C,West,2025-02-16,2025-02-17,1,2,1
510629,109293,SKU0096,WH_B,Central,2025-02-17,2025-02-19,3,1,1
510630,109293,SKU0096,WH_B,Central,2025-02-16,2025-02-22,6,0,0
510631,109294,SKU0042,WH_A,East,2025-02-17,2025-02-19,3,1,1
510632,109295,SKU0016,WH_B,Central,2025-02-17,2025-02-19,3,1,1
510633,109296,SKU0095,WH_B,Central,2025-02-16,2025-02-20,4,1,0
510634,109297,SKU0097,WH_C,West,2025-02-16,2025-02-23,7,1,0
510635,109298,SKU0026,WH_C,West,2025-02-16,2025-02-18,2,2,1
510636,109299,SKU0071,WH_C,West,2025-02-20,2025-02-21,5,1,1
510637,109300,SKU0034,WH_B,Central,2025-02-16,2025-02-19,3,2,1
510638,109301,SKU0027,WH_A,East,2025-02-16,2025-02-17,1,2,1
510639,109302,SKU0099,WH_B,Central,2025-02-16,2025-02-18,2,7,1
510640,109302,SKU0099,WH_B,Central,2025-02-17,2025-02-18,2,2,1
510641,109303,SKU0028,WH_C,West,2025-02-16,2025-02-17,1,1,1
510642,109304,SKU0019,WH_A,East,2025-02-16,2025-02-19,3,1,1
510643,109305,SKU0080,WH_B,Central,2025-02-16,2025-02-17,1,4,1
510644,109305,SKU0080,WH_B,Central,2025-02-18,2025-02-22,6,3,0
510645,109306,SKU0003,WH_B,Central,2025-02-17,2025-02-20,4,2,1
510646,109307,SKU0093,WH_C,West,2025-02-18,2025-02-21,5,1,1
510647,109308,SKU0048,WH_C,West,2025-02-16,2025-02-17,1,1,1
510648,109309,SKU0097,WH_A,East,2025-02-16,2025-02-18,2,2,1
510649,109310,SKU0052,WH_C,West,2025-02-16,2025-02-19,3,1,1
510650,109311,SKU0050,WH_A,East,2025-02-17,2025-02-20,4,1,1
510651,109311,SKU0050,WH_A,East,2025-02-16,2025-02-17,1,0,1
510652,109312,SKU0064,WH_C,West,2025-02-16,2025-02-18,2,1,1
510653,109313,SKU0036,WH_C,West,2025-02-18,2025-02-24,8,1,0
510654,109314,SKU0097,WH_A,East,2025-02-16,2025-02-18,2,2,1
510655,109315,SKU0020,WH_A,East,2025-02-16,2025-02-17,1,2,1
510656,109316,SKU0099,WH_C,West,2025-02-17,2025-02-24,8,1,0
510657,109317,SKU0054,WH_A,East,2025-02-17,2025-02-19,3,1,1
510658,109318,SKU0060,WH_A,East,2025-02-16,2025-02-19,3,1,1
510659,109318,SKU0060,WH_A,East,2025-02-18,2025-02-22,6,0,0
510660,109319,SKU0068,WH_A,East,2025-02-17,2025-02-19,3,7,1
510661,109320,SKU0057,WH_C,West,2025-02-18,2025-02-23,7,4,0
510662,109321,SKU0031,WH_B,Central,2025-02-19,2025-02-22,6,1,1
510663,109322,SKU0096,WH_B,Central,2025-02-16,2025-02-17,1,1,1
510664,109323,SKU0075,WH_A,East,2025-02-16,2025-02-17,1,2,1
510665,109324,SKU0005,WH_A,East,2025-02-16,2025-02-20,4,1,0
510666,109325,SKU0095,WH_C,West,2025-02-17,2025-02-18,2,9,1
510667,109326,SKU0059,WH_C,West,2025-02-16,2025-02-23,7,5,0
510668,109327,SKU0053,WH_A,East,2025-02-16,2025-02-18,2,1,1
510669,109328,SKU0070,WH_C,West,2025-02-16,2025-02-17,1,2,1
510670,109329,SKU0094,WH_A,East,2025-02-16,2025-02-18,2,1,1
510671,109330,SKU0030,WH_A,East,2025-02-17,2025-02-18,2,2,1
510672,109331,SKU0094,WH_A,East,2025-02-16,2025-02-18,2,5,1
510673,109332,SKU0041,WH_B,Central,2025-02-16,2025-02-21,5,2,0
510674,109333,SKU0068,WH_A,East,2025-02-16,2025-02-18,2,1,1
510675,109334,SKU0001,WH_A,East,2025-02-16,2025-02-19,3,1,1
510676,109335,SKU0029,WH_B,Central,2025-02-16,2025-02-17,1,5,1
510677,109336,SKU0058,WH_B,Central,2025-02-17,2025-02-24,8,5,0
510678,109337,SKU0063,WH_C,West,2025-02-18,2025-02-21,5,1,1
510679,109337,SKU0063,WH_C,West,2025-02-16,2025-02-20,4,1,0
510680,109338,SKU0085,WH_A,East,2025-02-18,2025-02-19,3,3,1
510681,109339,SKU0079,WH_C,West,2025-02-16,2025-02-18,2,4,1
510682,109339,SKU0079,WH_C,West,2025-02-16,2025-02-17,1,2,1
510683,109340,SKU0052,WH_C,West,2025-02-16,2025-02-18,2,1,1
510684,109341,SKU0032,WH_B,Central,2025-02-17,2025-02-22,6,11,0
510685,109342,SKU0090,WH_C,West,2025-02-16,2025-02-19,3,1,1
510686,109343,SKU0068,WH_B,Central,2025-02-17,2025-02-19,3,8,1
510687,109344,SKU0072,WH_B,Central,2025-02-19,2025-02-20,4,1,1
510688,109345,SKU0071,WH_A,East,2025-02-18,2025-02-23,7,1,0
510689,109346,SKU0073,WH_A,East,2025-02-16,2025-02-18,2,7,1
510690,109347,SKU0031,WH_B,Central,2025-02-17,2025-02-19,3,5,1
510691,109348,SKU0051,WH_A,East,2025-02-18,2025-02-21,5,2,1
510692,109348,SKU0051,WH_A,East,2025-02-16,2025-02-21,5,2,0
510693,109349,SKU0022,WH_B,Central,2025-02-16,2025-02-18,2,2,1
510694,109350,SKU0076,WH_B,Central,2025-02-17,2025-02-18,2,1,1
510695,109351,SKU0069,WH_B,Central,2025-02-17,2025-02-23,7,2,0
510696,109352,SKU0029,WH_C,West,2025-02-16,2025-02-18,2,4,1
510697,109353,SKU0027,WH_A,East,2025-02-16,2025-02-20,4,6,0
510698,109354,SKU0079,WH_B,Central,2025-02-19,2025-02-21,5,2,1
510699,109355,SKU0075,WH_C,West,2025-02-18,2025-02-19,3,1,1
510700,109356,SKU0003,WH_C,West,2025-02-16,2025-02-17,1,3,1
510701,109357,SKU0044,WH_C,West,2025-02-16,2025-02-20,4,1,0
510702,109358,SKU0066,WH_C,West,2025-02-17,2025-02-18,2,3,1
510703,109359,SKU0060,WH_B,Central,2025-02-17,2025-02-19,3,1,1
510704,109360,SKU0014,WH_A,East,2025-02-17,2025-02-19,3,4,1
510705,109361,SKU0028,WH_B,Central,2025-02-16,2025-02-18,2,1,1
510706,109362,SKU0068,WH_B,Central,2025-02-16,2025-02-17,1,2,1
510707,109363,SKU0018,WH_A,East,2025-02-16,2025-02-18,2,1,1
510708,109364,SKU0074,WH_B,Central,2025-02-16,2025-02-19,3,2,1
510709,109365,SKU0023,WH_A,East,2025-02-18,2025-02-21,5,1,1
510710,109365,SKU0023,WH_A,East,2025-02-16,2025-02-18,2,0,1
510711,109366,SKU0036,WH_A,East,2025-02-17,2025-02-21,5,3,0
510712,109367,SKU0092,WH_B,Central,2025-02-16,2025-02-18,2,3,1
510713,109368,SKU0084,WH_B,Central,2025-02-16,2025-02-19,3,5,1
510714,109369,SKU0044,WH_C,West,2025-02-16,2025-02-17,1,4,1
510715,109370,SKU0098,WH_A,East,2025-02-18,2025-02-21,4,15,1
510716,109371,SKU0076,WH_A,East,2025-02-17,2025-02-19,2,1,1
510717,109372,SKU0088,WH_C,West,2025-02-17,2025-02-24,7,5,0
510718,109373,SKU0040,WH_B,Central,2025-02-17,2025-02-21,4,6,0
510719,109374,SKU0040,WH_C,West,2025-02-17,2025-02-23,6,3,0
510720,109374,SKU0040,WH_C,West,2025-02-17,2025-02-18,1,5,1
510721,109375,SKU0034,WH_A,East,2025-02-17,2025-02-18,1,8,1
510722,109376,SKU0073,WH_C,West,2025-02-17,2025-02-19,2,1,1
510723,109377,SKU0080,WH_A,East,2025-02-20,2025-02-22,5,1,1
510724,109378,SKU0004,WH_C,West,2025-02-18,2025-02-21,4,1,1
510725,109379,SKU0028,WH_A,East,2025-02-17,2025-02-18,1,4,1
510726,109380,SKU0085,WH_A,East,2025-02-21,2025-02-22,5,11,1
510727,109381,SKU0018,WH_C,West,2025-02-17,2025-02-21,4,4,0
510728,109381,SKU0018,WH_C,West,2025-02-17,2025-02-24,7,1,0
510729,109382,SKU0041,WH_A,East,2025-02-17,2025-02-22,5,1,0
510730,109383,SKU0024,WH_C,West,2025-02-18,2025-02-20,3,1,1
510731,109384,SKU0024,WH_C,West,2025-02-18,2025-02-24,7,3,0
510732,109384,SKU0024,WH_C,West,2025-02-17,2025-02-21,4,2,0
510733,109385,SKU0009,WH_C,West,2025-02-18,2025-02-20,3,1,1
510734,109386,SKU0002,WH_C,West,2025-02-17,2025-02-18,1,2,1
510735,109387,SKU0049,WH_B,Central,2025-02-19,2025-02-20,3,4,1
510736,109388,SKU0083,WH_A,East,2025-02-18,2025-02-20,3,1,1
510737,109389,SKU0054,WH_A,East,2025-02-18,2025-02-23,6,5,0
510738,109390,SKU0051,WH_B,Central,2025-02-18,2025-02-20,3,13,1
510739,109391,SKU0046,WH_A,East,2025-02-19,2025-02-22,5,1,1
510740,109391,SKU0046,WH_A,East,2025-02-19,2025-02-22,5,0,1
510741,109392,SKU0067,WH_B,Central,2025-02-18,2025-02-19,2,3,1
510742,109393,SKU0004,WH_C,West,2025-02-17,2025-02-23,6,1,0
510743,109394,SKU0038,WH_A,East,2025-02-17,2025-02-18,1,1,1
510744,109395,SKU0069,WH_C,West,2025-02-17,2025-02-20,3,1,1
510745,109396,SKU0024,WH_A,East,2025-02-17,2025-02-20,3,1,1
510746,109397,SKU0085,WH_B,Central,2025-02-18,2025-02-19,2,1,1
510747,109398,SKU0064,WH_C,West,2025-02-17,2025-02-18,1,1,1
510748,109398,SKU0064,WH_C,West,2025-02-17,2025-02-19,2,0,1
510749,109399,SKU0048,WH_A,East,2025-02-17,2025-02-20,3,1,1
510750,109400,SKU0097,WH_B,Central,2025-02-20,2025-02-24,7,1,0
510751,109400,SKU0097,WH_B,Central,2025-02-18,2025-02-24,7,4,0
510752,109401,SKU0005,WH_B,Central,2025-02-18,2025-02-21,4,3,1
510753,109402,SKU0047,WH_A,East,2025-02-18,2025-02-24,7,3,0
510754,109403,SKU0065,WH_A,East,2025-02-18,2025-02-19,2,3,1
510755,109404,SKU0081,WH_C,West,2025-02-17,2025-02-18,1,1,1
510756,109404,SKU0081,WH_C,West,2025-02-18,2025-02-21,4,0,1
510757,109405,SKU0028,WH_C,West,2025-02-17,2025-02-21,4,3,0
510758,109406,SKU0094,WH_C,West,2025-02-21,2025-02-24,7,3,1
510759,109407,SKU0041,WH_C,West,2025-02-17,2025-02-19,2,3,1
510760,109408,SKU0095,WH_B,Central,2025-02-20,2025-02-21,4,1,1
510761,109408,SKU0095,WH_B,Central,2025-02-18,2025-02-19,2,0,1
510762,109409,SKU0066,WH_C,West,2025-02-19,2025-02-23,6,1,0
510763,109410,SKU0021,WH_B,Central,2025-02-17,2025-02-18,1,2,1
510764,109411,SKU0041,WH_C,West,2025-02-17,2025-02-18,1,1,1
510765,109412,SKU0002,WH_C,West,2025-02-18,2025-02-19,2,2,1
510766,109413,SKU0008,WH_A,East,2025-02-17,2025-02-20,3,1,1
510767,109414,SKU0017,WH_A,East,2025-02-18,2025-02-25,8,2,0
510768,109415,SKU0019,WH_A,East,2025-02-17,2025-02-18,1,1,1
510769,109416,SKU0040,WH_A,East,2025-02-18,2025-02-19,2,5,1
510770,109417,SKU0051,WH_B,Central,2025-02-17,2025-02-19,2,2,1
510771,109418,SKU0100,WH_A,East,2025-02-17,2025-02-18,1,3,1
510772,109419,SKU0009,WH_B,Central,2025-02-17,2025-02-21,4,6,0
510773,109420,SKU0005,WH_B,Central,2025-02-18,2025-02-20,3,1,1
510774,109421,SKU0021,WH_C,West,2025-02-17,2025-02-19,2,1,1
510775,109422,SKU0097,WH_A,East,2025-02-17,2025-02-20,3,1,1
510776,109423,SKU0015,WH_C,West,2025-02-19,2025-02-20,3,1,1
510777,109424,SKU0035,WH_B,Central,2025-02-17,2025-02-18,1,1,1
510778,109425,SKU0001,WH_A,East,2025-02-20,2025-02-24,7,1,0
510779,109425,SKU0001,WH_A,East,2025-02-17,2025-02-23,6,1,0
510780,109426,SKU0090,WH_B,Central,2025-02-17,2025-02-18,1,1,1
510781,109427,SKU0082,WH_C,West,2025-02-17,2025-02-20,3,1,1
510782,109428,SKU0063,WH_B,Central,2025-02-20,2025-02-21,4,1,1
510783,109429,SKU0053,WH_B,Central,2025-02-21,2025-02-22,5,1,1
510784,109430,SKU0023,WH_A,East,2025-02-18,2025-02-25,8,3,0
510785,109431,SKU0082,WH_C,West,2025-02-17,2025-02-19,2,2,1
510786,109432,SKU0079,WH_B,Central,2025-02-18,2025-02-20,3,3,1
510787,109433,SKU0050,WH_B,Central,2025-02-17,2025-02-19,2,3,1
510788,109433,SKU0050,WH_B,Central,2025-02-17,2025-02-22,5,6,0
510789,109434,SKU0046,WH_A,East,2025-02-17,2025-02-22,5,1,0
510790,109434,SKU0046,WH_A,East,2025-02-19,2025-02-20,3,1,1
510791,109435,SKU0081,WH_C,West,2025-02-17,2025-02-22,5,4,0
510792,109436,SKU0027,WH_B,Central,2025-02-17,2025-02-18,1,1,1
510793,109437,SKU0093,WH_B,Central,2025-02-18,2025-02-21,4,4,1
510794,109438,SKU0094,WH_B,Central,2025-02-18,2025-02-20,3,4,1
510795,109439,SKU0013,WH_A,East,2025-02-17,2025-02-22,5,4,0
510796,109440,SKU0100,WH_C,West,2025-02-17,2025-02-20,3,3,1
510797,109441,SKU0021,WH_A,East,2025-02-17,2025-02-19,2,7,1
510798,109442,SKU0091,WH_C,West,2025-02-17,2025-02-18,1,3,1
510799,109443,SKU0080,WH_A,East,2025-02-17,2025-02-23,6,5,0
510800,109444,SKU0044,WH_C,West,2025-02-17,2025-02-19,2,2,1
510801,109444,SKU0044,WH_C,West,2025-02-20,2025-02-21,4,1,1
510802,109445,SKU0024,WH_B,Central,2025-02-17,2025-02-22,5,1,0
510803,109446,SKU0002,WH_B,Central,2025-02-18,2025-02-20,3,2,1
510804,109447,SKU0017,WH_C,West,2025-02-18,2025-02-24,7,3,0
510805,109448,SKU0004,WH_A,East,2025-02-17,2025-02-18,1,1,1
510806,109449,SKU0074,WH_B,Central,2025-02-17,2025-02-18,1,1,1
510807,109450,SKU0035,WH_A,East,2025-02-17,2025-02-19,2,4,1
510808,109451,SKU0025,WH_B,Central,2025-02-20,2025-02-22,5,1,1
510809,109451,SKU0025,WH_B,Central,2025-02-20,2025-02-24,7,1,0
510810,109452,SKU0054,WH_B,Central,2025-02-18,2025-02-19,2,2,1
510811,109453,SKU0026,WH_A,East,2025-02-17,2025-02-18,1,1,1
510812,109454,SKU0059,WH_A,East,2025-02-17,2025-02-21,4,6,0
510813,109455,SKU0055,WH_B,Central,2025-02-18,2025-02-22,5,1,0
510814,109456,SKU0029,WH_C,West,2025-02-17,2025-02-18,1,1,1
510815,109457,SKU0085,WH_B,Central,2025-02-18,2025-02-21,4,1,1
510816,109458,SKU0073,WH_C,West,2025-02-17,2025-02-20,3,1,1
510817,109459,SKU0060,WH_A,East,2025-02-17,2025-02-22,5,1,0
510818,109460,SKU0088,WH_B,Central,2025-02-17,2025-02-18,1,1,1
510819,109460,SKU0088,WH_B,Central,2025-02-17,2025-02-22,5,2,0
510820,109461,SKU0083,WH_C,West,2025-02-19,2025-02-21,4,2,1
510821,109462,SKU0092,WH_A,East,2025-02-17,2025-02-18,1,3,1
510822,109463,SKU0072,WH_B,Central,2025-02-17,2025-02-18,1,2,1
510823,109464,SKU0072,WH_A,East,2025-02-17,2025-02-22,5,1,0
510824,109464,SKU0072,WH_A,East,2025-02-18,2025-02-22,5,1,0
510825,109465,SKU0058,WH_B,Central,2025-02-17,2025-02-19,2,1,1
510826,109466,SKU0073,WH_B,Central,2025-02-17,2025-02-19,2,3,1
510827,109467,SKU0037,WH_B,Central,2025-02-18,2025-02-19,2,1,1
510828,109468,SKU0077,WH_C,West,2025-02-17,2025-02-22,5,2,0
510829,109469,SKU0079,WH_C,West,2025-02-19,2025-02-22,5,2,1
510830,109469,SKU0079,WH_C,West,2025-02-17,2025-02-18,1,2,1
510831,109470,SKU0087,WH_C,West,2025-02-17,2025-02-18,1,5,1
510832,109471,SKU0019,WH_A,East,2025-02-17,2025-02-18,1,1,1
510833,109471,SKU0019,WH_A,East,2025-02-17,2025-02-18,1,1,1
510834,109472,SKU0052,WH_B,Central,2025-02-17,2025-02-19,2,3,1
510835,109473,SKU0042,WH_C,West,2025-02-17,2025-02-20,3,1,1
510836,109474,SKU0030,WH_C,West,2025-02-17,2025-02-19,2,5,1
510837,109475,SKU0053,WH_B,Central,2025-02-21,2025-02-22,5,1,1
510838,109476,SKU0090,WH_A,East,2025-02-17,2025-02-18,1,1,1
510839,109477,SKU0020,WH_C,West,2025-02-17,2025-02-21,4,1,0
510840,109478,SKU0079,WH_B,Central,2025-02-20,2025-02-24,7,6,0
510841,109479,SKU0100,WH_C,West,2025-02-18,2025-02-21,4,1,1
510842,109479,SKU0100,WH_C,West,2025-02-17,2025-02-18,1,0,1
510843,109480,SKU0037,WH_C,West,2025-02-17,2025-02-18,1,4,1
510844,109481,SKU0042,WH_A,East,2025-02-19,2025-02-20,3,1,1
510845,109481,SKU0042,WH_A,East,2025-02-17,2025-02-18,1,9,1
510846,109482,SKU0080,WH_B,Central,2025-02-20,2025-02-25,8,8,0
510847,109483,SKU0094,WH_C,West,2025-02-20,2025-02-26,9,1,0
510848,109483,SKU0094,WH_C,West,2025-02-18,2025-02-19,2,1,1
510849,109484,SKU0050,WH_A,East,2025-02-17,2025-02-19,2,14,1
510850,109485,SKU0079,WH_C,West,2025-02-18,2025-02-23,6,1,0
510851,109486,SKU0096,WH_B,Central,2025-02-17,2025-02-18,1,1,1
510852,109487,SKU0081,WH_B,Central,2025-02-17,2025-02-18,1,1,1
510853,109488,SKU0035,WH_C,West,2025-02-17,2025-02-18,1,3,1
510854,109489,SKU0071,WH_A,East,2025-02-17,2025-02-20,3,5,1
510855,109490,SKU0079,WH_B,Central,2025-02-18,2025-02-19,2,1,1
510856,109491,SKU0038,WH_A,East,2025-02-18,2025-02-21,4,1,1
510857,109492,SKU0027,WH_A,East,2025-02-18,2025-02-19,2,1,1
510858,109493,SKU0055,WH_B,Central,2025-02-17,2025-02-18,1,8,1
510859,109494,SKU0026,WH_B,Central,2025-02-17,2025-02-18,1,6,1
510860,109495,SKU0010,WH_B,Central,2025-02-18,2025-02-20,3,5,1
510861,109496,SKU0021,WH_C,West,2025-02-19,2025-02-21,4,6,1
510862,109497,SKU0004,WH_B,Central,2025-02-21,2025-02-24,7,1,1
510863,109497,SKU0004,WH_B,Central,2025-02-19,2025-02-25,8,0,0
510864,109498,SKU0049,WH_C,West,2025-02-17,2025-02-19,2,1,1
510865,109499,SKU0040,WH_B,Central,2025-02-19,2025-02-21,4,1,1
510866,109500,SKU0026,WH_B,Central,2025-02-17,2025-02-20,3,2,1
510867,109501,SKU0055,WH_A,East,2025-02-20,2025-02-23,6,1,1
510868,109501,SKU0055,WH_A,East,2025-02-18,2025-02-19,2,0,1
510869,109502,SKU0009,WH_A,East,2025-02-18,2025-02-19,2,1,1
510870,109503,SKU0050,WH_A,East,2025-02-20,2025-02-25,8,1,0
510871,109504,SKU0067,WH_C,West,2025-02-21,2025-02-22,5,2,1
510872,109505,SKU0068,WH_C,West,2025-02-18,2025-02-20,3,2,1
510873,109506,SKU0097,WH_C,West,2025-02-18,2025-02-20,3,2,1
510874,109506,SKU0097,WH_C,West,2025-02-21,2025-02-26,9,6,0
510875,109507,SKU0072,WH_A,East,2025-02-18,2025-02-20,3,1,1
510876,109508,SKU0041,WH_A,East,2025-02-18,2025-02-20,3,1,1
510877,109509,SKU0013,WH_C,West,2025-02-18,2025-02-22,5,1,0
510878,109510,SKU0085,WH_B,Central,2025-02-20,2025-02-24,7,1,0
510879,109511,SKU0094,WH_A,East,2025-02-17,2025-02-19,2,1,1
510880,109512,SKU0094,WH_B,Central,2025-02-18,2025-02-19,2,1,1
510881,109512,SKU0094,WH_B,Central,2025-02-17,2025-02-22,5,2,0
510882,109513,SKU0076,WH_C,West,2025-02-17,2025-02-18,1,3,1
510883,109514,SKU0095,WH_B,Central,2025-02-19,2025-02-20,3,4,1
510884,109515,SKU0042,WH_C,West,2025-02-19,2025-02-20,3,1,1
510885,109516,SKU0034,WH_B,Central,2025-02-17,2025-02-19,2,4,1
510886,109516,SKU0034,WH_B,Central,2025-02-18,2025-02-24,7,3,0
510887,109517,SKU0042,WH_B,Central,2025-02-17,2025-02-20,3,2,1
510888,109518,SKU0022,WH_C,West,2025-02-19,2025-02-21,4,1,1
510889,109518,SKU0022,WH_C,West,2025-02-20,2025-02-22,5,2,1
510890,109519,SKU0003,WH_C,West,2025-02-18,2025-02-21,4,1,1
510891,109520,SKU0087,WH_A,East,2025-02-17,2025-02-19,2,9,1
510892,109521,SKU0068,WH_A,East,2025-02-17,2025-02-19,2,1,1
510893,109521,SKU0068,WH_A,East,2025-02-19,2025-02-21,4,1,1
510894,109522,SKU0033,WH_B,Central,2025-02-18,2025-02-21,4,4,1
510895,109523,SKU0036,WH_A,East,2025-02-18,2025-02-20,3,1,1
510896,109524,SKU0062,WH_C,West,2025-02-17,2025-02-20,3,3,1
510897,109525,SKU0086,WH_A,East,2025-02-18,2025-02-20,3,1,1
510898,109526,SKU0027,WH_C,West,2025-02-17,2025-02-19,2,1,1
510899,109527,SKU0055,WH_B,Central,2025-02-18,2025-02-20,3,1,1
510900,109528,SKU0060,WH_B,Central,2025-02-17,2025-02-22,5,1,0
510901,109529,SKU0021,WH_A,East,2025-02-17,2025-02-20,3,1,1
510902,109530,SKU0075,WH_C,West,2025-02-18,2025-02-21,4,2,1
510903,109531,SKU0079,WH_C,West,2025-02-19,2025-02-20,3,1,1
510904,109532,SKU0084,WH_B,Central,2025-02-19,2025-02-22,5,3,1
510905,109533,SKU0006,WH_A,East,2025-02-18,2025-02-20,3,1,1
510906,109534,SKU0022,WH_A,East,2025-02-17,2025-02-19,2,5,1
510907,109535,SKU0038,WH_B,Central,2025-02-17,2025-02-22,5,3,0
510908,109536,SKU0098,WH_A,East,2025-02-18,2025-02-19,2,1,1
510909,109537,SKU0070,WH_B,Central,2025-02-17,2025-02-20,3,2,1
510910,109538,SKU0028,WH_C,West,2025-02-18,2025-02-20,3,6,1
510911,109539,SKU0025,WH_C,West,2025-02-17,2025-02-20,3,1,1
510912,109540,SKU0079,WH_A,East,2025-02-17,2025-02-21,4,1,0
510913,109541,SKU0028,WH_C,West,2025-02-18,2025-02-23,6,1,0
510914,109542,SKU0076,WH_C,West,2025-02-21,2025-02-22,5,1,1
510915,109543,SKU0097,WH_C,West,2025-02-18,2025-02-20,3,1,1
510916,109544,SKU0072,WH_A,East,2025-02-17,2025-02-19,2,1,1
510917,109545,SKU0014,WH_B,Central,2025-02-17,2025-02-18,1,3,1
510918,109546,SKU0092,WH_B,Central,2025-02-19,2025-02-20,3,5,1
510919,109547,SKU0075,WH_C,West,2025-02-18,2025-02-19,2,1,1
510920,109548,SKU0095,WH_B,Central,2025-02-17,2025-02-24,7,1,0
510921,109549,SKU0008,WH_A,East,2025-02-17,2025-02-20,3,3,1
510922,109550,SKU0091,WH_B,Central,2025-02-18,2025-02-20,3,5,1
510923,109551,SKU0047,WH_A,East,2025-02-17,2025-02-18,1,1,1
510924,109551,SKU0047,WH_A,East,2025-02-19,2025-02-24,7,1,0
510925,109552,SKU0021,WH_C,West,2025-02-18,2025-02-20,3,1,1
510926,109553,SKU0062,WH_A,East,2025-02-17,2025-02-20,3,1,1
510927,109554,SKU0006,WH_C,West,2025-02-19,2025-02-22,5,2,1
510928,109555,SKU0015,WH_C,West,2025-02-18,2025-02-20,3,1,1
510929,109556,SKU0047,WH_C,West,2025-02-17,2025-02-24,7,4,0
510930,109557,SKU0089,WH_A,East,2025-02-20,2025-02-26,9,1,0
510931,109558,SKU0052,WH_B,Central,2025-02-17,2025-02-20,3,4,1
510932,109559,SKU0057,WH_B,Central,2025-02-18,2025-02-20,3,2,1
510933,109560,SKU0069,WH_A,East,2025-02-19,2025-02-22,5,4,1
510934,109560,SKU0069,WH_A,East,2025-02-18,2025-02-19,2,1,1
510935,109561,SKU0078,WH_C,West,2025-02-21,2025-02-24,7,1,1
510936,109562,SKU0027,WH_C,West,2025-02-20,2025-02-21,4,1,1
510937,109562,SKU0027,WH_C,West,2025-02-18,2025-02-21,4,1,1
510938,109563,SKU0044,WH_C,West,2025-02-17,2025-02-18,1,1,1
510939,109564,SKU0005,WH_B,Central,2025-02-18,2025-02-21,4,1,1
510940,109565,SKU0091,WH_A,East,2025-02-19,2025-02-22,5,3,1
510941,109566,SKU0056,WH_C,West,2025-02-17,2025-02-23,6,1,0
510942,109567,SKU0075,WH_B,Central,2025-02-17,2025-02-20,3,4,1
510943,109568,SKU0064,WH_A,East,2025-02-18,2025-02-19,2,2,1
510944,109569,SKU0065,WH_A,East,2025-02-20,2025-02-22,5,2,1
510945,109570,SKU0093,WH_C,West,2025-02-17,2025-02-19,2,1,1
510946,109571,SKU0080,WH_C,West,2025-02-18,2025-02-20,3,1,1
510947,109572,SKU0055,WH_A,East,2025-02-17,2025-02-19,2,12,1
510948,109573,SKU0001,WH_B,Central,2025-02-17,2025-02-19,2,1,1
510949,109574,SKU0037,WH_A,East,2025-02-17,2025-02-19,2,2,1
510950,109575,SKU0062,WH_B,Central,2025-02-19,2025-02-20,3,4,1
510951,109576,SKU0039,WH_B,Central,2025-02-17,2025-02-18,1,3,1
510952,109576,SKU0039,WH_B,Central,2025-02-19,2025-02-21,4,5,1
510953,109577,SKU0034,WH_B,Central,2025-02-18,2025-02-19,2,1,1
510954,109578,SKU0023,WH_B,Central,2025-02-17,2025-02-19,2,3,1
510955,109579,SKU0041,WH_B,Central,2025-02-18,2025-02-21,4,1,1
510956,109580,SKU0032,WH_B,Central,2025-02-18,2025-02-21,4,1,1
510957,109581,SKU0065,WH_C,West,2025-02-17,2025-02-20,3,1,1
510958,109582,SKU0083,WH_C,West,2025-02-17,2025-02-22,5,1,0
510959,109583,SKU0082,WH_C,West,2025-02-18,2025-02-20,3,2,1
510960,109583,SKU0082,WH_C,West,2025-02-18,2025-02-22,5,2,0
510961,109584,SKU0100,WH_A,East,2025-02-17,2025-02-21,4,1,0
510962,109585,SKU0089,WH_B,Central,2025-02-17,2025-02-19,2,12,1
510963,109586,SKU0019,WH_A,East,2025-02-18,2025-02-20,3,1,1
510964,109586,SKU0019,WH_A,East,2025-02-17,2025-02-18,1,0,1
510965,109587,SKU0040,WH_A,East,2025-02-18,2025-02-19,2,1,1
510966,109588,SKU0006,WH_A,East,2025-02-18,2025-02-25,8,1,0
510967,109589,SKU0064,WH_A,East,2025-02-18,2025-02-19,2,3,1
510968,109590,SKU0057,WH_C,West,2025-02-18,2025-02-22,5,8,0
510969,109591,SKU0077,WH_A,East,2025-02-20,2025-02-23,6,1,1
510970,109592,SKU0053,WH_A,East,2025-02-17,2025-02-18,1,2,1
510971,109593,SKU0047,WH_B,Central,2025-02-18,2025-02-21,4,1,1
510972,109594,SKU0059,WH_B,Central,2025-02-17,2025-02-18,1,4,1
510973,109595,SKU0013,WH_A,East,2025-02-18,2025-02-20,3,4,1
510974,109596,SKU0099,WH_B,Central,2025-02-17,2025-02-19,2,1,1
510975,109596,SKU0099,WH_B,Central,2025-02-17,2025-02-21,4,0,0
510976,109597,SKU0082,WH_A,East,2025-02-18,2025-02-19,2,13,1
510977,109598,SKU0028,WH_B,Central,2025-02-18,2025-02-22,5,2,0
510978,109598,SKU0028,WH_B,Central,2025-02-19,2025-02-20,3,2,1
510979,109599,SKU0076,WH_B,Central,2025-02-17,2025-02-20,3,12,1
510980,109600,SKU0044,WH_C,West,2025-02-17,2025-02-19,2,1,1
510981,109600,SKU0044,WH_C,West,2025-02-18,2025-02-20,3,1,1
510982,109601,SKU0002,WH_C,West,2025-02-17,2025-02-18,1,2,1
510983,109602,SKU0015,WH_C,West,2025-02-18,2025-02-20,3,1,1
510984,109602,SKU0015,WH_C,West,2025-02-17,2025-02-18,1,1,1
510985,109603,SKU0045,WH_A,East,2025-02-19,2025-02-21,4,1,1
510986,109604,SKU0058,WH_B,Central,2025-02-17,2025-02-20,3,1,1
510987,109605,SKU0099,WH_B,Central,2025-02-18,2025-02-19,2,1,1
510988,109606,SKU0076,WH_A,East,2025-02-17,2025-02-19,2,1,1
510989,109607,SKU0100,WH_B,Central,2025-02-17,2025-02-18,1,1,1
510990,109607,SKU0100,WH_B,Central,2025-02-20,2025-02-21,4,0,1
510991,109608,SKU0079,WH_C,West,2025-02-17,2025-02-18,1,2,1
510992,109609,SKU0036,WH_A,East,2025-02-19,2025-02-24,7,3,0
510993,109610,SKU0030,WH_B,Central,2025-02-17,2025-02-22,5,5,0
510994,109611,SKU0080,WH_C,West,2025-02-17,2025-02-19,2,4,1
510995,109612,SKU0096,WH_C,West,2025-02-18,2025-02-20,3,1,1
510996,109613,SKU0092,WH_B,Central,2025-02-17,2025-02-20,3,4,1
510997,109614,SKU0093,WH_A,East,2025-02-18,2025-02-24,7,1,0
510998,109614,SKU0093,WH_A,East,2025-02-17,2025-02-19,2,0,1
510999,109615,SKU0092,WH_C,West,2025-02-17,2025-02-18,1,1,1
511000,109616,SKU0093,WH_B,Central,2025-02-17,2025-02-20,3,1,1
511001,109617,SKU0050,WH_C,West,2025-02-17,2025-02-19,2,1,1
511002,109618,SKU0045,WH_A,East,2025-02-20,2025-02-21,4,1,1
511003,109619,SKU0005,WH_C,West,2025-02-18,2025-02-20,3,1,1
511004,109620,SKU0057,WH_C,West,2025-02-22,2025-02-26,8,1,0
511005,109621,SKU0096,WH_B,Central,2025-02-18,2025-02-19,1,1,1
511006,109622,SKU0072,WH_B,Central,2025-02-18,2025-02-19,1,2,1
511007,109623,SKU0078,WH_B,Central,2025-02-18,2025-02-19,1,1,1
511008,109624,SKU0091,WH_C,West,2025-02-19,2025-02-25,7,4,0
511009,109625,SKU0096,WH_A,East,2025-02-20,2025-02-21,3,1,1
511010,109626,SKU0035,WH_C,West,2025-02-19,2025-02-26,8,2,0
511011,109627,SKU0056,WH_C,West,2025-02-20,2025-02-22,4,1,1
511012,109628,SKU0046,WH_C,West,2025-02-18,2025-02-21,3,1,1
511013,109628,SKU0046,WH_C,West,2025-02-19,2025-02-20,2,0,1
511014,109629,SKU0048,WH_C,West,2025-02-18,2025-02-21,3,1,1
511015,109630,SKU0085,WH_C,West,2025-02-20,2025-02-21,3,2,1
511016,109631,SKU0096,WH_B,Central,2025-02-22,2025-02-23,5,1,1
511017,109632,SKU0094,WH_B,Central,2025-02-18,2025-02-19,1,1,1
511018,109633,SKU0062,WH_C,West,2025-02-18,2025-02-19,1,1,1
511019,109634,SKU0072,WH_B,Central,2025-02-19,2025-02-24,6,2,0
511020,109635,SKU0083,WH_A,East,2025-02-18,2025-02-20,2,1,1
511021,109635,SKU0083,WH_A,East,2025-02-18,2025-02-25,7,0,0
511022,109636,SKU0057,WH_C,West,2025-02-18,2025-02-20,2,1,1
511023,109637,SKU0092,WH_B,Central,2025-02-18,2025-02-23,5,9,0
511024,109638,SKU0009,WH_B,Central,2025-02-19,2025-02-21,3,2,1
511025,109639,SKU0079,WH_B,Central,2025-02-18,2025-02-19,1,7,1
511026,109640,SKU0091,WH_A,East,2025-02-19,2025-02-21,3,1,1
511027,109641,SKU0061,WH_B,Central,2025-02-18,2025-02-20,2,2,1
511028,109642,SKU0027,WH_B,Central,2025-02-21,2025-02-22,4,1,1
511029,109643,SKU0047,WH_B,Central,2025-02-21,2025-02-24,6,1,1
511030,109644,SKU0048,WH_B,Central,2025-02-18,2025-02-22,4,1,0
511031,109645,SKU0041,WH_C,West,2025-02-19,2025-02-21,3,4,1
511032,109646,SKU0018,WH_A,East,2025-02-19,2025-02-20,2,1,1
511033,109646,SKU0018,WH_A,East,2025-02-19,2025-02-21,3,0,1
511034,109647,SKU0096,WH_C,West,2025-02-18,2025-02-21,3,1,1
511035,109648,SKU0026,WH_B,Central,2025-02-19,2025-02-20,2,4,1
511036,109649,SKU0079,WH_C,West,2025-02-18,2025-02-20,2,1,1
511037,109650,SKU0076,WH_A,East,2025-02-18,2025-02-22,4,1,0
511038,109651,SKU0066,WH_C,West,2025-02-18,2025-02-21,3,1,1
511039,109652,SKU0052,WH_C,West,2025-02-18,2025-02-19,1,3,1
511040,109653,SKU0004,WH_A,East,2025-02-19,2025-02-24,6,3,0
511041,109654,SKU0091,WH_C,West,2025-02-19,2025-02-22,4,7,1
511042,109655,SKU0089,WH_C,West,2025-02-19,2025-02-21,3,1,1
511043,109655,SKU0089,WH_C,West,2025-02-18,2025-02-22,4,1,0
511044,109656,SKU0100,WH_C,West,2025-02-20,2025-02-24,6,1,0
511045,109657,SKU0093,WH_A,East,2025-02-20,2025-02-21,3,1,1
511046,109658,SKU0085,WH_B,Central,2025-02-18,2025-02-19,1,1,1
511047,109658,SKU0085,WH_B,Central,2025-02-18,2025-02-21,3,0,1
511048,109659,SKU0006,WH_C,West,2025-02-18,2025-02-19,1,5,1
511049,109660,SKU0046,WH_A,East,2025-02-18,2025-02-25,7,1,0
511050,109661,SKU0022,WH_C,West,2025-02-18,2025-02-20,2,2,1
511051,109662,SKU0051,WH_B,Central,2025-02-19,2025-02-20,2,9,1
511052,109663,SKU0065,WH_A,East,2025-02-21,2025-02-23,5,2,1
511053,109664,SKU0024,WH_C,West,2025-02-18,2025-02-20,2,1,1
511054,109665,SKU0090,WH_B,Central,2025-02-18,2025-02-19,1,1,1
511055,109665,SKU0090,WH_B,Central,2025-02-18,2025-02-20,2,1,1
511056,109666,SKU0100,WH_C,West,2025-02-18,2025-02-19,1,8,1
511057,109667,SKU0040,WH_A,East,2025-02-19,2025-02-21,3,6,1
511058,109668,SKU0038,WH_B,Central,2025-02-18,2025-02-21,3,1,1
511059,109669,SKU0071,WH_C,West,2025-02-18,2025-02-19,1,2,1
511060,109670,SKU0016,WH_B,Central,2025-02-18,2025-02-21,3,1,1
511061,109671,SKU0041,WH_B,Central,2025-02-19,2025-02-20,2,1,1
511062,109672,SKU0090,WH_B,Central,2025-02-19,2025-02-22,4,1,1
511063,109673,SKU0006,WH_A,East,2025-02-18,2025-02-21,3,1,1
511064,109674,SKU0100,WH_A,East,2025-02-18,2025-02-19,1,2,1
511065,109675,SKU0087,WH_A,East,2025-02-20,2025-02-22,4,1,1
511066,109676,SKU0051,WH_B,Central,2025-02-19,2025-02-23,5,2,0
511067,109677,SKU0023,WH_A,East,2025-02-18,2025-02-19,1,1,1
511068,109678,SKU0060,WH_B,Central,2025-02-21,2025-02-22,4,6,1
511069,109679,SKU0014,WH_B,Central,2025-02-19,2025-02-25,7,3,0
511070,109679,SKU0014,WH_B,Central,2025-02-18,2025-02-25,7,6,0
511071,109680,SKU0009,WH_A,East,2025-02-19,2025-02-25,7,1,0
511072,109681,SKU0012,WH_B,Central,2025-02-18,2025-02-20,2,1,1
511073,109682,SKU0053,WH_A,East,2025-02-21,2025-02-22,4,2,1
511074,109682,SKU0053,WH_A,East,2025-02-18,2025-02-19,1,3,1
511075,109683,SKU0037,WH_A,East,2025-02-21,2025-02-22,4,2,1
511076,109683,SKU0037,WH_A,East,2025-02-18,2025-02-21,3,1,1
511077,109684,SKU0075,WH_C,West,2025-02-19,2025-02-21,3,1,1
511078,109685,SKU0019,WH_B,Central,2025-02-19,2025-02-21,3,1,1
511079,109686,SKU0050,WH_C,West,2025-02-18,2025-02-24,6,4,0
511080,109687,SKU0029,WH_B,Central,2025-02-18,2025-02-24,6,1,0
511081,109687,SKU0029,WH_B,Central,2025-02-18,2025-02-19,1,1,1
511082,109688,SKU0053,WH_C,West,2025-02-19,2025-02-24,6,4,0
511083,109689,SKU0091,WH_A,East,2025-02-18,2025-02-19,1,6,1
511084,109690,SKU0069,WH_C,West,2025-02-19,2025-02-26,8,1,0
511085,109691,SKU0061,WH_B,Central,2025-02-18,2025-02-19,1,3,1
511086,109692,SKU0012,WH_A,East,2025-02-19,2025-02-21,3,1,1
511087,109693,SKU0057,WH_C,West,2025-02-18,2025-02-22,4,1,0
511088,109693,SKU0057,WH_C,West,2025-02-19,2025-02-20,2,0,1
511089,109694,SKU0015,WH_C,West,2025-02-21,2025-02-23,5,2,1
511090,109695,SKU0056,WH_A,East,2025-02-19,2025-02-21,3,3,1
511091,109696,SKU0077,WH_B,Central,2025-02-21,2025-02-26,8,4,0
511092,109697,SKU0071,WH_C,West,2025-02-18,2025-02-19,1,4,1
511093,109698,SKU0032,WH_A,East,2025-02-18,2025-02-19,1,11,1
511094,109699,SKU0021,WH_B,Central,2025-02-19,2025-02-20,2,1,1
511095,109700,SKU0005,WH_C,West,2025-02-20,2025-02-21,3,13,1
511096,109701,SKU0029,WH_A,East,2025-02-18,2025-02-19,1,1,1
511097,109702,SKU0080,WH_B,Central,2025-02-18,2025-02-20,2,1,1
511098,109703,SKU0030,WH_A,East,2025-02-18,2025-02-21,3,2,1
511099,109704,SKU0020,WH_A,East,2025-02-18,2025-02-21,3,4,1
511100,109705,SKU0012,WH_A,East,2025-02-18,2025-02-21,3,1,1
511101,109706,SKU0099,WH_B,Central,2025-02-18,2025-02-22,4,4,0
511102,109706,SKU0099,WH_B,Central,2025-02-20,2025-02-21,3,3,1
511103,109707,SKU0082,WH_A,East,2025-02-20,2025-02-21,3,5,1
511104,109708,SKU0085,WH_C,West,2025-02-20,2025-02-21,3,1,1
511105,109709,SKU0030,WH_B,Central,2025-02-18,2025-02-23,5,1,0
511106,109710,SKU0012,WH_C,West,2025-02-18,2025-02-21,3,1,1
511107,109711,SKU0002,WH_B,Central,2025-02-19,2025-02-25,7,4,0
511108,109712,SKU0010,WH_C,West,2025-02-21,2025-02-23,5,4,1
511109,109713,SKU0046,WH_B,Central,2025-02-19,2025-02-20,2,1,1
511110,109714,SKU0050,WH_B,Central,2025-02-18,2025-02-20,2,1,1
511111,109715,SKU0021,WH_B,Central,2025-02-18,2025-02-19,1,2,1
511112,109716,SKU0002,WH_A,East,2025-02-18,2025-02-19,1,1,1
511113,109717,SKU0078,WH_A,East,2025-02-19,2025-02-20,2,1,1
511114,109718,SKU0099,WH_B,Central,2025-02-20,2025-02-21,3,2,1
511115,109719,SKU0061,WH_A,East,2025-02-18,2025-02-19,1,3,1
511116,109720,SKU0087,WH_A,East,2025-02-19,2025-02-22,4,6,1
511117,109721,SKU0022,WH_A,East,2025-02-18,2025-02-19,1,1,1
511118,109722,SKU0091,WH_C,West,2025-02-20,2025-02-22,4,1,1
511119,109722,SKU0091,WH_C,West,2025-02-18,2025-02-20,2,0,1
511120,109723,SKU0069,WH_C,West,2025-02-18,2025-02-20,2,1,1
511121,109723,SKU0069,WH_C,West,2025-02-19,2025-02-24,6,3,0
511122,109724,SKU0021,WH_A,East,2025-02-19,2025-02-20,2,1,1
511123,109725,SKU0032,WH_B,Central,2025-02-21,2025-02-24,6,1,1
511124,109726,SKU0048,WH_C,West,2025-02-19,2025-02-21,3,16,1
511125,109727,SKU0017,WH_A,East,2025-02-19,2025-02-22,4,2,1
511126,109728,SKU0091,WH_A,East,2025-02-19,2025-02-25,7,1,0
511127,109729,SKU0008,WH_B,Central,2025-02-18,2025-02-19,1,4,1
511128,109730,SKU0064,WH_A,East,2025-02-18,2025-02-21,3,3,1
511129,109731,SKU0060,WH_C,West,2025-02-19,2025-02-23,5,2,0
511130,109731,SKU0060,WH_C,West,2025-02-18,2025-02-21,3,3,1
511131,109732,SKU0005,WH_B,Central,2025-02-18,2025-02-21,3,13,1
511132,109733,SKU0078,WH_C,West,2025-02-18,2025-02-25,7,2,0
511133,109734,SKU0072,WH_B,Central,2025-02-19,2025-02-22,4,2,1
511134,109735,SKU0024,WH_A,East,2025-02-18,2025-02-21,3,7,1
511135,109736,SKU0094,WH_A,East,2025-02-18,2025-02-19,1,1,1
511136,109736,SKU0094,WH_A,East,2025-02-19,2025-02-20,2,5,1
511137,109737,SKU0049,WH_A,East,2025-02-18,2025-02-20,2,1,1
511138,109738,SKU0093,WH_B,Central,2025-02-19,2025-02-20,2,3,1
511139,109739,SKU0051,WH_C,West,2025-02-19,2025-02-21,3,1,1
511140,109740,SKU0061,WH_A,East,2025-02-18,2025-02-19,1,1,1
511141,109740,SKU0061,WH_A,East,2025-02-18,2025-02-19,1,0,1
511142,109741,SKU0044,WH_A,East,2025-02-18,2025-02-19,1,5,1
511143,109742,SKU0008,WH_C,West,2025-02-18,2025-02-19,1,1,1
511144,109743,SKU0050,WH_B,Central,2025-02-21,2025-02-23,5,1,1
511145,109744,SKU0040,WH_B,Central,2025-02-18,2025-02-19,1,5,1
511146,109745,SKU0082,WH_B,Central,2025-02-18,2025-02-19,1,4,1
511147,109746,SKU0023,WH_B,Central,2025-02-20,2025-02-21,3,13,1
511148,109747,SKU0061,WH_A,East,2025-02-18,2025-02-21,3,5,1
511149,109748,SKU0007,WH_A,East,2025-02-20,2025-02-23,5,1,1
511150,109749,SKU0092,WH_B,Central,2025-02-18,2025-02-23,5,1,0
511151,109750,SKU0065,WH_A,East,2025-02-19,2025-02-20,2,1,1
511152,109751,SKU0091,WH_A,East,2025-02-18,2025-02-21,3,3,1
511153,109752,SKU0031,WH_B,Central,2025-02-18,2025-02-20,2,1,1
511154,109753,SKU0029,WH_A,East,2025-02-18,2025-02-20,2,1,1
511155,109753,SKU0029,WH_A,East,2025-02-18,2025-02-20,2,1,1
511156,109754,SKU0004,WH_C,West,2025-02-20,2025-02-22,4,11,1
511157,109755,SKU0069,WH_C,West,2025-02-20,2025-02-22,4,1,1
511158,109756,SKU0034,WH_A,East,2025-02-19,2025-02-21,3,5,1
511159,109757,SKU0002,WH_C,West,2025-02-18,2025-02-19,1,3,1
511160,109758,SKU0025,WH_A,East,2025-02-18,2025-02-19,1,1,1
511161,109758,SKU0025,WH_A,East,2025-02-18,2025-02-19,1,0,1
511162,109759,SKU0064,WH_C,West,2025-02-18,2025-02-20,2,1,1
511163,109760,SKU0047,WH_A,East,2025-02-19,2025-02-21,3,1,1
511164,109761,SKU0039,WH_A,East,2025-02-19,2025-02-24,6,1,0
511165,109762,SKU0037,WH_A,East,2025-02-18,2025-02-20,2,1,1
511166,109762,SKU0037,WH_A,East,2025-02-19,2025-02-21,3,0,1
511167,109763,SKU0078,WH_A,East,2025-02-18,2025-02-19,1,2,1
511168,109764,SKU0081,WH_C,West,2025-02-18,2025-02-21,3,1,1
511169,109764,SKU0081,WH_C,West,2025-02-18,2025-02-22,4,0,0
511170,109765,SKU0063,WH_B,Central,2025-02-19,2025-02-22,4,4,1
511171,109766,SKU0045,WH_B,Central,2025-02-20,2025-02-22,4,1,1
511172,109767,SKU0010,WH_B,Central,2025-02-18,2025-02-23,5,6,0
511173,109768,SKU0075,WH_A,East,2025-02-22,2025-02-23,5,3,1
511174,109768,SKU0075,WH_A,East,2025-02-19,2025-02-20,2,3,1
511175,109769,SKU0062,WH_B,Central,2025-02-18,2025-02-21,3,1,1
511176,109770,SKU0048,WH_B,Central,2025-02-18,2025-02-22,4,1,0
511177,109771,SKU0066,WH_A,East,2025-02-19,2025-02-22,4,4,1
511178,109772,SKU0069,WH_A,East,2025-02-18,2025-02-22,4,1,0
511179,109773,SKU0074,WH_A,East,2025-02-18,2025-02-20,2,8,1
511180,109774,SKU0095,WH_C,West,2025-02-19,2025-02-20,2,1,1
511181,109775,SKU0043,WH_A,East,2025-02-21,2025-02-22,4,1,1
511182,109775,SKU0043,WH_A,East,2025-02-19,2025-02-21,3,1,1
511183,109776,SKU0025,WH_B,Central,2025-02-18,2025-02-22,4,1,0
511184,109776,SKU0025,WH_B,Central,2025-02-18,2025-02-19,1,0,1
511185,109777,SKU0053,WH_B,Central,2025-02-18,2025-02-19,1,1,1
511186,109778,SKU0024,WH_C,West,2025-02-19,2025-02-20,2,1,1
511187,109779,SKU0084,WH_C,West,2025-02-18,2025-02-21,3,5,1
511188,109780,SKU0005,WH_B,Central,2025-02-21,2025-02-24,6,4,1
511189,109781,SKU0085,WH_C,West,2025-02-18,2025-02-20,2,1,1
511190,109782,SKU0056,WH_B,Central,2025-02-19,2025-02-23,5,3,0
511191,109783,SKU0079,WH_C,West,2025-02-19,2025-02-21,3,3,1
511192,109784,SKU0069,WH_C,West,2025-02-18,2025-02-20,2,7,1
511193,109785,SKU0093,WH_C,West,2025-02-18,2025-02-20,2,1,1
511194,109786,SKU0049,WH_A,East,2025-02-20,2025-02-26,8,1,0
511195,109787,SKU0068,WH_B,Central,2025-02-20,2025-02-24,6,1,0
511196,109788,SKU0046,WH_A,East,2025-02-18,2025-02-21,3,20,1
511197,109789,SKU0078,WH_A,East,2025-02-18,2025-02-19,1,1,1
511198,109790,SKU0069,WH_B,Central,2025-02-20,2025-02-21,3,5,1
511199,109791,SKU0093,WH_C,West,2025-02-18,2025-02-19,1,2,1
511200,109792,SKU0083,WH_B,Central,2025-02-18,2025-02-19,1,1,1
511201,109792,SKU0083,WH_B,Central,2025-02-19,2025-02-23,5,8,0
511202,109793,SKU0066,WH_B,Central,2025-02-19,2025-02-21,3,1,1
511203,109794,SKU0086,WH_A,East,2025-02-19,2025-02-21,3,1,1
511204,109795,SKU0075,WH_A,East,2025-02-20,2025-02-22,4,8,1
511205,109796,SKU0001,WH_C,West,2025-02-18,2025-02-21,3,5,1
511206,109797,SKU0063,WH_C,West,2025-02-20,2025-02-21,3,1,1
511207,109798,SKU0017,WH_B,Central,2025-02-18,2025-02-21,3,1,1
511208,109798,SKU0017,WH_B,Central,2025-02-19,2025-02-24,6,1,0
511209,109799,SKU0041,WH_A,East,2025-02-18,2025-02-21,3,1,1
511210,109800,SKU0066,WH_B,Central,2025-02-19,2025-02-24,5,1,0
511211,109800,SKU0066,WH_B,Central,2025-02-19,2025-02-21,2,0,1
511212,109801,SKU0062,WH_B,Central,2025-02-20,2025-02-21,2,1,1
511213,109802,SKU0042,WH_A,East,2025-02-19,2025-02-21,2,4,1
511214,109803,SKU0063,WH_C,West,2025-02-19,2025-02-20,1,1,1
511215,109804,SKU0073,WH_A,East,2025-02-21,2025-02-22,3,1,1
511216,109805,SKU0086,WH_C,West,2025-02-19,2025-02-21,2,1,1
511217,109805,SKU0086,WH_C,West,2025-02-21,2025-02-22,3,0,1
511218,109806,SKU0070,WH_A,East,2025-02-20,2025-02-22,3,3,1
511219,109807,SKU0041,WH_C,West,2025-02-21,2025-02-24,5,1,1
511220,109808,SKU0052,WH_A,East,2025-02-19,2025-02-20,1,4,1
511221,109809,SKU0044,WH_C,West,2025-02-19,2025-02-22,3,1,1
511222,109809,SKU0044,WH_C,West,2025-02-19,2025-02-20,1,1,1
511223,109810,SKU0088,WH_C,West,2025-02-19,2025-02-25,6,2,0
511224,109811,SKU0084,WH_C,West,2025-02-21,2025-02-22,3,8,1
511225,109812,SKU0006,WH_A,East,2025-02-20,2025-02-22,3,3,1
511226,109813,SKU0011,WH_C,West,2025-02-20,2025-02-21,2,6,1
511227,109814,SKU0017,WH_B,Central,2025-02-19,2025-02-20,1,1,1
511228,109815,SKU0065,WH_B,Central,2025-02-19,2025-02-20,1,7,1
511229,109816,SKU0071,WH_B,Central,2025-02-19,2025-02-21,2,3,1
511230,109817,SKU0018,WH_C,West,2025-02-20,2025-02-21,2,4,1
511231,109818,SKU0065,WH_B,Central,2025-02-20,2025-02-21,2,1,1
511232,109819,SKU0054,WH_B,Central,2025-02-19,2025-02-20,1,2,1
511233,109820,SKU0098,WH_B,Central,2025-02-20,2025-02-21,2,2,1
511234,109821,SKU0013,WH_A,East,2025-02-20,2025-02-21,2,2,1
511235,109822,SKU0070,WH_A,East,2025-02-21,2025-02-22,3,4,1
511236,109823,SKU0033,WH_B,Central,2025-02-19,2025-02-22,3,4,1
511237,109824,SKU0005,WH_B,Central,2025-02-20,2025-02-21,2,1,1
511238,109825,SKU0054,WH_A,East,2025-02-19,2025-02-21,2,5,1
511239,109826,SKU0019,WH_C,West,2025-02-20,2025-02-23,4,1,1
511240,109827,SKU0092,WH_B,Central,2025-02-20,2025-02-23,4,1,1
511241,109828,SKU0053,WH_C,West,2025-02-19,2025-02-21,2,1,1
511242,109829,SKU0094,WH_B,Central,2025-02-19,2025-02-22,3,1,1
511243,109829,SKU0094,WH_B,Central,2025-02-19,2025-02-20,1,0,1
511244,109830,SKU0094,WH_A,East,2025-02-21,2025-02-24,5,2,1
511245,109831,SKU0015,WH_A,East,2025-02-20,2025-02-21,2,3,1
511246,109832,SKU0027,WH_A,East,2025-02-19,2025-02-21,2,11,1
511247,109833,SKU0078,WH_C,West,2025-02-20,2025-02-22,3,4,1
511248,109834,SKU0082,WH_B,Central,2025-02-20,2025-02-21,2,6,1
511249,109835,SKU0013,WH_C,West,2025-02-21,2025-02-26,7,2,0
511250,109836,SKU0007,WH_A,East,2025-02-19,2025-02-21,2,1,1
511251,109837,SKU0081,WH_A,East,2025-02-19,2025-02-20,1,9,1
511252,109838,SKU0018,WH_C,West,2025-02-20,2025-02-21,2,1,1
511253,109839,SKU0073,WH_C,West,2025-02-20,2025-02-22,3,9,1
511254,109840,SKU0004,WH_C,West,2025-02-20,2025-02-21,2,2,1
511255,109841,SKU0008,WH_B,Central,2025-02-20,2025-02-21,2,1,1
511256,109842,SKU0073,WH_A,East,2025-02-20,2025-02-24,5,1,0
511257,109843,SKU0051,WH_B,Central,2025-02-20,2025-02-24,5,1,0
511258,109844,SKU0038,WH_A,East,2025-02-19,2025-02-22,3,1,1
511259,109845,SKU0098,WH_A,East,2025-02-19,2025-02-20,1,4,1
511260,109845,SKU0098,WH_A,East,2025-02-19,2025-02-20,1,9,1
511261,109846,SKU0088,WH_C,West,2025-02-20,2025-02-22,3,3,1
511262,109847,SKU0033,WH_B,Central,2025-02-19,2025-02-21,2,5,1
511263,109848,SKU0031,WH_A,East,2025-02-19,2025-02-20,1,2,1
511264,109849,SKU0017,WH_C,West,2025-02-19,2025-02-21,2,3,1
511265,109850,SKU0006,WH_A,East,2025-02-19,2025-02-20,1,2,1
511266,109850,SKU0006,WH_A,East,2025-02-19,2025-02-22,3,2,1
511267,109851,SKU0098,WH_C,West,2025-02-19,2025-02-21,2,5,1
511268,109852,SKU0046,WH_C,West,2025-02-19,2025-02-21,2,5,1
511269,109853,SKU0034,WH_C,West,2025-02-19,2025-02-26,7,10,0
511270,109854,SKU0019,WH_B,Central,2025-02-20,2025-02-24,5,4,0
511271,109855,SKU0005,WH_B,Central,2025-02-19,2025-02-21,2,1,1
511272,109855,SKU0005,WH_B,Central,2025-02-20,2025-02-23,4,0,1
511273,109856,SKU0059,WH_A,East,2025-02-19,2025-02-20,1,1,1
511274,109857,SKU0001,WH_B,Central,2025-02-19,2025-02-20,1,1,1
511275,109858,SKU0010,WH_B,Central,2025-02-19,2025-02-20,1,2,1
511276,109859,SKU0025,WH_C,West,2025-02-19,2025-02-21,2,1,1
511277,109859,SKU0025,WH_C,West,2025-02-20,2025-02-21,2,0,1
511278,109860,SKU0098,WH_B,Central,2025-02-20,2025-02-23,4,6,1
511279,109861,SKU0004,WH_B,Central,2025-02-19,2025-02-21,2,1,1
511280,109862,SKU0031,WH_A,East,2025-02-19,2025-02-21,2,1,1
511281,109862,SKU0031,WH_A,East,2025-02-20,2025-02-22,3,1,1
511282,109863,SKU0071,WH_B,Central,2025-02-20,2025-02-23,4,1,1
511283,109864,SKU0100,WH_C,West,2025-02-22,2025-02-27,8,1,0
511284,109865,SKU0032,WH_B,Central,2025-02-21,2025-02-26,7,1,0
511285,109866,SKU0005,WH_B,Central,2025-02-19,2025-02-25,6,1,0
511286,109867,SKU0023,WH_C,West,2025-02-19,2025-02-23,4,2,0
511287,109868,SKU0054,WH_A,East,2025-02-20,2025-02-24,5,8,0
511288,109869,SKU0094,WH_A,East,2025-02-23,2025-02-27,8,1,0
511289,109870,SKU0016,WH_B,Central,2025-02-21,2025-02-22,3,1,1
511290,109870,SKU0016,WH_B,Central,2025-02-21,2025-02-22,3,1,1
511291,109871,SKU0023,WH_B,Central,2025-02-20,2025-02-22,3,2,1
511292,109872,SKU0019,WH_C,West,2025-02-20,2025-02-23,4,2,1
511293,109873,SKU0048,WH_C,West,2025-02-19,2025-02-21,2,5,1
511294,109874,SKU0075,WH_B,Central,2025-02-20,2025-02-23,4,3,1
511295,109875,SKU0077,WH_C,West,2025-02-19,2025-02-20,1,2,1
511296,109876,SKU0095,WH_B,Central,2025-02-19,2025-02-25,6,1,0
511297,109876,SKU0095,WH_B,Central,2025-02-22,2025-02-24,5,1,1
511298,109877,SKU0031,WH_B,Central,2025-02-19,2025-02-20,1,4,1
511299,109878,SKU0081,WH_C,West,2025-02-22,2025-02-26,7,6,0
511300,109879,SKU0058,WH_A,East,2025-02-19,2025-02-21,2,2,1
511301,109880,SKU0049,WH_A,East,2025-02-21,2025-02-22,3,1,1
511302,109881,SKU0074,WH_A,East,2025-02-20,2025-02-25,6,1,0
511303,109882,SKU0065,WH_C,West,2025-02-21,2025-02-22,3,1,1
511304,109882,SKU0065,WH_C,West,2025-02-22,2025-02-23,4,0,1
511305,109883,SKU0028,WH_A,East,2025-02-19,2025-02-20,1,1,1
511306,109883,SKU0028,WH_A,East,2025-02-19,2025-02-22,3,0,1
511307,109884,SKU0064,WH_B,Central,2025-02-19,2025-02-23,4,1,0
511308,109885,SKU0037,WH_C,West,2025-02-21,2025-02-22,3,4,1
511309,109886,SKU0051,WH_A,East,2025-02-20,2025-02-23,4,2,1
511310,109887,SKU0055,WH_B,Central,2025-02-20,2025-02-21,2,5,1
511311,109888,SKU0048,WH_B,Central,2025-02-19,2025-02-21,2,1,1
511312,109889,SKU0003,WH_C,West,2025-02-20,2025-02-24,5,1,0
511313,109889,SKU0003,WH_C,West,2025-02-19,2025-02-21,2,0,1
511314,109890,SKU0037,WH_B,Central,2025-02-21,2025-02-28,9,5,0
511315,109891,SKU0090,WH_C,West,2025-02-19,2025-02-21,2,1,1
511316,109892,SKU0099,WH_B,Central,2025-02-19,2025-02-20,1,1,1
511317,109893,SKU0006,WH_C,West,2025-02-19,2025-02-20,1,2,1
511318,109894,SKU0039,WH_C,West,2025-02-20,2025-02-21,2,2,1
511319,109895,SKU0029,WH_C,West,2025-02-21,2025-02-22,3,6,1
511320,109896,SKU0004,WH_A,East,2025-02-19,2025-02-21,2,1,1
511321,109897,SKU0021,WH_C,West,2025-02-20,2025-02-21,2,3,1
511322,109898,SKU0035,WH_B,Central,2025-02-20,2025-02-23,4,1,1
511323,109899,SKU0053,WH_C,West,2025-02-20,2025-02-21,2,1,1
511324,109900,SKU0007,WH_B,Central,2025-02-22,2025-02-25,6,6,1
511325,109901,SKU0096,WH_B,Central,2025-02-19,2025-02-22,3,2,1
511326,109902,SKU0001,WH_B,Central,2025-02-19,2025-02-20,1,1,1
511327,109903,SKU0087,WH_C,West,2025-02-19,2025-02-22,3,3,1
511328,109904,SKU0039,WH_A,East,2025-02-21,2025-02-27,8,7,0
511329,109905,SKU0089,WH_B,Central,2025-02-20,2025-02-23,4,1,1
511330,109906,SKU0007,WH_B,Central,2025-02-20,2025-02-21,2,1,1
511331,109907,SKU0025,WH_C,West,2025-02-19,2025-02-25,6,2,0
511332,109908,SKU0033,WH_A,East,2025-02-19,2025-02-22,3,2,1
511333,109909,SKU0044,WH_C,West,2025-02-19,2025-02-21,2,1,1
511334,109910,SKU0010,WH_A,East,2025-02-19,2025-02-23,4,2,0
511335,109911,SKU0031,WH_C,West,2025-02-19,2025-02-22,3,2,1
511336,109912,SKU0027,WH_B,Central,2025-02-19,2025-02-23,4,1,0
511337,109913,SKU0061,WH_B,Central,2025-02-20,2025-02-22,3,6,1
511338,109914,SKU0018,WH_C,West,2025-02-19,2025-02-22,3,1,1
511339,109915,SKU0060,WH_B,Central,2025-02-19,2025-02-23,4,1,0
511340,109916,SKU0059,WH_C,West,2025-02-20,2025-02-22,3,1,1
511341,109916,SKU0059,WH_C,West,2025-02-22,2025-02-26,7,1,0
511342,109917,SKU0011,WH_C,West,2025-02-19,2025-02-24,5,3,0
511343,109918,SKU0054,WH_C,West,2025-02-19,2025-02-22,3,1,1
511344,109919,SKU0019,WH_C,West,2025-02-19,2025-02-25,6,3,0
511345,109920,SKU0088,WH_B,Central,2025-02-19,2025-02-20,1,1,1
511346,109921,SKU0095,WH_A,East,2025-02-20,2025-02-22,3,1,1
511347,109922,SKU0034,WH_A,East,2025-02-20,2025-02-23,4,1,1
511348,109922,SKU0034,WH_A,East,2025-02-19,2025-02-21,2,0,1
511349,109923,SKU0075,WH_C,West,2025-02-20,2025-02-21,2,4,1
511350,109924,SKU0016,WH_B,Central,2025-02-20,2025-02-23,4,6,1
511351,109925,SKU0100,WH_B,Central,2025-02-20,2025-02-21,2,1,1
511352,109926,SKU0020,WH_B,Central,2025-02-19,2025-02-20,1,8,1
511353,109927,SKU0061,WH_C,West,2025-02-20,2025-02-22,3,2,1
511354,109928,SKU0042,WH_C,West,2025-02-19,2025-02-21,2,1,1
511355,109929,SKU0040,WH_A,East,2025-02-21,2025-02-25,6,1,0
511356,109929,SKU0040,WH_A,East,2025-02-21,2025-02-26,7,0,0
511357,109930,SKU0021,WH_A,East,2025-02-19,2025-02-22,3,6,1
511358,109931,SKU0083,WH_C,West,2025-02-20,2025-02-21,2,2,1
511359,109932,SKU0079,WH_B,Central,2025-02-20,2025-02-21,2,1,1
511360,109932,SKU0079,WH_B,Central,2025-02-21,2025-02-25,6,0,0
511361,109933,SKU0051,WH_A,East,2025-02-20,2025-02-23,4,1,1
511362,109934,SKU0095,WH_B,Central,2025-02-19,2025-02-22,3,2,1
511363,109935,SKU0061,WH_B,Central,2025-02-21,2025-02-22,3,1,1
511364,109936,SKU0071,WH_B,Central,2025-02-19,2025-02-20,1,3,1
511365,109936,SKU0071,WH_B,Central,2025-02-19,2025-02-25,6,1,0
511366,109937,SKU0058,WH_B,Central,2025-02-20,2025-02-22,3,8,1
511367,109938,SKU0025,WH_B,Central,2025-02-19,2025-02-22,3,1,1
511368,109939,SKU0093,WH_B,Central,2025-02-19,2025-02-22,3,1,1
511369,109940,SKU0048,WH_C,West,2025-02-21,2025-02-24,5,1,1
511370,109941,SKU0056,WH_A,East,2025-02-20,2025-02-23,4,2,1
511371,109941,SKU0056,WH_A,East,2025-02-20,2025-02-24,5,1,0
511372,109942,SKU0080,WH_B,Central,2025-02-19,2025-02-20,1,2,1
511373,109943,SKU0001,WH_B,Central,2025-02-22,2025-02-23,4,1,1
511374,109944,SKU0019,WH_A,East,2025-02-19,2025-02-21,2,19,1
511375,109945,SKU0059,WH_C,West,2025-02-19,2025-02-23,4,1,0
511376,109946,SKU0041,WH_B,Central,2025-02-20,2025-02-24,5,1,0
511377,109947,SKU0040,WH_B,Central,2025-02-23,2025-03-01,10,2,0
511378,109948,SKU0092,WH_A,East,2025-02-21,2025-02-23,4,1,1
511379,109949,SKU0052,WH_A,East,2025-02-19,2025-02-22,3,1,1
511380,109950,SKU0081,WH_A,East,2025-02-22,2025-03-01,10,2,0
511381,109951,SKU0037,WH_B,Central,2025-02-20,2025-02-23,4,1,1
511382,109952,SKU0016,WH_B,Central,2025-02-19,2025-02-20,1,13,1
511383,109953,SKU0077,WH_B,Central,2025-02-20,2025-02-21,2,1,1
511384,109954,SKU0020,WH_B,Central,2025-02-19,2025-02-21,2,1,1
511385,109955,SKU0027,WH_B,Central,2025-02-22,2025-02-28,9,1,0
511386,109956,SKU0002,WH_C,West,2025-02-19,2025-02-20,1,1,1
511387,109956,SKU0002,WH_C,West,2025-02-19,2025-02-21,2,0,1
511388,109957,SKU0059,WH_A,East,2025-02-20,2025-02-22,3,2,1
511389,109958,SKU0027,WH_A,East,2025-02-22,2025-02-24,5,3,1
511390,109959,SKU0097,WH_C,West,2025-02-19,2025-02-22,3,1,1
511391,109960,SKU0011,WH_B,Central,2025-02-22,2025-02-23,4,4,1
511392,109961,SKU0014,WH_C,West,2025-02-19,2025-02-20,1,3,1
511393,109962,SKU0058,WH_B,Central,2025-02-20,2025-02-22,3,1,1
511394,109963,SKU0023,WH_B,Central,2025-02-19,2025-02-22,3,4,1
511395,109964,SKU0002,WH_C,West,2025-02-19,2025-02-22,3,9,1
511396,109965,SKU0081,WH_A,East,2025-02-21,2025-02-25,6,1,0
511397,109966,SKU0006,WH_C,West,2025-02-19,2025-02-20,1,1,1
511398,109967,SKU0017,WH_A,East,2025-02-20,2025-02-24,5,6,0
511399,109968,SKU0085,WH_C,West,2025-02-19,2025-02-22,3,1,1
511400,109969,SKU0029,WH_A,East,2025-02-19,2025-02-20,1,4,1
511401,109970,SKU0053,WH_C,West,2025-02-19,2025-02-22,3,1,1
511402,109970,SKU0053,WH_C,West,2025-02-20,2025-02-25,6,0,0
511403,109971,SKU0032,WH_A,East,2025-02-20,2025-02-23,4,1,1
511404,109972,SKU0009,WH_C,West,2025-02-19,2025-02-20,1,20,1
511405,109973,SKU0098,WH_C,West,2025-02-19,2025-02-20,1,3,1
511406,109974,SKU0073,WH_C,West,2025-02-19,2025-02-23,4,1,0
511407,109975,SKU0084,WH_A,East,2025-02-19,2025-02-21,2,1,1
511408,109976,SKU0035,WH_B,Central,2025-02-19,2025-02-22,3,7,1
511409,109977,SKU0006,WH_C,West,2025-02-19,2025-02-20,1,4,1
511410,109977,SKU0006,WH_C,West,2025-02-19,2025-02-21,2,1,1
511411,109978,SKU0010,WH_C,West,2025-02-20,2025-02-21,2,1,1
511412,109979,SKU0071,WH_A,East,2025-02-19,2025-02-24,5,6,0
511413,109980,SKU0049,WH_B,Central,2025-02-22,2025-02-24,4,1,1
511414,109981,SKU0023,WH_B,Central,2025-02-22,2025-02-26,6,1,0
511415,109982,SKU0044,WH_A,East,2025-02-21,2025-02-23,3,5,1
511416,109983,SKU0006,WH_A,East,2025-02-21,2025-02-24,4,5,1
511417,109984,SKU0015,WH_C,West,2025-02-22,2025-02-24,4,1,1
511418,109984,SKU0015,WH_C,West,2025-02-21,2025-02-22,2,0,1
511419,109985,SKU0090,WH_C,West,2025-02-21,2025-02-22,2,3,1
511420,109986,SKU0081,WH_B,Central,2025-02-21,2025-02-24,4,3,1
511421,109987,SKU0086,WH_A,East,2025-02-23,2025-02-25,5,1,1
511422,109987,SKU0086,WH_A,East,2025-02-20,2025-02-21,1,0,1
511423,109988,SKU0066,WH_C,West,2025-02-20,2025-02-23,3,1,1
511424,109988,SKU0066,WH_C,West,2025-02-20,2025-02-21,1,1,1
511425,109989,SKU0043,WH_B,Central,2025-02-20,2025-02-21,1,2,1
511426,109990,SKU0037,WH_C,West,2025-02-23,2025-02-24,4,1,1
511427,109991,SKU0032,WH_B,Central,2025-02-20,2025-02-22,2,1,1
511428,109992,SKU0074,WH_B,Central,2025-02-20,2025-02-21,1,1,1
511429,109993,SKU0089,WH_C,West,2025-02-22,2025-02-26,6,10,0
511430,109994,SKU0045,WH_B,Central,2025-02-23,2025-02-24,4,7,1
511431,109995,SKU0081,WH_B,Central,2025-02-21,2025-02-22,2,2,1
511432,109996,SKU0060,WH_A,East,2025-02-20,2025-02-23,3,1,1
511433,109996,SKU0060,WH_A,East,2025-02-20,2025-02-21,1,0,1
511434,109997,SKU0035,WH_C,West,2025-02-20,2025-02-21,1,2,1
511435,109998,SKU0045,WH_C,West,2025-02-20,2025-02-23,3,5,1
511436,109999,SKU0071,WH_A,East,2025-02-21,2025-02-25,5,5,0
511437,110000,SKU0070,WH_C,West,2025-02-20,2025-02-22,2,3,1
511438,110001,SKU0066,WH_A,East,2025-02-20,2025-02-21,1,1,1
511439,110002,SKU0035,WH_A,East,2025-02-21,2025-02-23,3,1,1
511440,110003,SKU0088,WH_C,West,2025-02-20,2025-02-25,5,1,0
511441,110004,SKU0056,WH_C,West,2025-02-20,2025-02-23,3,4,1
511442,110005,SKU0052,WH_A,East,2025-02-21,2025-02-24,4,1,1
511443,110006,SKU0023,WH_C,West,2025-02-20,2025-02-22,2,1,1
511444,110007,SKU0008,WH_B,Central,2025-02-21,2025-02-25,5,5,0
511445,110008,SKU0060,WH_A,East,2025-02-21,2025-02-24,4,1,1
511446,110009,SKU0078,WH_B,Central,2025-02-20,2025-02-23,3,2,1
511447,110010,SKU0012,WH_C,West,2025-02-20,2025-02-21,1,4,1
511448,110011,SKU0037,WH_C,West,2025-02-21,2025-02-23,3,6,1
511449,110011,SKU0037,WH_C,West,2025-02-20,2025-02-23,3,9,1
511450,110012,SKU0009,WH_C,West,2025-02-21,2025-02-22,2,1,1
511451,110013,SKU0089,WH_C,West,2025-02-22,2025-02-24,4,1,1
511452,110014,SKU0081,WH_C,West,2025-02-22,2025-02-24,4,4,1
511453,110015,SKU0098,WH_B,Central,2025-02-20,2025-02-23,3,6,1
511454,110016,SKU0066,WH_B,Central,2025-02-21,2025-02-22,2,6,1
511455,110017,SKU0014,WH_B,Central,2025-02-21,2025-02-26,6,1,0
511456,110018,SKU0069,WH_C,West,2025-02-20,2025-02-21,1,4,1
511457,110019,SKU0035,WH_A,East,2025-02-21,2025-02-25,5,1,0
511458,110020,SKU0020,WH_A,East,2025-02-21,2025-02-24,4,12,1
511459,110021,SKU0068,WH_C,West,2025-02-20,2025-02-21,1,2,1
511460,110021,SKU0068,WH_C,West,2025-02-22,2025-03-01,9,1,0
511461,110022,SKU0016,WH_C,West,2025-02-22,2025-02-24,4,1,1
511462,110023,SKU0042,WH_C,West,2025-02-20,2025-02-26,6,1,0
511463,110024,SKU0079,WH_C,West,2025-02-24,2025-02-26,6,2,1
511464,110024,SKU0079,WH_C,West,2025-02-21,2025-02-23,3,2,1
511465,110025,SKU0027,WH_B,Central,2025-02-20,2025-02-23,3,3,1
511466,110026,SKU0031,WH_A,East,2025-02-20,2025-02-21,1,1,1
511467,110026,SKU0031,WH_A,East,2025-02-21,2025-02-25,5,0,0
511468,110027,SKU0019,WH_B,Central,2025-02-21,2025-02-23,3,4,1
511469,110028,SKU0034,WH_C,West,2025-02-21,2025-02-23,3,4,1
511470,110028,SKU0034,WH_C,West,2025-02-21,2025-02-24,4,2,1
511471,110029,SKU0032,WH_B,Central,2025-02-20,2025-02-21,1,1,1
511472,110030,SKU0009,WH_B,Central,2025-02-21,2025-02-23,3,1,1
511473,110031,SKU0046,WH_B,Central,2025-02-21,2025-02-24,4,3,1
511474,110032,SKU0083,WH_B,Central,2025-02-21,2025-02-25,5,5,0
511475,110032,SKU0083,WH_B,Central,2025-02-20,2025-02-23,3,2,1
511476,110033,SKU0069,WH_A,East,2025-02-20,2025-02-22,2,12,1
511477,110034,SKU0059,WH_C,West,2025-02-20,2025-02-24,4,1,0
511478,110035,SKU0083,WH_B,Central,2025-02-20,2025-02-21,1,1,1
511479,110036,SKU0054,WH_C,West,2025-02-20,2025-02-22,2,3,1
511480,110037,SKU0021,WH_A,East,2025-02-20,2025-02-21,1,1,1
511481,110038,SKU0047,WH_C,West,2025-02-21,2025-02-22,2,2,1
511482,110039,SKU0056,WH_C,West,2025-02-20,2025-02-22,2,1,1
511483,110040,SKU0033,WH_A,East,2025-02-20,2025-02-21,1,1,1
511484,110041,SKU0045,WH_A,East,2025-02-21,2025-02-23,3,1,1
511485,110041,SKU0045,WH_A,East,2025-02-20,2025-02-23,3,3,1
511486,110042,SKU0014,WH_B,Central,2025-02-20,2025-02-26,6,1,0
511487,110043,SKU0060,WH_A,East,2025-02-22,2025-02-23,3,6,1
511488,110044,SKU0061,WH_B,Central,2025-02-20,2025-02-22,2,2,1
511489,110045,SKU0014,WH_B,Central,2025-02-20,2025-02-21,1,2,1
511490,110045,SKU0014,WH_B,Central,2025-02-21,2025-02-23,3,2,1
511491,110046,SKU0045,WH_A,East,2025-02-20,2025-02-24,4,1,0
511492,110047,SKU0062,WH_C,West,2025-02-21,2025-02-24,4,1,1
511493,110047,SKU0062,WH_C,West,2025-02-21,2025-02-26,6,0,0
511494,110048,SKU0032,WH_B,Central,2025-02-20,2025-02-24,4,1,0
511495,110049,SKU0048,WH_C,West,2025-02-20,2025-02-23,3,1,1
511496,110050,SKU0005,WH_A,East,2025-02-21,2025-02-22,2,3,1
511497,110051,SKU0003,WH_B,Central,2025-02-20,2025-02-23,3,3,1
511498,110052,SKU0093,WH_A,East,2025-02-22,2025-02-23,3,4,1
511499,110053,SKU0037,WH_A,East,2025-02-20,2025-02-22,2,3,1
511500,110054,SKU0013,WH_A,East,2025-02-21,2025-02-25,5,1,0
511501,110055,SKU0050,WH_B,Central,2025-02-20,2025-02-21,1,1,1
511502,110056,SKU0014,WH_B,Central,2025-02-21,2025-02-22,2,1,1
511503,110057,SKU0014,WH_C,West,2025-02-20,2025-02-22,2,1,1
511504,110058,SKU0012,WH_A,East,2025-02-21,2025-02-25,5,1,0
511505,110059,SKU0054,WH_B,Central,2025-02-22,2025-02-23,3,1,1
511506,110060,SKU0085,WH_C,West,2025-02-20,2025-02-27,7,1,0
511507,110061,SKU0036,WH_B,Central,2025-02-20,2025-02-21,1,7,1
511508,110062,SKU0055,WH_A,East,2025-02-21,2025-02-22,2,3,1
511509,110062,SKU0055,WH_A,East,2025-02-21,2025-02-25,5,1,0
511510,110063,SKU0019,WH_C,West,2025-02-20,2025-02-22,2,1,1
511511,110063,SKU0019,WH_C,West,2025-02-20,2025-02-27,7,0,0
511512,110064,SKU0094,WH_A,East,2025-02-21,2025-02-22,2,4,1
511513,110065,SKU0007,WH_C,West,2025-02-20,2025-02-21,1,7,1
511514,110066,SKU0027,WH_C,West,2025-02-20,2025-02-21,1,1,1
511515,110067,SKU0020,WH_A,East,2025-02-20,2025-02-21,1,1,1
511516,110067,SKU0020,WH_A,East,2025-02-21,2025-02-22,2,1,1
511517,110068,SKU0042,WH_C,West,2025-02-23,2025-02-26,6,3,1
511518,110069,SKU0016,WH_A,East,2025-02-20,2025-02-21,1,2,1
511519,110069,SKU0016,WH_A,East,2025-02-24,2025-02-25,5,1,1
511520,110070,SKU0017,WH_B,Central,2025-02-20,2025-02-21,1,8,1
511521,110070,SKU0017,WH_B,Central,2025-02-21,2025-02-23,3,1,1
511522,110071,SKU0073,WH_B,Central,2025-02-20,2025-02-22,2,1,1
511523,110072,SKU0064,WH_A,East,2025-02-20,2025-02-21,1,1,1
511524,110072,SKU0064,WH_A,East,2025-02-20,2025-02-21,1,0,1
511525,110073,SKU0033,WH_B,Central,2025-02-21,2025-02-24,4,1,1
511526,110074,SKU0087,WH_C,West,2025-02-21,2025-02-24,4,1,1
511527,110075,SKU0067,WH_A,East,2025-02-20,2025-02-22,2,1,1
511528,110076,SKU0025,WH_C,West,2025-02-20,2025-02-22,2,3,1
511529,110077,SKU0007,WH_C,West,2025-02-22,2025-02-27,7,2,0
511530,110078,SKU0009,WH_B,Central,2025-02-20,2025-02-22,2,1,1
511531,110079,SKU0038,WH_C,West,2025-02-20,2025-02-22,2,8,1
511532,110080,SKU0081,WH_C,West,2025-02-21,2025-02-25,5,3,0
511533,110081,SKU0089,WH_A,East,2025-02-21,2025-02-24,4,6,1
511534,110082,SKU0080,WH_A,East,2025-02-20,2025-02-23,3,13,1
511535,110083,SKU0046,WH_B,Central,2025-02-20,2025-02-21,1,1,1
511536,110083,SKU0046,WH_B,Central,2025-02-20,2025-02-25,5,0,0
511537,110084,SKU0018,WH_C,West,2025-02-22,2025-02-24,4,7,1
511538,110085,SKU0050,WH_C,West,2025-02-20,2025-02-23,3,7,1
511539,110086,SKU0078,WH_B,Central,2025-02-20,2025-02-22,2,1,1
511540,110087,SKU0022,WH_B,Central,2025-02-20,2025-02-25,5,4,0
511541,110087,SKU0022,WH_B,Central,2025-02-21,2025-02-22,2,2,1
511542,110088,SKU0082,WH_C,West,2025-02-22,2025-02-24,4,6,1
511543,110089,SKU0019,WH_B,Central,2025-02-21,2025-02-24,4,9,1
511544,110090,SKU0076,WH_B,Central,2025-02-24,2025-02-25,5,1,1
511545,110091,SKU0082,WH_A,East,2025-02-22,2025-02-23,3,9,1
511546,110091,SKU0082,WH_A,East,2025-02-24,2025-02-26,6,10,1
511547,110092,SKU0015,WH_B,Central,2025-02-21,2025-02-28,8,1,0
511548,110093,SKU0043,WH_B,Central,2025-02-20,2025-02-22,2,1,1
511549,110094,SKU0030,WH_A,East,2025-02-24,2025-03-02,10,1,0
511550,110095,SKU0096,WH_A,East,2025-02-20,2025-02-21,1,1,1
511551,110096,SKU0012,WH_C,West,2025-02-20,2025-02-23,3,1,1
511552,110097,SKU0091,WH_C,West,2025-02-21,2025-02-23,3,3,1
511553,110098,SKU0037,WH_B,Central,2025-02-21,2025-02-22,2,1,1
511554,110099,SKU0094,WH_B,Central,2025-02-20,2025-02-22,2,1,1
511555,110100,SKU0048,WH_C,West,2025-02-21,2025-02-22,2,2,1
511556,110101,SKU0069,WH_A,East,2025-02-21,2025-02-27,7,1,0
511557,110102,SKU0007,WH_C,West,2025-02-21,2025-02-23,3,1,1
511558,110103,SKU0090,WH_A,East,2025-02-20,2025-02-23,3,4,1
511559,110104,SKU0050,WH_B,Central,2025-02-21,2025-02-23,3,1,1
511560,110105,SKU0039,WH_B,Central,2025-02-22,2025-02-25,5,3,1
511561,110106,SKU0098,WH_C,West,2025-02-20,2025-02-21,1,6,1
511562,110107,SKU0028,WH_A,East,2025-02-21,2025-02-22,2,1,1
511563,110108,SKU0095,WH_A,East,2025-02-20,2025-02-21,1,1,1
511564,110108,SKU0095,WH_A,East,2025-02-20,2025-02-22,2,5,1
511565,110109,SKU0038,WH_C,West,2025-02-20,2025-02-23,3,2,1
511566,110110,SKU0018,WH_B,Central,2025-02-21,2025-02-24,4,1,1
511567,110111,SKU0091,WH_A,East,2025-02-21,2025-02-24,4,5,1
511568,110112,SKU0059,WH_B,Central,2025-02-23,2025-02-26,6,1,1
511569,110113,SKU0038,WH_A,East,2025-02-21,2025-02-22,2,1,1
511570,110114,SKU0097,WH_C,West,2025-02-20,2025-02-22,2,1,1
511571,110115,SKU0100,WH_B,Central,2025-02-20,2025-02-22,2,2,1
511572,110116,SKU0012,WH_A,East,2025-02-21,2025-02-23,3,1,1
511573,110117,SKU0045,WH_C,West,2025-02-22,2025-02-25,5,1,1
511574,110118,SKU0009,WH_B,Central,2025-02-22,2025-02-25,5,5,1
511575,110119,SKU0054,WH_B,Central,2025-02-20,2025-02-22,2,4,1
511576,110120,SKU0057,WH_A,East,2025-02-21,2025-02-24,4,1,1
511577,110121,SKU0025,WH_B,Central,2025-02-22,2025-02-27,7,1,0
511578,110122,SKU0048,WH_B,Central,2025-02-20,2025-02-21,1,1,1
511579,110123,SKU0070,WH_C,West,2025-02-21,2025-02-22,2,2,1
511580,110124,SKU0020,WH_C,West,2025-02-22,2025-02-26,6,1,0
511581,110125,SKU0057,WH_B,Central,2025-02-21,2025-02-26,6,3,0
511582,110126,SKU0058,WH_B,Central,2025-02-22,2025-02-27,7,4,0
511583,110127,SKU0071,WH_B,Central,2025-02-21,2025-02-23,3,1,1
511584,110128,SKU0058,WH_B,Central,2025-02-20,2025-02-21,1,1,1
511585,110129,SKU0053,WH_C,West,2025-02-21,2025-02-22,2,1,1
511586,110129,SKU0053,WH_C,West,2025-02-20,2025-02-22,2,0,1
511587,110130,SKU0059,WH_B,Central,2025-02-20,2025-02-27,7,1,0
511588,110131,SKU0072,WH_B,Central,2025-02-22,2025-02-24,4,3,1
511589,110132,SKU0028,WH_C,West,2025-02-22,2025-02-24,4,1,1
511590,110133,SKU0069,WH_C,West,2025-02-22,2025-02-26,6,1,0
511591,110134,SKU0012,WH_C,West,2025-02-20,2025-02-23,3,1,1
511592,110135,SKU0053,WH_C,West,2025-02-21,2025-02-22,2,1,1
511593,110136,SKU0073,WH_B,Central,2025-02-20,2025-02-21,1,3,1
511594,110137,SKU0005,WH_A,East,2025-02-21,2025-02-24,4,1,1
511595,110138,SKU0011,WH_B,Central,2025-02-24,2025-02-27,7,1,1
511596,110139,SKU0022,WH_C,West,2025-02-20,2025-02-21,1,4,1
511597,110140,SKU0050,WH_B,Central,2025-02-21,2025-02-23,3,10,1
511598,110141,SKU0003,WH_C,West,2025-02-23,2025-02-24,4,3,1
511599,110142,SKU0025,WH_C,West,2025-02-20,2025-02-22,2,1,1
511600,110142,SKU0025,WH_C,West,2025-02-22,2025-02-23,3,0,1
511601,110143,SKU0094,WH_B,Central,2025-02-20,2025-02-26,6,1,0
511602,110143,SKU0094,WH_B,Central,2025-02-20,2025-02-22,2,0,1
511603,110144,SKU0008,WH_B,Central,2025-02-20,2025-02-21,1,1,1
511604,110145,SKU0057,WH_A,East,2025-02-20,2025-02-23,3,1,1
511605,110146,SKU0007,WH_A,East,2025-02-21,2025-02-22,2,2,1
511606,110147,SKU0005,WH_A,East,2025-02-20,2025-02-25,5,3,0
511607,110148,SKU0029,WH_B,Central,2025-02-21,2025-02-24,4,2,1
511608,110149,SKU0033,WH_C,West,2025-02-20,2025-02-21,1,2,1
511609,110150,SKU0003,WH_A,East,2025-02-20,2025-02-22,2,1,1
511610,110151,SKU0035,WH_A,East,2025-02-20,2025-02-23,3,3,1
511611,110152,SKU0031,WH_C,West,2025-02-21,2025-02-23,3,1,1
511612,110153,SKU0001,WH_B,Central,2025-02-20,2025-02-22,2,1,1
511613,110153,SKU0001,WH_B,Central,2025-02-20,2025-02-22,2,0,1
511614,110154,SKU0037,WH_A,East,2025-02-20,2025-02-22,2,1,1
511615,110154,SKU0037,WH_A,East,2025-02-21,2025-02-23,3,0,1
511616,110155,SKU0067,WH_A,East,2025-02-21,2025-02-28,8,7,0
511617,110156,SKU0055,WH_A,East,2025-02-21,2025-02-22,2,4,1
511618,110157,SKU0016,WH_B,Central,2025-02-21,2025-02-22,2,3,1
511619,110158,SKU0049,WH_A,East,2025-02-20,2025-02-22,2,2,1
511620,110159,SKU0080,WH_B,Central,2025-02-21,2025-02-23,3,1,1
511621,110159,SKU0080,WH_B,Central,2025-02-21,2025-02-23,3,5,1
511622,110160,SKU0020,WH_C,West,2025-02-20,2025-02-22,2,1,1
511623,110161,SKU0050,WH_C,West,2025-02-21,2025-02-24,4,1,1
511624,110162,SKU0067,WH_A,East,2025-02-20,2025-02-26,6,1,0
511625,110163,SKU0059,WH_B,Central,2025-02-20,2025-02-22,2,1,1
511626,110164,SKU0091,WH_C,West,2025-02-20,2025-02-25,5,2,0
511627,110165,SKU0051,WH_A,East,2025-02-21,2025-02-22,2,3,1
511628,110166,SKU0091,WH_B,Central,2025-02-21,2025-02-22,2,5,1
511629,110167,SKU0096,WH_A,East,2025-02-20,2025-02-22,2,1,1
511630,110168,SKU0066,WH_A,East,2025-02-21,2025-02-22,2,1,1
511631,110169,SKU0079,WH_A,East,2025-02-21,2025-02-23,3,5,1
511632,110170,SKU0076,WH_B,Central,2025-02-20,2025-02-22,2,1,1
511633,110171,SKU0054,WH_C,West,2025-02-20,2025-02-23,3,3,1
511634,110172,SKU0026,WH_A,East,2025-02-22,2025-02-23,3,1,1
511635,110172,SKU0026,WH_A,East,2025-02-21,2025-02-22,2,1,1
511636,110173,SKU0023,WH_B,Central,2025-02-20,2025-02-25,5,1,0
511637,110173,SKU0023,WH_B,Central,2025-02-22,2025-02-24,4,0,1
511638,110174,SKU0005,WH_C,West,2025-02-20,2025-02-21,1,1,1
511639,110175,SKU0086,WH_A,East,2025-02-21,2025-02-24,4,1,1
511640,110175,SKU0086,WH_A,East,2025-02-21,2025-02-24,4,1,1
511641,110176,SKU0048,WH_A,East,2025-02-20,2025-02-21,1,5,1
511642,110177,SKU0028,WH_C,West,2025-02-20,2025-02-21,1,1,1
511643,110177,SKU0028,WH_C,West,2025-02-20,2025-02-21,1,4,1
511644,110178,SKU0029,WH_B,Central,2025-02-20,2025-02-24,4,1,0
511645,110178,SKU0029,WH_B,Central,2025-02-21,2025-02-24,4,2,1
511646,110179,SKU0086,WH_A,East,2025-02-21,2025-02-24,4,1,1
511647,110180,SKU0043,WH_C,West,2025-02-20,2025-02-22,2,1,1
511648,110181,SKU0015,WH_C,West,2025-02-21,2025-02-23,3,1,1
511649,110181,SKU0015,WH_C,West,2025-02-21,2025-02-27,7,1,0
511650,110182,SKU0065,WH_A,East,2025-02-21,2025-02-26,6,1,0
511651,110183,SKU0075,WH_A,East,2025-02-21,2025-02-22,2,1,1
511652,110183,SKU0075,WH_A,East,2025-02-21,2025-02-28,8,4,0
511653,110184,SKU0038,WH_C,West,2025-02-21,2025-02-27,7,5,0
511654,110185,SKU0093,WH_C,West,2025-02-20,2025-02-21,1,1,1
511655,110185,SKU0093,WH_C,West,2025-02-20,2025-02-22,2,0,1
511656,110186,SKU0019,WH_A,East,2025-02-20,2025-02-25,5,2,0
511657,110187,SKU0045,WH_B,Central,2025-02-21,2025-02-22,2,1,1
511658,110188,SKU0050,WH_C,West,2025-02-20,2025-02-22,2,1,1
511659,110189,SKU0100,WH_B,Central,2025-02-22,2025-02-23,3,1,1
511660,110190,SKU0022,WH_C,West,2025-02-20,2025-02-21,1,1,1
511661,110191,SKU0068,WH_A,East,2025-02-20,2025-02-23,3,6,1
511662,110192,SKU0046,WH_A,East,2025-02-22,2025-02-27,7,1,0
511663,110192,SKU0046,WH_A,East,2025-02-21,2025-02-22,2,0,1
511664,110193,SKU0082,WH_B,Central,2025-02-20,2025-02-22,2,2,1
511665,110194,SKU0088,WH_A,East,2025-02-20,2025-02-22,2,1,1
511666,110195,SKU0080,WH_C,West,2025-02-20,2025-02-25,5,7,0
511667,110196,SKU0072,WH_B,Central,2025-02-20,2025-02-22,2,3,1
511668,110197,SKU0100,WH_A,East,2025-02-20,2025-02-22,2,1,1
511669,110198,SKU0074,WH_C,West,2025-02-20,2025-02-22,2,1,1
511670,110199,SKU0015,WH_A,East,2025-02-20,2025-02-24,4,1,0
511671,110199,SKU0015,WH_A,East,2025-02-21,2025-02-28,8,0,0
511672,110200,SKU0085,WH_B,Central,2025-02-20,2025-02-21,1,1,1
511673,110201,SKU0099,WH_B,Central,2025-02-22,2025-02-24,4,2,1
511674,110202,SKU0061,WH_B,Central,2025-02-20,2025-02-22,2,7,1
511675,110203,SKU0014,WH_C,West,2025-02-21,2025-02-22,2,6,1
511676,110204,SKU0023,WH_A,East,2025-02-21,2025-02-23,3,1,1
511677,110204,SKU0023,WH_A,East,2025-02-20,2025-02-23,3,0,1
511678,110205,SKU0062,WH_B,Central,2025-02-21,2025-02-24,4,2,1
511679,110205,SKU0062,WH_B,Central,2025-02-23,2025-03-01,9,3,0
511680,110206,SKU0077,WH_B,Central,2025-02-20,2025-02-21,1,1,1
511681,110206,SKU0077,WH_B,Central,2025-02-20,2025-02-23,3,1,1
511682,110207,SKU0004,WH_A,East,2025-02-20,2025-02-22,2,7,1
511683,110208,SKU0079,WH_A,East,2025-02-21,2025-02-28,8,1,0
511684,110209,SKU0024,WH_B,Central,2025-02-20,2025-02-21,1,5,1
511685,110210,SKU0054,WH_C,West,2025-02-20,2025-02-21,1,1,1
511686,110211,SKU0028,WH_B,Central,2025-02-24,2025-02-25,5,2,1
511687,110212,SKU0027,WH_C,West,2025-02-21,2025-02-22,2,4,1
511688,110213,SKU0032,WH_A,East,2025-02-20,2025-02-21,1,2,1
511689,110214,SKU0031,WH_C,West,2025-02-20,2025-02-21,1,1,1
511690,110215,SKU0061,WH_B,Central,2025-02-20,2025-02-23,3,1,1
511691,110216,SKU0093,WH_B,Central,2025-02-20,2025-02-21,1,1,1
511692,110217,SKU0043,WH_A,East,2025-02-20,2025-02-23,3,1,1
511693,110217,SKU0043,WH_A,East,2025-02-20,2025-02-22,2,0,1
511694,110218,SKU0080,WH_A,East,2025-02-20,2025-02-22,2,8,1
511695,110219,SKU0081,WH_B,Central,2025-02-21,2025-02-24,4,1,1
511696,110220,SKU0021,WH_C,West,2025-02-20,2025-02-22,2,4,1
511697,110220,SKU0021,WH_C,West,2025-02-21,2025-02-22,2,4,1
511698,110221,SKU0038,WH_C,West,2025-02-20,2025-02-22,2,1,1
511699,110222,SKU0064,WH_C,West,2025-02-23,2025-02-28,8,4,0
511700,110223,SKU0087,WH_B,Central,2025-02-21,2025-02-23,3,3,1
511701,110224,SKU0035,WH_A,East,2025-02-21,2025-02-25,5,2,0
511702,110225,SKU0060,WH_C,West,2025-02-20,2025-02-23,3,4,1
511703,110226,SKU0008,WH_C,West,2025-02-21,2025-02-22,2,3,1
511704,110227,SKU0098,WH_A,East,2025-02-22,2025-02-23,3,1,1
511705,110227,SKU0098,WH_A,East,2025-02-22,2025-02-24,4,0,1
511706,110228,SKU0012,WH_C,West,2025-02-22,2025-02-23,3,11,1
511707,110229,SKU0043,WH_B,Central,2025-02-21,2025-02-22,2,5,1
511708,110230,SKU0039,WH_C,West,2025-02-21,2025-02-25,4,1,0
511709,110231,SKU0038,WH_C,West,2025-02-21,2025-02-24,3,3,1
511710,110232,SKU0084,WH_A,East,2025-02-23,2025-02-25,4,2,1
511711,110233,SKU0048,WH_C,West,2025-02-22,2025-02-25,4,1,1
511712,110233,SKU0048,WH_C,West,2025-02-21,2025-02-22,1,0,1
511713,110234,SKU0048,WH_B,Central,2025-02-22,2025-02-28,7,3,0
511714,110235,SKU0065,WH_B,Central,2025-02-22,2025-02-25,4,2,1
511715,110236,SKU0023,WH_A,East,2025-02-22,2025-02-24,3,7,1
511716,110237,SKU0091,WH_A,East,2025-02-21,2025-02-25,4,3,0
511717,110238,SKU0040,WH_C,West,2025-02-22,2025-02-28,7,2,0
511718,110239,SKU0066,WH_B,Central,2025-02-21,2025-02-22,1,1,1
511719,110240,SKU0002,WH_A,East,2025-02-21,2025-02-25,4,2,0
511720,110241,SKU0077,WH_A,East,2025-02-23,2025-02-26,5,9,1
511721,110242,SKU0077,WH_A,East,2025-02-22,2025-02-23,2,2,1
511722,110243,SKU0074,WH_C,West,2025-02-21,2025-02-24,3,1,1
511723,110244,SKU0009,WH_C,West,2025-02-21,2025-02-24,3,7,1
511724,110245,SKU0045,WH_C,West,2025-02-21,2025-02-23,2,1,1
511725,110246,SKU0014,WH_C,West,2025-02-21,2025-02-26,5,1,0
511726,110247,SKU0064,WH_A,East,2025-02-21,2025-02-22,1,7,1
511727,110248,SKU0004,WH_C,West,2025-02-21,2025-02-22,1,3,1
511728,110249,SKU0046,WH_C,West,2025-02-22,2025-02-25,4,5,1
511729,110250,SKU0055,WH_A,East,2025-02-24,2025-02-26,5,1,1
511730,110251,SKU0013,WH_B,Central,2025-02-22,2025-02-24,3,1,1
511731,110252,SKU0097,WH_C,West,2025-02-23,2025-02-24,3,2,1
511732,110253,SKU0040,WH_B,Central,2025-02-22,2025-02-28,7,1,0
511733,110253,SKU0040,WH_B,Central,2025-02-21,2025-02-22,1,0,1
511734,110254,SKU0098,WH_C,West,2025-02-22,2025-02-24,3,1,1
511735,110255,SKU0070,WH_B,Central,2025-02-21,2025-02-23,2,2,1
511736,110256,SKU0043,WH_A,East,2025-02-22,2025-02-24,3,5,1
511737,110257,SKU0049,WH_B,Central,2025-02-21,2025-02-22,1,4,1
511738,110258,SKU0098,WH_C,West,2025-02-22,2025-02-24,3,5,1
511739,110259,SKU0055,WH_B,Central,2025-02-22,2025-02-23,2,3,1
511740,110260,SKU0081,WH_C,West,2025-02-21,2025-02-22,1,4,1
511741,110261,SKU0075,WH_B,Central,2025-02-21,2025-02-25,4,1,0
511742,110262,SKU0046,WH_C,West,2025-02-21,2025-02-25,4,1,0
511743,110263,SKU0057,WH_A,East,2025-02-21,2025-02-24,3,8,1
511744,110264,SKU0017,WH_B,Central,2025-02-23,2025-02-27,6,6,0
511745,110265,SKU0034,WH_C,West,2025-02-22,2025-02-23,2,5,1
511746,110266,SKU0009,WH_C,West,2025-02-21,2025-02-22,1,6,1
511747,110267,SKU0013,WH_C,West,2025-02-21,2025-02-23,2,12,1
511748,110268,SKU0031,WH_B,Central,2025-02-22,2025-02-24,3,1,1
511749,110269,SKU0053,WH_A,East,2025-02-21,2025-02-24,3,3,1
511750,110269,SKU0053,WH_A,East,2025-02-21,2025-02-25,4,3,0
511751,110270,SKU0002,WH_B,Central,2025-02-21,2025-02-23,2,5,1
511752,110271,SKU0015,WH_B,Central,2025-02-23,2025-02-25,4,1,1
511753,110272,SKU0020,WH_B,Central,2025-02-22,2025-02-24,3,3,1
511754,110273,SKU0039,WH_A,East,2025-02-23,2025-03-02,9,4,0
511755,110274,SKU0051,WH_B,Central,2025-02-23,2025-02-24,3,2,1
511756,110275,SKU0088,WH_B,Central,2025-02-21,2025-02-23,2,1,1
511757,110276,SKU0006,WH_C,West,2025-02-24,2025-02-26,5,3,1
511758,110277,SKU0085,WH_C,West,2025-02-21,2025-02-27,6,1,0
511759,110278,SKU0076,WH_C,West,2025-02-22,2025-02-25,4,9,1
511760,110279,SKU0084,WH_C,West,2025-02-21,2025-02-22,1,6,1
511761,110280,SKU0021,WH_A,East,2025-02-22,2025-02-25,4,7,1
511762,110281,SKU0070,WH_B,Central,2025-02-21,2025-02-22,1,2,1
511763,110282,SKU0084,WH_B,Central,2025-02-21,2025-02-23,2,1,1
511764,110283,SKU0083,WH_B,Central,2025-02-23,2025-02-28,7,1,0
511765,110284,SKU0038,WH_A,East,2025-02-21,2025-02-22,1,1,1
511766,110285,SKU0069,WH_A,East,2025-02-22,2025-02-23,2,1,1
511767,110285,SKU0069,WH_A,East,2025-02-21,2025-02-24,3,0,1
511768,110286,SKU0008,WH_A,East,2025-02-22,2025-02-25,4,1,1
511769,110286,SKU0008,WH_A,East,2025-02-21,2025-02-23,2,0,1
511770,110287,SKU0075,WH_A,East,2025-02-22,2025-02-24,3,5,1
511771,110288,SKU0071,WH_C,West,2025-02-21,2025-02-22,1,4,1
511772,110289,SKU0026,WH_B,Central,2025-02-22,2025-02-23,2,3,1
511773,110290,SKU0034,WH_C,West,2025-02-21,2025-02-23,2,2,1
511774,110291,SKU0020,WH_B,Central,2025-02-22,2025-02-23,2,1,1
511775,110292,SKU0038,WH_C,West,2025-02-21,2025-02-23,2,1,1
511776,110293,SKU0048,WH_A,East,2025-02-21,2025-02-25,4,1,0
511777,110294,SKU0059,WH_A,East,2025-02-22,2025-02-25,4,2,1
511778,110295,SKU0002,WH_A,East,2025-02-21,2025-02-23,2,1,1
511779,110296,SKU0001,WH_A,East,2025-02-21,2025-02-22,1,1,1
511780,110296,SKU0001,WH_A,East,2025-02-21,2025-02-27,6,0,0
511781,110297,SKU0042,WH_C,West,2025-02-24,2025-02-26,5,1,1
511782,110298,SKU0083,WH_B,Central,2025-02-23,2025-02-24,3,5,1
511783,110299,SKU0087,WH_A,East,2025-02-22,2025-02-25,4,2,1
511784,110300,SKU0094,WH_A,East,2025-02-22,2025-02-23,2,1,1
511785,110301,SKU0057,WH_A,East,2025-02-21,2025-02-24,3,1,1
511786,110302,SKU0099,WH_B,Central,2025-02-22,2025-02-23,2,3,1
511787,110303,SKU0025,WH_C,West,2025-02-22,2025-02-23,2,1,1
511788,110304,SKU0083,WH_C,West,2025-02-21,2025-02-22,1,1,1
511789,110305,SKU0022,WH_B,Central,2025-02-21,2025-02-24,3,2,1
511790,110305,SKU0022,WH_B,Central,2025-02-23,2025-02-25,4,3,1
511791,110306,SKU0065,WH_B,Central,2025-02-22,2025-02-23,2,1,1
511792,110306,SKU0065,WH_B,Central,2025-02-21,2025-02-23,2,0,1
511793,110307,SKU0011,WH_A,East,2025-02-22,2025-02-23,2,2,1
511794,110308,SKU0071,WH_A,East,2025-02-21,2025-02-23,2,1,1
511795,110309,SKU0088,WH_A,East,2025-02-21,2025-02-23,2,1,1
511796,110310,SKU0051,WH_C,West,2025-02-24,2025-02-28,7,1,0
511797,110311,SKU0015,WH_C,West,2025-02-21,2025-02-22,1,1,1
511798,110312,SKU0013,WH_A,East,2025-02-21,2025-02-22,1,2,1
511799,110313,SKU0009,WH_B,Central,2025-02-21,2025-02-23,2,3,1
511800,110314,SKU0063,WH_B,Central,2025-02-21,2025-02-23,2,14,1
511801,110315,SKU0075,WH_C,West,2025-02-22,2025-02-25,4,4,1
511802,110316,SKU0063,WH_C,West,2025-02-21,2025-02-22,1,1,1
511803,110317,SKU0072,WH_A,East,2025-02-22,2025-02-27,6,3,0
511804,110318,SKU0013,WH_C,West,2025-02-21,2025-02-22,1,1,1
511805,110318,SKU0013,WH_C,West,2025-02-22,2025-02-26,5,0,0
511806,110319,SKU0065,WH_A,East,2025-02-24,2025-02-25,4,7,1
511807,110320,SKU0097,WH_C,West,2025-02-21,2025-02-26,5,1,0
511808,110321,SKU0001,WH_B,Central,2025-02-21,2025-02-22,1,1,1
511809,110322,SKU0005,WH_C,West,2025-02-22,2025-02-24,3,3,1
511810,110323,SKU0050,WH_B,Central,2025-02-23,2025-02-25,4,3,1
511811,110324,SKU0057,WH_C,West,2025-02-21,2025-02-22,1,4,1
511812,110325,SKU0029,WH_C,West,2025-02-24,2025-02-26,5,1,1
511813,110326,SKU0016,WH_A,East,2025-02-22,2025-02-24,3,3,1
511814,110326,SKU0016,WH_A,East,2025-02-22,2025-02-24,3,2,1
511815,110327,SKU0044,WH_C,West,2025-02-21,2025-02-23,2,5,1
511816,110328,SKU0046,WH_C,West,2025-02-23,2025-02-25,4,2,1
511817,110328,SKU0046,WH_C,West,2025-02-24,2025-02-27,6,2,1
511818,110329,SKU0085,WH_B,Central,2025-02-21,2025-02-25,4,3,0
511819,110330,SKU0083,WH_A,East,2025-02-21,2025-02-22,1,6,1
511820,110331,SKU0004,WH_B,Central,2025-02-22,2025-02-24,3,3,1
511821,110331,SKU0004,WH_B,Central,2025-02-21,2025-02-22,1,3,1
511822,110332,SKU0031,WH_A,East,2025-02-21,2025-02-24,3,1,1
511823,110333,SKU0060,WH_C,West,2025-02-22,2025-02-24,3,2,1
511824,110333,SKU0060,WH_C,West,2025-02-24,2025-02-25,4,2,1
511825,110334,SKU0091,WH_B,Central,2025-02-21,2025-02-26,5,1,0
511826,110334,SKU0091,WH_B,Central,2025-02-22,2025-02-24,3,0,1
511827,110335,SKU0014,WH_C,West,2025-02-22,2025-02-23,2,1,1
511828,110336,SKU0039,WH_C,West,2025-02-22,2025-02-24,3,2,1
511829,110336,SKU0039,WH_C,West,2025-02-21,2025-02-25,4,2,0
511830,110337,SKU0024,WH_B,Central,2025-02-21,2025-02-22,1,1,1
511831,110338,SKU0026,WH_C,West,2025-02-21,2025-02-22,1,1,1
511832,110339,SKU0078,WH_A,East,2025-02-23,2025-02-24,3,2,1
511833,110340,SKU0068,WH_A,East,2025-02-24,2025-02-25,4,1,1
511834,110341,SKU0095,WH_C,West,2025-02-23,2025-02-24,3,1,1
511835,110342,SKU0020,WH_C,West,2025-02-21,2025-02-23,2,6,1
511836,110343,SKU0098,WH_B,Central,2025-02-21,2025-02-23,2,1,1
511837,110343,SKU0098,WH_B,Central,2025-02-22,2025-02-27,6,0,0
511838,110344,SKU0097,WH_A,East,2025-02-24,2025-02-26,5,1,1
511839,110345,SKU0067,WH_C,West,2025-02-21,2025-02-22,1,23,1
511840,110346,SKU0082,WH_C,West,2025-02-21,2025-02-22,1,1,1
511841,110347,SKU0052,WH_A,East,2025-02-23,2025-02-25,4,1,1
511842,110348,SKU0094,WH_C,West,2025-02-22,2025-03-01,8,11,0
511843,110349,SKU0095,WH_C,West,2025-02-21,2025-02-24,3,3,1
511844,110350,SKU0075,WH_C,West,2025-02-22,2025-02-26,5,2,0
511845,110351,SKU0022,WH_B,Central,2025-02-21,2025-02-23,2,1,1
511846,110351,SKU0022,WH_B,Central,2025-02-22,2025-02-25,4,2,1
511847,110352,SKU0080,WH_A,East,2025-02-22,2025-02-24,3,1,1
511848,110353,SKU0009,WH_C,West,2025-02-21,2025-02-27,6,1,0
511849,110354,SKU0048,WH_C,West,2025-02-21,2025-02-22,1,4,1
511850,110355,SKU0083,WH_B,Central,2025-02-21,2025-02-22,1,1,1
511851,110356,SKU0074,WH_C,West,2025-02-23,2025-02-25,4,2,1
511852,110356,SKU0074,WH_C,West,2025-02-24,2025-03-01,8,1,0
511853,110357,SKU0021,WH_A,East,2025-02-21,2025-02-23,2,4,1
511854,110358,SKU0085,WH_B,Central,2025-02-21,2025-02-25,4,1,0
511855,110359,SKU0049,WH_B,Central,2025-02-22,2025-02-23,2,8,1
511856,110360,SKU0054,WH_B,Central,2025-02-21,2025-02-24,3,3,1
511857,110361,SKU0060,WH_B,Central,2025-02-21,2025-02-23,2,1,1
511858,110361,SKU0060,WH_B,Central,2025-02-21,2025-02-24,3,1,1
511859,110362,SKU0004,WH_C,West,2025-02-21,2025-02-24,3,1,1
511860,110363,SKU0079,WH_B,Central,2025-02-21,2025-02-23,2,4,1
511861,110364,SKU0055,WH_A,East,2025-02-21,2025-02-22,1,1,1
511862,110365,SKU0057,WH_C,West,2025-02-24,2025-02-25,4,1,1
511863,110366,SKU0056,WH_A,East,2025-02-21,2025-02-22,1,4,1
511864,110367,SKU0099,WH_A,East,2025-02-21,2025-02-22,1,4,1
511865,110368,SKU0099,WH_C,West,2025-02-21,2025-02-22,1,2,1
511866,110369,SKU0086,WH_C,West,2025-02-22,2025-02-23,2,1,1
511867,110370,SKU0100,WH_B,Central,2025-02-22,2025-02-23,2,2,1
511868,110371,SKU0014,WH_A,East,2025-02-21,2025-02-23,2,1,1
511869,110372,SKU0087,WH_B,Central,2025-02-22,2025-02-25,4,1,1
511870,110372,SKU0087,WH_B,Central,2025-02-21,2025-02-26,5,0,0
511871,110373,SKU0023,WH_A,East,2025-02-22,2025-02-24,3,2,1
511872,110374,SKU0077,WH_A,East,2025-02-21,2025-02-23,2,1,1
511873,110374,SKU0077,WH_A,East,2025-02-22,2025-02-23,2,1,1
511874,110375,SKU0031,WH_A,East,2025-02-23,2025-02-25,4,4,1
511875,110376,SKU0026,WH_A,East,2025-02-21,2025-02-23,2,1,1
511876,110376,SKU0026,WH_A,East,2025-02-21,2025-02-23,2,0,1
511877,110377,SKU0081,WH_A,East,2025-02-21,2025-02-22,1,1,1
511878,110378,SKU0001,WH_B,Central,2025-02-21,2025-02-22,1,2,1
511879,110379,SKU0040,WH_B,Central,2025-02-21,2025-02-24,3,2,1
511880,110380,SKU0044,WH_B,Central,2025-02-21,2025-02-25,4,2,0
511881,110381,SKU0073,WH_B,Central,2025-02-22,2025-02-24,3,3,1
511882,110382,SKU0064,WH_A,East,2025-02-21,2025-02-22,1,1,1
511883,110383,SKU0099,WH_B,Central,2025-02-21,2025-02-24,3,5,1
511884,110384,SKU0024,WH_A,East,2025-02-22,2025-02-24,3,4,1
511885,110385,SKU0003,WH_A,East,2025-02-22,2025-02-26,5,7,0
511886,110386,SKU0100,WH_B,Central,2025-02-21,2025-02-24,3,1,1
511887,110387,SKU0052,WH_B,Central,2025-02-23,2025-02-24,3,1,1
511888,110388,SKU0020,WH_C,West,2025-02-21,2025-02-23,2,1,1
511889,110389,SKU0003,WH_C,West,2025-02-21,2025-02-22,1,6,1
511890,110389,SKU0003,WH_C,West,2025-02-21,2025-02-22,1,1,1
511891,110390,SKU0044,WH_B,Central,2025-02-21,2025-02-22,1,1,1
511892,110391,SKU0039,WH_C,West,2025-02-21,2025-02-23,2,4,1
511893,110392,SKU0002,WH_C,West,2025-02-22,2025-02-25,4,1,1
511894,110393,SKU0083,WH_B,Central,2025-02-23,2025-02-24,3,2,1
511895,110394,SKU0087,WH_B,Central,2025-02-21,2025-02-25,4,5,0
511896,110395,SKU0030,WH_B,Central,2025-02-21,2025-02-24,3,4,1
511897,110396,SKU0012,WH_B,Central,2025-02-21,2025-02-23,2,4,1
511898,110397,SKU0045,WH_C,West,2025-02-24,2025-02-26,5,6,1
511899,110398,SKU0067,WH_C,West,2025-02-21,2025-02-24,3,2,1
511900,110399,SKU0071,WH_A,East,2025-02-21,2025-02-27,6,1,0
511901,110400,SKU0029,WH_C,West,2025-02-21,2025-02-28,7,7,0
511902,110400,SKU0029,WH_C,West,2025-02-22,2025-02-23,2,1,1
511903,110401,SKU0080,WH_B,Central,2025-02-22,2025-02-24,3,2,1
511904,110402,SKU0065,WH_B,Central,2025-02-22,2025-02-25,4,4,1
511905,110403,SKU0079,WH_B,Central,2025-02-21,2025-02-22,1,3,1
511906,110404,SKU0038,WH_A,East,2025-02-25,2025-02-27,6,4,1
511907,110405,SKU0043,WH_A,East,2025-02-21,2025-02-24,3,3,1
511908,110406,SKU0044,WH_B,Central,2025-02-22,2025-02-26,5,3,0
511909,110407,SKU0090,WH_C,West,2025-02-21,2025-02-22,1,4,1
511910,110408,SKU0019,WH_C,West,2025-02-21,2025-02-26,5,1,0
511911,110408,SKU0019,WH_C,West,2025-02-21,2025-02-23,2,0,1
511912,110409,SKU0048,WH_C,West,2025-02-21,2025-02-25,4,1,0
511913,110409,SKU0048,WH_C,West,2025-02-21,2025-02-26,5,0,0
511914,110410,SKU0070,WH_B,Central,2025-02-23,2025-02-25,3,4,1
511915,110411,SKU0098,WH_A,East,2025-02-23,2025-02-26,4,7,1
511916,110412,SKU0072,WH_A,East,2025-02-23,2025-02-26,4,2,1
511917,110413,SKU0072,WH_C,West,2025-02-24,2025-02-26,4,16,1
511918,110414,SKU0047,WH_A,East,2025-02-23,2025-03-01,7,1,0
511919,110414,SKU0047,WH_A,East,2025-02-22,2025-02-25,3,0,1
511920,110415,SKU0030,WH_B,Central,2025-02-22,2025-02-24,2,1,1
511921,110416,SKU0056,WH_A,East,2025-02-22,2025-02-23,1,1,1
511922,110417,SKU0005,WH_A,East,2025-02-25,2025-02-27,5,10,1
511923,110418,SKU0067,WH_B,Central,2025-02-22,2025-02-24,2,1,1
511924,110418,SKU0067,WH_B,Central,2025-02-22,2025-02-24,2,0,1
511925,110419,SKU0037,WH_C,West,2025-02-23,2025-02-24,2,1,1
511926,110419,SKU0037,WH_C,West,2025-02-25,2025-02-27,5,5,1
511927,110420,SKU0016,WH_C,West,2025-02-22,2025-02-26,4,1,0
511928,110421,SKU0068,WH_A,East,2025-02-22,2025-02-25,3,1,1
511929,110422,SKU0049,WH_C,West,2025-02-23,2025-02-24,2,1,1
511930,110423,SKU0018,WH_C,West,2025-02-22,2025-02-24,2,2,1
511931,110424,SKU0095,WH_B,Central,2025-02-23,2025-02-24,2,1,1
511932,110425,SKU0037,WH_C,West,2025-02-22,2025-02-23,1,5,1
511933,110426,SKU0032,WH_A,East,2025-02-22,2025-02-24,2,1,1
511934,110427,SKU0050,WH_A,East,2025-02-22,2025-02-23,1,4,1
511935,110428,SKU0034,WH_C,West,2025-02-23,2025-02-25,3,3,1
511936,110429,SKU0048,WH_B,Central,2025-02-24,2025-02-26,4,3,1
511937,110430,SKU0050,WH_B,Central,2025-02-22,2025-02-24,2,8,1
511938,110431,SKU0020,WH_A,East,2025-02-22,2025-02-23,1,1,1
511939,110431,SKU0020,WH_A,East,2025-02-22,2025-02-24,2,0,1
511940,110432,SKU0086,WH_A,East,2025-02-22,2025-02-23,1,15,1
511941,110433,SKU0075,WH_A,East,2025-02-23,2025-02-27,5,6,0
511942,110434,SKU0027,WH_A,East,2025-02-22,2025-02-23,1,1,1
511943,110434,SKU0027,WH_A,East,2025-02-24,2025-02-25,3,0,1
511944,110435,SKU0093,WH_B,Central,2025-02-22,2025-02-23,1,5,1
511945,110436,SKU0057,WH_A,East,2025-02-24,2025-02-25,3,1,1
511946,110437,SKU0003,WH_A,East,2025-02-24,2025-02-26,4,1,1
511947,110438,SKU0092,WH_C,West,2025-02-23,2025-02-26,4,1,1
511948,110439,SKU0089,WH_A,East,2025-02-23,2025-02-24,2,2,1
511949,110440,SKU0051,WH_A,East,2025-02-22,2025-02-23,1,14,1
511950,110441,SKU0086,WH_B,Central,2025-02-22,2025-02-24,2,1,1
511951,110442,SKU0038,WH_A,East,2025-02-23,2025-02-24,2,1,1
511952,110443,SKU0081,WH_C,West,2025-02-23,2025-02-24,2,1,1
511953,110444,SKU0049,WH_B,Central,2025-02-22,2025-03-01,7,2,0
511954,110445,SKU0006,WH_A,East,2025-02-22,2025-02-23,1,1,1
511955,110445,SKU0006,WH_A,East,2025-02-22,2025-02-27,5,0,0
511956,110446,SKU0060,WH_B,Central,2025-02-22,2025-02-24,2,4,1
511957,110446,SKU0060,WH_B,Central,2025-02-23,2025-02-28,6,2,0
511958,110447,SKU0028,WH_B,Central,2025-02-22,2025-02-24,2,4,1
511959,110448,SKU0044,WH_B,Central,2025-02-24,2025-02-25,3,2,1
511960,110449,SKU0074,WH_A,East,2025-02-22,2025-02-24,2,1,1
511961,110450,SKU0097,WH_A,East,2025-02-23,2025-02-24,2,2,1
511962,110451,SKU0062,WH_C,West,2025-02-24,2025-02-28,6,1,0
511963,110452,SKU0004,WH_C,West,2025-02-22,2025-02-24,2,4,1
511964,110453,SKU0078,WH_B,Central,2025-02-22,2025-03-01,7,1,0
511965,110454,SKU0007,WH_B,Central,2025-02-23,2025-02-24,2,1,1
511966,110454,SKU0007,WH_B,Central,2025-02-23,2025-02-27,5,0,0
511967,110455,SKU0014,WH_B,Central,2025-02-23,2025-02-24,2,2,1
511968,110456,SKU0088,WH_A,East,2025-02-22,2025-02-24,2,1,1
511969,110457,SKU0048,WH_A,East,2025-02-22,2025-02-24,2,3,1
511970,110458,SKU0004,WH_A,East,2025-02-22,2025-02-23,1,4,1
511971,110459,SKU0066,WH_C,West,2025-02-23,2025-02-25,3,1,1
511972,110460,SKU0012,WH_A,East,2025-02-22,2025-02-27,5,5,0
511973,110461,SKU0056,WH_B,Central,2025-02-23,2025-02-24,2,4,1
511974,110461,SKU0056,WH_B,Central,2025-02-24,2025-02-26,4,2,1
511975,110462,SKU0081,WH_B,Central,2025-02-22,2025-02-23,1,1,1
511976,110463,SKU0080,WH_C,West,2025-02-23,2025-03-01,7,1,0
511977,110464,SKU0001,WH_B,Central,2025-02-22,2025-02-24,2,1,1
511978,110465,SKU0028,WH_B,Central,2025-02-22,2025-02-24,2,2,1
511979,110466,SKU0041,WH_B,Central,2025-02-24,2025-02-25,3,3,1
511980,110467,SKU0081,WH_B,Central,2025-02-22,2025-02-23,1,3,1
511981,110468,SKU0040,WH_C,West,2025-02-22,2025-02-23,1,2,1
511982,110469,SKU0052,WH_B,Central,2025-02-23,2025-02-24,2,1,1
511983,110470,SKU0019,WH_C,West,2025-02-23,2025-02-24,2,1,1
511984,110470,SKU0019,WH_C,West,2025-02-22,2025-02-23,1,0,1
511985,110471,SKU0084,WH_C,West,2025-02-22,2025-02-23,1,5,1
511986,110472,SKU0095,WH_C,West,2025-02-22,2025-02-27,5,1,0
511987,110473,SKU0066,WH_B,Central,2025-02-22,2025-02-23,1,3,1
511988,110473,SKU0066,WH_B,Central,2025-02-22,2025-02-24,2,1,1
511989,110474,SKU0097,WH_A,East,2025-02-22,2025-02-23,1,1,1
511990,110475,SKU0021,WH_C,West,2025-02-22,2025-02-28,6,1,0
511991,110475,SKU0021,WH_C,West,2025-02-23,2025-02-25,3,0,1
511992,110476,SKU0006,WH_B,Central,2025-02-22,2025-02-24,2,1,1
511993,110477,SKU0004,WH_B,Central,2025-02-22,2025-02-25,3,3,1
511994,110478,SKU0045,WH_B,Central,2025-02-22,2025-02-23,1,1,1
511995,110479,SKU0091,WH_B,Central,2025-02-23,2025-02-26,4,1,1
511996,110480,SKU0054,WH_A,East,2025-02-23,2025-02-25,3,1,1
511997,110481,SKU0044,WH_B,Central,2025-02-22,2025-02-23,1,8,1
511998,110482,SKU0045,WH_A,East,2025-02-22,2025-02-25,3,8,1
511999,110483,SKU0072,WH_A,East,2025-02-22,2025-02-24,2,2,1
512000,110484,SKU0090,WH_B,Central,2025-02-22,2025-02-23,1,1,1
512001,110485,SKU0003,WH_B,Central,2025-02-23,2025-02-25,3,3,1
512002,110486,SKU0060,WH_A,East,2025-02-25,2025-02-26,4,1,1
512003,110487,SKU0007,WH_B,Central,2025-02-22,2025-02-23,1,1,1
512004,110488,SKU0058,WH_A,East,2025-02-22,2025-02-24,2,1,1
512005,110489,SKU0028,WH_B,Central,2025-02-24,2025-02-25,3,2,1
512006,110490,SKU0061,WH_B,Central,2025-02-22,2025-02-28,6,1,0
512007,110491,SKU0039,WH_B,Central,2025-02-23,2025-02-24,2,1,1
512008,110492,SKU0005,WH_C,West,2025-02-22,2025-02-25,3,1,1
512009,110493,SKU0044,WH_C,West,2025-02-23,2025-02-25,3,1,1
512010,110494,SKU0089,WH_B,Central,2025-02-24,2025-02-25,3,6,1
512011,110495,SKU0018,WH_C,West,2025-02-22,2025-02-24,2,1,1
512012,110496,SKU0034,WH_A,East,2025-02-22,2025-02-24,2,2,1
512013,110497,SKU0089,WH_C,West,2025-02-22,2025-02-23,1,4,1
512014,110498,SKU0011,WH_C,West,2025-02-24,2025-02-25,3,4,1
512015,110499,SKU0072,WH_C,West,2025-02-23,2025-02-26,4,2,1
512016,110500,SKU0096,WH_A,East,2025-02-22,2025-02-24,2,3,1
512017,110501,SKU0064,WH_B,Central,2025-02-22,2025-02-26,4,1,0
512018,110501,SKU0064,WH_B,Central,2025-02-23,2025-02-24,2,1,1
512019,110502,SKU0044,WH_A,East,2025-02-22,2025-02-23,1,4,1
512020,110503,SKU0042,WH_A,East,2025-02-22,2025-02-23,1,1,1
512021,110504,SKU0059,WH_A,East,2025-02-24,2025-02-26,4,1,1
512022,110505,SKU0076,WH_C,West,2025-02-22,2025-02-25,3,3,1
512023,110506,SKU0008,WH_B,Central,2025-02-25,2025-03-02,8,10,0
512024,110507,SKU0022,WH_A,East,2025-02-22,2025-02-23,1,17,1
512025,110508,SKU0090,WH_A,East,2025-02-22,2025-02-24,2,2,1
512026,110508,SKU0090,WH_A,East,2025-02-22,2025-02-27,5,1,0
512027,110509,SKU0038,WH_A,East,2025-02-23,2025-02-24,2,3,1
512028,110510,SKU0080,WH_A,East,2025-02-22,2025-02-23,1,2,1
512029,110511,SKU0004,WH_B,Central,2025-02-22,2025-02-27,5,4,0
512030,110511,SKU0004,WH_B,Central,2025-02-23,2025-02-25,3,4,1
512031,110512,SKU0019,WH_C,West,2025-02-22,2025-02-27,5,4,0
512032,110513,SKU0039,WH_A,East,2025-02-22,2025-02-27,5,1,0
512033,110514,SKU0082,WH_C,West,2025-02-22,2025-02-24,2,16,1
512034,110515,SKU0010,WH_A,East,2025-02-23,2025-02-24,2,2,1
512035,110516,SKU0098,WH_B,Central,2025-02-24,2025-03-02,8,1,0
512036,110517,SKU0010,WH_A,East,2025-02-22,2025-02-23,1,1,1
512037,110518,SKU0016,WH_B,Central,2025-02-23,2025-02-25,3,3,1
512038,110519,SKU0056,WH_A,East,2025-02-22,2025-02-25,3,1,1
512039,110520,SKU0094,WH_A,East,2025-02-22,2025-02-28,6,1,0
512040,110521,SKU0042,WH_A,East,2025-02-23,2025-02-24,2,1,1
512041,110522,SKU0076,WH_B,Central,2025-02-25,2025-02-26,4,1,1
512042,110523,SKU0070,WH_B,Central,2025-02-23,2025-02-25,3,4,1
512043,110524,SKU0058,WH_B,Central,2025-02-23,2025-02-28,6,2,0
512044,110525,SKU0070,WH_B,Central,2025-02-23,2025-02-27,5,1,0
512045,110526,SKU0070,WH_B,Central,2025-02-24,2025-02-27,5,1,1
512046,110527,SKU0067,WH_C,West,2025-02-22,2025-02-23,1,4,1
512047,110528,SKU0098,WH_A,East,2025-02-22,2025-02-24,2,1,1
512048,110528,SKU0098,WH_A,East,2025-02-22,2025-02-23,1,0,1
512049,110529,SKU0035,WH_C,West,2025-02-25,2025-03-01,7,1,0
512050,110530,SKU0040,WH_A,East,2025-02-22,2025-02-26,4,1,0
512051,110531,SKU0062,WH_C,West,2025-02-22,2025-02-23,1,6,1
512052,110532,SKU0096,WH_A,East,2025-02-25,2025-02-28,6,1,1
512053,110532,SKU0096,WH_A,East,2025-02-23,2025-02-27,5,0,0
512054,110533,SKU0055,WH_C,West,2025-02-22,2025-02-25,3,1,1
512055,110534,SKU0044,WH_A,East,2025-02-22,2025-02-26,4,1,0
512056,110534,SKU0044,WH_A,East,2025-02-22,2025-02-25,3,0,1
512057,110535,SKU0006,WH_B,Central,2025-02-24,2025-02-25,3,1,1
512058,110536,SKU0035,WH_B,Central,2025-02-22,2025-02-24,2,3,1
512059,110537,SKU0033,WH_C,West,2025-02-23,2025-02-27,5,2,0
512060,110537,SKU0033,WH_C,West,2025-02-22,2025-02-28,6,3,0
512061,110538,SKU0081,WH_C,West,2025-02-23,2025-02-24,2,1,1
512062,110539,SKU0066,WH_A,East,2025-02-22,2025-02-23,1,4,1
512063,110540,SKU0012,WH_B,Central,2025-02-22,2025-02-24,2,1,1
512064,110540,SKU0012,WH_B,Central,2025-02-22,2025-02-24,2,0,1
512065,110541,SKU0046,WH_B,Central,2025-02-24,2025-02-26,4,12,1
512066,110542,SKU0078,WH_C,West,2025-02-22,2025-02-23,1,3,1
512067,110543,SKU0031,WH_B,Central,2025-02-23,2025-02-28,6,4,0
512068,110544,SKU0001,WH_A,East,2025-02-23,2025-02-24,2,4,1
512069,110545,SKU0056,WH_B,Central,2025-02-22,2025-02-23,1,1,1
512070,110546,SKU0009,WH_B,Central,2025-02-23,2025-02-26,4,6,1
512071,110547,SKU0007,WH_A,East,2025-02-25,2025-02-27,5,3,1
512072,110548,SKU0042,WH_A,East,2025-02-23,2025-02-24,2,3,1
512073,110549,SKU0100,WH_B,Central,2025-02-22,2025-02-23,1,1,1
512074,110550,SKU0015,WH_B,Central,2025-02-22,2025-02-24,2,3,1
512075,110551,SKU0043,WH_C,West,2025-02-25,2025-02-28,6,1,1
512076,110552,SKU0014,WH_C,West,2025-02-22,2025-02-24,2,4,1
512077,110553,SKU0003,WH_B,Central,2025-02-22,2025-02-23,1,15,1
512078,110554,SKU0011,WH_C,West,2025-02-22,2025-02-23,1,7,1
512079,110555,SKU0087,WH_A,East,2025-02-22,2025-02-25,3,4,1
512080,110556,SKU0016,WH_B,Central,2025-02-25,2025-02-26,4,1,1
512081,110557,SKU0097,WH_A,East,2025-02-24,2025-02-25,3,6,1
512082,110558,SKU0029,WH_B,Central,2025-02-23,2025-02-24,2,1,1
512083,110559,SKU0053,WH_C,West,2025-02-22,2025-02-23,1,1,1
512084,110559,SKU0053,WH_C,West,2025-02-22,2025-02-27,5,0,0
512085,110560,SKU0022,WH_C,West,2025-02-22,2025-02-23,1,1,1
512086,110561,SKU0008,WH_A,East,2025-02-22,2025-02-25,3,2,1
512087,110562,SKU0078,WH_A,East,2025-02-23,2025-03-01,7,1,0
512088,110563,SKU0028,WH_C,West,2025-02-23,2025-02-25,3,8,1
512089,110564,SKU0024,WH_B,Central,2025-02-22,2025-02-23,1,2,1
512090,110565,SKU0056,WH_A,East,2025-02-24,2025-02-27,5,3,1
512091,110566,SKU0005,WH_B,Central,2025-02-23,2025-02-24,2,1,1
512092,110567,SKU0014,WH_C,West,2025-02-22,2025-02-25,3,1,1
512093,110567,SKU0014,WH_C,West,2025-02-23,2025-02-25,3,0,1
512094,110568,SKU0096,WH_A,East,2025-02-23,2025-02-25,3,1,1
512095,110568,SKU0096,WH_A,East,2025-02-23,2025-02-25,3,0,1
512096,110569,SKU0010,WH_A,East,2025-02-23,2025-02-24,2,1,1
512097,110570,SKU0013,WH_A,East,2025-02-23,2025-02-25,3,5,1
512098,110570,SKU0013,WH_A,East,2025-02-24,2025-02-26,4,1,1
512099,110571,SKU0098,WH_B,Central,2025-02-23,2025-02-24,2,1,1
512100,110572,SKU0098,WH_B,Central,2025-02-22,2025-02-25,3,1,1
512101,110573,SKU0051,WH_C,West,2025-02-24,2025-02-27,5,1,1
512102,110573,SKU0051,WH_C,West,2025-02-22,2025-02-23,1,0,1
512103,110574,SKU0030,WH_B,Central,2025-02-22,2025-02-24,2,3,1
512104,110575,SKU0020,WH_B,Central,2025-02-22,2025-02-27,5,1,0
512105,110576,SKU0064,WH_C,West,2025-02-22,2025-02-25,3,5,1
512106,110577,SKU0038,WH_C,West,2025-02-23,2025-02-26,4,1,1
512107,110578,SKU0070,WH_A,East,2025-02-23,2025-02-24,2,2,1
512108,110579,SKU0023,WH_C,West,2025-02-23,2025-02-26,4,2,1
512109,110580,SKU0059,WH_B,Central,2025-02-23,2025-02-25,3,10,1
512110,110581,SKU0047,WH_A,East,2025-02-23,2025-02-24,2,6,1
512111,110582,SKU0052,WH_B,Central,2025-02-22,2025-02-23,1,3,1
512112,110583,SKU0095,WH_C,West,2025-02-23,2025-02-25,3,1,1
512113,110584,SKU0011,WH_B,Central,2025-02-22,2025-02-24,2,2,1
512114,110584,SKU0011,WH_B,Central,2025-02-22,2025-02-24,2,5,1
512115,110585,SKU0024,WH_C,West,2025-02-22,2025-02-27,5,5,0
512116,110586,SKU0017,WH_A,East,2025-02-22,2025-02-24,2,1,1
512117,110587,SKU0062,WH_A,East,2025-02-22,2025-02-25,3,1,1
512118,110588,SKU0007,WH_C,West,2025-02-22,2025-02-23,1,1,1
512119,110589,SKU0085,WH_A,East,2025-02-25,2025-03-01,7,1,0
512120,110590,SKU0037,WH_C,West,2025-02-23,2025-02-26,3,8,1
512121,110591,SKU0049,WH_C,West,2025-02-24,2025-02-25,2,1,1
512122,110592,SKU0070,WH_B,Central,2025-02-26,2025-02-27,4,1,1
512123,110593,SKU0088,WH_A,East,2025-02-25,2025-02-28,5,1,1
512124,110594,SKU0088,WH_C,West,2025-02-24,2025-02-27,4,2,1
512125,110594,SKU0088,WH_C,West,2025-02-24,2025-02-27,4,1,1
512126,110595,SKU0069,WH_C,West,2025-02-25,2025-02-27,4,5,1
512127,110596,SKU0067,WH_C,West,2025-02-23,2025-02-28,5,4,0
512128,110597,SKU0100,WH_A,East,2025-02-24,2025-02-25,2,2,1
512129,110598,SKU0087,WH_C,West,2025-02-24,2025-03-01,6,5,0
512130,110599,SKU0002,WH_B,Central,2025-02-24,2025-02-26,3,1,1
512131,110600,SKU0032,WH_A,East,2025-02-23,2025-03-01,6,1,0
512132,110601,SKU0035,WH_C,West,2025-02-24,2025-02-25,2,1,1
512133,110602,SKU0025,WH_C,West,2025-02-26,2025-02-28,5,1,1
512134,110602,SKU0025,WH_C,West,2025-02-23,2025-02-24,1,0,1
512135,110603,SKU0091,WH_A,East,2025-02-26,2025-02-28,5,1,1
512136,110604,SKU0085,WH_A,East,2025-02-23,2025-02-25,2,1,1
512137,110604,SKU0085,WH_A,East,2025-02-24,2025-02-26,3,1,1
512138,110605,SKU0014,WH_B,Central,2025-02-23,2025-02-26,3,2,1
512139,110606,SKU0076,WH_A,East,2025-02-23,2025-02-26,3,6,1
512140,110607,SKU0046,WH_B,Central,2025-02-26,2025-03-04,9,6,0
512141,110608,SKU0052,WH_A,East,2025-02-23,2025-02-24,1,2,1
512142,110609,SKU0001,WH_A,East,2025-02-23,2025-02-27,4,1,0
512143,110609,SKU0001,WH_A,East,2025-02-23,2025-02-24,1,0,1
512144,110610,SKU0090,WH_A,East,2025-02-24,2025-03-01,6,1,0
512145,110611,SKU0100,WH_B,Central,2025-02-23,2025-02-24,1,1,1
512146,110612,SKU0084,WH_A,East,2025-02-25,2025-02-27,4,1,1
512147,110613,SKU0022,WH_C,West,2025-02-24,2025-02-28,5,2,0
512148,110614,SKU0059,WH_A,East,2025-02-23,2025-02-25,2,1,1
512149,110615,SKU0076,WH_B,Central,2025-02-27,2025-03-02,7,2,1
512150,110616,SKU0088,WH_A,East,2025-02-23,2025-02-26,3,2,1
512151,110617,SKU0078,WH_B,Central,2025-02-23,2025-02-24,1,1,1
512152,110618,SKU0060,WH_B,Central,2025-02-24,2025-02-25,2,2,1
512153,110619,SKU0020,WH_C,West,2025-02-23,2025-02-24,1,1,1
512154,110620,SKU0015,WH_A,East,2025-02-23,2025-02-25,2,1,1
512155,110621,SKU0008,WH_B,Central,2025-02-23,2025-02-27,4,1,0
512156,110622,SKU0085,WH_C,West,2025-02-24,2025-02-25,2,2,1
512157,110623,SKU0009,WH_B,Central,2025-02-24,2025-02-28,5,1,0
512158,110624,SKU0080,WH_C,West,2025-02-26,2025-02-27,4,1,1
512159,110625,SKU0047,WH_C,West,2025-02-24,2025-02-25,2,14,1
512160,110626,SKU0092,WH_A,East,2025-02-23,2025-02-24,1,1,1
512161,110626,SKU0092,WH_A,East,2025-02-24,2025-02-26,3,0,1
512162,110627,SKU0058,WH_C,West,2025-02-23,2025-02-25,2,1,1
512163,110627,SKU0058,WH_C,West,2025-02-24,2025-02-27,4,0,1
512164,110628,SKU0063,WH_B,Central,2025-02-24,2025-02-26,3,4,1
512165,110629,SKU0004,WH_B,Central,2025-02-23,2025-02-24,1,4,1
512166,110629,SKU0004,WH_B,Central,2025-02-25,2025-02-26,3,1,1
512167,110630,SKU0008,WH_C,West,2025-02-23,2025-02-26,3,4,1
512168,110631,SKU0056,WH_C,West,2025-02-23,2025-02-24,1,3,1
512169,110632,SKU0044,WH_C,West,2025-02-23,2025-02-25,2,1,1
512170,110633,SKU0036,WH_A,East,2025-02-23,2025-02-24,1,5,1
512171,110634,SKU0034,WH_B,Central,2025-02-23,2025-02-25,2,1,1
512172,110635,SKU0038,WH_A,East,2025-02-23,2025-02-24,1,5,1
512173,110636,SKU0090,WH_A,East,2025-02-24,2025-02-25,2,1,1
512174,110637,SKU0080,WH_B,Central,2025-02-23,2025-02-24,1,1,1
512175,110638,SKU0089,WH_A,East,2025-02-23,2025-02-26,3,1,1
512176,110639,SKU0007,WH_A,East,2025-02-23,2025-02-26,3,1,1
512177,110640,SKU0046,WH_A,East,2025-02-23,2025-02-26,3,1,1
512178,110640,SKU0046,WH_A,East,2025-02-23,2025-02-25,2,0,1
512179,110641,SKU0068,WH_C,West,2025-02-23,2025-02-24,1,3,1
512180,110642,SKU0093,WH_A,East,2025-02-23,2025-02-25,2,1,1
512181,110643,SKU0022,WH_A,East,2025-02-23,2025-02-24,1,4,1
512182,110644,SKU0063,WH_B,Central,2025-02-24,2025-02-26,3,4,1
512183,110645,SKU0010,WH_A,East,2025-02-23,2025-02-27,4,1,0
512184,110646,SKU0041,WH_B,Central,2025-02-25,2025-02-27,4,1,1
512185,110646,SKU0041,WH_B,Central,2025-02-23,2025-02-27,4,0,0
512186,110647,SKU0089,WH_C,West,2025-02-24,2025-02-26,3,1,1
512187,110648,SKU0091,WH_B,Central,2025-02-23,2025-02-26,3,1,1
512188,110649,SKU0012,WH_B,Central,2025-02-23,2025-02-26,3,3,1
512189,110650,SKU0019,WH_C,West,2025-02-23,2025-02-26,3,1,1
512190,110650,SKU0019,WH_C,West,2025-02-24,2025-03-01,6,1,0
512191,110651,SKU0006,WH_A,East,2025-02-23,2025-02-25,2,4,1
512192,110652,SKU0030,WH_C,West,2025-02-23,2025-02-24,1,1,1
512193,110652,SKU0030,WH_C,West,2025-02-23,2025-02-27,4,0,0
512194,110653,SKU0061,WH_A,East,2025-02-24,2025-02-26,3,2,1
512195,110654,SKU0059,WH_B,Central,2025-02-25,2025-02-26,3,1,1
512196,110654,SKU0059,WH_B,Central,2025-02-24,2025-02-27,4,0,1
512197,110655,SKU0087,WH_B,Central,2025-02-23,2025-02-24,1,3,1
512198,110656,SKU0041,WH_A,East,2025-02-23,2025-03-01,6,7,0
512199,110657,SKU0083,WH_C,West,2025-02-24,2025-02-25,2,2,1
512200,110658,SKU0012,WH_B,Central,2025-02-24,2025-02-25,2,1,1
512201,110659,SKU0004,WH_A,East,2025-02-23,2025-03-02,7,4,0
512202,110659,SKU0004,WH_A,East,2025-02-23,2025-02-26,3,1,1
512203,110660,SKU0084,WH_C,West,2025-02-25,2025-02-27,4,1,1
512204,110660,SKU0084,WH_C,West,2025-02-26,2025-02-27,4,1,1
512205,110661,SKU0016,WH_C,West,2025-02-26,2025-02-27,4,2,1
512206,110662,SKU0080,WH_A,East,2025-02-23,2025-02-27,4,6,0
512207,110663,SKU0056,WH_C,West,2025-02-24,2025-02-26,3,1,1
512208,110664,SKU0041,WH_B,Central,2025-02-23,2025-03-02,7,4,0
512209,110665,SKU0090,WH_B,Central,2025-02-23,2025-02-27,4,1,0
512210,110666,SKU0012,WH_B,Central,2025-02-26,2025-02-27,4,7,1
512211,110667,SKU0096,WH_B,Central,2025-02-24,2025-02-25,2,1,1
512212,110668,SKU0057,WH_A,East,2025-02-24,2025-02-26,3,10,1
512213,110669,SKU0007,WH_A,East,2025-02-23,2025-02-28,5,2,0
512214,110670,SKU0042,WH_A,East,2025-02-24,2025-02-25,2,3,1
512215,110671,SKU0047,WH_C,West,2025-02-24,2025-02-25,2,1,1
512216,110672,SKU0098,WH_C,West,2025-02-24,2025-02-26,3,3,1
512217,110673,SKU0066,WH_B,Central,2025-02-23,2025-02-24,1,1,1
512218,110674,SKU0071,WH_B,Central,2025-02-24,2025-02-27,4,1,1
512219,110675,SKU0065,WH_A,East,2025-02-23,2025-02-25,2,1,1
512220,110676,SKU0049,WH_B,Central,2025-02-23,2025-02-24,1,1,1
512221,110677,SKU0059,WH_C,West,2025-02-24,2025-02-25,2,1,1
512222,110678,SKU0040,WH_A,East,2025-02-23,2025-02-24,1,3,1
512223,110679,SKU0062,WH_A,East,2025-02-24,2025-02-28,5,3,0
512224,110680,SKU0016,WH_A,East,2025-02-24,2025-02-26,3,1,1
512225,110680,SKU0016,WH_A,East,2025-02-24,2025-02-25,2,0,1
512226,110681,SKU0036,WH_B,Central,2025-02-23,2025-02-27,4,1,0
512227,110682,SKU0005,WH_B,Central,2025-02-25,2025-02-27,4,1,1
512228,110683,SKU0098,WH_A,East,2025-02-23,2025-02-27,4,2,0
512229,110684,SKU0063,WH_B,Central,2025-02-23,2025-02-27,4,5,0
512230,110685,SKU0019,WH_C,West,2025-02-23,2025-02-24,1,1,1
512231,110686,SKU0028,WH_C,West,2025-02-25,2025-02-27,4,3,1
512232,110687,SKU0044,WH_A,East,2025-02-23,2025-02-25,2,6,1
512233,110688,SKU0009,WH_A,East,2025-02-25,2025-02-26,3,2,1
512234,110689,SKU0089,WH_C,West,2025-02-23,2025-02-26,3,2,1
512235,110690,SKU0003,WH_B,Central,2025-02-24,2025-02-28,5,1,0
512236,110690,SKU0003,WH_B,Central,2025-02-23,2025-02-25,2,0,1
512237,110691,SKU0069,WH_A,East,2025-02-23,2025-02-27,4,3,0
512238,110692,SKU0059,WH_A,East,2025-02-23,2025-02-24,1,2,1
512239,110693,SKU0094,WH_A,East,2025-02-23,2025-02-26,3,2,1
512240,110694,SKU0035,WH_C,West,2025-02-23,2025-02-24,1,1,1
512241,110694,SKU0035,WH_C,West,2025-02-23,2025-02-27,4,0,0
512242,110695,SKU0023,WH_B,Central,2025-02-24,2025-02-25,2,3,1
512243,110696,SKU0036,WH_C,West,2025-02-23,2025-02-28,5,7,0
512244,110697,SKU0038,WH_B,Central,2025-02-24,2025-02-25,2,1,1
512245,110698,SKU0031,WH_A,East,2025-02-23,2025-02-24,1,1,1
512246,110699,SKU0073,WH_C,West,2025-02-23,2025-02-26,3,4,1
512247,110700,SKU0055,WH_A,East,2025-02-23,2025-03-01,6,1,0
512248,110701,SKU0042,WH_A,East,2025-02-23,2025-02-24,1,1,1
512249,110702,SKU0020,WH_C,West,2025-02-23,2025-02-25,2,1,1
512250,110703,SKU0068,WH_A,East,2025-02-26,2025-03-03,8,1,0
512251,110704,SKU0087,WH_A,East,2025-02-23,2025-02-26,3,1,1
512252,110704,SKU0087,WH_A,East,2025-02-24,2025-02-25,2,0,1
512253,110705,SKU0020,WH_C,West,2025-02-23,2025-02-24,1,5,1
512254,110706,SKU0069,WH_C,West,2025-02-23,2025-02-25,2,7,1
512255,110707,SKU0048,WH_C,West,2025-02-23,2025-02-24,1,1,1
512256,110708,SKU0004,WH_A,East,2025-02-26,2025-02-28,5,1,1
512257,110709,SKU0007,WH_B,Central,2025-02-24,2025-02-26,3,2,1
512258,110710,SKU0098,WH_A,East,2025-02-24,2025-02-25,2,2,1
512259,110711,SKU0074,WH_B,Central,2025-02-25,2025-02-26,3,3,1
512260,110712,SKU0088,WH_B,Central,2025-02-26,2025-02-27,4,5,1
512261,110713,SKU0022,WH_B,Central,2025-02-23,2025-02-26,3,7,1
512262,110714,SKU0019,WH_A,East,2025-02-24,2025-02-27,4,1,1
512263,110714,SKU0019,WH_A,East,2025-02-24,2025-02-26,3,0,1
512264,110715,SKU0070,WH_C,West,2025-02-23,2025-02-27,4,1,0
512265,110716,SKU0040,WH_C,West,2025-02-24,2025-02-25,2,1,1
512266,110717,SKU0084,WH_C,West,2025-02-23,2025-02-26,3,4,1
512267,110718,SKU0045,WH_C,West,2025-02-23,2025-02-27,4,1,0
512268,110719,SKU0007,WH_C,West,2025-02-24,2025-02-25,2,2,1
512269,110720,SKU0094,WH_C,West,2025-02-25,2025-03-02,7,6,0
512270,110721,SKU0087,WH_C,West,2025-02-25,2025-02-26,3,1,1
512271,110722,SKU0061,WH_B,Central,2025-02-24,2025-02-26,3,1,1
512272,110722,SKU0061,WH_B,Central,2025-02-24,2025-02-26,3,0,1
512273,110723,SKU0085,WH_A,East,2025-02-23,2025-02-24,1,4,1
512274,110724,SKU0032,WH_C,West,2025-02-24,2025-03-02,7,1,0
512275,110724,SKU0032,WH_C,West,2025-02-23,2025-02-25,2,0,1
512276,110725,SKU0028,WH_B,Central,2025-02-23,2025-02-25,2,1,1
512277,110726,SKU0007,WH_C,West,2025-02-23,2025-02-26,3,1,1
512278,110726,SKU0007,WH_C,West,2025-02-24,2025-02-25,2,4,1
512279,110727,SKU0035,WH_B,Central,2025-02-24,2025-02-26,3,1,1
512280,110727,SKU0035,WH_B,Central,2025-02-23,2025-02-25,2,0,1
512281,110728,SKU0068,WH_B,Central,2025-02-26,2025-02-27,4,1,1
512282,110729,SKU0079,WH_C,West,2025-02-26,2025-02-27,4,1,1
512283,110729,SKU0079,WH_C,West,2025-02-23,2025-03-01,6,0,0
512284,110730,SKU0057,WH_A,East,2025-02-25,2025-02-27,4,3,1
512285,110731,SKU0026,WH_A,East,2025-02-23,2025-02-24,1,3,1
512286,110732,SKU0093,WH_C,West,2025-02-23,2025-02-24,1,6,1
512287,110733,SKU0056,WH_B,Central,2025-02-23,2025-02-25,2,1,1
512288,110734,SKU0094,WH_B,Central,2025-02-24,2025-02-27,4,3,1
512289,110735,SKU0086,WH_C,West,2025-02-23,2025-02-25,2,2,1
512290,110735,SKU0086,WH_C,West,2025-02-26,2025-03-02,7,1,0
512291,110736,SKU0082,WH_B,Central,2025-02-24,2025-02-25,2,1,1
512292,110736,SKU0082,WH_B,Central,2025-02-23,2025-02-25,2,0,1
512293,110737,SKU0016,WH_A,East,2025-02-24,2025-03-02,7,7,0
512294,110738,SKU0085,WH_A,East,2025-02-25,2025-02-27,4,1,1
512295,110739,SKU0053,WH_C,West,2025-02-23,2025-02-24,1,2,1
512296,110740,SKU0073,WH_C,West,2025-02-23,2025-02-25,2,1,1
512297,110741,SKU0028,WH_C,West,2025-02-23,2025-02-24,1,2,1
512298,110742,SKU0014,WH_A,East,2025-02-27,2025-03-02,7,2,1
512299,110742,SKU0014,WH_A,East,2025-02-23,2025-02-27,4,2,0
512300,110743,SKU0053,WH_B,Central,2025-02-23,2025-02-25,2,2,1
512301,110744,SKU0095,WH_A,East,2025-02-23,2025-03-02,7,1,0
512302,110744,SKU0095,WH_A,East,2025-02-25,2025-02-27,4,0,1
512303,110745,SKU0017,WH_C,West,2025-02-23,2025-03-02,7,3,0
512304,110746,SKU0059,WH_A,East,2025-02-23,2025-02-25,2,1,1
512305,110747,SKU0045,WH_C,West,2025-02-24,2025-02-27,4,1,1
512306,110747,SKU0045,WH_C,West,2025-02-24,2025-03-02,7,0,0
512307,110748,SKU0100,WH_C,West,2025-02-23,2025-02-25,2,1,1
512308,110749,SKU0011,WH_A,East,2025-02-25,2025-02-26,3,4,1
512309,110750,SKU0089,WH_A,East,2025-02-25,2025-02-27,4,3,1
512310,110751,SKU0030,WH_A,East,2025-02-23,2025-02-25,2,2,1
512311,110752,SKU0014,WH_C,West,2025-02-26,2025-03-05,10,1,0
512312,110753,SKU0006,WH_C,West,2025-02-23,2025-02-28,5,1,0
512313,110754,SKU0031,WH_A,East,2025-02-23,2025-02-24,1,1,1
512314,110755,SKU0083,WH_C,West,2025-02-24,2025-02-26,3,1,1
512315,110756,SKU0027,WH_B,Central,2025-02-23,2025-02-24,1,3,1
512316,110757,SKU0010,WH_A,East,2025-02-24,2025-02-25,2,3,1
512317,110758,SKU0051,WH_A,East,2025-02-23,2025-02-25,2,3,1
512318,110759,SKU0057,WH_C,West,2025-02-23,2025-02-25,2,2,1
512319,110760,SKU0012,WH_B,Central,2025-02-24,2025-02-28,5,1,0
512320,110761,SKU0043,WH_C,West,2025-02-23,2025-02-24,1,6,1
512321,110762,SKU0072,WH_A,East,2025-02-23,2025-02-25,2,1,1
512322,110763,SKU0081,WH_C,West,2025-02-23,2025-02-24,1,1,1
512323,110763,SKU0081,WH_C,West,2025-02-24,2025-02-26,3,1,1
512324,110764,SKU0063,WH_A,East,2025-02-23,2025-02-25,2,4,1
512325,110765,SKU0042,WH_C,West,2025-02-24,2025-02-26,3,1,1
512326,110766,SKU0023,WH_A,East,2025-02-23,2025-02-25,2,3,1
512327,110766,SKU0023,WH_A,East,2025-02-23,2025-02-27,4,2,0
512328,110767,SKU0046,WH_B,Central,2025-02-23,2025-02-26,3,1,1
512329,110768,SKU0046,WH_B,Central,2025-02-23,2025-02-25,2,2,1
512330,110769,SKU0061,WH_B,Central,2025-02-23,2025-02-26,3,3,1
512331,110770,SKU0075,WH_B,Central,2025-02-24,2025-02-25,1,8,1
512332,110771,SKU0061,WH_C,West,2025-02-25,2025-02-27,3,7,1
512333,110772,SKU0070,WH_B,Central,2025-02-24,2025-02-25,1,1,1
512334,110773,SKU0012,WH_C,West,2025-02-24,2025-02-28,4,1,0
512335,110774,SKU0090,WH_C,West,2025-02-28,2025-03-01,5,1,1
512336,110775,SKU0018,WH_B,Central,2025-02-24,2025-02-26,2,4,1
512337,110775,SKU0018,WH_B,Central,2025-02-24,2025-02-27,3,1,1
512338,110776,SKU0071,WH_C,West,2025-02-25,2025-02-27,3,1,1
512339,110777,SKU0049,WH_C,West,2025-02-24,2025-02-25,1,1,1
512340,110777,SKU0049,WH_C,West,2025-02-27,2025-03-04,8,1,0
512341,110778,SKU0072,WH_A,East,2025-02-24,2025-02-26,2,4,1
512342,110779,SKU0075,WH_B,Central,2025-02-24,2025-02-27,3,1,1
512343,110780,SKU0095,WH_B,Central,2025-02-24,2025-02-26,2,1,1
512344,110781,SKU0018,WH_B,Central,2025-02-25,2025-02-26,2,1,1
512345,110782,SKU0025,WH_B,Central,2025-02-25,2025-03-03,7,1,0
512346,110783,SKU0045,WH_B,Central,2025-02-24,2025-02-27,3,1,1
512347,110784,SKU0068,WH_B,Central,2025-02-24,2025-02-25,1,2,1
512348,110785,SKU0086,WH_B,Central,2025-02-25,2025-03-02,6,1,0
512349,110786,SKU0010,WH_A,East,2025-02-24,2025-03-03,7,1,0
512350,110786,SKU0010,WH_A,East,2025-02-24,2025-03-02,6,0,0
512351,110787,SKU0022,WH_A,East,2025-02-24,2025-02-25,1,6,1
512352,110788,SKU0062,WH_A,East,2025-02-27,2025-02-28,4,1,1
512353,110789,SKU0039,WH_A,East,2025-02-24,2025-03-01,5,1,0
512354,110790,SKU0041,WH_C,West,2025-02-26,2025-03-01,5,1,1
512355,110791,SKU0030,WH_C,West,2025-02-27,2025-02-28,4,1,1
512356,110791,SKU0030,WH_C,West,2025-02-25,2025-02-28,4,3,1
512357,110792,SKU0012,WH_A,East,2025-02-27,2025-03-04,8,1,0
512358,110793,SKU0054,WH_C,West,2025-02-24,2025-02-25,1,1,1
512359,110794,SKU0038,WH_B,Central,2025-02-25,2025-03-01,5,1,0
512360,110795,SKU0021,WH_B,Central,2025-02-24,2025-02-25,1,5,1
512361,110796,SKU0022,WH_A,East,2025-02-24,2025-02-26,2,3,1
512362,110797,SKU0067,WH_A,East,2025-02-24,2025-02-25,1,1,1
512363,110798,SKU0072,WH_C,West,2025-02-24,2025-02-26,2,1,1
512364,110799,SKU0099,WH_A,East,2025-02-25,2025-02-27,3,1,1
512365,110800,SKU0052,WH_A,East,2025-02-24,2025-02-25,1,6,1
512366,110801,SKU0069,WH_C,West,2025-02-24,2025-02-27,3,10,1
512367,110802,SKU0098,WH_A,East,2025-02-24,2025-02-25,1,1,1
512368,110802,SKU0098,WH_A,East,2025-02-24,2025-02-25,1,0,1
512369,110803,SKU0014,WH_C,West,2025-02-26,2025-03-02,6,1,0
512370,110804,SKU0053,WH_C,West,2025-02-24,2025-02-27,3,1,1
512371,110805,SKU0005,WH_C,West,2025-02-24,2025-03-01,5,1,0
512372,110806,SKU0052,WH_B,Central,2025-02-26,2025-02-27,3,1,1
512373,110807,SKU0061,WH_A,East,2025-02-25,2025-02-27,3,3,1
512374,110808,SKU0094,WH_C,West,2025-02-25,2025-02-27,3,3,1
512375,110809,SKU0092,WH_B,Central,2025-02-24,2025-02-28,4,3,0
512376,110810,SKU0026,WH_A,East,2025-02-24,2025-02-26,2,1,1
512377,110810,SKU0026,WH_A,East,2025-02-28,2025-03-02,6,0,1
512378,110811,SKU0094,WH_C,West,2025-02-26,2025-02-27,3,1,1
512379,110812,SKU0050,WH_C,West,2025-02-26,2025-02-28,4,1,1
512380,110813,SKU0008,WH_C,West,2025-02-25,2025-03-03,7,1,0
512381,110814,SKU0017,WH_A,East,2025-02-26,2025-02-27,3,5,1
512382,110815,SKU0002,WH_B,Central,2025-02-27,2025-02-28,4,9,1
512383,110815,SKU0002,WH_B,Central,2025-02-24,2025-02-26,2,1,1
512384,110816,SKU0096,WH_C,West,2025-02-25,2025-02-26,2,1,1
512385,110816,SKU0096,WH_C,West,2025-02-24,2025-02-28,4,1,0
512386,110817,SKU0043,WH_C,West,2025-02-28,2025-03-03,7,2,1
512387,110818,SKU0083,WH_A,East,2025-02-27,2025-03-03,7,1,0
512388,110819,SKU0031,WH_C,West,2025-02-24,2025-02-25,1,1,1
512389,110820,SKU0084,WH_C,West,2025-02-26,2025-03-01,5,1,1
512390,110820,SKU0084,WH_C,West,2025-02-26,2025-03-01,5,1,1
512391,110821,SKU0078,WH_C,West,2025-02-25,2025-03-03,7,1,0
512392,110822,SKU0020,WH_A,East,2025-02-25,2025-02-26,2,5,1
512393,110823,SKU0051,WH_A,East,2025-02-25,2025-02-27,3,1,1
512394,110824,SKU0085,WH_C,West,2025-02-24,2025-02-26,2,2,1
512395,110825,SKU0059,WH_C,West,2025-02-25,2025-02-27,3,3,1
512396,110826,SKU0057,WH_C,West,2025-02-24,2025-02-26,2,6,1
512397,110827,SKU0008,WH_A,East,2025-02-25,2025-02-28,4,1,1
512398,110828,SKU0009,WH_A,East,2025-02-25,2025-03-01,5,1,0
512399,110829,SKU0023,WH_B,Central,2025-02-25,2025-02-26,2,4,1
512400,110829,SKU0023,WH_B,Central,2025-02-24,2025-02-25,1,1,1
512401,110830,SKU0010,WH_C,West,2025-02-25,2025-03-03,7,4,0
512402,110831,SKU0060,WH_B,Central,2025-02-26,2025-02-28,4,11,1
512403,110832,SKU0090,WH_B,Central,2025-02-25,2025-02-28,4,1,1
512404,110832,SKU0090,WH_B,Central,2025-02-25,2025-03-02,6,0,0
512405,110833,SKU0059,WH_C,West,2025-02-24,2025-02-27,3,1,1
512406,110834,SKU0079,WH_B,Central,2025-02-24,2025-02-25,1,1,1
512407,110835,SKU0053,WH_B,Central,2025-02-27,2025-03-01,5,1,1
512408,110836,SKU0041,WH_B,Central,2025-02-25,2025-03-01,5,1,0
512409,110837,SKU0076,WH_A,East,2025-02-27,2025-02-28,4,1,1
512410,110838,SKU0080,WH_A,East,2025-02-25,2025-02-27,3,5,1
512411,110839,SKU0067,WH_B,Central,2025-02-25,2025-02-26,2,1,1
512412,110840,SKU0050,WH_A,East,2025-02-25,2025-02-26,2,1,1
512413,110841,SKU0022,WH_A,East,2025-02-24,2025-02-27,3,1,1
512414,110842,SKU0099,WH_A,East,2025-02-24,2025-02-26,2,1,1
512415,110843,SKU0081,WH_B,Central,2025-02-24,2025-02-28,4,8,0
512416,110844,SKU0067,WH_C,West,2025-02-27,2025-03-03,7,1,0
512417,110845,SKU0009,WH_B,Central,2025-02-24,2025-02-25,1,1,1
512418,110846,SKU0078,WH_C,West,2025-02-25,2025-03-02,6,16,0
512419,110847,SKU0089,WH_C,West,2025-02-24,2025-02-25,1,1,1
512420,110848,SKU0061,WH_B,Central,2025-02-24,2025-02-26,2,1,1
512421,110849,SKU0016,WH_A,East,2025-02-24,2025-02-25,1,5,1
512422,110850,SKU0080,WH_B,Central,2025-02-24,2025-03-02,6,3,0
512423,110851,SKU0084,WH_C,West,2025-02-24,2025-02-28,4,1,0
512424,110852,SKU0063,WH_B,Central,2025-02-24,2025-02-27,3,1,1
512425,110853,SKU0026,WH_B,Central,2025-02-27,2025-03-01,5,1,1
512426,110854,SKU0052,WH_C,West,2025-02-24,2025-02-28,4,1,0
512427,110855,SKU0083,WH_B,Central,2025-02-24,2025-03-01,5,6,0
512428,110856,SKU0028,WH_A,East,2025-02-24,2025-02-25,1,2,1
512429,110857,SKU0055,WH_C,West,2025-02-27,2025-03-04,8,9,0
512430,110858,SKU0066,WH_A,East,2025-02-24,2025-02-27,3,1,1
512431,110859,SKU0041,WH_A,East,2025-02-24,2025-02-25,1,4,1
512432,110860,SKU0038,WH_C,West,2025-02-24,2025-02-25,1,1,1
512433,110861,SKU0088,WH_B,Central,2025-02-24,2025-02-26,2,1,1
512434,110862,SKU0011,WH_A,East,2025-02-25,2025-02-28,4,2,1
512435,110863,SKU0068,WH_C,West,2025-02-25,2025-02-26,2,3,1
512436,110864,SKU0051,WH_B,Central,2025-02-24,2025-02-27,3,1,1
512437,110865,SKU0091,WH_C,West,2025-02-24,2025-02-25,1,1,1
512438,110866,SKU0053,WH_C,West,2025-02-25,2025-02-27,3,1,1
512439,110866,SKU0053,WH_C,West,2025-02-24,2025-02-27,3,1,1
512440,110867,SKU0061,WH_C,West,2025-02-26,2025-03-05,9,1,0
512441,110868,SKU0076,WH_C,West,2025-02-24,2025-02-25,1,1,1
512442,110869,SKU0096,WH_B,Central,2025-02-25,2025-02-26,2,1,1
512443,110870,SKU0010,WH_C,West,2025-02-27,2025-02-28,4,1,1
512444,110870,SKU0010,WH_C,West,2025-02-27,2025-03-05,9,0,0
512445,110871,SKU0069,WH_B,Central,2025-02-25,2025-02-26,2,5,1
512446,110872,SKU0024,WH_C,West,2025-02-25,2025-02-27,3,1,1
512447,110873,SKU0057,WH_B,Central,2025-02-26,2025-02-27,3,1,1
512448,110874,SKU0060,WH_C,West,2025-02-24,2025-02-26,2,2,1
512449,110875,SKU0067,WH_A,East,2025-02-24,2025-02-26,2,2,1
512450,110876,SKU0051,WH_C,West,2025-02-24,2025-02-26,2,3,1
512451,110877,SKU0027,WH_A,East,2025-02-24,2025-02-25,1,2,1
512452,110877,SKU0027,WH_A,East,2025-02-25,2025-02-27,3,2,1
512453,110878,SKU0007,WH_C,West,2025-02-24,2025-02-26,2,1,1
512454,110878,SKU0007,WH_C,West,2025-02-25,2025-02-26,2,0,1
512455,110879,SKU0014,WH_C,West,2025-02-25,2025-02-26,2,2,1
512456,110880,SKU0007,WH_A,East,2025-02-27,2025-02-28,4,1,1
512457,110881,SKU0074,WH_C,West,2025-02-25,2025-02-27,3,1,1
512458,110882,SKU0053,WH_A,East,2025-02-25,2025-03-02,6,2,0
512459,110883,SKU0049,WH_B,Central,2025-02-26,2025-02-27,3,1,1
512460,110884,SKU0092,WH_A,East,2025-02-27,2025-02-28,4,2,1
512461,110885,SKU0057,WH_B,Central,2025-02-24,2025-02-26,2,1,1
512462,110886,SKU0022,WH_B,Central,2025-02-27,2025-03-01,5,1,1
512463,110887,SKU0072,WH_B,Central,2025-02-26,2025-03-04,8,1,0
512464,110888,SKU0023,WH_C,West,2025-02-25,2025-02-27,3,1,1
512465,110889,SKU0043,WH_C,West,2025-02-24,2025-02-25,1,3,1
512466,110890,SKU0031,WH_C,West,2025-02-25,2025-02-26,2,1,1
512467,110891,SKU0044,WH_B,Central,2025-02-24,2025-02-26,2,1,1
512468,110892,SKU0046,WH_A,East,2025-02-26,2025-02-28,4,1,1
512469,110893,SKU0009,WH_C,West,2025-02-24,2025-02-27,3,1,1
512470,110893,SKU0009,WH_C,West,2025-02-27,2025-03-02,6,1,1
512471,110894,SKU0083,WH_B,Central,2025-02-24,2025-02-25,1,4,1
512472,110895,SKU0014,WH_C,West,2025-02-25,2025-02-26,2,3,1
512473,110896,SKU0068,WH_A,East,2025-02-25,2025-02-26,2,5,1
512474,110897,SKU0004,WH_C,West,2025-02-25,2025-02-28,4,11,1
512475,110898,SKU0008,WH_C,West,2025-02-25,2025-03-01,5,1,0
512476,110899,SKU0075,WH_A,East,2025-02-25,2025-02-26,2,1,1
512477,110899,SKU0075,WH_A,East,2025-02-28,2025-03-03,7,1,1
512478,110900,SKU0073,WH_B,Central,2025-02-24,2025-02-27,3,1,1
512479,110900,SKU0073,WH_B,Central,2025-02-24,2025-02-26,2,0,1
512480,110901,SKU0026,WH_B,Central,2025-02-25,2025-02-26,2,2,1
512481,110902,SKU0087,WH_A,East,2025-02-28,2025-03-02,6,1,1
512482,110903,SKU0044,WH_B,Central,2025-02-25,2025-02-27,3,1,1
512483,110904,SKU0039,WH_C,West,2025-02-25,2025-02-28,4,1,1
512484,110905,SKU0012,WH_A,East,2025-02-24,2025-02-26,2,1,1
512485,110906,SKU0003,WH_B,Central,2025-02-24,2025-02-27,3,1,1
512486,110906,SKU0003,WH_B,Central,2025-02-25,2025-03-01,5,0,0
512487,110907,SKU0092,WH_A,East,2025-02-25,2025-02-26,2,9,1
512488,110908,SKU0016,WH_C,West,2025-02-24,2025-02-26,2,1,1
512489,110909,SKU0050,WH_B,Central,2025-02-24,2025-02-26,2,1,1
512490,110910,SKU0034,WH_A,East,2025-02-26,2025-03-01,5,1,1
512491,110911,SKU0073,WH_C,West,2025-02-24,2025-02-26,2,1,1
512492,110911,SKU0073,WH_C,West,2025-02-24,2025-02-25,1,2,1
512493,110912,SKU0001,WH_B,Central,2025-02-24,2025-02-27,3,1,1
512494,110913,SKU0008,WH_A,East,2025-02-26,2025-02-28,4,4,1
512495,110914,SKU0053,WH_B,Central,2025-02-24,2025-02-25,1,1,1
512496,110915,SKU0008,WH_C,West,2025-02-24,2025-02-26,2,4,1
512497,110916,SKU0063,WH_C,West,2025-02-25,2025-03-01,5,2,0
512498,110917,SKU0084,WH_B,Central,2025-02-24,2025-03-03,7,3,0
512499,110918,SKU0001,WH_A,East,2025-02-27,2025-02-28,4,5,1
512500,110919,SKU0040,WH_A,East,2025-02-24,2025-02-26,2,1,1
512501,110919,SKU0040,WH_A,East,2025-02-25,2025-02-27,3,1,1
512502,110920,SKU0079,WH_B,Central,2025-02-24,2025-02-26,2,1,1
512503,110920,SKU0079,WH_B,Central,2025-02-25,2025-02-26,2,0,1
512504,110921,SKU0098,WH_B,Central,2025-02-25,2025-02-28,4,3,1
512505,110922,SKU0003,WH_C,West,2025-02-24,2025-02-26,2,1,1
512506,110923,SKU0084,WH_A,East,2025-02-24,2025-02-26,2,8,1
512507,110924,SKU0016,WH_A,East,2025-02-24,2025-02-26,2,1,1
512508,110924,SKU0016,WH_A,East,2025-02-24,2025-02-26,2,1,1
512509,110925,SKU0042,WH_C,West,2025-02-24,2025-02-25,1,3,1
512510,110926,SKU0049,WH_A,East,2025-02-24,2025-02-25,1,1,1
512511,110926,SKU0049,WH_A,East,2025-02-24,2025-02-25,1,0,1
512512,110927,SKU0039,WH_C,West,2025-02-25,2025-02-26,2,6,1
512513,110928,SKU0019,WH_C,West,2025-02-25,2025-02-27,3,4,1
512514,110929,SKU0038,WH_C,West,2025-02-24,2025-02-28,4,4,0
512515,110930,SKU0021,WH_B,Central,2025-02-24,2025-02-26,2,5,1
512516,110931,SKU0034,WH_C,West,2025-02-24,2025-02-25,1,4,1
512517,110931,SKU0034,WH_C,West,2025-02-25,2025-02-26,2,2,1
512518,110932,SKU0026,WH_B,Central,2025-02-24,2025-02-27,3,2,1
512519,110933,SKU0049,WH_C,West,2025-02-24,2025-02-25,1,1,1
512520,110933,SKU0049,WH_C,West,2025-02-24,2025-02-25,1,0,1
512521,110934,SKU0080,WH_A,East,2025-02-25,2025-02-28,4,7,1
512522,110935,SKU0002,WH_B,Central,2025-02-24,2025-02-26,2,1,1
512523,110935,SKU0002,WH_B,Central,2025-02-27,2025-02-28,4,0,1
512524,110936,SKU0007,WH_C,West,2025-02-24,2025-02-26,2,2,1
512525,110937,SKU0038,WH_A,East,2025-02-24,2025-02-25,1,4,1
512526,110938,SKU0003,WH_B,Central,2025-02-24,2025-02-27,3,1,1
512527,110939,SKU0031,WH_B,Central,2025-02-24,2025-03-03,7,3,0
512528,110940,SKU0039,WH_B,Central,2025-02-24,2025-02-26,2,10,1
512529,110941,SKU0068,WH_A,East,2025-02-24,2025-02-26,2,2,1
512530,110942,SKU0003,WH_B,Central,2025-02-24,2025-02-25,1,1,1
512531,110943,SKU0071,WH_C,West,2025-02-24,2025-02-25,1,1,1
512532,110944,SKU0032,WH_C,West,2025-02-26,2025-03-03,7,1,0
512533,110945,SKU0098,WH_B,Central,2025-02-26,2025-03-02,6,8,0
512534,110946,SKU0099,WH_A,East,2025-02-25,2025-02-26,2,5,1
512535,110947,SKU0034,WH_C,West,2025-02-24,2025-02-28,4,1,0
512536,110948,SKU0026,WH_B,Central,2025-02-24,2025-02-25,1,6,1
512537,110949,SKU0063,WH_C,West,2025-02-24,2025-02-25,1,4,1
512538,110950,SKU0058,WH_A,East,2025-02-25,2025-02-28,4,1,1
512539,110950,SKU0058,WH_A,East,2025-02-26,2025-02-27,3,1,1
512540,110951,SKU0056,WH_A,East,2025-02-24,2025-02-27,3,2,1
512541,110952,SKU0040,WH_A,East,2025-02-24,2025-02-26,2,8,1
512542,110953,SKU0028,WH_C,West,2025-02-25,2025-02-27,3,1,1
512543,110953,SKU0028,WH_C,West,2025-02-24,2025-02-25,1,0,1
512544,110954,SKU0086,WH_C,West,2025-02-24,2025-02-27,3,5,1
512545,110955,SKU0041,WH_A,East,2025-02-24,2025-02-26,2,1,1
512546,110956,SKU0033,WH_B,Central,2025-02-27,2025-03-03,7,1,0
512547,110957,SKU0008,WH_C,West,2025-02-24,2025-02-27,3,1,1
512548,110958,SKU0043,WH_A,East,2025-02-25,2025-02-26,2,1,1
512549,110959,SKU0018,WH_A,East,2025-02-24,2025-02-28,4,1,0
512550,110960,SKU0043,WH_C,West,2025-02-25,2025-02-28,4,1,1
512551,110961,SKU0034,WH_C,West,2025-02-24,2025-02-25,1,3,1
512552,110962,SKU0050,WH_B,Central,2025-02-24,2025-02-26,2,2,1
512553,110963,SKU0016,WH_B,Central,2025-02-24,2025-02-26,2,1,1
512554,110964,SKU0031,WH_C,West,2025-02-24,2025-03-03,7,1,0
512555,110965,SKU0091,WH_C,West,2025-02-25,2025-02-26,2,2,1
512556,110965,SKU0091,WH_C,West,2025-02-24,2025-02-26,2,2,1
512557,110966,SKU0010,WH_B,Central,2025-02-24,2025-02-26,2,1,1
512558,110967,SKU0055,WH_B,Central,2025-02-27,2025-03-03,7,1,0
512559,110967,SKU0055,WH_B,Central,2025-02-27,2025-02-28,4,2,1
512560,110968,SKU0085,WH_B,Central,2025-02-24,2025-02-26,2,1,1
512561,110969,SKU0074,WH_B,Central,2025-02-25,2025-02-27,3,4,1
512562,110970,SKU0071,WH_B,Central,2025-02-24,2025-02-25,1,2,1
512563,110971,SKU0097,WH_B,Central,2025-02-25,2025-02-27,3,3,1
512564,110972,SKU0056,WH_A,East,2025-02-24,2025-02-27,3,1,1
512565,110973,SKU0041,WH_A,East,2025-02-24,2025-02-26,2,1,1
512566,110974,SKU0097,WH_C,West,2025-02-24,2025-02-26,2,3,1
512567,110975,SKU0012,WH_A,East,2025-02-24,2025-03-02,6,2,0
512568,110976,SKU0059,WH_C,West,2025-02-24,2025-02-27,3,1,1
512569,110977,SKU0039,WH_B,Central,2025-02-27,2025-02-28,4,1,1
512570,110978,SKU0037,WH_A,East,2025-02-24,2025-03-02,6,1,0
512571,110979,SKU0010,WH_C,West,2025-02-24,2025-02-28,4,3,0
512572,110980,SKU0072,WH_B,Central,2025-02-25,2025-02-26,2,1,1
512573,110980,SKU0072,WH_B,Central,2025-02-24,2025-02-27,3,0,1
512574,110981,SKU0049,WH_C,West,2025-02-25,2025-02-27,3,2,1
512575,110982,SKU0027,WH_C,West,2025-02-25,2025-02-26,2,5,1
512576,110983,SKU0081,WH_B,Central,2025-02-24,2025-02-25,1,1,1
512577,110984,SKU0057,WH_B,Central,2025-02-24,2025-02-27,3,2,1
512578,110985,SKU0023,WH_B,Central,2025-02-24,2025-02-26,2,4,1
512579,110986,SKU0026,WH_B,Central,2025-02-25,2025-02-27,3,2,1
512580,110987,SKU0051,WH_B,Central,2025-02-24,2025-02-26,2,2,1
512581,110988,SKU0072,WH_B,Central,2025-02-25,2025-02-26,2,1,1
512582,110989,SKU0081,WH_A,East,2025-02-24,2025-03-01,5,14,0
512583,110990,SKU0073,WH_A,East,2025-02-25,2025-02-26,2,1,1
512584,110990,SKU0073,WH_A,East,2025-02-25,2025-02-28,4,0,1
512585,110991,SKU0049,WH_A,East,2025-02-24,2025-03-01,5,7,0
512586,110992,SKU0047,WH_B,Central,2025-02-25,2025-02-27,3,1,1
512587,110993,SKU0093,WH_B,Central,2025-02-27,2025-02-28,4,7,1
512588,110994,SKU0073,WH_C,West,2025-02-25,2025-02-27,3,1,1
512589,110995,SKU0007,WH_B,Central,2025-02-25,2025-02-27,3,1,1
512590,110995,SKU0007,WH_B,Central,2025-02-24,2025-02-25,1,1,1
512591,110996,SKU0066,WH_C,West,2025-02-24,2025-03-01,5,1,0
512592,110997,SKU0023,WH_B,Central,2025-02-24,2025-02-25,1,2,1
512593,110998,SKU0063,WH_C,West,2025-02-24,2025-02-26,2,1,1
512594,110998,SKU0063,WH_C,West,2025-02-24,2025-02-25,1,0,1
512595,110999,SKU0029,WH_A,East,2025-02-24,2025-02-27,3,1,1
512596,111000,SKU0043,WH_B,Central,2025-02-24,2025-02-28,4,5,0
512597,111001,SKU0018,WH_B,Central,2025-02-24,2025-02-27,3,3,1
512598,111002,SKU0043,WH_C,West,2025-02-25,2025-03-03,7,2,0
512599,111003,SKU0040,WH_C,West,2025-02-26,2025-03-01,5,1,1
512600,111003,SKU0040,WH_C,West,2025-02-24,2025-03-03,7,0,0
512601,111004,SKU0092,WH_A,East,2025-02-24,2025-02-27,3,1,1
512602,111005,SKU0087,WH_B,Central,2025-02-24,2025-02-26,2,5,1
512603,111006,SKU0071,WH_B,Central,2025-02-25,2025-02-26,2,12,1
512604,111007,SKU0034,WH_A,East,2025-02-24,2025-02-26,2,6,1
512605,111008,SKU0007,WH_A,East,2025-02-25,2025-02-28,4,1,1
512606,111009,SKU0012,WH_A,East,2025-02-24,2025-02-26,2,4,1
512607,111010,SKU0009,WH_A,East,2025-02-27,2025-03-05,9,1,0
512608,111010,SKU0009,WH_A,East,2025-02-24,2025-03-01,5,2,0
512609,111011,SKU0079,WH_C,West,2025-02-25,2025-02-28,4,4,1
512610,111012,SKU0087,WH_B,Central,2025-02-24,2025-02-27,3,1,1
512611,111013,SKU0088,WH_A,East,2025-02-24,2025-02-26,2,5,1
512612,111014,SKU0016,WH_C,West,2025-02-25,2025-02-28,4,1,1
512613,111015,SKU0070,WH_C,West,2025-02-24,2025-02-26,2,1,1
512614,111016,SKU0010,WH_A,East,2025-02-25,2025-02-28,4,4,1
512615,111017,SKU0090,WH_A,East,2025-02-24,2025-02-25,1,1,1
512616,111018,SKU0036,WH_C,West,2025-02-24,2025-02-27,3,9,1
512617,111019,SKU0054,WH_B,Central,2025-02-27,2025-03-02,6,1,1
512618,111019,SKU0054,WH_B,Central,2025-02-26,2025-02-27,3,1,1
512619,111020,SKU0074,WH_B,Central,2025-02-27,2025-03-01,4,7,1
512620,111021,SKU0052,WH_C,West,2025-02-26,2025-02-27,2,1,1
512621,111021,SKU0052,WH_C,West,2025-02-25,2025-02-27,2,1,1
512622,111022,SKU0087,WH_A,East,2025-02-27,2025-02-28,3,2,1
512623,111023,SKU0069,WH_C,West,2025-02-25,2025-03-03,6,5,0
512624,111024,SKU0070,WH_A,East,2025-02-25,2025-02-27,2,7,1
512625,111025,SKU0003,WH_C,West,2025-02-26,2025-03-01,4,3,1
512626,111026,SKU0011,WH_C,West,2025-02-25,2025-02-27,2,6,1
512627,111027,SKU0051,WH_B,Central,2025-02-25,2025-02-26,1,8,1
512628,111028,SKU0030,WH_C,West,2025-02-25,2025-02-27,2,3,1
512629,111029,SKU0028,WH_A,East,2025-02-25,2025-02-26,1,4,1
512630,111030,SKU0021,WH_A,East,2025-02-25,2025-02-26,1,7,1
512631,111031,SKU0077,WH_A,East,2025-02-26,2025-02-27,2,4,1
512632,111032,SKU0013,WH_A,East,2025-02-26,2025-03-02,5,1,0
512633,111033,SKU0031,WH_B,Central,2025-02-26,2025-03-01,4,1,1
512634,111034,SKU0041,WH_A,East,2025-02-26,2025-02-28,3,1,1
512635,111035,SKU0043,WH_A,East,2025-02-25,2025-02-27,2,7,1
512636,111036,SKU0061,WH_B,Central,2025-02-25,2025-02-26,1,1,1
512637,111036,SKU0061,WH_B,Central,2025-02-25,2025-02-28,3,0,1
512638,111037,SKU0093,WH_B,Central,2025-02-26,2025-02-28,3,7,1
512639,111038,SKU0099,WH_B,Central,2025-02-25,2025-02-28,3,1,1
512640,111039,SKU0089,WH_C,West,2025-02-25,2025-02-26,1,1,1
512641,111040,SKU0064,WH_B,Central,2025-02-26,2025-02-28,3,2,1
512642,111041,SKU0033,WH_C,West,2025-02-26,2025-02-27,2,9,1
512643,111042,SKU0019,WH_B,Central,2025-02-25,2025-02-27,2,1,1
512644,111042,SKU0019,WH_B,Central,2025-02-25,2025-02-28,3,1,1
512645,111043,SKU0088,WH_C,West,2025-02-25,2025-03-03,6,1,0
512646,111044,SKU0004,WH_A,East,2025-02-25,2025-02-26,1,1,1
512647,111045,SKU0042,WH_B,Central,2025-02-26,2025-03-01,4,2,1
512648,111046,SKU0029,WH_C,West,2025-02-26,2025-02-27,2,1,1
512649,111047,SKU0020,WH_C,West,2025-02-27,2025-03-01,4,1,1
512650,111048,SKU0015,WH_B,Central,2025-02-26,2025-02-28,3,3,1
512651,111049,SKU0072,WH_C,West,2025-02-25,2025-02-28,3,1,1
512652,111050,SKU0009,WH_A,East,2025-02-27,2025-03-03,6,3,0
512653,111051,SKU0005,WH_C,West,2025-02-26,2025-02-27,2,5,1
512654,111052,SKU0097,WH_A,East,2025-02-25,2025-02-27,2,2,1
512655,111053,SKU0069,WH_B,Central,2025-02-26,2025-02-28,3,8,1
512656,111054,SKU0033,WH_C,West,2025-02-27,2025-02-28,3,1,1
512657,111055,SKU0075,WH_B,Central,2025-02-26,2025-02-27,2,2,1
512658,111056,SKU0020,WH_A,East,2025-02-25,2025-02-26,1,5,1
512659,111057,SKU0080,WH_A,East,2025-02-26,2025-02-28,3,1,1
512660,111057,SKU0080,WH_A,East,2025-02-26,2025-02-27,2,0,1
512661,111058,SKU0077,WH_A,East,2025-02-26,2025-03-01,4,1,1
512662,111059,SKU0026,WH_B,Central,2025-02-25,2025-03-02,5,1,0
512663,111060,SKU0058,WH_A,East,2025-02-25,2025-03-04,7,1,0
512664,111061,SKU0080,WH_C,West,2025-02-26,2025-02-28,3,2,1
512665,111062,SKU0062,WH_C,West,2025-02-25,2025-02-27,2,1,1
512666,111063,SKU0093,WH_C,West,2025-02-27,2025-02-28,3,3,1
512667,111064,SKU0004,WH_C,West,2025-02-25,2025-02-27,2,1,1
512668,111065,SKU0050,WH_C,West,2025-02-25,2025-02-26,1,5,1
512669,111066,SKU0033,WH_C,West,2025-02-26,2025-02-27,2,1,1
512670,111067,SKU0037,WH_C,West,2025-02-26,2025-02-27,2,1,1
512671,111067,SKU0037,WH_C,West,2025-02-27,2025-03-01,4,0,1
512672,111068,SKU0034,WH_A,East,2025-02-28,2025-03-04,7,6,0
512673,111069,SKU0070,WH_B,Central,2025-02-27,2025-02-28,3,5,1
512674,111070,SKU0029,WH_B,Central,2025-02-26,2025-02-28,3,1,1
512675,111071,SKU0090,WH_C,West,2025-02-25,2025-02-26,1,3,1
512676,111072,SKU0071,WH_A,East,2025-02-25,2025-02-26,1,1,1
512677,111073,SKU0029,WH_B,Central,2025-02-26,2025-02-28,3,1,1
512678,111074,SKU0052,WH_B,Central,2025-02-26,2025-03-02,5,9,0
512679,111074,SKU0052,WH_B,Central,2025-02-25,2025-02-26,1,1,1
512680,111075,SKU0083,WH_C,West,2025-03-01,2025-03-06,9,5,0
512681,111076,SKU0067,WH_A,East,2025-02-25,2025-02-26,1,1,1
512682,111077,SKU0034,WH_B,Central,2025-02-28,2025-03-01,4,1,1
512683,111078,SKU0056,WH_C,West,2025-02-25,2025-02-26,1,5,1
512684,111079,SKU0059,WH_B,Central,2025-02-25,2025-03-01,4,1,0
512685,111079,SKU0059,WH_B,Central,2025-02-26,2025-02-27,2,0,1
512686,111080,SKU0078,WH_A,East,2025-02-28,2025-03-02,5,8,1
512687,111081,SKU0038,WH_C,West,2025-02-25,2025-02-28,3,1,1
512688,111082,SKU0083,WH_B,Central,2025-02-26,2025-03-03,6,1,0
512689,111083,SKU0087,WH_B,Central,2025-02-26,2025-03-01,4,1,1
512690,111084,SKU0083,WH_C,West,2025-02-25,2025-03-04,7,2,0
512691,111085,SKU0035,WH_A,East,2025-02-26,2025-02-28,3,2,1
512692,111086,SKU0024,WH_B,Central,2025-02-25,2025-02-27,2,1,1
512693,111087,SKU0025,WH_B,Central,2025-02-26,2025-02-28,3,1,1
512694,111088,SKU0082,WH_A,East,2025-02-25,2025-02-28,3,2,1
512695,111088,SKU0082,WH_A,East,2025-02-26,2025-03-01,4,1,1
512696,111089,SKU0001,WH_C,West,2025-02-25,2025-02-26,1,1,1
512697,111090,SKU0028,WH_B,Central,2025-02-25,2025-02-26,1,2,1
512698,111091,SKU0049,WH_B,Central,2025-02-26,2025-02-28,3,2,1
512699,111092,SKU0075,WH_B,Central,2025-02-25,2025-02-26,1,1,1
512700,111093,SKU0056,WH_C,West,2025-02-27,2025-03-01,4,3,1
512701,111094,SKU0074,WH_B,Central,2025-02-25,2025-02-28,3,1,1
512702,111094,SKU0074,WH_B,Central,2025-02-27,2025-02-28,3,0,1
512703,111095,SKU0030,WH_A,East,2025-02-27,2025-03-05,8,1,0
512704,111096,SKU0006,WH_C,West,2025-02-25,2025-02-26,1,1,1
512705,111097,SKU0067,WH_A,East,2025-02-25,2025-02-27,2,5,1
512706,111097,SKU0067,WH_A,East,2025-02-25,2025-02-27,2,2,1
512707,111098,SKU0047,WH_A,East,2025-02-25,2025-02-26,1,1,1
512708,111099,SKU0057,WH_C,West,2025-02-25,2025-02-27,2,5,1
512709,111100,SKU0050,WH_A,East,2025-02-26,2025-02-27,2,3,1
512710,111101,SKU0077,WH_B,Central,2025-02-26,2025-02-27,2,1,1
512711,111101,SKU0077,WH_B,Central,2025-02-25,2025-02-27,2,6,1
512712,111102,SKU0036,WH_B,Central,2025-02-27,2025-03-01,4,6,1
512713,111103,SKU0064,WH_A,East,2025-02-27,2025-03-06,9,2,0
512714,111104,SKU0021,WH_A,East,2025-02-25,2025-02-26,1,1,1
512715,111105,SKU0029,WH_B,Central,2025-02-26,2025-02-28,3,1,1
512716,111106,SKU0044,WH_C,West,2025-02-26,2025-02-27,2,5,1
512717,111107,SKU0067,WH_A,East,2025-02-25,2025-02-28,3,4,1
512718,111108,SKU0066,WH_C,West,2025-02-26,2025-02-28,3,3,1
512719,111109,SKU0082,WH_C,West,2025-02-26,2025-03-05,8,1,0
512720,111110,SKU0005,WH_C,West,2025-02-26,2025-03-03,6,1,0
512721,111111,SKU0023,WH_A,East,2025-02-25,2025-03-02,5,1,0
512722,111112,SKU0094,WH_C,West,2025-02-26,2025-02-28,3,7,1
512723,111112,SKU0094,WH_C,West,2025-02-26,2025-02-27,2,2,1
512724,111113,SKU0084,WH_C,West,2025-02-25,2025-02-27,2,1,1
512725,111114,SKU0025,WH_B,Central,2025-03-01,2025-03-05,8,1,0
512726,111115,SKU0050,WH_A,East,2025-02-25,2025-03-03,6,1,0
512727,111116,SKU0021,WH_C,West,2025-02-25,2025-02-26,1,3,1
512728,111117,SKU0096,WH_A,East,2025-02-27,2025-03-04,7,3,0
512729,111118,SKU0063,WH_C,West,2025-02-27,2025-03-01,4,2,1
512730,111119,SKU0094,WH_B,Central,2025-02-25,2025-02-26,1,12,1
512731,111120,SKU0073,WH_B,Central,2025-02-28,2025-03-01,4,1,1
512732,111121,SKU0059,WH_C,West,2025-02-25,2025-02-28,3,1,1
512733,111122,SKU0093,WH_A,East,2025-02-27,2025-03-01,4,1,1
512734,111122,SKU0093,WH_A,East,2025-02-25,2025-02-27,2,1,1
512735,111123,SKU0068,WH_C,West,2025-02-25,2025-02-28,3,1,1
512736,111124,SKU0081,WH_A,East,2025-02-25,2025-03-01,4,1,0
512737,111125,SKU0042,WH_C,West,2025-02-25,2025-02-26,1,1,1
512738,111126,SKU0065,WH_B,Central,2025-02-25,2025-02-26,1,1,1
512739,111127,SKU0005,WH_C,West,2025-02-27,2025-03-01,4,3,1
512740,111128,SKU0030,WH_C,West,2025-02-25,2025-02-26,1,4,1
512741,111129,SKU0084,WH_A,East,2025-02-26,2025-02-28,3,1,1
512742,111130,SKU0030,WH_C,West,2025-02-25,2025-02-27,2,14,1
512743,111131,SKU0041,WH_B,Central,2025-02-25,2025-02-27,2,1,1
512744,111132,SKU0010,WH_B,Central,2025-02-25,2025-02-26,1,1,1
512745,111133,SKU0039,WH_C,West,2025-02-26,2025-03-04,7,1,0
512746,111133,SKU0039,WH_C,West,2025-02-25,2025-02-27,2,0,1
512747,111134,SKU0018,WH_A,East,2025-02-25,2025-02-26,1,5,1
512748,111135,SKU0041,WH_C,West,2025-02-26,2025-03-01,4,7,1
512749,111136,SKU0085,WH_C,West,2025-02-25,2025-03-01,4,1,0
512750,111137,SKU0025,WH_A,East,2025-02-26,2025-02-27,2,1,1
512751,111138,SKU0081,WH_A,East,2025-02-26,2025-02-27,2,1,1
512752,111139,SKU0069,WH_A,East,2025-02-26,2025-02-27,2,1,1
512753,111140,SKU0078,WH_A,East,2025-02-25,2025-02-27,2,1,1
512754,111141,SKU0048,WH_B,Central,2025-02-26,2025-02-28,3,1,1
512755,111141,SKU0048,WH_B,Central,2025-02-25,2025-02-26,1,5,1
512756,111142,SKU0071,WH_B,Central,2025-02-27,2025-03-01,4,7,1
512757,111143,SKU0050,WH_A,East,2025-02-25,2025-03-01,4,1,0
512758,111144,SKU0049,WH_A,East,2025-02-25,2025-02-28,3,3,1
512759,111144,SKU0049,WH_A,East,2025-02-25,2025-02-26,1,1,1
512760,111145,SKU0016,WH_A,East,2025-02-26,2025-02-27,2,5,1
512761,111146,SKU0035,WH_A,East,2025-02-26,2025-02-28,3,2,1
512762,111146,SKU0035,WH_A,East,2025-02-25,2025-03-01,4,3,0
512763,111147,SKU0070,WH_C,West,2025-02-26,2025-02-28,3,1,1
512764,111148,SKU0093,WH_A,East,2025-02-25,2025-02-26,1,3,1
512765,111149,SKU0044,WH_B,Central,2025-02-25,2025-02-26,1,5,1
512766,111150,SKU0024,WH_A,East,2025-02-25,2025-02-26,1,13,1
512767,111151,SKU0059,WH_A,East,2025-02-25,2025-02-26,1,7,1
512768,111152,SKU0020,WH_B,Central,2025-02-25,2025-02-28,3,1,1
512769,111152,SKU0020,WH_B,Central,2025-02-25,2025-02-26,1,0,1
512770,111153,SKU0038,WH_A,East,2025-02-26,2025-03-04,7,1,0
512771,111154,SKU0010,WH_C,West,2025-02-25,2025-02-28,3,1,1
512772,111155,SKU0064,WH_B,Central,2025-02-25,2025-02-26,1,1,1
512773,111156,SKU0043,WH_B,Central,2025-02-25,2025-02-28,3,1,1
512774,111157,SKU0094,WH_B,Central,2025-02-27,2025-02-28,3,1,1
512775,111158,SKU0034,WH_A,East,2025-02-25,2025-02-27,2,1,1
512776,111159,SKU0015,WH_A,East,2025-03-01,2025-03-04,7,1,1
512777,111160,SKU0080,WH_C,West,2025-02-25,2025-02-26,1,1,1
512778,111160,SKU0080,WH_C,West,2025-02-25,2025-02-26,1,0,1
512779,111161,SKU0038,WH_B,Central,2025-03-01,2025-03-08,11,4,0
512780,111162,SKU0032,WH_B,Central,2025-02-25,2025-02-26,1,1,1
512781,111163,SKU0073,WH_A,East,2025-02-25,2025-02-26,1,2,1
512782,111163,SKU0073,WH_A,East,2025-02-27,2025-03-03,6,1,0
512783,111164,SKU0040,WH_C,West,2025-02-26,2025-03-05,8,5,0
512784,111165,SKU0014,WH_B,Central,2025-02-26,2025-02-27,2,2,1
512785,111166,SKU0051,WH_B,Central,2025-02-27,2025-03-01,4,4,1
512786,111167,SKU0044,WH_C,West,2025-02-26,2025-03-02,5,4,0
512787,111167,SKU0044,WH_C,West,2025-02-26,2025-02-27,2,1,1
512788,111168,SKU0011,WH_A,East,2025-02-28,2025-03-01,4,3,1
512789,111169,SKU0062,WH_A,East,2025-02-26,2025-03-01,4,1,1
512790,111170,SKU0027,WH_C,West,2025-02-25,2025-02-26,1,6,1
512791,111171,SKU0055,WH_A,East,2025-02-25,2025-03-02,5,1,0
512792,111172,SKU0034,WH_A,East,2025-02-26,2025-02-27,2,1,1
512793,111173,SKU0025,WH_B,Central,2025-02-27,2025-02-28,3,2,1
512794,111174,SKU0028,WH_B,Central,2025-02-26,2025-02-28,3,3,1
512795,111175,SKU0044,WH_A,East,2025-02-25,2025-02-28,3,1,1
512796,111176,SKU0037,WH_B,Central,2025-02-25,2025-02-27,2,1,1
512797,111177,SKU0088,WH_B,Central,2025-02-25,2025-03-01,4,1,0
512798,111178,SKU0091,WH_A,East,2025-02-25,2025-02-26,1,12,1
512799,111179,SKU0064,WH_B,Central,2025-02-25,2025-02-26,1,3,1
512800,111180,SKU0028,WH_C,West,2025-02-25,2025-02-27,2,1,1
512801,111180,SKU0028,WH_C,West,2025-02-28,2025-03-04,7,0,0
512802,111181,SKU0030,WH_B,Central,2025-02-25,2025-02-27,2,1,1
512803,111182,SKU0017,WH_C,West,2025-02-26,2025-02-27,2,9,1
512804,111183,SKU0072,WH_B,Central,2025-02-25,2025-03-02,5,8,0
512805,111183,SKU0072,WH_B,Central,2025-02-25,2025-02-27,2,2,1
512806,111184,SKU0019,WH_A,East,2025-02-25,2025-02-26,1,1,1
512807,111184,SKU0019,WH_A,East,2025-02-26,2025-02-28,3,0,1
512808,111185,SKU0051,WH_A,East,2025-02-26,2025-03-02,5,4,0
512809,111186,SKU0020,WH_A,East,2025-02-25,2025-02-26,1,1,1
512810,111187,SKU0017,WH_B,Central,2025-02-28,2025-03-02,5,1,1
512811,111188,SKU0013,WH_B,Central,2025-02-28,2025-03-01,4,5,1
512812,111189,SKU0044,WH_A,East,2025-02-25,2025-02-28,3,4,1
512813,111190,SKU0027,WH_A,East,2025-02-25,2025-02-27,2,2,1
512814,111191,SKU0069,WH_C,West,2025-02-25,2025-02-26,1,6,1
512815,111192,SKU0076,WH_C,West,2025-02-25,2025-02-27,2,1,1
512816,111192,SKU0076,WH_C,West,2025-02-25,2025-02-26,1,0,1
512817,111193,SKU0056,WH_C,West,2025-02-26,2025-02-27,2,1,1
512818,111194,SKU0074,WH_B,Central,2025-02-25,2025-02-26,1,1,1
512819,111195,SKU0045,WH_A,East,2025-02-25,2025-02-26,1,1,1
512820,111196,SKU0015,WH_C,West,2025-02-25,2025-02-28,3,1,1
512821,111197,SKU0070,WH_B,Central,2025-02-27,2025-03-01,4,2,1
512822,111198,SKU0027,WH_C,West,2025-02-27,2025-02-28,3,6,1
512823,111199,SKU0091,WH_B,Central,2025-02-25,2025-02-26,1,3,1
512824,111200,SKU0076,WH_A,East,2025-03-02,2025-03-03,5,1,1
512825,111201,SKU0005,WH_A,East,2025-02-26,2025-02-27,1,1,1
512826,111202,SKU0026,WH_C,West,2025-02-26,2025-03-01,3,1,1
512827,111203,SKU0065,WH_C,West,2025-02-26,2025-02-27,1,10,1
512828,111204,SKU0068,WH_A,East,2025-03-01,2025-03-02,4,1,1
512829,111205,SKU0072,WH_B,Central,2025-02-28,2025-03-06,8,3,0
512830,111206,SKU0059,WH_A,East,2025-02-27,2025-02-28,2,4,1
512831,111206,SKU0059,WH_A,East,2025-02-26,2025-02-27,1,3,1
512832,111207,SKU0016,WH_A,East,2025-02-27,2025-02-28,2,1,1
512833,111208,SKU0064,WH_C,West,2025-02-26,2025-02-28,2,8,1
512834,111209,SKU0064,WH_B,Central,2025-02-27,2025-03-01,3,1,1
512835,111210,SKU0004,WH_C,West,2025-02-26,2025-02-28,2,1,1
512836,111211,SKU0051,WH_C,West,2025-02-26,2025-03-04,6,1,0
512837,111211,SKU0051,WH_C,West,2025-02-28,2025-03-01,3,0,1
512838,111212,SKU0031,WH_B,Central,2025-02-26,2025-03-02,4,1,0
512839,111213,SKU0029,WH_B,Central,2025-02-27,2025-02-28,2,2,1
512840,111214,SKU0033,WH_C,West,2025-02-27,2025-03-01,3,2,1
512841,111215,SKU0019,WH_C,West,2025-02-26,2025-03-01,3,4,1
512842,111216,SKU0020,WH_B,Central,2025-02-26,2025-03-03,5,1,0
512843,111217,SKU0065,WH_C,West,2025-02-26,2025-03-03,5,1,0
512844,111218,SKU0016,WH_B,Central,2025-02-26,2025-02-27,1,3,1
512845,111219,SKU0045,WH_B,Central,2025-02-27,2025-03-01,3,1,1
512846,111220,SKU0055,WH_A,East,2025-02-26,2025-03-02,4,1,0
512847,111220,SKU0055,WH_A,East,2025-02-28,2025-03-01,3,0,1
512848,111221,SKU0035,WH_A,East,2025-02-26,2025-03-01,3,7,1
512849,111222,SKU0092,WH_C,West,2025-02-28,2025-03-03,5,1,1
512850,111223,SKU0041,WH_B,Central,2025-02-26,2025-03-01,3,5,1
512851,111224,SKU0033,WH_A,East,2025-02-27,2025-03-01,3,4,1
512852,111225,SKU0096,WH_C,West,2025-03-01,2025-03-03,5,1,1
512853,111226,SKU0035,WH_B,Central,2025-02-28,2025-03-03,5,2,1
512854,111227,SKU0099,WH_B,Central,2025-02-26,2025-02-27,1,1,1
512855,111227,SKU0099,WH_B,Central,2025-02-27,2025-03-01,3,0,1
512856,111228,SKU0074,WH_C,West,2025-03-01,2025-03-03,5,4,1
512857,111229,SKU0053,WH_C,West,2025-03-01,2025-03-02,4,2,1
512858,111230,SKU0007,WH_C,West,2025-02-28,2025-03-02,4,4,1
512859,111231,SKU0048,WH_C,West,2025-02-26,2025-02-28,2,1,1
512860,111232,SKU0026,WH_C,West,2025-03-01,2025-03-07,9,1,0
512861,111233,SKU0058,WH_C,West,2025-02-26,2025-02-27,1,1,1
512862,111234,SKU0097,WH_B,Central,2025-02-28,2025-03-01,3,2,1
512863,111235,SKU0071,WH_C,West,2025-03-01,2025-03-03,5,1,1
512864,111236,SKU0082,WH_A,East,2025-02-26,2025-02-27,1,6,1
512865,111237,SKU0087,WH_C,West,2025-02-28,2025-03-07,9,6,0
512866,111238,SKU0023,WH_A,East,2025-02-26,2025-02-28,2,1,1
512867,111239,SKU0054,WH_A,East,2025-03-01,2025-03-06,8,3,0
512868,111240,SKU0074,WH_C,West,2025-02-26,2025-03-02,4,1,0
512869,111241,SKU0090,WH_A,East,2025-02-26,2025-02-28,2,8,1
512870,111242,SKU0084,WH_B,Central,2025-02-27,2025-03-02,4,1,1
512871,111243,SKU0090,WH_C,West,2025-02-26,2025-02-28,2,1,1
512872,111244,SKU0079,WH_B,Central,2025-02-27,2025-02-28,2,1,1
512873,111245,SKU0046,WH_A,East,2025-02-26,2025-02-27,1,1,1
512874,111246,SKU0095,WH_C,West,2025-03-02,2025-03-09,11,1,0
512875,111247,SKU0058,WH_A,East,2025-02-26,2025-03-02,4,2,0
512876,111248,SKU0068,WH_B,Central,2025-02-28,2025-03-05,7,1,0
512877,111249,SKU0015,WH_B,Central,2025-02-26,2025-03-01,3,1,1
512878,111250,SKU0061,WH_B,Central,2025-02-26,2025-03-01,3,1,1
512879,111251,SKU0025,WH_C,West,2025-02-28,2025-03-01,3,3,1
512880,111252,SKU0015,WH_A,East,2025-02-27,2025-03-01,3,1,1
512881,111252,SKU0015,WH_A,East,2025-02-26,2025-02-27,1,0,1
512882,111253,SKU0081,WH_B,Central,2025-02-27,2025-03-03,5,1,0
512883,111254,SKU0010,WH_C,West,2025-02-27,2025-02-28,2,1,1
512884,111255,SKU0091,WH_A,East,2025-02-26,2025-03-03,5,1,0
512885,111255,SKU0091,WH_A,East,2025-02-27,2025-02-28,2,3,1
512886,111256,SKU0086,WH_C,West,2025-02-27,2025-02-28,2,6,1
512887,111257,SKU0055,WH_B,Central,2025-02-28,2025-03-01,3,1,1
512888,111258,SKU0054,WH_A,East,2025-02-26,2025-02-28,2,1,1
512889,111258,SKU0054,WH_A,East,2025-02-27,2025-02-28,2,0,1
512890,111259,SKU0001,WH_A,East,2025-02-26,2025-02-28,2,1,1
512891,111260,SKU0030,WH_A,East,2025-02-27,2025-02-28,2,1,1
512892,111261,SKU0025,WH_C,West,2025-02-26,2025-02-27,1,2,1
512893,111262,SKU0056,WH_A,East,2025-03-01,2025-03-03,5,1,1
512894,111263,SKU0055,WH_B,Central,2025-02-27,2025-03-02,4,1,1
512895,111263,SKU0055,WH_B,Central,2025-02-27,2025-03-02,4,0,1
512896,111264,SKU0042,WH_B,Central,2025-02-28,2025-03-02,4,3,1
512897,111265,SKU0066,WH_A,East,2025-02-26,2025-02-27,1,5,1
512898,111266,SKU0021,WH_A,East,2025-02-27,2025-03-02,4,6,1
512899,111267,SKU0099,WH_A,East,2025-02-27,2025-03-04,6,1,0
512900,111268,SKU0088,WH_A,East,2025-02-27,2025-02-28,2,2,1
512901,111269,SKU0025,WH_B,Central,2025-02-26,2025-02-27,1,1,1
512902,111269,SKU0025,WH_B,Central,2025-02-27,2025-02-28,2,1,1
512903,111270,SKU0022,WH_A,East,2025-02-27,2025-03-04,6,1,0
512904,111271,SKU0043,WH_B,Central,2025-02-26,2025-02-27,1,4,1
512905,111272,SKU0057,WH_A,East,2025-02-27,2025-03-02,4,1,1
512906,111272,SKU0057,WH_A,East,2025-02-27,2025-02-28,2,0,1
512907,111273,SKU0093,WH_C,West,2025-02-26,2025-03-03,5,1,0
512908,111274,SKU0091,WH_C,West,2025-02-28,2025-03-06,8,1,0
512909,111275,SKU0015,WH_B,Central,2025-02-26,2025-02-28,2,1,1
512910,111276,SKU0053,WH_B,Central,2025-02-26,2025-02-28,2,1,1
512911,111277,SKU0006,WH_C,West,2025-02-28,2025-03-01,3,3,1
512912,111278,SKU0016,WH_B,Central,2025-02-26,2025-03-01,3,1,1
512913,111279,SKU0009,WH_A,East,2025-02-27,2025-03-03,5,1,0
512914,111280,SKU0065,WH_C,West,2025-02-27,2025-03-01,3,1,1
512915,111280,SKU0065,WH_C,West,2025-02-26,2025-03-01,3,0,1
512916,111281,SKU0087,WH_C,West,2025-02-28,2025-03-01,3,3,1
512917,111282,SKU0017,WH_B,Central,2025-02-27,2025-02-28,2,7,1
512918,111283,SKU0037,WH_A,East,2025-02-27,2025-02-28,2,4,1
512919,111284,SKU0013,WH_B,Central,2025-02-26,2025-02-28,2,4,1
512920,111285,SKU0066,WH_B,Central,2025-02-26,2025-02-28,2,2,1
512921,111286,SKU0046,WH_C,West,2025-02-26,2025-02-27,1,1,1
512922,111287,SKU0014,WH_C,West,2025-03-01,2025-03-03,5,1,1
512923,111287,SKU0014,WH_C,West,2025-02-26,2025-02-28,2,0,1
512924,111288,SKU0049,WH_A,East,2025-02-26,2025-02-28,2,5,1
512925,111289,SKU0078,WH_A,East,2025-02-26,2025-02-27,1,1,1
512926,111290,SKU0055,WH_A,East,2025-03-02,2025-03-03,5,4,1
512927,111291,SKU0037,WH_C,West,2025-02-26,2025-02-28,2,2,1
512928,111292,SKU0052,WH_A,East,2025-02-26,2025-02-28,2,1,1
512929,111293,SKU0048,WH_C,West,2025-03-01,2025-03-02,4,2,1
512930,111294,SKU0052,WH_B,Central,2025-02-26,2025-03-01,3,8,1
512931,111295,SKU0023,WH_A,East,2025-02-26,2025-03-01,3,1,1
512932,111296,SKU0052,WH_B,Central,2025-02-26,2025-02-28,2,2,1
512933,111297,SKU0048,WH_C,West,2025-02-27,2025-03-01,3,3,1
512934,111297,SKU0048,WH_C,West,2025-02-26,2025-02-27,1,2,1
512935,111298,SKU0093,WH_A,East,2025-02-26,2025-03-01,3,2,1
512936,111299,SKU0006,WH_B,Central,2025-02-28,2025-03-02,4,3,1
512937,111300,SKU0055,WH_C,West,2025-02-28,2025-03-02,4,1,1
512938,111300,SKU0055,WH_C,West,2025-02-26,2025-03-01,3,3,1
512939,111301,SKU0100,WH_B,Central,2025-02-27,2025-02-28,2,3,1
512940,111302,SKU0046,WH_A,East,2025-02-26,2025-03-03,5,1,0
512941,111303,SKU0019,WH_B,Central,2025-03-02,2025-03-04,6,1,1
512942,111304,SKU0063,WH_A,East,2025-02-27,2025-02-28,2,8,1
512943,111305,SKU0057,WH_B,Central,2025-02-26,2025-03-01,3,1,1
512944,111306,SKU0048,WH_A,East,2025-02-27,2025-03-02,4,16,1
512945,111307,SKU0084,WH_A,East,2025-02-27,2025-03-01,3,2,1
512946,111307,SKU0084,WH_A,East,2025-03-01,2025-03-03,5,1,1
512947,111308,SKU0045,WH_A,East,2025-02-28,2025-03-01,3,6,1
512948,111309,SKU0094,WH_C,West,2025-02-28,2025-03-01,3,1,1
512949,111310,SKU0058,WH_C,West,2025-02-27,2025-02-28,2,8,1
512950,111311,SKU0075,WH_C,West,2025-02-26,2025-02-27,1,1,1
512951,111312,SKU0009,WH_A,East,2025-02-26,2025-02-28,2,1,1
512952,111312,SKU0009,WH_A,East,2025-02-26,2025-02-28,2,0,1
512953,111313,SKU0034,WH_B,Central,2025-02-26,2025-03-02,4,1,0
512954,111314,SKU0096,WH_A,East,2025-02-27,2025-02-28,2,1,1
512955,111315,SKU0062,WH_C,West,2025-02-26,2025-03-02,4,6,0
512956,111316,SKU0062,WH_B,Central,2025-02-26,2025-02-28,2,1,1
512957,111317,SKU0004,WH_B,Central,2025-02-26,2025-02-27,1,2,1
512958,111318,SKU0031,WH_B,Central,2025-02-26,2025-03-01,3,1,1
512959,111319,SKU0038,WH_B,Central,2025-02-26,2025-02-27,1,1,1
512960,111319,SKU0038,WH_B,Central,2025-02-27,2025-03-03,5,0,0
512961,111320,SKU0068,WH_B,Central,2025-02-26,2025-02-28,2,8,1
512962,111321,SKU0031,WH_A,East,2025-02-28,2025-03-01,3,1,1
512963,111322,SKU0086,WH_C,West,2025-02-28,2025-03-01,3,3,1
512964,111323,SKU0045,WH_B,Central,2025-03-02,2025-03-04,6,1,1
512965,111323,SKU0045,WH_B,Central,2025-02-27,2025-02-28,2,3,1
512966,111324,SKU0034,WH_C,West,2025-02-26,2025-03-04,6,1,0
512967,111325,SKU0028,WH_B,Central,2025-03-02,2025-03-03,5,1,1
512968,111326,SKU0023,WH_B,Central,2025-02-26,2025-02-27,1,1,1
512969,111327,SKU0073,WH_B,Central,2025-03-01,2025-03-06,8,1,0
512970,111328,SKU0083,WH_C,West,2025-02-26,2025-02-28,2,1,1
512971,111329,SKU0053,WH_C,West,2025-03-01,2025-03-02,4,7,1
512972,111329,SKU0053,WH_C,West,2025-02-28,2025-03-01,3,2,1
512973,111330,SKU0007,WH_C,West,2025-02-26,2025-02-27,1,1,1
512974,111331,SKU0017,WH_B,Central,2025-02-27,2025-02-28,2,2,1
512975,111332,SKU0040,WH_A,East,2025-02-26,2025-03-01,3,4,1
512976,111333,SKU0053,WH_C,West,2025-02-27,2025-03-03,5,1,0
512977,111334,SKU0048,WH_B,Central,2025-02-27,2025-02-28,2,6,1
512978,111335,SKU0083,WH_C,West,2025-02-26,2025-03-01,3,4,1
512979,111335,SKU0083,WH_C,West,2025-02-28,2025-03-04,6,6,0
512980,111336,SKU0082,WH_C,West,2025-02-26,2025-03-01,3,2,1
512981,111337,SKU0024,WH_C,West,2025-02-26,2025-03-01,3,1,1
512982,111338,SKU0063,WH_C,West,2025-02-26,2025-03-03,5,7,0
512983,111339,SKU0095,WH_A,East,2025-02-26,2025-02-27,1,1,1
512984,111340,SKU0092,WH_A,East,2025-02-26,2025-02-28,2,3,1
512985,111341,SKU0003,WH_C,West,2025-02-26,2025-02-27,1,1,1
512986,111342,SKU0006,WH_B,Central,2025-02-27,2025-03-05,7,6,0
512987,111343,SKU0080,WH_C,West,2025-02-27,2025-02-28,2,7,1
512988,111344,SKU0097,WH_B,Central,2025-02-26,2025-02-27,1,4,1
512989,111345,SKU0041,WH_B,Central,2025-02-27,2025-02-28,2,1,1
512990,111346,SKU0048,WH_B,Central,2025-02-27,2025-03-03,5,3,0
512991,111347,SKU0006,WH_A,East,2025-02-27,2025-03-01,3,1,1
512992,111347,SKU0006,WH_A,East,2025-03-01,2025-03-02,4,2,1
512993,111348,SKU0087,WH_A,East,2025-02-27,2025-03-02,4,8,1
512994,111349,SKU0080,WH_C,West,2025-02-26,2025-03-05,7,3,0
512995,111350,SKU0034,WH_C,West,2025-02-27,2025-02-28,2,3,1
512996,111351,SKU0078,WH_B,Central,2025-02-27,2025-02-28,2,1,1
512997,111352,SKU0021,WH_A,East,2025-02-26,2025-02-27,1,1,1
512998,111353,SKU0087,WH_A,East,2025-02-26,2025-03-01,3,1,1
512999,111354,SKU0083,WH_B,Central,2025-02-27,2025-03-01,3,2,1
513000,111355,SKU0087,WH_B,Central,2025-02-27,2025-02-28,2,1,1
513001,111356,SKU0028,WH_C,West,2025-02-26,2025-02-28,2,4,1
513002,111357,SKU0039,WH_A,East,2025-02-26,2025-03-02,4,3,0
513003,111358,SKU0069,WH_B,Central,2025-02-27,2025-03-05,7,5,0
513004,111359,SKU0024,WH_B,Central,2025-02-26,2025-03-01,3,2,1
513005,111360,SKU0074,WH_C,West,2025-02-26,2025-02-28,2,1,1
513006,111361,SKU0012,WH_C,West,2025-02-26,2025-03-01,3,1,1
513007,111362,SKU0074,WH_A,East,2025-02-27,2025-03-01,3,1,1
513008,111363,SKU0044,WH_C,West,2025-02-26,2025-02-27,1,6,1
513009,111364,SKU0069,WH_A,East,2025-02-26,2025-02-27,1,1,1
513010,111365,SKU0098,WH_C,West,2025-02-27,2025-02-28,2,2,1
513011,111365,SKU0098,WH_C,West,2025-02-26,2025-03-02,4,1,0
513012,111366,SKU0007,WH_C,West,2025-02-28,2025-03-01,3,1,1
513013,111367,SKU0052,WH_C,West,2025-02-26,2025-02-28,2,6,1
513014,111367,SKU0052,WH_C,West,2025-02-26,2025-03-02,4,1,0
513015,111368,SKU0039,WH_B,Central,2025-02-27,2025-03-05,7,1,0
513016,111368,SKU0039,WH_B,Central,2025-02-26,2025-03-01,3,0,1
513017,111369,SKU0069,WH_A,East,2025-02-26,2025-02-27,1,1,1
513018,111370,SKU0098,WH_A,East,2025-02-26,2025-03-01,3,2,1
513019,111371,SKU0013,WH_C,West,2025-02-28,2025-03-03,5,1,1
513020,111372,SKU0017,WH_B,Central,2025-02-26,2025-03-02,4,3,0
513021,111373,SKU0100,WH_C,West,2025-02-27,2025-03-02,4,10,1
513022,111374,SKU0045,WH_B,Central,2025-02-26,2025-02-28,2,3,1
513023,111375,SKU0081,WH_C,West,2025-02-27,2025-03-02,4,1,1
513024,111376,SKU0074,WH_B,Central,2025-02-27,2025-03-01,3,1,1
513025,111377,SKU0038,WH_B,Central,2025-02-26,2025-03-03,5,1,0
513026,111378,SKU0008,WH_C,West,2025-02-27,2025-03-01,3,2,1
513027,111379,SKU0075,WH_B,Central,2025-02-26,2025-03-05,7,3,0
513028,111380,SKU0076,WH_A,East,2025-02-27,2025-03-04,5,1,0
513029,111381,SKU0046,WH_B,Central,2025-02-27,2025-02-28,1,1,1
513030,111382,SKU0062,WH_B,Central,2025-02-27,2025-03-02,3,1,1
513031,111382,SKU0062,WH_B,Central,2025-02-27,2025-03-01,2,0,1
513032,111383,SKU0033,WH_C,West,2025-03-01,2025-03-03,4,1,1
513033,111384,SKU0096,WH_C,West,2025-02-28,2025-03-01,2,1,1
513034,111385,SKU0056,WH_A,East,2025-02-27,2025-03-01,2,2,1
513035,111386,SKU0090,WH_A,East,2025-02-27,2025-02-28,1,14,1
513036,111387,SKU0072,WH_B,Central,2025-03-01,2025-03-02,3,1,1
513037,111388,SKU0030,WH_A,East,2025-02-27,2025-03-02,3,2,1
513038,111389,SKU0096,WH_A,East,2025-02-27,2025-03-02,3,1,1
513039,111390,SKU0094,WH_C,West,2025-03-02,2025-03-03,4,2,1
513040,111391,SKU0042,WH_A,East,2025-02-27,2025-03-01,2,1,1
513041,111391,SKU0042,WH_A,East,2025-03-02,2025-03-04,5,0,1
513042,111392,SKU0024,WH_A,East,2025-02-27,2025-03-01,2,3,1
513043,111393,SKU0085,WH_C,West,2025-02-27,2025-03-02,3,1,1
513044,111394,SKU0011,WH_B,Central,2025-02-28,2025-03-03,4,1,1
513045,111394,SKU0011,WH_B,Central,2025-02-27,2025-03-03,4,2,0
513046,111395,SKU0059,WH_A,East,2025-03-01,2025-03-07,8,1,0
513047,111396,SKU0046,WH_C,West,2025-02-28,2025-03-01,2,12,1
513048,111397,SKU0068,WH_B,Central,2025-02-27,2025-03-01,2,1,1
513049,111397,SKU0068,WH_B,Central,2025-02-28,2025-03-03,4,0,1
513050,111398,SKU0087,WH_C,West,2025-02-27,2025-03-01,2,3,1
513051,111399,SKU0059,WH_A,East,2025-02-27,2025-03-03,4,15,0
513052,111400,SKU0073,WH_C,West,2025-02-27,2025-03-01,2,1,1
513053,111401,SKU0098,WH_A,East,2025-02-27,2025-02-28,1,3,1
513054,111402,SKU0049,WH_A,East,2025-02-28,2025-03-02,3,6,1
513055,111403,SKU0015,WH_B,Central,2025-02-27,2025-03-01,2,4,1
513056,111404,SKU0064,WH_A,East,2025-02-27,2025-03-04,5,1,0
513057,111405,SKU0062,WH_A,East,2025-03-02,2025-03-03,4,1,1
513058,111406,SKU0003,WH_B,Central,2025-02-27,2025-03-04,5,5,0
513059,111407,SKU0048,WH_C,West,2025-02-27,2025-02-28,1,2,1
513060,111407,SKU0048,WH_C,West,2025-03-01,2025-03-06,7,1,0
513061,111408,SKU0004,WH_B,Central,2025-02-27,2025-02-28,1,1,1
513062,111409,SKU0059,WH_A,East,2025-03-01,2025-03-02,3,1,1
513063,111410,SKU0066,WH_B,Central,2025-02-28,2025-03-01,2,1,1
513064,111411,SKU0080,WH_A,East,2025-03-01,2025-03-03,4,1,1
513065,111412,SKU0097,WH_A,East,2025-02-27,2025-03-03,4,6,0
513066,111413,SKU0051,WH_C,West,2025-02-27,2025-02-28,1,4,1
513067,111414,SKU0063,WH_A,East,2025-02-28,2025-03-02,3,2,1
513068,111415,SKU0065,WH_C,West,2025-02-27,2025-02-28,1,2,1
513069,111416,SKU0015,WH_B,Central,2025-02-27,2025-03-02,3,1,1
513070,111417,SKU0078,WH_B,Central,2025-02-28,2025-03-01,2,2,1
513071,111418,SKU0015,WH_C,West,2025-03-01,2025-03-02,3,1,1
513072,111419,SKU0065,WH_B,Central,2025-02-28,2025-03-01,2,1,1
513073,111419,SKU0065,WH_B,Central,2025-03-02,2025-03-07,8,0,0
513074,111420,SKU0088,WH_B,Central,2025-02-27,2025-02-28,1,2,1
513075,111421,SKU0013,WH_C,West,2025-02-27,2025-03-03,4,3,0
513076,111422,SKU0019,WH_C,West,2025-02-27,2025-03-02,3,8,1
513077,111423,SKU0012,WH_B,Central,2025-03-01,2025-03-02,3,2,1
513078,111424,SKU0003,WH_A,East,2025-02-28,2025-03-04,5,6,0
513079,111425,SKU0054,WH_B,Central,2025-02-28,2025-03-01,2,4,1
513080,111426,SKU0019,WH_C,West,2025-02-27,2025-02-28,1,1,1
513081,111427,SKU0038,WH_A,East,2025-02-28,2025-03-02,3,2,1
513082,111428,SKU0068,WH_C,West,2025-03-01,2025-03-02,3,1,1
513083,111429,SKU0030,WH_A,East,2025-02-28,2025-03-03,4,9,1
513084,111430,SKU0018,WH_A,East,2025-02-27,2025-02-28,1,1,1
513085,111430,SKU0018,WH_A,East,2025-02-28,2025-03-07,8,4,0
513086,111431,SKU0021,WH_A,East,2025-02-27,2025-02-28,1,2,1
513087,111432,SKU0051,WH_A,East,2025-02-27,2025-03-01,2,7,1
513088,111433,SKU0029,WH_A,East,2025-02-28,2025-03-01,2,2,1
513089,111433,SKU0029,WH_A,East,2025-02-27,2025-03-05,6,3,0
513090,111434,SKU0085,WH_A,East,2025-02-27,2025-03-01,2,3,1
513091,111435,SKU0090,WH_B,Central,2025-02-28,2025-03-01,2,1,1
513092,111435,SKU0090,WH_B,Central,2025-02-27,2025-02-28,1,1,1
513093,111436,SKU0011,WH_C,West,2025-02-27,2025-03-01,2,1,1
513094,111437,SKU0094,WH_B,Central,2025-02-27,2025-03-03,4,6,0
513095,111438,SKU0025,WH_A,East,2025-02-28,2025-03-01,2,6,1
513096,111439,SKU0094,WH_A,East,2025-02-28,2025-03-04,5,4,0
513097,111440,SKU0067,WH_C,West,2025-03-02,2025-03-04,5,1,1
513098,111441,SKU0021,WH_B,Central,2025-03-01,2025-03-04,5,1,1
513099,111441,SKU0021,WH_B,Central,2025-02-27,2025-03-03,4,0,0
513100,111442,SKU0075,WH_C,West,2025-02-28,2025-03-03,4,2,1
513101,111443,SKU0052,WH_C,West,2025-03-01,2025-03-02,3,1,1
513102,111444,SKU0018,WH_A,East,2025-02-27,2025-03-01,2,1,1
513103,111445,SKU0028,WH_A,East,2025-02-27,2025-03-01,2,2,1
513104,111446,SKU0042,WH_B,Central,2025-02-27,2025-03-03,4,1,0
513105,111447,SKU0034,WH_C,West,2025-02-27,2025-03-01,2,3,1
513106,111448,SKU0048,WH_A,East,2025-02-27,2025-03-01,2,9,1
513107,111448,SKU0048,WH_A,East,2025-02-27,2025-03-02,3,3,1
513108,111449,SKU0069,WH_C,West,2025-02-27,2025-03-01,2,14,1
513109,111450,SKU0041,WH_C,West,2025-02-27,2025-02-28,1,5,1
513110,111451,SKU0006,WH_A,East,2025-02-28,2025-03-07,8,4,0
513111,111452,SKU0029,WH_A,East,2025-02-27,2025-03-02,3,1,1
513112,111453,SKU0003,WH_B,Central,2025-02-27,2025-03-01,2,1,1
513113,111454,SKU0013,WH_A,East,2025-02-27,2025-03-03,4,3,0
513114,111455,SKU0007,WH_A,East,2025-02-27,2025-03-01,2,4,1
513115,111456,SKU0100,WH_C,West,2025-02-28,2025-03-05,6,8,0
513116,111457,SKU0033,WH_C,West,2025-02-28,2025-03-01,2,1,1
513117,111458,SKU0019,WH_A,East,2025-02-28,2025-03-02,3,1,1
513118,111459,SKU0058,WH_C,West,2025-02-27,2025-03-02,3,8,1
513119,111460,SKU0070,WH_C,West,2025-02-27,2025-02-28,1,2,1
513120,111461,SKU0026,WH_A,East,2025-02-27,2025-03-04,5,6,0
513121,111461,SKU0026,WH_A,East,2025-02-28,2025-03-04,5,1,0
513122,111462,SKU0010,WH_B,Central,2025-02-27,2025-03-02,3,1,1
513123,111463,SKU0082,WH_A,East,2025-02-28,2025-03-01,2,2,1
513124,111464,SKU0079,WH_A,East,2025-02-27,2025-03-01,2,2,1
513125,111465,SKU0016,WH_C,West,2025-02-28,2025-03-01,2,3,1
513126,111466,SKU0067,WH_B,Central,2025-02-27,2025-03-01,2,1,1
513127,111467,SKU0052,WH_A,East,2025-02-27,2025-02-28,1,1,1
513128,111468,SKU0095,WH_B,Central,2025-03-01,2025-03-06,7,4,0
513129,111469,SKU0017,WH_C,West,2025-02-27,2025-02-28,1,6,1
513130,111470,SKU0025,WH_B,Central,2025-02-27,2025-02-28,1,2,1
513131,111471,SKU0045,WH_C,West,2025-02-27,2025-02-28,1,3,1
513132,111472,SKU0060,WH_B,Central,2025-03-01,2025-03-02,3,2,1
513133,111473,SKU0038,WH_C,West,2025-02-27,2025-03-02,3,17,1
513134,111474,SKU0099,WH_B,Central,2025-02-28,2025-03-01,2,1,1
513135,111474,SKU0099,WH_B,Central,2025-02-27,2025-03-01,2,0,1
513136,111475,SKU0078,WH_B,Central,2025-02-27,2025-03-01,2,2,1
513137,111476,SKU0013,WH_C,West,2025-02-27,2025-02-28,1,4,1
513138,111477,SKU0032,WH_B,Central,2025-02-27,2025-03-01,2,11,1
513139,111478,SKU0010,WH_A,East,2025-02-28,2025-03-07,8,2,0
513140,111479,SKU0038,WH_C,West,2025-02-28,2025-03-01,2,1,1
513141,111480,SKU0093,WH_C,West,2025-02-27,2025-03-02,3,1,1
513142,111481,SKU0027,WH_B,Central,2025-02-27,2025-02-28,1,1,1
513143,111482,SKU0025,WH_A,East,2025-02-28,2025-03-02,3,1,1
513144,111483,SKU0076,WH_B,Central,2025-02-28,2025-03-06,7,1,0
513145,111484,SKU0021,WH_C,West,2025-02-27,2025-03-01,2,2,1
513146,111485,SKU0041,WH_C,West,2025-03-03,2025-03-06,7,1,1
513147,111486,SKU0053,WH_A,East,2025-02-28,2025-03-01,2,3,1
513148,111487,SKU0078,WH_C,West,2025-03-02,2025-03-03,4,2,1
513149,111488,SKU0007,WH_C,West,2025-02-27,2025-03-04,5,6,0
513150,111489,SKU0019,WH_C,West,2025-02-27,2025-03-01,2,4,1
513151,111490,SKU0067,WH_B,Central,2025-02-28,2025-03-01,2,13,1
513152,111491,SKU0005,WH_C,West,2025-02-27,2025-02-28,1,1,1
513153,111491,SKU0005,WH_C,West,2025-03-01,2025-03-03,4,0,1
513154,111492,SKU0064,WH_B,Central,2025-03-01,2025-03-02,3,1,1
513155,111493,SKU0012,WH_C,West,2025-02-28,2025-03-01,2,1,1
513156,111494,SKU0014,WH_B,Central,2025-02-27,2025-03-01,2,2,1
513157,111495,SKU0092,WH_B,Central,2025-02-28,2025-03-02,3,3,1
513158,111495,SKU0092,WH_B,Central,2025-02-27,2025-02-28,1,1,1
513159,111496,SKU0095,WH_C,West,2025-02-28,2025-03-02,3,4,1
513160,111497,SKU0060,WH_B,Central,2025-02-27,2025-02-28,1,4,1
513161,111498,SKU0003,WH_A,East,2025-02-27,2025-03-01,2,7,1
513162,111499,SKU0079,WH_A,East,2025-02-27,2025-03-01,2,1,1
513163,111499,SKU0079,WH_A,East,2025-02-28,2025-03-04,5,0,0
513164,111500,SKU0080,WH_C,West,2025-02-28,2025-03-04,5,3,0
513165,111501,SKU0098,WH_C,West,2025-02-28,2025-03-01,2,3,1
513166,111502,SKU0031,WH_A,East,2025-02-27,2025-03-01,2,2,1
513167,111503,SKU0037,WH_A,East,2025-02-27,2025-03-02,3,2,1
513168,111503,SKU0037,WH_A,East,2025-02-28,2025-03-02,3,1,1
513169,111504,SKU0003,WH_B,Central,2025-02-28,2025-03-05,6,14,0
513170,111505,SKU0030,WH_C,West,2025-02-27,2025-02-28,1,1,1
513171,111506,SKU0009,WH_B,Central,2025-02-27,2025-02-28,1,1,1
513172,111507,SKU0032,WH_B,Central,2025-02-27,2025-03-01,2,4,1
513173,111508,SKU0053,WH_C,West,2025-03-02,2025-03-06,7,2,0
513174,111509,SKU0026,WH_A,East,2025-02-28,2025-03-03,4,18,1
513175,111510,SKU0072,WH_C,West,2025-03-01,2025-03-06,7,1,0
513176,111511,SKU0059,WH_A,East,2025-02-28,2025-03-02,3,3,1
513177,111512,SKU0081,WH_C,West,2025-02-27,2025-02-28,1,3,1
513178,111513,SKU0011,WH_C,West,2025-02-28,2025-03-02,3,12,1
513179,111514,SKU0060,WH_B,Central,2025-02-27,2025-02-28,1,3,1
513180,111515,SKU0059,WH_A,East,2025-02-27,2025-03-02,3,1,1
513181,111515,SKU0059,WH_A,East,2025-02-27,2025-03-02,3,0,1
513182,111516,SKU0098,WH_B,Central,2025-02-27,2025-03-05,6,1,0
513183,111516,SKU0098,WH_B,Central,2025-03-02,2025-03-04,5,1,1
513184,111517,SKU0039,WH_A,East,2025-02-28,2025-03-03,4,3,1
513185,111518,SKU0006,WH_A,East,2025-03-02,2025-03-04,5,2,1
513186,111519,SKU0016,WH_C,West,2025-02-28,2025-03-01,2,1,1
513187,111520,SKU0052,WH_A,East,2025-02-27,2025-03-02,3,1,1
513188,111520,SKU0052,WH_A,East,2025-03-02,2025-03-04,5,0,1
513189,111521,SKU0012,WH_C,West,2025-02-28,2025-03-02,3,1,1
513190,111521,SKU0012,WH_C,West,2025-03-01,2025-03-05,6,0,0
513191,111522,SKU0015,WH_B,Central,2025-03-01,2025-03-02,3,5,1
513192,111523,SKU0021,WH_A,East,2025-02-28,2025-03-03,4,1,1
513193,111523,SKU0021,WH_A,East,2025-02-27,2025-03-01,2,1,1
513194,111524,SKU0007,WH_B,Central,2025-02-27,2025-03-01,2,2,1
513195,111525,SKU0062,WH_B,Central,2025-02-28,2025-03-01,2,5,1
513196,111525,SKU0062,WH_B,Central,2025-02-27,2025-03-01,2,10,1
513197,111526,SKU0075,WH_C,West,2025-03-01,2025-03-02,3,1,1
513198,111527,SKU0019,WH_C,West,2025-03-01,2025-03-04,5,3,1
513199,111528,SKU0010,WH_B,Central,2025-02-28,2025-03-01,2,1,1
513200,111529,SKU0035,WH_C,West,2025-03-02,2025-03-04,5,1,1
513201,111530,SKU0099,WH_B,Central,2025-02-28,2025-03-02,3,8,1
513202,111531,SKU0100,WH_B,Central,2025-02-28,2025-03-04,5,1,0
513203,111532,SKU0071,WH_C,West,2025-02-27,2025-03-01,2,1,1
513204,111533,SKU0088,WH_A,East,2025-02-28,2025-03-01,2,5,1
513205,111533,SKU0088,WH_A,East,2025-02-28,2025-03-02,3,1,1
513206,111534,SKU0007,WH_A,East,2025-02-27,2025-02-28,1,1,1
513207,111535,SKU0039,WH_B,Central,2025-02-27,2025-03-02,3,7,1
513208,111536,SKU0018,WH_B,Central,2025-02-27,2025-03-02,3,2,1
513209,111537,SKU0095,WH_C,West,2025-03-01,2025-03-02,3,1,1
513210,111538,SKU0052,WH_B,Central,2025-02-27,2025-02-28,1,4,1
513211,111539,SKU0054,WH_A,East,2025-02-28,2025-03-06,7,8,0
513212,111540,SKU0025,WH_C,West,2025-02-27,2025-02-28,1,3,1
513213,111541,SKU0023,WH_B,Central,2025-02-28,2025-03-04,5,1,0
513214,111542,SKU0092,WH_C,West,2025-03-01,2025-03-02,3,1,1
513215,111542,SKU0092,WH_C,West,2025-02-28,2025-03-02,3,0,1
513216,111543,SKU0055,WH_B,Central,2025-02-28,2025-03-03,4,7,1
513217,111544,SKU0071,WH_A,East,2025-02-27,2025-03-01,2,4,1
513218,111545,SKU0062,WH_C,West,2025-02-28,2025-03-03,4,3,1
513219,111546,SKU0094,WH_B,Central,2025-02-27,2025-03-01,2,1,1
513220,111547,SKU0071,WH_C,West,2025-03-01,2025-03-04,5,2,1
513221,111548,SKU0034,WH_B,Central,2025-02-28,2025-03-01,2,2,1
513222,111549,SKU0060,WH_A,East,2025-02-27,2025-03-02,3,3,1
513223,111550,SKU0099,WH_C,West,2025-02-28,2025-03-02,3,3,1
513224,111551,SKU0073,WH_C,West,2025-02-27,2025-03-01,2,3,1
513225,111552,SKU0089,WH_A,East,2025-02-27,2025-03-02,3,2,1
513226,111553,SKU0067,WH_B,Central,2025-03-01,2025-03-02,3,11,1
513227,111554,SKU0063,WH_C,West,2025-02-27,2025-03-03,4,1,0
513228,111555,SKU0086,WH_B,Central,2025-02-28,2025-03-02,3,5,1
513229,111556,SKU0046,WH_B,Central,2025-02-27,2025-03-02,3,1,1
513230,111557,SKU0082,WH_A,East,2025-02-28,2025-03-02,3,2,1
513231,111558,SKU0086,WH_A,East,2025-02-27,2025-03-01,2,9,1
513232,111559,SKU0033,WH_A,East,2025-02-27,2025-03-03,4,2,0
513233,111560,SKU0078,WH_C,West,2025-03-01,2025-03-03,4,3,1
513234,111561,SKU0073,WH_B,Central,2025-03-01,2025-03-03,4,3,1
513235,111562,SKU0056,WH_B,Central,2025-02-27,2025-03-01,2,3,1
513236,111563,SKU0023,WH_C,West,2025-02-28,2025-03-03,4,5,1
513237,111564,SKU0076,WH_A,East,2025-02-28,2025-03-04,5,1,0
513238,111565,SKU0055,WH_A,East,2025-03-02,2025-03-04,5,4,1
513239,111566,SKU0054,WH_B,Central,2025-02-28,2025-03-02,3,1,1
513240,111567,SKU0046,WH_A,East,2025-03-01,2025-03-02,3,1,1
513241,111567,SKU0046,WH_A,East,2025-02-28,2025-03-02,3,0,1
513242,111568,SKU0088,WH_B,Central,2025-02-27,2025-03-02,3,1,1
513243,111569,SKU0093,WH_C,West,2025-02-27,2025-03-01,2,3,1
513244,111570,SKU0073,WH_C,West,2025-02-28,2025-03-01,2,6,1
513245,111571,SKU0038,WH_B,Central,2025-02-27,2025-03-01,2,2,1
513246,111572,SKU0097,WH_A,East,2025-02-28,2025-03-07,8,1,0
513247,111573,SKU0071,WH_C,West,2025-02-27,2025-03-01,2,1,1
513248,111574,SKU0081,WH_A,East,2025-02-27,2025-03-03,4,1,0
513249,111574,SKU0081,WH_A,East,2025-03-02,2025-03-03,4,0,1
513250,111575,SKU0039,WH_A,East,2025-02-28,2025-03-05,6,1,0
513251,111575,SKU0039,WH_A,East,2025-02-27,2025-02-28,1,0,1
513252,111576,SKU0098,WH_B,Central,2025-03-01,2025-03-02,3,3,1
513253,111577,SKU0081,WH_C,West,2025-02-27,2025-03-04,5,1,0
513254,111578,SKU0050,WH_A,East,2025-02-28,2025-03-01,2,1,1
513255,111579,SKU0089,WH_B,Central,2025-02-28,2025-03-04,5,5,0
513256,111580,SKU0002,WH_B,Central,2025-02-27,2025-02-28,1,1,1
513257,111580,SKU0002,WH_B,Central,2025-02-28,2025-03-01,2,0,1
513258,111581,SKU0096,WH_C,West,2025-03-01,2025-03-03,4,1,1
513259,111582,SKU0048,WH_B,Central,2025-02-28,2025-03-01,2,1,1
513260,111583,SKU0046,WH_B,Central,2025-02-27,2025-02-28,1,10,1
513261,111584,SKU0024,WH_A,East,2025-03-01,2025-03-02,3,2,1
513262,111585,SKU0090,WH_A,East,2025-02-27,2025-03-01,2,1,1
513263,111585,SKU0090,WH_A,East,2025-02-28,2025-03-03,4,0,1
513264,111586,SKU0068,WH_C,West,2025-02-27,2025-02-28,1,1,1
513265,111587,SKU0037,WH_C,West,2025-02-27,2025-03-03,4,6,0
513266,111588,SKU0045,WH_B,Central,2025-02-27,2025-02-28,1,1,1
513267,111589,SKU0045,WH_C,West,2025-02-27,2025-02-28,1,1,1
513268,111589,SKU0045,WH_C,West,2025-03-01,2025-03-02,3,0,1
513269,111590,SKU0052,WH_A,East,2025-02-27,2025-03-05,6,2,0
513270,111591,SKU0084,WH_C,West,2025-02-27,2025-02-28,1,3,1
513271,111592,SKU0004,WH_B,Central,2025-02-28,2025-03-06,7,1,0
513272,111593,SKU0084,WH_C,West,2025-03-01,2025-03-03,4,1,1
513273,111594,SKU0035,WH_A,East,2025-03-01,2025-03-03,4,1,1
513274,111595,SKU0075,WH_A,East,2025-02-27,2025-03-01,2,1,1
513275,111596,SKU0049,WH_C,West,2025-02-27,2025-03-02,3,2,1
513276,111597,SKU0020,WH_C,West,2025-03-01,2025-03-03,4,5,1
513277,111598,SKU0021,WH_B,Central,2025-03-01,2025-03-03,4,3,1
513278,111599,SKU0089,WH_B,Central,2025-03-01,2025-03-04,5,1,1
513279,111599,SKU0089,WH_B,Central,2025-02-28,2025-03-01,2,0,1
513280,111600,SKU0001,WH_B,Central,2025-03-01,2025-03-06,7,4,0
513281,111600,SKU0001,WH_B,Central,2025-03-01,2025-03-04,5,1,1
513282,111601,SKU0037,WH_C,West,2025-02-28,2025-03-01,2,1,1
513283,111602,SKU0023,WH_B,Central,2025-02-27,2025-02-28,1,1,1
513284,111602,SKU0023,WH_B,Central,2025-02-27,2025-02-28,1,1,1
513285,111603,SKU0082,WH_A,East,2025-03-01,2025-03-07,8,1,0
513286,111604,SKU0020,WH_A,East,2025-02-28,2025-03-02,3,1,1
513287,111605,SKU0056,WH_C,West,2025-02-27,2025-03-03,4,3,0
513288,111606,SKU0025,WH_A,East,2025-03-01,2025-03-02,3,1,1
513289,111607,SKU0059,WH_A,East,2025-02-27,2025-03-04,5,2,0
513290,111608,SKU0048,WH_A,East,2025-03-01,2025-03-06,7,3,0
513291,111609,SKU0021,WH_B,Central,2025-02-27,2025-03-02,3,1,1
513292,111610,SKU0008,WH_C,West,2025-03-01,2025-03-02,3,3,1
513293,111610,SKU0008,WH_C,West,2025-02-27,2025-03-01,2,4,1
513294,111611,SKU0013,WH_B,Central,2025-02-27,2025-03-03,4,4,0
513295,111612,SKU0081,WH_C,West,2025-03-02,2025-03-04,5,1,1
513296,111613,SKU0055,WH_B,Central,2025-02-28,2025-03-02,3,2,1
513297,111613,SKU0055,WH_B,Central,2025-02-27,2025-02-28,1,1,1
513298,111614,SKU0071,WH_C,West,2025-02-28,2025-03-01,2,1,1
513299,111615,SKU0035,WH_A,East,2025-02-28,2025-03-02,3,1,1
513300,111616,SKU0028,WH_A,East,2025-02-28,2025-03-02,3,3,1
513301,111617,SKU0078,WH_C,West,2025-03-01,2025-03-02,3,1,1
513302,111618,SKU0008,WH_C,West,2025-03-01,2025-03-07,8,9,0
513303,111619,SKU0029,WH_C,West,2025-02-28,2025-03-01,2,2,1
513304,111620,SKU0076,WH_A,East,2025-03-01,2025-03-04,5,1,1
513305,111621,SKU0007,WH_B,Central,2025-03-01,2025-03-03,4,2,1
513306,111622,SKU0088,WH_B,Central,2025-03-01,2025-03-02,3,3,1
513307,111623,SKU0001,WH_C,West,2025-02-28,2025-03-02,3,1,1
513308,111623,SKU0001,WH_C,West,2025-03-01,2025-03-05,6,0,0
513309,111624,SKU0074,WH_C,West,2025-02-28,2025-03-01,2,2,1
513310,111625,SKU0057,WH_C,West,2025-03-01,2025-03-03,4,2,1
513311,111626,SKU0055,WH_B,Central,2025-03-01,2025-03-06,7,1,0
513312,111627,SKU0013,WH_C,West,2025-02-27,2025-03-02,3,4,1
513313,111628,SKU0033,WH_B,Central,2025-03-02,2025-03-03,4,1,1
513314,111629,SKU0033,WH_B,Central,2025-03-01,2025-03-02,3,1,1
513315,111630,SKU0097,WH_A,East,2025-02-28,2025-03-04,4,1,0
513316,111631,SKU0025,WH_A,East,2025-03-03,2025-03-04,4,4,1
513317,111632,SKU0068,WH_C,West,2025-03-02,2025-03-05,5,1,1
513318,111633,SKU0075,WH_B,Central,2025-03-01,2025-03-03,3,1,1
513319,111633,SKU0075,WH_B,Central,2025-02-28,2025-03-02,2,0,1
513320,111634,SKU0075,WH_C,West,2025-02-28,2025-03-05,5,1,0
513321,111634,SKU0075,WH_C,West,2025-03-02,2025-03-03,3,0,1
513322,111635,SKU0025,WH_C,West,2025-03-01,2025-03-04,4,8,1
513323,111635,SKU0025,WH_C,West,2025-03-02,2025-03-03,3,1,1
513324,111636,SKU0074,WH_B,Central,2025-03-01,2025-03-02,2,1,1
513325,111637,SKU0025,WH_A,East,2025-02-28,2025-03-03,3,5,1
513326,111638,SKU0045,WH_B,Central,2025-03-02,2025-03-04,4,1,1
513327,111639,SKU0021,WH_B,Central,2025-02-28,2025-03-04,4,1,0
513328,111639,SKU0021,WH_B,Central,2025-02-28,2025-03-03,3,1,1
513329,111640,SKU0033,WH_B,Central,2025-02-28,2025-03-01,1,9,1
513330,111641,SKU0033,WH_C,West,2025-03-01,2025-03-03,3,1,1
513331,111642,SKU0017,WH_B,Central,2025-02-28,2025-03-02,2,2,1
513332,111643,SKU0081,WH_C,West,2025-03-02,2025-03-04,4,4,1
513333,111644,SKU0061,WH_B,Central,2025-03-01,2025-03-02,2,1,1
513334,111645,SKU0075,WH_A,East,2025-02-28,2025-03-01,1,5,1
513335,111646,SKU0096,WH_B,Central,2025-03-02,2025-03-03,3,5,1
513336,111647,SKU0033,WH_B,Central,2025-03-02,2025-03-04,4,4,1
513337,111648,SKU0007,WH_B,Central,2025-03-02,2025-03-04,4,2,1
513338,111649,SKU0049,WH_B,Central,2025-02-28,2025-03-02,2,5,1
513339,111650,SKU0014,WH_C,West,2025-02-28,2025-03-01,1,10,1
513340,111651,SKU0019,WH_A,East,2025-02-28,2025-03-01,1,1,1
513341,111651,SKU0019,WH_A,East,2025-02-28,2025-03-01,1,0,1
513342,111652,SKU0004,WH_A,East,2025-02-28,2025-03-02,2,5,1
513343,111653,SKU0030,WH_A,East,2025-03-01,2025-03-02,2,1,1
513344,111654,SKU0081,WH_B,Central,2025-02-28,2025-03-02,2,1,1
513345,111654,SKU0081,WH_B,Central,2025-03-04,2025-03-06,6,0,1
513346,111655,SKU0030,WH_A,East,2025-03-02,2025-03-07,7,1,0
513347,111656,SKU0092,WH_A,East,2025-03-01,2025-03-03,3,4,1
513348,111657,SKU0028,WH_C,West,2025-03-01,2025-03-02,2,1,1
513349,111658,SKU0090,WH_B,Central,2025-03-03,2025-03-05,5,1,1
513350,111659,SKU0061,WH_B,Central,2025-03-03,2025-03-06,6,1,1
513351,111660,SKU0091,WH_A,East,2025-02-28,2025-03-01,1,1,1
513352,111661,SKU0043,WH_A,East,2025-02-28,2025-03-02,2,1,1
513353,111662,SKU0066,WH_B,Central,2025-02-28,2025-03-04,4,1,0
513354,111663,SKU0061,WH_C,West,2025-02-28,2025-03-04,4,5,0
513355,111664,SKU0052,WH_C,West,2025-02-28,2025-03-02,2,1,1
513356,111665,SKU0078,WH_C,West,2025-03-01,2025-03-07,7,1,0
513357,111665,SKU0078,WH_C,West,2025-02-28,2025-03-02,2,0,1
513358,111666,SKU0012,WH_C,West,2025-03-01,2025-03-03,3,2,1
513359,111667,SKU0020,WH_B,Central,2025-03-01,2025-03-03,3,3,1
513360,111668,SKU0087,WH_C,West,2025-03-01,2025-03-08,8,8,0
513361,111669,SKU0060,WH_B,Central,2025-03-03,2025-03-04,4,1,1
513362,111670,SKU0010,WH_B,Central,2025-02-28,2025-03-02,2,3,1
513363,111671,SKU0057,WH_A,East,2025-02-28,2025-03-03,3,1,1
513364,111672,SKU0034,WH_B,Central,2025-03-03,2025-03-04,4,2,1
513365,111673,SKU0085,WH_B,Central,2025-02-28,2025-03-04,4,1,0
513366,111674,SKU0010,WH_B,Central,2025-02-28,2025-03-02,2,1,1
513367,111675,SKU0074,WH_B,Central,2025-03-01,2025-03-02,2,2,1
513368,111676,SKU0007,WH_A,East,2025-03-01,2025-03-02,2,1,1
513369,111677,SKU0043,WH_C,West,2025-02-28,2025-03-01,1,4,1
513370,111677,SKU0043,WH_C,West,2025-03-01,2025-03-02,2,6,1
513371,111678,SKU0019,WH_A,East,2025-03-01,2025-03-03,3,1,1
513372,111678,SKU0019,WH_A,East,2025-03-01,2025-03-05,5,1,0
513373,111679,SKU0049,WH_A,East,2025-03-01,2025-03-04,4,1,1
513374,111679,SKU0049,WH_A,East,2025-03-02,2025-03-05,5,0,1
513375,111680,SKU0100,WH_A,East,2025-02-28,2025-03-06,6,15,0
513376,111681,SKU0015,WH_A,East,2025-02-28,2025-03-02,2,2,1
513377,111682,SKU0012,WH_C,West,2025-03-02,2025-03-03,3,4,1
513378,111683,SKU0051,WH_B,Central,2025-03-01,2025-03-02,2,1,1
513379,111684,SKU0065,WH_C,West,2025-03-02,2025-03-07,7,8,0
513380,111684,SKU0065,WH_C,West,2025-03-04,2025-03-05,5,3,1
513381,111685,SKU0056,WH_B,Central,2025-02-28,2025-03-02,2,1,1
513382,111686,SKU0004,WH_B,Central,2025-02-28,2025-03-02,2,1,1
513383,111687,SKU0062,WH_A,East,2025-03-02,2025-03-03,3,1,1
513384,111688,SKU0070,WH_B,Central,2025-02-28,2025-03-07,7,1,0
513385,111689,SKU0099,WH_B,Central,2025-02-28,2025-03-01,1,1,1
513386,111689,SKU0099,WH_B,Central,2025-03-01,2025-03-04,4,0,1
513387,111690,SKU0077,WH_A,East,2025-03-02,2025-03-04,4,14,1
513388,111691,SKU0042,WH_B,Central,2025-03-01,2025-03-03,3,2,1
513389,111692,SKU0051,WH_B,Central,2025-03-01,2025-03-07,7,2,0
513390,111693,SKU0026,WH_C,West,2025-03-04,2025-03-06,6,1,1
513391,111693,SKU0026,WH_C,West,2025-03-01,2025-03-02,2,0,1
513392,111694,SKU0021,WH_B,Central,2025-02-28,2025-03-05,5,2,0
513393,111695,SKU0097,WH_C,West,2025-03-01,2025-03-03,3,1,1
513394,111696,SKU0008,WH_A,East,2025-03-01,2025-03-02,2,1,1
513395,111697,SKU0094,WH_A,East,2025-03-03,2025-03-05,5,5,1
513396,111698,SKU0088,WH_A,East,2025-02-28,2025-03-01,1,1,1
513397,111699,SKU0023,WH_B,Central,2025-03-01,2025-03-07,7,1,0
513398,111700,SKU0029,WH_A,East,2025-03-01,2025-03-02,2,3,1
513399,111701,SKU0083,WH_C,West,2025-02-28,2025-03-02,2,11,1
513400,111702,SKU0095,WH_A,East,2025-03-01,2025-03-02,2,1,1
513401,111702,SKU0095,WH_A,East,2025-03-03,2025-03-05,5,0,1
513402,111703,SKU0054,WH_C,West,2025-03-01,2025-03-06,6,1,0
513403,111704,SKU0048,WH_B,Central,2025-03-01,2025-03-04,4,2,1
513404,111705,SKU0091,WH_C,West,2025-03-01,2025-03-02,2,5,1
513405,111706,SKU0028,WH_B,Central,2025-03-03,2025-03-05,5,1,1
513406,111707,SKU0008,WH_A,East,2025-02-28,2025-03-07,7,6,0
513407,111708,SKU0067,WH_C,West,2025-03-01,2025-03-03,3,1,1
513408,111708,SKU0067,WH_C,West,2025-03-02,2025-03-04,4,11,1
513409,111709,SKU0097,WH_A,East,2025-02-28,2025-03-01,1,1,1
513410,111710,SKU0046,WH_A,East,2025-03-02,2025-03-03,3,1,1
513411,111711,SKU0067,WH_A,East,2025-03-01,2025-03-03,3,2,1
513412,111712,SKU0025,WH_A,East,2025-03-01,2025-03-04,4,3,1
513413,111713,SKU0038,WH_A,East,2025-02-28,2025-03-02,2,1,1
513414,111714,SKU0058,WH_B,Central,2025-02-28,2025-03-01,1,7,1
513415,111715,SKU0045,WH_B,Central,2025-03-01,2025-03-03,3,2,1
513416,111716,SKU0003,WH_C,West,2025-02-28,2025-03-02,2,1,1
513417,111717,SKU0019,WH_A,East,2025-03-03,2025-03-04,4,2,1
513418,111717,SKU0019,WH_A,East,2025-02-28,2025-03-03,3,1,1
513419,111718,SKU0019,WH_A,East,2025-03-03,2025-03-04,4,1,1
513420,111719,SKU0024,WH_C,West,2025-02-28,2025-03-01,1,3,1
513421,111720,SKU0071,WH_C,West,2025-02-28,2025-03-02,2,2,1
513422,111721,SKU0092,WH_A,East,2025-02-28,2025-03-02,2,2,1
513423,111722,SKU0077,WH_B,Central,2025-02-28,2025-03-02,2,5,1
513424,111722,SKU0077,WH_B,Central,2025-03-01,2025-03-04,4,3,1
513425,111723,SKU0043,WH_C,West,2025-03-01,2025-03-04,4,3,1
513426,111724,SKU0047,WH_B,Central,2025-03-03,2025-03-04,4,1,1
513427,111724,SKU0047,WH_B,Central,2025-03-03,2025-03-04,4,0,1
513428,111725,SKU0007,WH_C,West,2025-03-02,2025-03-05,5,5,1
513429,111726,SKU0055,WH_A,East,2025-03-01,2025-03-04,4,1,1
513430,111727,SKU0053,WH_C,West,2025-03-01,2025-03-03,3,1,1
513431,111728,SKU0051,WH_A,East,2025-02-28,2025-03-02,2,1,1
513432,111729,SKU0036,WH_A,East,2025-02-28,2025-03-01,1,2,1
513433,111730,SKU0099,WH_A,East,2025-02-28,2025-03-04,4,2,0
513434,111731,SKU0032,WH_C,West,2025-03-01,2025-03-07,7,1,0
513435,111732,SKU0054,WH_B,Central,2025-02-28,2025-03-01,1,1,1
513436,111733,SKU0018,WH_C,West,2025-02-28,2025-03-01,1,5,1
513437,111734,SKU0094,WH_C,West,2025-03-01,2025-03-02,2,8,1
513438,111735,SKU0089,WH_B,Central,2025-03-01,2025-03-06,6,1,0
513439,111735,SKU0089,WH_B,Central,2025-02-28,2025-03-02,2,0,1
513440,111736,SKU0064,WH_B,Central,2025-02-28,2025-03-03,3,1,1
513441,111737,SKU0080,WH_A,East,2025-02-28,2025-03-07,7,1,0
513442,111738,SKU0097,WH_A,East,2025-02-28,2025-03-01,1,1,1
513443,111739,SKU0007,WH_B,Central,2025-03-01,2025-03-02,2,1,1
513444,111740,SKU0057,WH_B,Central,2025-02-28,2025-03-02,2,4,1
513445,111740,SKU0057,WH_B,Central,2025-02-28,2025-03-06,6,1,0
513446,111741,SKU0031,WH_A,East,2025-02-28,2025-03-01,1,2,1
513447,111741,SKU0031,WH_A,East,2025-02-28,2025-03-01,1,1,1
513448,111742,SKU0035,WH_A,East,2025-03-02,2025-03-03,3,2,1
513449,111743,SKU0072,WH_B,Central,2025-03-01,2025-03-08,8,10,0
513450,111744,SKU0012,WH_C,West,2025-02-28,2025-03-02,2,1,1
513451,111744,SKU0012,WH_C,West,2025-03-01,2025-03-03,3,0,1
513452,111745,SKU0031,WH_B,Central,2025-03-03,2025-03-06,6,4,1
513453,111746,SKU0094,WH_B,Central,2025-02-28,2025-03-01,1,1,1
513454,111747,SKU0077,WH_A,East,2025-02-28,2025-03-02,2,3,1
513455,111748,SKU0018,WH_C,West,2025-02-28,2025-03-04,4,1,0
513456,111749,SKU0001,WH_B,Central,2025-03-01,2025-03-08,8,6,0
513457,111750,SKU0075,WH_C,West,2025-03-01,2025-03-05,5,3,0
513458,111751,SKU0066,WH_A,East,2025-02-28,2025-03-02,2,1,1
513459,111752,SKU0006,WH_A,East,2025-02-28,2025-03-03,3,7,1
513460,111753,SKU0003,WH_A,East,2025-03-02,2025-03-03,3,13,1
513461,111754,SKU0015,WH_A,East,2025-02-28,2025-03-01,1,1,1
513462,111755,SKU0091,WH_A,East,2025-03-02,2025-03-04,4,1,1
513463,111756,SKU0016,WH_C,West,2025-03-01,2025-03-03,3,2,1
513464,111757,SKU0100,WH_B,Central,2025-02-28,2025-03-04,4,1,0
513465,111758,SKU0032,WH_C,West,2025-03-01,2025-03-03,3,1,1
513466,111758,SKU0032,WH_C,West,2025-03-03,2025-03-05,5,2,1
513467,111759,SKU0021,WH_B,Central,2025-02-28,2025-03-02,2,4,1
513468,111760,SKU0030,WH_A,East,2025-03-01,2025-03-02,2,1,1
513469,111761,SKU0062,WH_A,East,2025-02-28,2025-03-01,1,1,1
513470,111762,SKU0006,WH_A,East,2025-03-01,2025-03-02,2,8,1
513471,111763,SKU0032,WH_C,West,2025-03-02,2025-03-04,4,1,1
513472,111764,SKU0056,WH_C,West,2025-03-03,2025-03-05,5,6,1
513473,111764,SKU0056,WH_C,West,2025-03-03,2025-03-09,9,1,0
513474,111765,SKU0045,WH_A,East,2025-02-28,2025-03-01,1,1,1
513475,111766,SKU0089,WH_A,East,2025-02-28,2025-03-02,2,3,1
513476,111766,SKU0089,WH_A,East,2025-03-01,2025-03-02,2,2,1
513477,111767,SKU0039,WH_A,East,2025-03-01,2025-03-02,2,2,1
513478,111768,SKU0067,WH_A,East,2025-02-28,2025-03-03,3,3,1
513479,111768,SKU0067,WH_A,East,2025-02-28,2025-03-03,3,3,1
513480,111769,SKU0010,WH_A,East,2025-02-28,2025-03-03,3,11,1
513481,111770,SKU0012,WH_C,West,2025-03-01,2025-03-03,3,1,1
513482,111771,SKU0014,WH_B,Central,2025-02-28,2025-03-01,1,1,1
513483,111771,SKU0014,WH_B,Central,2025-03-02,2025-03-03,3,0,1
513484,111772,SKU0044,WH_B,Central,2025-03-03,2025-03-06,6,5,1
513485,111773,SKU0052,WH_B,Central,2025-03-01,2025-03-08,8,1,0
513486,111773,SKU0052,WH_B,Central,2025-03-01,2025-03-02,2,9,1
513487,111774,SKU0050,WH_B,Central,2025-02-28,2025-03-02,2,5,1
513488,111774,SKU0050,WH_B,Central,2025-03-01,2025-03-02,2,6,1
513489,111775,SKU0092,WH_C,West,2025-02-28,2025-03-03,3,5,1
513490,111776,SKU0089,WH_C,West,2025-03-01,2025-03-06,6,2,0
513491,111777,SKU0014,WH_B,Central,2025-03-03,2025-03-07,7,5,0
513492,111778,SKU0060,WH_B,Central,2025-03-01,2025-03-03,3,1,1
513493,111778,SKU0060,WH_B,Central,2025-02-28,2025-03-05,5,0,0
513494,111779,SKU0058,WH_B,Central,2025-03-02,2025-03-05,5,6,1
513495,111780,SKU0026,WH_A,East,2025-03-01,2025-03-05,5,6,0
513496,111781,SKU0058,WH_B,Central,2025-03-02,2025-03-06,6,5,0
513497,111782,SKU0050,WH_A,East,2025-03-02,2025-03-05,5,1,1
513498,111783,SKU0051,WH_A,East,2025-02-28,2025-03-02,2,1,1
513499,111784,SKU0045,WH_A,East,2025-03-01,2025-03-05,5,3,0
513500,111785,SKU0047,WH_B,Central,2025-02-28,2025-03-02,2,3,1
513501,111786,SKU0046,WH_B,Central,2025-03-01,2025-03-08,8,1,0
513502,111787,SKU0023,WH_A,East,2025-02-28,2025-03-01,1,5,1
513503,111788,SKU0042,WH_B,Central,2025-03-01,2025-03-03,3,1,1
513504,111789,SKU0070,WH_C,West,2025-03-02,2025-03-06,6,1,0
513505,111790,SKU0013,WH_B,Central,2025-02-28,2025-03-01,1,1,1
513506,111791,SKU0043,WH_A,East,2025-03-01,2025-03-04,4,1,1
513507,111792,SKU0002,WH_C,West,2025-02-28,2025-03-07,7,2,0
513508,111792,SKU0002,WH_C,West,2025-03-03,2025-03-06,6,6,1
513509,111793,SKU0074,WH_B,Central,2025-02-28,2025-03-01,1,1,1
513510,111794,SKU0012,WH_A,East,2025-02-28,2025-03-01,1,2,1
513511,111795,SKU0022,WH_A,East,2025-03-02,2025-03-03,3,7,1
513512,111795,SKU0022,WH_A,East,2025-02-28,2025-03-01,1,1,1
513513,111796,SKU0087,WH_B,Central,2025-02-28,2025-03-01,1,1,1
513514,111796,SKU0087,WH_B,Central,2025-03-03,2025-03-09,9,0,0
513515,111797,SKU0013,WH_B,Central,2025-03-01,2025-03-02,2,2,1
513516,111797,SKU0013,WH_B,Central,2025-03-01,2025-03-07,7,1,0
513517,111798,SKU0073,WH_C,West,2025-03-04,2025-03-06,6,6,1
513518,111799,SKU0045,WH_B,Central,2025-02-28,2025-03-04,4,1,0
513519,111800,SKU0063,WH_A,East,2025-03-01,2025-03-03,3,1,1
513520,111800,SKU0063,WH_A,East,2025-02-28,2025-03-01,1,0,1
513521,111801,SKU0096,WH_C,West,2025-03-01,2025-03-02,2,4,1
513522,111802,SKU0056,WH_B,Central,2025-02-28,2025-03-03,3,1,1
513523,111802,SKU0056,WH_B,Central,2025-03-04,2025-03-05,5,0,1
513524,111803,SKU0034,WH_A,East,2025-03-01,2025-03-02,2,3,1
513525,111804,SKU0081,WH_A,East,2025-03-03,2025-03-06,6,3,1
513526,111805,SKU0092,WH_B,Central,2025-02-28,2025-03-02,2,2,1
513527,111806,SKU0003,WH_C,West,2025-03-01,2025-03-03,3,1,1
513528,111807,SKU0056,WH_A,East,2025-03-04,2025-03-11,11,6,0
513529,111807,SKU0056,WH_A,East,2025-02-28,2025-03-03,3,2,1
513530,111808,SKU0066,WH_B,Central,2025-03-01,2025-03-04,4,3,1
513531,111809,SKU0059,WH_B,Central,2025-03-02,2025-03-04,4,2,1
513532,111809,SKU0059,WH_B,Central,2025-02-28,2025-03-03,3,3,1
513533,111810,SKU0072,WH_A,East,2025-03-01,2025-03-02,1,4,1
513534,111811,SKU0016,WH_C,West,2025-03-02,2025-03-03,2,1,1
513535,111812,SKU0056,WH_A,East,2025-03-02,2025-03-06,5,1,0
513536,111812,SKU0056,WH_A,East,2025-03-05,2025-03-06,5,4,1
513537,111813,SKU0056,WH_A,East,2025-03-01,2025-03-04,3,6,1
513538,111814,SKU0017,WH_B,Central,2025-03-02,2025-03-03,2,2,1
513539,111815,SKU0040,WH_C,West,2025-03-01,2025-03-04,3,1,1
513540,111815,SKU0040,WH_C,West,2025-03-01,2025-03-04,3,2,1
513541,111816,SKU0030,WH_A,East,2025-03-02,2025-03-08,7,1,0
513542,111816,SKU0030,WH_A,East,2025-03-03,2025-03-04,3,0,1
513543,111817,SKU0061,WH_C,West,2025-03-01,2025-03-03,2,5,1
513544,111818,SKU0043,WH_B,Central,2025-03-01,2025-03-03,2,3,1
513545,111819,SKU0063,WH_A,East,2025-03-01,2025-03-02,1,1,1
513546,111820,SKU0025,WH_A,East,2025-03-01,2025-03-02,1,2,1
513547,111821,SKU0077,WH_B,Central,2025-03-01,2025-03-02,1,8,1
513548,111822,SKU0092,WH_C,West,2025-03-02,2025-03-06,5,5,0
513549,111823,SKU0079,WH_B,Central,2025-03-01,2025-03-05,4,1,0
513550,111824,SKU0036,WH_A,East,2025-03-01,2025-03-02,1,3,1
513551,111825,SKU0045,WH_A,East,2025-03-03,2025-03-09,8,1,0
513552,111825,SKU0045,WH_A,East,2025-03-01,2025-03-04,3,1,1
513553,111826,SKU0079,WH_B,Central,2025-03-02,2025-03-05,4,2,1
513554,111826,SKU0079,WH_B,Central,2025-03-02,2025-03-03,2,1,1
513555,111827,SKU0037,WH_B,Central,2025-03-01,2025-03-02,1,1,1
513556,111828,SKU0035,WH_C,West,2025-03-01,2025-03-02,1,1,1
513557,111829,SKU0008,WH_C,West,2025-03-01,2025-03-02,1,1,1
513558,111830,SKU0082,WH_C,West,2025-03-01,2025-03-03,2,2,1
513559,111831,SKU0048,WH_C,West,2025-03-01,2025-03-08,7,2,0
513560,111832,SKU0088,WH_A,East,2025-03-02,2025-03-07,6,2,0
513561,111833,SKU0058,WH_B,Central,2025-03-01,2025-03-02,1,1,1
513562,111834,SKU0070,WH_A,East,2025-03-03,2025-03-04,3,1,1
513563,111834,SKU0070,WH_A,East,2025-03-01,2025-03-02,1,0,1
513564,111835,SKU0090,WH_C,West,2025-03-02,2025-03-04,3,5,1
513565,111836,SKU0094,WH_A,East,2025-03-01,2025-03-03,2,1,1
513566,111837,SKU0015,WH_C,West,2025-03-04,2025-03-07,6,1,1
513567,111838,SKU0046,WH_B,Central,2025-03-01,2025-03-02,1,2,1
513568,111839,SKU0066,WH_A,East,2025-03-02,2025-03-03,2,1,1
513569,111840,SKU0082,WH_C,West,2025-03-02,2025-03-04,3,1,1
513570,111841,SKU0053,WH_C,West,2025-03-01,2025-03-03,2,1,1
513571,111841,SKU0053,WH_C,West,2025-03-03,2025-03-06,5,0,1
513572,111842,SKU0061,WH_B,Central,2025-03-03,2025-03-05,4,1,1
513573,111843,SKU0006,WH_A,East,2025-03-02,2025-03-07,6,2,0
513574,111844,SKU0068,WH_B,Central,2025-03-01,2025-03-02,1,6,1
513575,111845,SKU0006,WH_B,Central,2025-03-01,2025-03-07,6,1,0
513576,111846,SKU0007,WH_C,West,2025-03-02,2025-03-05,4,6,1
513577,111847,SKU0012,WH_C,West,2025-03-02,2025-03-04,3,6,1
513578,111848,SKU0053,WH_A,East,2025-03-02,2025-03-04,3,1,1
513579,111849,SKU0003,WH_C,West,2025-03-03,2025-03-04,3,2,1
513580,111849,SKU0003,WH_C,West,2025-03-02,2025-03-05,4,1,1
513581,111850,SKU0077,WH_C,West,2025-03-01,2025-03-02,1,1,1
513582,111851,SKU0070,WH_B,Central,2025-03-02,2025-03-03,2,1,1
513583,111852,SKU0065,WH_B,Central,2025-03-02,2025-03-03,2,1,1
513584,111853,SKU0090,WH_A,East,2025-03-01,2025-03-06,5,2,0
513585,111853,SKU0090,WH_A,East,2025-03-01,2025-03-05,4,2,0
513586,111854,SKU0040,WH_B,Central,2025-03-01,2025-03-02,1,7,1
513587,111855,SKU0049,WH_A,East,2025-03-02,2025-03-04,3,2,1
513588,111855,SKU0049,WH_A,East,2025-03-05,2025-03-06,5,1,1
513589,111856,SKU0041,WH_A,East,2025-03-02,2025-03-05,4,3,1
513590,111857,SKU0012,WH_B,Central,2025-03-02,2025-03-04,3,6,1
513591,111858,SKU0072,WH_C,West,2025-03-02,2025-03-05,4,1,1
513592,111859,SKU0067,WH_A,East,2025-03-04,2025-03-10,9,4,0
513593,111860,SKU0017,WH_C,West,2025-03-01,2025-03-04,3,6,1
513594,111861,SKU0095,WH_C,West,2025-03-03,2025-03-09,8,3,0
513595,111862,SKU0027,WH_C,West,2025-03-01,2025-03-07,6,4,0
513596,111863,SKU0040,WH_A,East,2025-03-01,2025-03-03,2,1,1
513597,111864,SKU0097,WH_A,East,2025-03-02,2025-03-06,5,8,0
513598,111865,SKU0084,WH_C,West,2025-03-03,2025-03-08,7,1,0
513599,111865,SKU0084,WH_C,West,2025-03-02,2025-03-03,2,0,1
513600,111866,SKU0056,WH_A,East,2025-03-01,2025-03-02,1,1,1
513601,111867,SKU0096,WH_B,Central,2025-03-01,2025-03-06,5,1,0
513602,111868,SKU0061,WH_A,East,2025-03-01,2025-03-07,6,6,0
513603,111869,SKU0099,WH_B,Central,2025-03-02,2025-03-08,7,1,0
513604,111870,SKU0058,WH_B,Central,2025-03-03,2025-03-05,4,1,1
513605,111871,SKU0091,WH_A,East,2025-03-01,2025-03-02,1,1,1
513606,111872,SKU0033,WH_A,East,2025-03-01,2025-03-02,1,1,1
513607,111873,SKU0045,WH_A,East,2025-03-02,2025-03-04,3,1,1
513608,111874,SKU0020,WH_C,West,2025-03-01,2025-03-05,4,2,0
513609,111874,SKU0020,WH_C,West,2025-03-03,2025-03-04,3,1,1
513610,111875,SKU0089,WH_A,East,2025-03-01,2025-03-02,1,5,1
513611,111876,SKU0012,WH_A,East,2025-03-02,2025-03-08,7,4,0
513612,111877,SKU0074,WH_A,East,2025-03-02,2025-03-05,4,1,1
513613,111878,SKU0039,WH_A,East,2025-03-01,2025-03-03,2,1,1
513614,111879,SKU0038,WH_C,West,2025-03-01,2025-03-04,3,9,1
513615,111880,SKU0007,WH_C,West,2025-03-01,2025-03-02,1,1,1
513616,111881,SKU0013,WH_B,Central,2025-03-02,2025-03-03,2,5,1
513617,111882,SKU0005,WH_C,West,2025-03-02,2025-03-05,4,4,1
513618,111883,SKU0060,WH_C,West,2025-03-03,2025-03-10,9,2,0
513619,111884,SKU0008,WH_A,East,2025-03-02,2025-03-04,3,6,1
513620,111885,SKU0070,WH_C,West,2025-03-01,2025-03-04,3,9,1
513621,111885,SKU0070,WH_C,West,2025-03-01,2025-03-02,1,7,1
513622,111886,SKU0043,WH_A,East,2025-03-01,2025-03-03,2,5,1
513623,111887,SKU0003,WH_A,East,2025-03-04,2025-03-05,4,1,1
513624,111888,SKU0072,WH_B,Central,2025-03-01,2025-03-02,1,14,1
513625,111888,SKU0072,WH_B,Central,2025-03-01,2025-03-02,1,2,1
513626,111889,SKU0043,WH_B,Central,2025-03-01,2025-03-03,2,7,1
513627,111890,SKU0049,WH_B,Central,2025-03-02,2025-03-05,4,1,1
513628,111891,SKU0023,WH_B,Central,2025-03-01,2025-03-02,1,7,1
513629,111892,SKU0008,WH_C,West,2025-03-01,2025-03-04,3,1,1
513630,111893,SKU0055,WH_C,West,2025-03-01,2025-03-02,1,1,1
513631,111894,SKU0028,WH_B,Central,2025-03-01,2025-03-03,2,1,1
513632,111895,SKU0049,WH_A,East,2025-03-02,2025-03-05,4,5,1
513633,111896,SKU0052,WH_C,West,2025-03-02,2025-03-03,2,4,1
513634,111897,SKU0089,WH_C,West,2025-03-02,2025-03-03,2,1,1
513635,111898,SKU0009,WH_C,West,2025-03-04,2025-03-05,4,1,1
513636,111899,SKU0010,WH_C,West,2025-03-03,2025-03-04,3,4,1
513637,111900,SKU0049,WH_B,Central,2025-03-02,2025-03-06,5,6,0
513638,111901,SKU0091,WH_C,West,2025-03-02,2025-03-04,3,8,1
513639,111902,SKU0078,WH_B,Central,2025-03-01,2025-03-04,3,2,1
513640,111903,SKU0025,WH_B,Central,2025-03-02,2025-03-04,3,4,1
513641,111904,SKU0021,WH_C,West,2025-03-01,2025-03-02,1,1,1
513642,111905,SKU0025,WH_A,East,2025-03-04,2025-03-10,9,1,0
513643,111906,SKU0003,WH_A,East,2025-03-04,2025-03-06,5,1,1
513644,111907,SKU0045,WH_A,East,2025-03-05,2025-03-06,5,5,1
513645,111908,SKU0093,WH_C,West,2025-03-01,2025-03-02,1,5,1
513646,111909,SKU0071,WH_B,Central,2025-03-01,2025-03-02,1,2,1
513647,111910,SKU0039,WH_B,Central,2025-03-01,2025-03-02,1,1,1
513648,111911,SKU0092,WH_A,East,2025-03-01,2025-03-06,5,1,0
513649,111911,SKU0092,WH_A,East,2025-03-01,2025-03-03,2,0,1
513650,111912,SKU0089,WH_C,West,2025-03-03,2025-03-05,4,1,1
513651,111912,SKU0089,WH_C,West,2025-03-02,2025-03-04,3,1,1
513652,111913,SKU0080,WH_C,West,2025-03-01,2025-03-03,2,4,1
513653,111914,SKU0018,WH_C,West,2025-03-02,2025-03-03,2,1,1
513654,111915,SKU0011,WH_B,Central,2025-03-01,2025-03-03,2,4,1
513655,111916,SKU0015,WH_A,East,2025-03-03,2025-03-05,4,1,1
513656,111917,SKU0036,WH_B,Central,2025-03-01,2025-03-06,5,5,0
513657,111918,SKU0059,WH_C,West,2025-03-01,2025-03-02,1,1,1
513658,111918,SKU0059,WH_C,West,2025-03-02,2025-03-03,2,0,1
513659,111919,SKU0054,WH_A,East,2025-03-01,2025-03-05,4,1,0
513660,111919,SKU0054,WH_A,East,2025-03-01,2025-03-03,2,0,1
513661,111920,SKU0014,WH_A,East,2025-03-01,2025-03-02,1,2,1
513662,111921,SKU0030,WH_A,East,2025-03-01,2025-03-03,2,1,1
513663,111922,SKU0084,WH_C,West,2025-03-02,2025-03-03,2,1,1
513664,111923,SKU0080,WH_A,East,2025-03-01,2025-03-03,2,1,1
513665,111924,SKU0076,WH_B,Central,2025-03-01,2025-03-02,1,9,1
513666,111925,SKU0016,WH_A,East,2025-03-05,2025-03-06,5,1,1
513667,111926,SKU0092,WH_A,East,2025-03-02,2025-03-03,2,1,1
513668,111927,SKU0057,WH_A,East,2025-03-03,2025-03-05,4,1,1
513669,111928,SKU0012,WH_A,East,2025-03-01,2025-03-03,2,19,1
513670,111929,SKU0038,WH_A,East,2025-03-02,2025-03-06,5,3,0
513671,111930,SKU0066,WH_C,West,2025-03-01,2025-03-02,1,7,1
513672,111931,SKU0053,WH_B,Central,2025-03-01,2025-03-04,3,11,1
513673,111932,SKU0008,WH_A,East,2025-03-01,2025-03-03,2,2,1
513674,111933,SKU0046,WH_C,West,2025-03-02,2025-03-04,3,1,1
513675,111934,SKU0017,WH_B,Central,2025-03-01,2025-03-04,3,1,1
513676,111934,SKU0017,WH_B,Central,2025-03-01,2025-03-02,1,1,1
513677,111935,SKU0050,WH_B,Central,2025-03-02,2025-03-06,5,4,0
513678,111936,SKU0044,WH_C,West,2025-03-01,2025-03-03,2,4,1
513679,111937,SKU0100,WH_C,West,2025-03-03,2025-03-04,3,1,1
513680,111938,SKU0020,WH_B,Central,2025-03-02,2025-03-03,2,1,1
513681,111939,SKU0069,WH_C,West,2025-03-01,2025-03-02,1,4,1
513682,111940,SKU0084,WH_A,East,2025-03-02,2025-03-04,3,1,1
513683,111941,SKU0011,WH_B,Central,2025-03-01,2025-03-02,1,4,1
513684,111942,SKU0041,WH_B,Central,2025-03-01,2025-03-02,1,1,1
513685,111943,SKU0085,WH_A,East,2025-03-02,2025-03-05,4,1,1
513686,111944,SKU0031,WH_A,East,2025-03-04,2025-03-05,4,11,1
513687,111945,SKU0021,WH_A,East,2025-03-01,2025-03-02,1,1,1
513688,111946,SKU0042,WH_A,East,2025-03-01,2025-03-03,2,2,1
513689,111947,SKU0016,WH_A,East,2025-03-01,2025-03-02,1,1,1
513690,111948,SKU0092,WH_B,Central,2025-03-01,2025-03-02,1,2,1
513691,111948,SKU0092,WH_B,Central,2025-03-01,2025-03-05,4,1,0
513692,111949,SKU0099,WH_B,Central,2025-03-02,2025-03-03,2,1,1
513693,111950,SKU0096,WH_C,West,2025-03-01,2025-03-04,3,1,1
513694,111951,SKU0035,WH_A,East,2025-03-01,2025-03-03,2,3,1
513695,111952,SKU0021,WH_A,East,2025-03-01,2025-03-03,2,2,1
513696,111953,SKU0030,WH_A,East,2025-03-04,2025-03-06,5,6,1
513697,111954,SKU0094,WH_B,Central,2025-03-02,2025-03-04,3,2,1
513698,111955,SKU0075,WH_C,West,2025-03-01,2025-03-03,2,2,1
513699,111956,SKU0024,WH_C,West,2025-03-02,2025-03-04,3,3,1
513700,111957,SKU0057,WH_B,Central,2025-03-01,2025-03-04,3,5,1
513701,111958,SKU0025,WH_B,Central,2025-03-02,2025-03-03,2,1,1
513702,111958,SKU0025,WH_B,Central,2025-03-01,2025-03-03,2,1,1
513703,111959,SKU0097,WH_A,East,2025-03-01,2025-03-03,2,1,1
513704,111959,SKU0097,WH_A,East,2025-03-02,2025-03-04,3,0,1
513705,111960,SKU0097,WH_A,East,2025-03-01,2025-03-02,1,1,1
513706,111961,SKU0027,WH_B,Central,2025-03-02,2025-03-06,5,2,0
513707,111961,SKU0027,WH_B,Central,2025-03-01,2025-03-04,3,2,1
513708,111962,SKU0063,WH_B,Central,2025-03-01,2025-03-02,1,1,1
513709,111963,SKU0042,WH_C,West,2025-03-03,2025-03-06,5,2,1
513710,111963,SKU0042,WH_C,West,2025-03-03,2025-03-06,5,2,1
513711,111964,SKU0065,WH_C,West,2025-03-01,2025-03-03,2,1,1
513712,111964,SKU0065,WH_C,West,2025-03-02,2025-03-03,2,0,1
513713,111965,SKU0006,WH_B,Central,2025-03-02,2025-03-04,3,6,1
513714,111966,SKU0092,WH_A,East,2025-03-01,2025-03-06,5,3,0
513715,111967,SKU0079,WH_C,West,2025-03-02,2025-03-04,3,1,1
513716,111968,SKU0060,WH_B,Central,2025-03-01,2025-03-05,4,3,0
513717,111969,SKU0009,WH_C,West,2025-03-02,2025-03-03,2,1,1
513718,111970,SKU0094,WH_C,West,2025-03-02,2025-03-04,3,1,1
513719,111970,SKU0094,WH_C,West,2025-03-01,2025-03-06,5,0,0
513720,111971,SKU0009,WH_B,Central,2025-03-03,2025-03-04,3,2,1
513721,111972,SKU0043,WH_C,West,2025-03-02,2025-03-03,2,1,1
513722,111972,SKU0043,WH_C,West,2025-03-01,2025-03-02,1,1,1
513723,111973,SKU0081,WH_A,East,2025-03-01,2025-03-03,2,1,1
513724,111974,SKU0086,WH_B,Central,2025-03-02,2025-03-03,2,1,1
513725,111975,SKU0056,WH_B,Central,2025-03-01,2025-03-02,1,1,1
513726,111976,SKU0041,WH_A,East,2025-03-02,2025-03-04,3,2,1
513727,111977,SKU0055,WH_C,West,2025-03-01,2025-03-03,2,1,1
513728,111977,SKU0055,WH_C,West,2025-03-01,2025-03-03,2,0,1
513729,111978,SKU0027,WH_B,Central,2025-03-01,2025-03-03,2,1,1
513730,111978,SKU0027,WH_B,Central,2025-03-02,2025-03-04,3,6,1
513731,111979,SKU0092,WH_A,East,2025-03-01,2025-03-03,2,4,1
513732,111980,SKU0020,WH_A,East,2025-03-01,2025-03-06,5,1,0
513733,111980,SKU0020,WH_A,East,2025-03-01,2025-03-06,5,2,0
513734,111981,SKU0034,WH_C,West,2025-03-03,2025-03-08,7,2,0
513735,111982,SKU0016,WH_C,West,2025-03-01,2025-03-02,1,3,1
513736,111982,SKU0016,WH_C,West,2025-03-03,2025-03-09,8,1,0
513737,111983,SKU0057,WH_C,West,2025-03-02,2025-03-04,3,1,1
513738,111984,SKU0096,WH_C,West,2025-03-03,2025-03-04,3,2,1
513739,111985,SKU0039,WH_C,West,2025-03-03,2025-03-04,3,1,1
513740,111985,SKU0039,WH_C,West,2025-03-01,2025-03-04,3,2,1
513741,111986,SKU0087,WH_A,East,2025-03-02,2025-03-04,3,2,1
513742,111987,SKU0009,WH_A,East,2025-03-01,2025-03-02,1,1,1
513743,111988,SKU0097,WH_A,East,2025-03-02,2025-03-03,2,2,1
513744,111989,SKU0084,WH_B,Central,2025-03-02,2025-03-08,7,1,0
